"../../../Engine/Content/EditorResources/S_Actor.ubulk" 0
"../../../Engine/Content/EditorResources/S_Actor.uasset" 1
"../../../Engine/Content/EditorResources/S_Actor.uexp" 2
"../../../Engine/Plugins/Animation/ACLPlugin/Content/ACLAnimCurveCompressionSettings.uasset" 3
"../../../Engine/Plugins/Animation/ACLPlugin/Content/ACLAnimCurveCompressionSettings.uexp" 4
"../../../Engine/Plugins/Animation/ACLPlugin/Content/ACLAnimBoneCompressionSettings.uasset" 5
"../../../Engine/Plugins/Animation/ACLPlugin/Content/ACLAnimBoneCompressionSettings.uexp" 6
"../../../Engine/Plugins/2D/Paper2D/Content/PlaceholderTextures/DummySpriteTexture.ubulk" 7
"../../../Engine/Plugins/2D/Paper2D/Content/PlaceholderTextures/DummySpriteTexture.uasset" 8
"../../../Engine/Plugins/2D/Paper2D/Content/PlaceholderTextures/DummySpriteTexture.uexp" 9
"../../../Engine/Plugins/2D/Paper2D/Content/DummySprite.uasset" 10
"../../../Engine/Plugins/2D/Paper2D/Content/DummySprite.uexp" 11
"../../../Engine/Plugins/2D/Paper2D/Content/DefaultPaperTerrainMaterial.uasset" 12
"../../../Engine/Plugins/2D/Paper2D/Content/DefaultPaperTerrainMaterial.uexp" 13
"../../../Engine/Plugins/Runtime/AudioWidgets/Content/Resources/ScrubHandleDown_Clamped.uasset" 14
"../../../Engine/Plugins/Runtime/AudioWidgets/Content/Resources/ScrubHandleDown_Clamped.uexp" 15
"../../../Engine/Plugins/Animation/ControlRig/Content/Controls/DefaultGizmoLibraryNormalized.uasset" 16
"../../../Engine/Plugins/Animation/ControlRig/Content/Controls/DefaultGizmoLibraryNormalized.uexp" 17
"../../../Engine/Content/EngineSounds/Master.uasset" 18
"../../../Engine/Content/EngineSounds/Master.uexp" 19
"../../../Engine/Content/EngineResources/GradientTexture0.uasset" 20
"../../../Engine/Content/EngineResources/GradientTexture0.uexp" 21
"../../../Engine/Content/EngineResources/Black.uasset" 22
"../../../Engine/Content/EngineResources/Black.uexp" 23
"../../../Engine/Content/EngineMaterials/PreintegratedSkinBRDF.uasset" 24
"../../../Engine/Content/EngineMaterials/PreintegratedSkinBRDF.uexp" 25
"../../../Engine/Content/EngineMaterials/MiniFont.uasset" 26
"../../../Engine/Content/EngineMaterials/MiniFont.uexp" 27
"../../../Engine/Content/EngineMaterials/FastBlueNoise_vec2_128x128x64.uasset" 28
"../../../Engine/Content/EngineMaterials/FastBlueNoise_vec2_128x128x64.uexp" 29
"../../../Engine/Content/EngineMaterials/FastBlueNoise_scalar_128x128x64.uasset" 30
"../../../Engine/Content/EngineMaterials/FastBlueNoise_scalar_128x128x64.uexp" 31
"../../../Engine/Content/EngineMaterials/DefaultWhiteGrid.ubulk" 32
"../../../Engine/Content/EngineMaterials/DefaultWhiteGrid.uasset" 33
"../../../Engine/Content/EngineMaterials/DefaultWhiteGrid.uexp" 34
"../../../Engine/Content/EngineMaterials/DefaultDestructiblePhysicalMaterial.uasset" 35
"../../../Engine/Content/EngineMaterials/DefaultDestructiblePhysicalMaterial.uexp" 36
"../../../Engine/Content/EngineMaterials/DefaultBokeh.uasset" 37
"../../../Engine/Content/EngineMaterials/DefaultBokeh.uexp" 38
"../../../Engine/Content/EngineMaterials/DefaultBloomKernel.uasset" 39
"../../../Engine/Content/EngineMaterials/DefaultBloomKernel.uexp" 40
"../../../Engine/Content/EngineFonts/Faces/RobotoLight.uexp" 41
"../../../Engine/Content/EngineFonts/Faces/RobotoLight.uasset" 42
"../../../Engine/Content/EngineFonts/Faces/RobotoLight.ufont" 43
"../../../Engine/Content/EngineFonts/Faces/RobotoBold.uexp" 44
"../../../Engine/Content/EngineFonts/Faces/RobotoBold.uasset" 45
"../../../Engine/Content/EngineFonts/Faces/RobotoBold.ufont" 46
"../../../Engine/Content/EngineFonts/Faces/RobotoRegular.uexp" 47
"../../../Engine/Content/EngineFonts/Faces/RobotoRegular.uasset" 48
"../../../Engine/Content/EngineFonts/Faces/RobotoRegular.ufont" 49
"../../../Engine/Content/EngineFonts/Faces/DroidSansFallback.uexp" 50
"../../../Engine/Content/EngineFonts/Faces/DroidSansFallback.uasset" 51
"../../../Engine/Content/EngineFonts/Faces/DroidSansFallback.ufont" 52
"../../../Engine/Content/EngineFonts/Faces/RobotoItalic.uexp" 53
"../../../Engine/Content/EngineFonts/Faces/RobotoItalic.uasset" 54
"../../../Engine/Content/EngineFonts/Faces/RobotoItalic.ufont" 55
"../../../Engine/Content/EngineFonts/Faces/RobotoBoldItalic.uexp" 56
"../../../Engine/Content/EngineFonts/Faces/RobotoBoldItalic.uasset" 57
"../../../Engine/Content/EngineFonts/Faces/RobotoBoldItalic.ufont" 58
"../../../Engine/Content/EngineFonts/Roboto.uasset" 59
"../../../Engine/Content/EngineFonts/Roboto.uexp" 60
"../../../Engine/Content/EngineDamageTypes/DmgTypeBP_Environmental.uasset" 61
"../../../Engine/Content/EngineDamageTypes/DmgTypeBP_Environmental.uexp" 62
"../../../Engine/Content/EditorResources/S_TriggerSphere.uasset" 63
"../../../Engine/Content/EditorResources/S_TriggerSphere.uexp" 64
"../../../Engine/Content/EditorResources/S_TriggerCapsule.uasset" 65
"../../../Engine/Content/EditorResources/S_TriggerCapsule.uexp" 66
"../../../Engine/Content/EditorResources/S_TriggerBox.uasset" 67
"../../../Engine/Content/EditorResources/S_TriggerBox.uexp" 68
"../../../Engine/Content/EditorResources/S_Trigger.ubulk" 69
"../../../Engine/Content/EditorResources/S_Trigger.uasset" 70
"../../../Engine/Content/EditorResources/S_Trigger.uexp" 71
"../../../Engine/Content/EditorResources/S_Solver.ubulk" 72
"../../../Engine/Content/EditorResources/S_Solver.uasset" 73
"../../../Engine/Content/EditorResources/S_Solver.uexp" 74
"../../../Engine/Content/EditorResources/S_BoxReflectionCapture.uasset" 75
"../../../Engine/Content/EditorResources/S_BoxReflectionCapture.uexp" 76
"../../../Engine/Content/EditorResources/EmptyActor.uasset" 77
"../../../Engine/Content/EditorResources/EmptyActor.uexp" 78
"../../../Engine/Content/EditorResources/BSPVertex.uasset" 79
"../../../Engine/Content/EditorResources/BSPVertex.uexp" 80
"../../../Engine/Content/EditorLandscapeResources/DefaultAlphaTexture.uasset" 81
"../../../Engine/Content/EditorLandscapeResources/DefaultAlphaTexture.uexp" 82
"../../../Engine/Content/Animation/DefaultVariableFrameStrippingSettings.uasset" 83
"../../../Engine/Content/Animation/DefaultVariableFrameStrippingSettings.uexp" 84
"../../../Engine/Content/Animation/DefaultRecorderBoneCompression.uasset" 85
"../../../Engine/Content/Animation/DefaultRecorderBoneCompression.uexp" 86
"D:/Skald_TurnBasedStrategy_Code/Content/Blueprints/UI/UI_PNGs/ButtonsAndSliders/Slider_Bar_Neutral.uasset" 87
"D:/Skald_TurnBasedStrategy_Code/Content/Blueprints/UI/UI_PNGs/ButtonsAndSliders/Slider_Bar_Neutral.uexp" 88
"D:/Skald_TurnBasedStrategy_Code/Content/Blueprints/UI/UISoundFX/Button_02.ubulk" 89
"D:/Skald_TurnBasedStrategy_Code/Content/Blueprints/UI/UISoundFX/Button_02.uasset" 90
"D:/Skald_TurnBasedStrategy_Code/Content/Blueprints/UI/UISoundFX/Button_02.uexp" 91
"D:/Skald_TurnBasedStrategy_Code/Content/Blueprints/UI/UISoundFX/Button_01.ubulk" 92
"D:/Skald_TurnBasedStrategy_Code/Content/Blueprints/UI/UISoundFX/Button_01.uasset" 93
"D:/Skald_TurnBasedStrategy_Code/Content/Blueprints/UI/UISoundFX/Button_01.uexp" 94
"D:/Skald_TurnBasedStrategy_Code/Content/Blueprints/UI/UI_PNGs/GreenSeal_Fehu_x4.ubulk" 95
"D:/Skald_TurnBasedStrategy_Code/Content/Blueprints/UI/UI_PNGs/GreenSeal_Fehu_x4.uasset" 96
"D:/Skald_TurnBasedStrategy_Code/Content/Blueprints/UI/UI_PNGs/GreenSeal_Fehu_x4.uexp" 97
"D:/Skald_TurnBasedStrategy_Code/Content/Blueprints/UI/UI_PNGs/CancelButton_Transparent_Upscaled_x4.ubulk" 98
"D:/Skald_TurnBasedStrategy_Code/Content/Blueprints/UI/UI_PNGs/CancelButton_Transparent_Upscaled_x4.uasset" 99
"D:/Skald_TurnBasedStrategy_Code/Content/Blueprints/UI/UI_PNGs/CancelButton_Transparent_Upscaled_x4.uexp" 100
"D:/Skald_TurnBasedStrategy_Code/Content/Blueprints/UI/UI_Fonts/CinzelDecorative-Black.uexp" 101
"D:/Skald_TurnBasedStrategy_Code/Content/Blueprints/UI/UI_Fonts/CinzelDecorative-Black.uasset" 102
"D:/Skald_TurnBasedStrategy_Code/Content/Blueprints/UI/UI_Fonts/CinzelDecorative-Black.ufont" 103
"D:/Skald_TurnBasedStrategy_Code/Content/Blueprints/UI/UI_Fonts/CinzelDecorative-Black_Font.uasset" 104
"D:/Skald_TurnBasedStrategy_Code/Content/Blueprints/UI/UI_Fonts/CinzelDecorative-Black_Font.uexp" 105
"D:/Skald_TurnBasedStrategy_Code/Content/Blueprints/UI/Skald_DeployWidget.uasset" 106
"D:/Skald_TurnBasedStrategy_Code/Content/Blueprints/UI/Skald_DeployWidget.uexp" 107
"D:/Skald_TurnBasedStrategy_Code/Content/C++_BPs/Skald_GameInstance.uasset" 108
"D:/Skald_TurnBasedStrategy_Code/Content/C++_BPs/Skald_GameInstance.uexp" 109
"../../../Engine/Content/MobileResources/HUD/VirtualJoystick_Background.uasset" 110
"../../../Engine/Content/MobileResources/HUD/VirtualJoystick_Background.uexp" 111
"../../../Engine/Content/MobileResources/HUD/VirtualJoystick_Thumb.uasset" 112
"../../../Engine/Content/MobileResources/HUD/VirtualJoystick_Thumb.uexp" 113
"../../../Engine/Content/MobileResources/HUD/DefaultVirtualJoysticks.uasset" 114
"../../../Engine/Content/MobileResources/HUD/DefaultVirtualJoysticks.uexp" 115
"../../../Engine/Content/EngineResources/FilmGrains/Marcie_Grain_v3_128_M2_000.uasset" 116
"../../../Engine/Content/EngineResources/FilmGrains/Marcie_Grain_v3_128_M2_000.uexp" 117
"../../../Engine/Content/EngineMaterials/LTC/Sheen_LTC.uasset" 118
"../../../Engine/Content/EngineMaterials/LTC/Sheen_LTC.uexp" 119
"../../../Engine/Content/EngineMaterials/LTC/GGX_LTCMat.uasset" 120
"../../../Engine/Content/EngineMaterials/LTC/GGX_LTCMat.uexp" 121
"../../../Engine/Content/EngineMaterials/LTC/GGX_LTCAmp.uasset" 122
"../../../Engine/Content/EngineMaterials/LTC/GGX_LTCAmp.uexp" 123
"../../../Engine/Content/EngineMaterials/EnergyConservation/Sheen_Energy.uasset" 124
"../../../Engine/Content/EngineMaterials/EnergyConservation/Sheen_Energy.uexp" 125
"../../../Engine/Content/EngineMaterials/EnergyConservation/SheenLegacy_Energy.uasset" 126
"../../../Engine/Content/EngineMaterials/EnergyConservation/SheenLegacy_Energy.uexp" 127
"../../../Engine/Content/EngineMaterials/EnergyConservation/GGX_TransmissionEnergyArray.uasset" 128
"../../../Engine/Content/EngineMaterials/EnergyConservation/GGX_TransmissionEnergyArray.uexp" 129
"../../../Engine/Content/EngineMaterials/EnergyConservation/GGX_ReflectionEnergy.uasset" 130
"../../../Engine/Content/EngineMaterials/EnergyConservation/GGX_ReflectionEnergy.uexp" 131
"../../../Engine/Content/EngineMaterials/EnergyConservation/Diffuse_Energy.uasset" 132
"../../../Engine/Content/EngineMaterials/EnergyConservation/Diffuse_Energy.uexp" 133
"../../../Engine/Content/EditorResources/SequenceRecorder/RecordingIndicator.uasset" 134
"../../../Engine/Content/EditorResources/SequenceRecorder/RecordingIndicator.uexp" 135
"../../../Engine/Content/EditorResources/SequenceRecorder/Countdown.uasset" 136
"../../../Engine/Content/EditorResources/SequenceRecorder/Countdown.uexp" 137
"../../../Engine/Content/EditorMaterials/ParticleSystems/PSysThumbnail_OOD.ubulk" 138
"../../../Engine/Content/EditorMaterials/ParticleSystems/PSysThumbnail_OOD.uasset" 139
"../../../Engine/Content/EditorMaterials/ParticleSystems/PSysThumbnail_OOD.uexp" 140
"../../../Engine/Content/EditorMaterials/ParticleSystems/PSysThumbnail_NoImage.ubulk" 141
"../../../Engine/Content/EditorMaterials/ParticleSystems/PSysThumbnail_NoImage.uasset" 142
"../../../Engine/Content/EditorMaterials/ParticleSystems/PSysThumbnail_NoImage.uexp" 143
"D:/Skald_TurnBasedStrategy_Code/Content/Blueprints/UI/UI_PNGs/Fighter_Spent.ubulk" 144
"D:/Skald_TurnBasedStrategy_Code/Content/Blueprints/UI/UI_PNGs/Fighter_Spent.uasset" 145
"D:/Skald_TurnBasedStrategy_Code/Content/Blueprints/UI/UI_PNGs/Fighter_Spent.uexp" 146
"D:/Skald_TurnBasedStrategy_Code/Content/Blueprints/UI/UI_PNGs/Fighter_Activated.ubulk" 147
"D:/Skald_TurnBasedStrategy_Code/Content/Blueprints/UI/UI_PNGs/Fighter_Activated.uasset" 148
"D:/Skald_TurnBasedStrategy_Code/Content/Blueprints/UI/UI_PNGs/Fighter_Activated.uexp" 149
"D:/Skald_TurnBasedStrategy_Code/Content/Blueprints/Character/SkaldFactions/Undead/PNGS/Undead_SwordnShield_PNG.uasset" 150
"D:/Skald_TurnBasedStrategy_Code/Content/Blueprints/Character/SkaldFactions/Undead/PNGS/Undead_SwordnShield_PNG.uexp" 151
"D:/Skald_TurnBasedStrategy_Code/Content/Blueprints/Character/SkaldFactions/Undead/PNGS/Undead_SpearnShield_PNG.uasset" 152
"D:/Skald_TurnBasedStrategy_Code/Content/Blueprints/Character/SkaldFactions/Undead/PNGS/Undead_SpearnShield_PNG.uexp" 153
"D:/Skald_TurnBasedStrategy_Code/Content/Blueprints/Character/SkaldFactions/Undead/PNGS/Undead_mountedSpear_PNG.uasset" 154
"D:/Skald_TurnBasedStrategy_Code/Content/Blueprints/Character/SkaldFactions/Undead/PNGS/Undead_mountedSpear_PNG.uexp" 155
"D:/Skald_TurnBasedStrategy_Code/Content/Blueprints/Character/SkaldFactions/Undead/PNGS/Undead_MountedShieldPNG.uasset" 156
"D:/Skald_TurnBasedStrategy_Code/Content/Blueprints/Character/SkaldFactions/Undead/PNGS/Undead_MountedShieldPNG.uexp" 157
"D:/Skald_TurnBasedStrategy_Code/Content/Blueprints/Character/SkaldFactions/Undead/PNGS/Undead_mage_PNG.uasset" 158
"D:/Skald_TurnBasedStrategy_Code/Content/Blueprints/Character/SkaldFactions/Undead/PNGS/Undead_mage_PNG.uexp" 159
"D:/Skald_TurnBasedStrategy_Code/Content/Blueprints/Character/SkaldFactions/Undead/PNGS/Undead_DualWield_PNG.uasset" 160
"D:/Skald_TurnBasedStrategy_Code/Content/Blueprints/Character/SkaldFactions/Undead/PNGS/Undead_DualWield_PNG.uexp" 161
"D:/Skald_TurnBasedStrategy_Code/Content/Blueprints/Character/SkaldFactions/Undead/PNGS/Undead_CyclopeanHorror_PNG.uasset" 162
"D:/Skald_TurnBasedStrategy_Code/Content/Blueprints/Character/SkaldFactions/Undead/PNGS/Undead_CyclopeanHorror_PNG.uexp" 163
"D:/Skald_TurnBasedStrategy_Code/Content/Blueprints/Character/SkaldFactions/Undead/PNGS/Undead_Archer_PNG.uasset" 164
"D:/Skald_TurnBasedStrategy_Code/Content/Blueprints/Character/SkaldFactions/Undead/PNGS/Undead_Archer_PNG.uexp" 165
"D:/Skald_TurnBasedStrategy_Code/Content/Blueprints/Character/SkaldFactions/Undead/PNGS/Undead_2hSword_PNG.uasset" 166
"D:/Skald_TurnBasedStrategy_Code/Content/Blueprints/Character/SkaldFactions/Undead/PNGS/Undead_2hSword_PNG.uexp" 167
"D:/Skald_TurnBasedStrategy_Code/Content/Blueprints/Character/SkaldFactions/Undead/PNGS/Undead_2hmace_PNG.uasset" 168
"D:/Skald_TurnBasedStrategy_Code/Content/Blueprints/Character/SkaldFactions/Undead/PNGS/Undead_2hmace_PNG.uexp" 169
"D:/Skald_TurnBasedStrategy_Code/Content/Blueprints/Character/SkaldFactions/ToadFolk/PNG/ToadFolk_Titanoad_PNG.ubulk" 170
"D:/Skald_TurnBasedStrategy_Code/Content/Blueprints/Character/SkaldFactions/ToadFolk/PNG/ToadFolk_Titanoad_PNG.uasset" 171
"D:/Skald_TurnBasedStrategy_Code/Content/Blueprints/Character/SkaldFactions/ToadFolk/PNG/ToadFolk_Titanoad_PNG.uexp" 172
"D:/Skald_TurnBasedStrategy_Code/Content/Blueprints/Character/SkaldFactions/ToadFolk/PNG/ToadFolk_SwordAndShield_PNG.uasset" 173
"D:/Skald_TurnBasedStrategy_Code/Content/Blueprints/Character/SkaldFactions/ToadFolk/PNG/ToadFolk_SwordAndShield_PNG.uexp" 174
"D:/Skald_TurnBasedStrategy_Code/Content/Blueprints/Character/SkaldFactions/ToadFolk/PNG/ToadFolk_MountedSpear_PNG.uasset" 175
"D:/Skald_TurnBasedStrategy_Code/Content/Blueprints/Character/SkaldFactions/ToadFolk/PNG/ToadFolk_MountedSpear_PNG.uexp" 176
"D:/Skald_TurnBasedStrategy_Code/Content/Blueprints/Character/SkaldFactions/ToadFolk/PNG/ToadFolk_MountedShield_PNG.uasset" 177
"D:/Skald_TurnBasedStrategy_Code/Content/Blueprints/Character/SkaldFactions/ToadFolk/PNG/ToadFolk_MountedShield_PNG.uexp" 178
"D:/Skald_TurnBasedStrategy_Code/Content/Blueprints/Character/SkaldFactions/ToadFolk/PNG/ToadFolk_Mage_PNG.uasset" 179
"D:/Skald_TurnBasedStrategy_Code/Content/Blueprints/Character/SkaldFactions/ToadFolk/PNG/ToadFolk_Mage_PNG.uexp" 180
"D:/Skald_TurnBasedStrategy_Code/Content/Blueprints/Character/SkaldFactions/ToadFolk/PNG/ToadFolk_DualWield_PNG.uasset" 181
"D:/Skald_TurnBasedStrategy_Code/Content/Blueprints/Character/SkaldFactions/ToadFolk/PNG/ToadFolk_DualWield_PNG.uexp" 182
"D:/Skald_TurnBasedStrategy_Code/Content/Blueprints/Character/SkaldFactions/ToadFolk/PNG/ToadFolk_ClubAndShield_PNG.uasset" 183
"D:/Skald_TurnBasedStrategy_Code/Content/Blueprints/Character/SkaldFactions/ToadFolk/PNG/ToadFolk_ClubAndShield_PNG.uexp" 184
"D:/Skald_TurnBasedStrategy_Code/Content/Blueprints/Character/SkaldFactions/ToadFolk/PNG/ToadFolk_Archer_PNG.uasset" 185
"D:/Skald_TurnBasedStrategy_Code/Content/Blueprints/Character/SkaldFactions/ToadFolk/PNG/ToadFolk_Archer_PNG.uexp" 186
"D:/Skald_TurnBasedStrategy_Code/Content/Blueprints/Character/SkaldFactions/ToadFolk/PNG/ToadFolk_2hSword_PNG.uasset" 187
"D:/Skald_TurnBasedStrategy_Code/Content/Blueprints/Character/SkaldFactions/ToadFolk/PNG/ToadFolk_2hSword_PNG.uexp" 188
"D:/Skald_TurnBasedStrategy_Code/Content/Blueprints/Character/SkaldFactions/ToadFolk/PNG/ToadFolk_2hMace_PNG.uasset" 189
"D:/Skald_TurnBasedStrategy_Code/Content/Blueprints/Character/SkaldFactions/ToadFolk/PNG/ToadFolk_2hMace_PNG.uexp" 190
"D:/Skald_TurnBasedStrategy_Code/Content/Blueprints/Character/SkaldFactions/RavPack/PNG/Ravpack_SwordnShield.ubulk" 191
"D:/Skald_TurnBasedStrategy_Code/Content/Blueprints/Character/SkaldFactions/RavPack/PNG/Ravpack_SwordnShield.uasset" 192
"D:/Skald_TurnBasedStrategy_Code/Content/Blueprints/Character/SkaldFactions/RavPack/PNG/Ravpack_SwordnShield.uexp" 193
"D:/Skald_TurnBasedStrategy_Code/Content/Blueprints/Character/SkaldFactions/RavPack/PNG/Ravpack_SpearnShield.uasset" 194
"D:/Skald_TurnBasedStrategy_Code/Content/Blueprints/Character/SkaldFactions/RavPack/PNG/Ravpack_SpearnShield.uexp" 195
"D:/Skald_TurnBasedStrategy_Code/Content/Blueprints/Character/SkaldFactions/RavPack/PNG/Ravpack_MutatedRavager.ubulk" 196
"D:/Skald_TurnBasedStrategy_Code/Content/Blueprints/Character/SkaldFactions/RavPack/PNG/Ravpack_MutatedRavager.uasset" 197
"D:/Skald_TurnBasedStrategy_Code/Content/Blueprints/Character/SkaldFactions/RavPack/PNG/Ravpack_MutatedRavager.uexp" 198
"D:/Skald_TurnBasedStrategy_Code/Content/Blueprints/Character/SkaldFactions/RavPack/PNG/Ravpack_Mounted_Spear.uasset" 199
"D:/Skald_TurnBasedStrategy_Code/Content/Blueprints/Character/SkaldFactions/RavPack/PNG/Ravpack_Mounted_Spear.uexp" 200
"D:/Skald_TurnBasedStrategy_Code/Content/Blueprints/Character/SkaldFactions/RavPack/PNG/Ravpack_Mounted_Shield.uasset" 201
"D:/Skald_TurnBasedStrategy_Code/Content/Blueprints/Character/SkaldFactions/RavPack/PNG/Ravpack_Mounted_Shield.uexp" 202
"D:/Skald_TurnBasedStrategy_Code/Content/Blueprints/Character/SkaldFactions/RavPack/PNG/Ravpack_Mage.uasset" 203
"D:/Skald_TurnBasedStrategy_Code/Content/Blueprints/Character/SkaldFactions/RavPack/PNG/Ravpack_Mage.uexp" 204
"D:/Skald_TurnBasedStrategy_Code/Content/Blueprints/Character/SkaldFactions/RavPack/PNG/Ravpack_DualWield.ubulk" 205
"D:/Skald_TurnBasedStrategy_Code/Content/Blueprints/Character/SkaldFactions/RavPack/PNG/Ravpack_DualWield.uasset" 206
"D:/Skald_TurnBasedStrategy_Code/Content/Blueprints/Character/SkaldFactions/RavPack/PNG/Ravpack_DualWield.uexp" 207
"D:/Skald_TurnBasedStrategy_Code/Content/Blueprints/Character/SkaldFactions/RavPack/PNG/Ravpack_Archer.uasset" 208
"D:/Skald_TurnBasedStrategy_Code/Content/Blueprints/Character/SkaldFactions/RavPack/PNG/Ravpack_Archer.uexp" 209
"D:/Skald_TurnBasedStrategy_Code/Content/Blueprints/Character/SkaldFactions/RavPack/PNG/Ravpack_2hSword.uasset" 210
"D:/Skald_TurnBasedStrategy_Code/Content/Blueprints/Character/SkaldFactions/RavPack/PNG/Ravpack_2hSword.uexp" 211
"D:/Skald_TurnBasedStrategy_Code/Content/Blueprints/Character/SkaldFactions/RavPack/PNG/Ravpack_2hSpear.uasset" 212
"D:/Skald_TurnBasedStrategy_Code/Content/Blueprints/Character/SkaldFactions/RavPack/PNG/Ravpack_2hSpear.uexp" 213
"D:/Skald_TurnBasedStrategy_Code/Content/Blueprints/Character/SkaldFactions/Orcs/PNGS/Orc_SpearnShield_PNG.uasset" 214
"D:/Skald_TurnBasedStrategy_Code/Content/Blueprints/Character/SkaldFactions/Orcs/PNGS/Orc_SpearnShield_PNG.uexp" 215
"D:/Skald_TurnBasedStrategy_Code/Content/Blueprints/Character/SkaldFactions/Orcs/PNGS/Orc_MountedSpear_PNG.uasset" 216
"D:/Skald_TurnBasedStrategy_Code/Content/Blueprints/Character/SkaldFactions/Orcs/PNGS/Orc_MountedSpear_PNG.uexp" 217
"D:/Skald_TurnBasedStrategy_Code/Content/Blueprints/Character/SkaldFactions/Orcs/PNGS/Orc_MountedShield_PNG.uasset" 218
"D:/Skald_TurnBasedStrategy_Code/Content/Blueprints/Character/SkaldFactions/Orcs/PNGS/Orc_MountedShield_PNG.uexp" 219
"D:/Skald_TurnBasedStrategy_Code/Content/Blueprints/Character/SkaldFactions/Orcs/PNGS/Orc_Mage_PNG.uasset" 220
"D:/Skald_TurnBasedStrategy_Code/Content/Blueprints/Character/SkaldFactions/Orcs/PNGS/Orc_Mage_PNG.uexp" 221
"D:/Skald_TurnBasedStrategy_Code/Content/Blueprints/Character/SkaldFactions/Orcs/PNGS/Orc_Hydra_PNG.ubulk" 222
"D:/Skald_TurnBasedStrategy_Code/Content/Blueprints/Character/SkaldFactions/Orcs/PNGS/Orc_Hydra_PNG.uasset" 223
"D:/Skald_TurnBasedStrategy_Code/Content/Blueprints/Character/SkaldFactions/Orcs/PNGS/Orc_Hydra_PNG.uexp" 224
"D:/Skald_TurnBasedStrategy_Code/Content/Blueprints/Character/SkaldFactions/Orcs/PNGS/Orc_DualWield_PNG.uasset" 225
"D:/Skald_TurnBasedStrategy_Code/Content/Blueprints/Character/SkaldFactions/Orcs/PNGS/Orc_DualWield_PNG.uexp" 226
"D:/Skald_TurnBasedStrategy_Code/Content/Blueprints/Character/SkaldFactions/Orcs/PNGS/Orc_AxenShield_PNG.uasset" 227
"D:/Skald_TurnBasedStrategy_Code/Content/Blueprints/Character/SkaldFactions/Orcs/PNGS/Orc_AxenShield_PNG.uexp" 228
"D:/Skald_TurnBasedStrategy_Code/Content/Blueprints/Character/SkaldFactions/Orcs/PNGS/Orc_Archer_PNG.uasset" 229
"D:/Skald_TurnBasedStrategy_Code/Content/Blueprints/Character/SkaldFactions/Orcs/PNGS/Orc_Archer_PNG.uexp" 230
"D:/Skald_TurnBasedStrategy_Code/Content/Blueprints/Character/SkaldFactions/Orcs/PNGS/Orc_2hClub_PNG.uasset" 231
"D:/Skald_TurnBasedStrategy_Code/Content/Blueprints/Character/SkaldFactions/Orcs/PNGS/Orc_2hClub_PNG.uexp" 232
"D:/Skald_TurnBasedStrategy_Code/Content/Blueprints/Character/SkaldFactions/Orcs/PNGS/Orc_2hAxe_PNG.uasset" 233
"D:/Skald_TurnBasedStrategy_Code/Content/Blueprints/Character/SkaldFactions/Orcs/PNGS/Orc_2hAxe_PNG.uexp" 234
"D:/Skald_TurnBasedStrategy_Code/Content/Blueprints/Character/SkaldFactions/LizardFolk/PNG/LizardFolk_SwordnShield.uasset" 235
"D:/Skald_TurnBasedStrategy_Code/Content/Blueprints/Character/SkaldFactions/LizardFolk/PNG/LizardFolk_SwordnShield.uexp" 236
"D:/Skald_TurnBasedStrategy_Code/Content/Blueprints/Character/SkaldFactions/LizardFolk/PNG/LizardFolk_SpearnShield.uasset" 237
"D:/Skald_TurnBasedStrategy_Code/Content/Blueprints/Character/SkaldFactions/LizardFolk/PNG/LizardFolk_SpearnShield.uexp" 238
"D:/Skald_TurnBasedStrategy_Code/Content/Blueprints/Character/SkaldFactions/LizardFolk/PNG/LizardFolk_MountedSpear.uasset" 239
"D:/Skald_TurnBasedStrategy_Code/Content/Blueprints/Character/SkaldFactions/LizardFolk/PNG/LizardFolk_MountedSpear.uexp" 240
"D:/Skald_TurnBasedStrategy_Code/Content/Blueprints/Character/SkaldFactions/LizardFolk/PNG/LizardFolk_MountedShield.ubulk" 241
"D:/Skald_TurnBasedStrategy_Code/Content/Blueprints/Character/SkaldFactions/LizardFolk/PNG/LizardFolk_MountedShield.uasset" 242
"D:/Skald_TurnBasedStrategy_Code/Content/Blueprints/Character/SkaldFactions/LizardFolk/PNG/LizardFolk_MountedShield.uexp" 243
"D:/Skald_TurnBasedStrategy_Code/Content/Blueprints/Character/SkaldFactions/LizardFolk/PNG/LizardFolk_Mage.uasset" 244
"D:/Skald_TurnBasedStrategy_Code/Content/Blueprints/Character/SkaldFactions/LizardFolk/PNG/LizardFolk_Mage.uexp" 245
"D:/Skald_TurnBasedStrategy_Code/Content/Blueprints/Character/SkaldFactions/LizardFolk/PNG/LizardFolk_DualWield.uasset" 246
"D:/Skald_TurnBasedStrategy_Code/Content/Blueprints/Character/SkaldFactions/LizardFolk/PNG/LizardFolk_DualWield.uexp" 247
"D:/Skald_TurnBasedStrategy_Code/Content/Blueprints/Character/SkaldFactions/LizardFolk/PNG/LizardFolk_Archer.uasset" 248
"D:/Skald_TurnBasedStrategy_Code/Content/Blueprints/Character/SkaldFactions/LizardFolk/PNG/LizardFolk_Archer.uexp" 249
"D:/Skald_TurnBasedStrategy_Code/Content/Blueprints/Character/SkaldFactions/LizardFolk/PNG/LizardFolk_2hSpear.uasset" 250
"D:/Skald_TurnBasedStrategy_Code/Content/Blueprints/Character/SkaldFactions/LizardFolk/PNG/LizardFolk_2hSpear.uexp" 251
"D:/Skald_TurnBasedStrategy_Code/Content/Blueprints/Character/SkaldFactions/LizardFolk/PNG/LizardFolk_2hClub.uasset" 252
"D:/Skald_TurnBasedStrategy_Code/Content/Blueprints/Character/SkaldFactions/LizardFolk/PNG/LizardFolk_2hClub.uexp" 253
"D:/Skald_TurnBasedStrategy_Code/Content/Blueprints/Character/SkaldFactions/Ironlegion/PNG/IronLegion_SwordAndShield_PNG.uasset" 254
"D:/Skald_TurnBasedStrategy_Code/Content/Blueprints/Character/SkaldFactions/Ironlegion/PNG/IronLegion_SwordAndShield_PNG.uexp" 255
"D:/Skald_TurnBasedStrategy_Code/Content/Blueprints/Character/SkaldFactions/Ironlegion/PNG/IronLegion_SpearAndShield_PNG.uasset" 256
"D:/Skald_TurnBasedStrategy_Code/Content/Blueprints/Character/SkaldFactions/Ironlegion/PNG/IronLegion_SpearAndShield_PNG.uexp" 257
"D:/Skald_TurnBasedStrategy_Code/Content/Blueprints/Character/SkaldFactions/Ironlegion/PNG/IronLegion_MountedSpear_PNG.uasset" 258
"D:/Skald_TurnBasedStrategy_Code/Content/Blueprints/Character/SkaldFactions/Ironlegion/PNG/IronLegion_MountedSpear_PNG.uexp" 259
"D:/Skald_TurnBasedStrategy_Code/Content/Blueprints/Character/SkaldFactions/Ironlegion/PNG/IronLegion_MountedShield_PNG.ubulk" 260
"D:/Skald_TurnBasedStrategy_Code/Content/Blueprints/Character/SkaldFactions/Ironlegion/PNG/IronLegion_MountedShield_PNG.uasset" 261
"D:/Skald_TurnBasedStrategy_Code/Content/Blueprints/Character/SkaldFactions/Ironlegion/PNG/IronLegion_MountedShield_PNG.uexp" 262
"D:/Skald_TurnBasedStrategy_Code/Content/Blueprints/Character/SkaldFactions/Ironlegion/PNG/IronLegion_Mage_PNG.uasset" 263
"D:/Skald_TurnBasedStrategy_Code/Content/Blueprints/Character/SkaldFactions/Ironlegion/PNG/IronLegion_Mage_PNG.uexp" 264
"D:/Skald_TurnBasedStrategy_Code/Content/Blueprints/Character/SkaldFactions/Ironlegion/PNG/IronLegion_Juggernaught_PNG.ubulk" 265
"D:/Skald_TurnBasedStrategy_Code/Content/Blueprints/Character/SkaldFactions/Ironlegion/PNG/IronLegion_Juggernaught_PNG.uasset" 266
"D:/Skald_TurnBasedStrategy_Code/Content/Blueprints/Character/SkaldFactions/Ironlegion/PNG/IronLegion_Juggernaught_PNG.uexp" 267
"D:/Skald_TurnBasedStrategy_Code/Content/Blueprints/Character/SkaldFactions/Ironlegion/PNG/IronLegion_DualWield_PNG.uasset" 268
"D:/Skald_TurnBasedStrategy_Code/Content/Blueprints/Character/SkaldFactions/Ironlegion/PNG/IronLegion_DualWield_PNG.uexp" 269
"D:/Skald_TurnBasedStrategy_Code/Content/Blueprints/Character/SkaldFactions/Ironlegion/PNG/IronLegion_ArcherPNG.uasset" 270
"D:/Skald_TurnBasedStrategy_Code/Content/Blueprints/Character/SkaldFactions/Ironlegion/PNG/IronLegion_ArcherPNG.uexp" 271
"D:/Skald_TurnBasedStrategy_Code/Content/Blueprints/Character/SkaldFactions/Ironlegion/PNG/IronLegion_2hSword_PNG.uasset" 272
"D:/Skald_TurnBasedStrategy_Code/Content/Blueprints/Character/SkaldFactions/Ironlegion/PNG/IronLegion_2hSword_PNG.uexp" 273
"D:/Skald_TurnBasedStrategy_Code/Content/Blueprints/Character/SkaldFactions/Ironlegion/PNG/IronLegion_2hSpear_PNG.uasset" 274
"D:/Skald_TurnBasedStrategy_Code/Content/Blueprints/Character/SkaldFactions/Ironlegion/PNG/IronLegion_2hSpear_PNG.uexp" 275
"D:/Skald_TurnBasedStrategy_Code/Content/Blueprints/Character/SkaldFactions/Inflicted/PNG/Inflicted_SwordnShield.uasset" 276
"D:/Skald_TurnBasedStrategy_Code/Content/Blueprints/Character/SkaldFactions/Inflicted/PNG/Inflicted_SwordnShield.uexp" 277
"D:/Skald_TurnBasedStrategy_Code/Content/Blueprints/Character/SkaldFactions/Inflicted/PNG/Inflicted_SpearnShield.uasset" 278
"D:/Skald_TurnBasedStrategy_Code/Content/Blueprints/Character/SkaldFactions/Inflicted/PNG/Inflicted_SpearnShield.uexp" 279
"D:/Skald_TurnBasedStrategy_Code/Content/Blueprints/Character/SkaldFactions/Inflicted/PNG/Inflicted_MountedShield.ubulk" 280
"D:/Skald_TurnBasedStrategy_Code/Content/Blueprints/Character/SkaldFactions/Inflicted/PNG/Inflicted_MountedShield.uasset" 281
"D:/Skald_TurnBasedStrategy_Code/Content/Blueprints/Character/SkaldFactions/Inflicted/PNG/Inflicted_MountedShield.uexp" 282
"D:/Skald_TurnBasedStrategy_Code/Content/Blueprints/Character/SkaldFactions/Inflicted/PNG/Inflicted_Mage.uasset" 283
"D:/Skald_TurnBasedStrategy_Code/Content/Blueprints/Character/SkaldFactions/Inflicted/PNG/Inflicted_Mage.uexp" 284
"D:/Skald_TurnBasedStrategy_Code/Content/Blueprints/Character/SkaldFactions/Inflicted/PNG/Inflicted_DualWield.uasset" 285
"D:/Skald_TurnBasedStrategy_Code/Content/Blueprints/Character/SkaldFactions/Inflicted/PNG/Inflicted_DualWield.uexp" 286
"D:/Skald_TurnBasedStrategy_Code/Content/Blueprints/Character/SkaldFactions/Inflicted/PNG/Inflicted_beholder.ubulk" 287
"D:/Skald_TurnBasedStrategy_Code/Content/Blueprints/Character/SkaldFactions/Inflicted/PNG/Inflicted_beholder.uasset" 288
"D:/Skald_TurnBasedStrategy_Code/Content/Blueprints/Character/SkaldFactions/Inflicted/PNG/Inflicted_beholder.uexp" 289
"D:/Skald_TurnBasedStrategy_Code/Content/Blueprints/Character/SkaldFactions/Inflicted/PNG/Inflicted_Archer.uasset" 290
"D:/Skald_TurnBasedStrategy_Code/Content/Blueprints/Character/SkaldFactions/Inflicted/PNG/Inflicted_Archer.uexp" 291
"D:/Skald_TurnBasedStrategy_Code/Content/Blueprints/Character/SkaldFactions/Inflicted/PNG/Inflicted_2hSword.uasset" 292
"D:/Skald_TurnBasedStrategy_Code/Content/Blueprints/Character/SkaldFactions/Inflicted/PNG/Inflicted_2hSword.uexp" 293
"D:/Skald_TurnBasedStrategy_Code/Content/Blueprints/Character/SkaldFactions/Inflicted/PNG/Inflicted_2hSpear.ubulk" 294
"D:/Skald_TurnBasedStrategy_Code/Content/Blueprints/Character/SkaldFactions/Inflicted/PNG/Inflicted_2hSpear.uasset" 295
"D:/Skald_TurnBasedStrategy_Code/Content/Blueprints/Character/SkaldFactions/Inflicted/PNG/Inflicted_2hSpear.uexp" 296
"D:/Skald_TurnBasedStrategy_Code/Content/Blueprints/Character/SkaldFactions/Humans/PNGS/Human_SwordnShield.uasset" 297
"D:/Skald_TurnBasedStrategy_Code/Content/Blueprints/Character/SkaldFactions/Humans/PNGS/Human_SwordnShield.uexp" 298
"D:/Skald_TurnBasedStrategy_Code/Content/Blueprints/Character/SkaldFactions/Humans/PNGS/Human_SpearnShield.ubulk" 299
"D:/Skald_TurnBasedStrategy_Code/Content/Blueprints/Character/SkaldFactions/Humans/PNGS/Human_SpearnShield.uasset" 300
"D:/Skald_TurnBasedStrategy_Code/Content/Blueprints/Character/SkaldFactions/Humans/PNGS/Human_SpearnShield.uexp" 301
"D:/Skald_TurnBasedStrategy_Code/Content/Blueprints/Character/SkaldFactions/Humans/PNGS/Human_MountedSpear.ubulk" 302
"D:/Skald_TurnBasedStrategy_Code/Content/Blueprints/Character/SkaldFactions/Humans/PNGS/Human_MountedSpear.uasset" 303
"D:/Skald_TurnBasedStrategy_Code/Content/Blueprints/Character/SkaldFactions/Humans/PNGS/Human_MountedSpear.uexp" 304
"D:/Skald_TurnBasedStrategy_Code/Content/Blueprints/Character/SkaldFactions/Humans/PNGS/Human_MountedShield.ubulk" 305
"D:/Skald_TurnBasedStrategy_Code/Content/Blueprints/Character/SkaldFactions/Humans/PNGS/Human_MountedShield.uasset" 306
"D:/Skald_TurnBasedStrategy_Code/Content/Blueprints/Character/SkaldFactions/Humans/PNGS/Human_MountedShield.uexp" 307
"D:/Skald_TurnBasedStrategy_Code/Content/Blueprints/Character/SkaldFactions/Humans/PNGS/Human_Mage.ubulk" 308
"D:/Skald_TurnBasedStrategy_Code/Content/Blueprints/Character/SkaldFactions/Humans/PNGS/Human_Mage.uasset" 309
"D:/Skald_TurnBasedStrategy_Code/Content/Blueprints/Character/SkaldFactions/Humans/PNGS/Human_Mage.uexp" 310
"D:/Skald_TurnBasedStrategy_Code/Content/Blueprints/Character/SkaldFactions/Humans/PNGS/Human_Griffon_PNG.uasset" 311
"D:/Skald_TurnBasedStrategy_Code/Content/Blueprints/Character/SkaldFactions/Humans/PNGS/Human_Griffon_PNG.uexp" 312
"D:/Skald_TurnBasedStrategy_Code/Content/Blueprints/Character/SkaldFactions/Humans/PNGS/Human_DualWield.ubulk" 313
"D:/Skald_TurnBasedStrategy_Code/Content/Blueprints/Character/SkaldFactions/Humans/PNGS/Human_DualWield.uasset" 314
"D:/Skald_TurnBasedStrategy_Code/Content/Blueprints/Character/SkaldFactions/Humans/PNGS/Human_DualWield.uexp" 315
"D:/Skald_TurnBasedStrategy_Code/Content/Blueprints/Character/SkaldFactions/Humans/PNGS/Human_Archer.ubulk" 316
"D:/Skald_TurnBasedStrategy_Code/Content/Blueprints/Character/SkaldFactions/Humans/PNGS/Human_Archer.uasset" 317
"D:/Skald_TurnBasedStrategy_Code/Content/Blueprints/Character/SkaldFactions/Humans/PNGS/Human_Archer.uexp" 318
"D:/Skald_TurnBasedStrategy_Code/Content/Blueprints/Character/SkaldFactions/Humans/PNGS/Human_2hSword.ubulk" 319
"D:/Skald_TurnBasedStrategy_Code/Content/Blueprints/Character/SkaldFactions/Humans/PNGS/Human_2hSword.uasset" 320
"D:/Skald_TurnBasedStrategy_Code/Content/Blueprints/Character/SkaldFactions/Humans/PNGS/Human_2hSword.uexp" 321
"D:/Skald_TurnBasedStrategy_Code/Content/Blueprints/Character/SkaldFactions/Humans/PNGS/Human_2hAxe.ubulk" 322
"D:/Skald_TurnBasedStrategy_Code/Content/Blueprints/Character/SkaldFactions/Humans/PNGS/Human_2hAxe.uasset" 323
"D:/Skald_TurnBasedStrategy_Code/Content/Blueprints/Character/SkaldFactions/Humans/PNGS/Human_2hAxe.uexp" 324
"D:/Skald_TurnBasedStrategy_Code/Content/Blueprints/Character/SkaldFactions/Gnolls/PNG/Gnoll_SpearnShield.uasset" 325
"D:/Skald_TurnBasedStrategy_Code/Content/Blueprints/Character/SkaldFactions/Gnolls/PNG/Gnoll_SpearnShield.uexp" 326
"D:/Skald_TurnBasedStrategy_Code/Content/Blueprints/Character/SkaldFactions/Gnolls/PNG/Gnoll_MountedSpear_PNG.ubulk" 327
"D:/Skald_TurnBasedStrategy_Code/Content/Blueprints/Character/SkaldFactions/Gnolls/PNG/Gnoll_MountedSpear_PNG.uasset" 328
"D:/Skald_TurnBasedStrategy_Code/Content/Blueprints/Character/SkaldFactions/Gnolls/PNG/Gnoll_MountedSpear_PNG.uexp" 329
"D:/Skald_TurnBasedStrategy_Code/Content/Blueprints/Character/SkaldFactions/Gnolls/PNG/Gnoll_MountedShield_PNG.ubulk" 330
"D:/Skald_TurnBasedStrategy_Code/Content/Blueprints/Character/SkaldFactions/Gnolls/PNG/Gnoll_MountedShield_PNG.uasset" 331
"D:/Skald_TurnBasedStrategy_Code/Content/Blueprints/Character/SkaldFactions/Gnolls/PNG/Gnoll_MountedShield_PNG.uexp" 332
"D:/Skald_TurnBasedStrategy_Code/Content/Blueprints/Character/SkaldFactions/Gnolls/PNG/Gnoll_Mage_PNG.ubulk" 333
"D:/Skald_TurnBasedStrategy_Code/Content/Blueprints/Character/SkaldFactions/Gnolls/PNG/Gnoll_Mage_PNG.uasset" 334
"D:/Skald_TurnBasedStrategy_Code/Content/Blueprints/Character/SkaldFactions/Gnolls/PNG/Gnoll_Mage_PNG.uexp" 335
"D:/Skald_TurnBasedStrategy_Code/Content/Blueprints/Character/SkaldFactions/Gnolls/PNG/Gnoll_DualWield_PNG.uasset" 336
"D:/Skald_TurnBasedStrategy_Code/Content/Blueprints/Character/SkaldFactions/Gnolls/PNG/Gnoll_DualWield_PNG.uexp" 337
"D:/Skald_TurnBasedStrategy_Code/Content/Blueprints/Character/SkaldFactions/Gnolls/PNG/Gnoll_Cerebane_PNG.ubulk" 338
"D:/Skald_TurnBasedStrategy_Code/Content/Blueprints/Character/SkaldFactions/Gnolls/PNG/Gnoll_Cerebane_PNG.uasset" 339
"D:/Skald_TurnBasedStrategy_Code/Content/Blueprints/Character/SkaldFactions/Gnolls/PNG/Gnoll_Cerebane_PNG.uexp" 340
"D:/Skald_TurnBasedStrategy_Code/Content/Blueprints/Character/SkaldFactions/Gnolls/PNG/Gnoll_AxenShield_PNG.uasset" 341
"D:/Skald_TurnBasedStrategy_Code/Content/Blueprints/Character/SkaldFactions/Gnolls/PNG/Gnoll_AxenShield_PNG.uexp" 342
"D:/Skald_TurnBasedStrategy_Code/Content/Blueprints/Character/SkaldFactions/Gnolls/PNG/Gnoll_Archer_PNG.ubulk" 343
"D:/Skald_TurnBasedStrategy_Code/Content/Blueprints/Character/SkaldFactions/Gnolls/PNG/Gnoll_Archer_PNG.uasset" 344
"D:/Skald_TurnBasedStrategy_Code/Content/Blueprints/Character/SkaldFactions/Gnolls/PNG/Gnoll_Archer_PNG.uexp" 345
"D:/Skald_TurnBasedStrategy_Code/Content/Blueprints/Character/SkaldFactions/Gnolls/PNG/Gnoll_2hSpear_PNG.ubulk" 346
"D:/Skald_TurnBasedStrategy_Code/Content/Blueprints/Character/SkaldFactions/Gnolls/PNG/Gnoll_2hSpear_PNG.uasset" 347
"D:/Skald_TurnBasedStrategy_Code/Content/Blueprints/Character/SkaldFactions/Gnolls/PNG/Gnoll_2hSpear_PNG.uexp" 348
"D:/Skald_TurnBasedStrategy_Code/Content/Blueprints/Character/SkaldFactions/Gnolls/PNG/Gnoll_2hClub_PNG.uasset" 349
"D:/Skald_TurnBasedStrategy_Code/Content/Blueprints/Character/SkaldFactions/Gnolls/PNG/Gnoll_2hClub_PNG.uexp" 350
"D:/Skald_TurnBasedStrategy_Code/Content/Blueprints/Character/SkaldFactions/Elves/PNG/Elf_SwordnShield_PNG.uasset" 351
"D:/Skald_TurnBasedStrategy_Code/Content/Blueprints/Character/SkaldFactions/Elves/PNG/Elf_SwordnShield_PNG.uexp" 352
"D:/Skald_TurnBasedStrategy_Code/Content/Blueprints/Character/SkaldFactions/Elves/PNG/Elf_SpearnShield_PNG.uasset" 353
"D:/Skald_TurnBasedStrategy_Code/Content/Blueprints/Character/SkaldFactions/Elves/PNG/Elf_SpearnShield_PNG.uexp" 354
"D:/Skald_TurnBasedStrategy_Code/Content/Blueprints/Character/SkaldFactions/Elves/PNG/Elf_MountedSpear_PNG.uasset" 355
"D:/Skald_TurnBasedStrategy_Code/Content/Blueprints/Character/SkaldFactions/Elves/PNG/Elf_MountedSpear_PNG.uexp" 356
"D:/Skald_TurnBasedStrategy_Code/Content/Blueprints/Character/SkaldFactions/Elves/PNG/Elf_MountedShield_PNG.ubulk" 357
"D:/Skald_TurnBasedStrategy_Code/Content/Blueprints/Character/SkaldFactions/Elves/PNG/Elf_MountedShield_PNG.uasset" 358
"D:/Skald_TurnBasedStrategy_Code/Content/Blueprints/Character/SkaldFactions/Elves/PNG/Elf_MountedShield_PNG.uexp" 359
"D:/Skald_TurnBasedStrategy_Code/Content/Blueprints/Character/SkaldFactions/Elves/PNG/Elf_Mage_PNG.uasset" 360
"D:/Skald_TurnBasedStrategy_Code/Content/Blueprints/Character/SkaldFactions/Elves/PNG/Elf_Mage_PNG.uexp" 361
"D:/Skald_TurnBasedStrategy_Code/Content/Blueprints/Character/SkaldFactions/Elves/PNG/Elf_DualWield_PNG.uasset" 362
"D:/Skald_TurnBasedStrategy_Code/Content/Blueprints/Character/SkaldFactions/Elves/PNG/Elf_DualWield_PNG.uexp" 363
"D:/Skald_TurnBasedStrategy_Code/Content/Blueprints/Character/SkaldFactions/Elves/PNG/Elf_Archer_PNG.uasset" 364
"D:/Skald_TurnBasedStrategy_Code/Content/Blueprints/Character/SkaldFactions/Elves/PNG/Elf_Archer_PNG.uexp" 365
"D:/Skald_TurnBasedStrategy_Code/Content/Blueprints/Character/SkaldFactions/Elves/PNG/Elf_AncientEnt_PNG.uasset" 366
"D:/Skald_TurnBasedStrategy_Code/Content/Blueprints/Character/SkaldFactions/Elves/PNG/Elf_AncientEnt_PNG.uexp" 367
"D:/Skald_TurnBasedStrategy_Code/Content/Blueprints/Character/SkaldFactions/Elves/PNG/Elf_2hSword_PNG.uasset" 368
"D:/Skald_TurnBasedStrategy_Code/Content/Blueprints/Character/SkaldFactions/Elves/PNG/Elf_2hSword_PNG.uexp" 369
"D:/Skald_TurnBasedStrategy_Code/Content/Blueprints/Character/SkaldFactions/Elves/PNG/Elf_2hSpear_PNG.uasset" 370
"D:/Skald_TurnBasedStrategy_Code/Content/Blueprints/Character/SkaldFactions/Elves/PNG/Elf_2hSpear_PNG.uexp" 371
"D:/Skald_TurnBasedStrategy_Code/Content/Blueprints/Character/SkaldFactions/Dwarves/PNGS/Dwarf_SpearAndShield_Png.uasset" 372
"D:/Skald_TurnBasedStrategy_Code/Content/Blueprints/Character/SkaldFactions/Dwarves/PNGS/Dwarf_SpearAndShield_Png.uexp" 373
"D:/Skald_TurnBasedStrategy_Code/Content/Blueprints/Character/SkaldFactions/Dwarves/PNGS/Dwarf_mountedSpear_PNG.uasset" 374
"D:/Skald_TurnBasedStrategy_Code/Content/Blueprints/Character/SkaldFactions/Dwarves/PNGS/Dwarf_mountedSpear_PNG.uexp" 375
"D:/Skald_TurnBasedStrategy_Code/Content/Blueprints/Character/SkaldFactions/Dwarves/PNGS/Dwarf_MountedAxe_PNG.uasset" 376
"D:/Skald_TurnBasedStrategy_Code/Content/Blueprints/Character/SkaldFactions/Dwarves/PNGS/Dwarf_MountedAxe_PNG.uexp" 377
"D:/Skald_TurnBasedStrategy_Code/Content/Blueprints/Character/SkaldFactions/Dwarves/PNGS/Dwarf_Mage_Png.uasset" 378
"D:/Skald_TurnBasedStrategy_Code/Content/Blueprints/Character/SkaldFactions/Dwarves/PNGS/Dwarf_Mage_Png.uexp" 379
"D:/Skald_TurnBasedStrategy_Code/Content/Blueprints/Character/SkaldFactions/Dwarves/PNGS/Dwarf_DualWield_PNG.uasset" 380
"D:/Skald_TurnBasedStrategy_Code/Content/Blueprints/Character/SkaldFactions/Dwarves/PNGS/Dwarf_DualWield_PNG.uexp" 381
"D:/Skald_TurnBasedStrategy_Code/Content/Blueprints/Character/SkaldFactions/Dwarves/PNGS/Dwarf_AxeandShield_Png.uasset" 382
"D:/Skald_TurnBasedStrategy_Code/Content/Blueprints/Character/SkaldFactions/Dwarves/PNGS/Dwarf_AxeandShield_Png.uexp" 383
"D:/Skald_TurnBasedStrategy_Code/Content/Blueprints/Character/SkaldFactions/Dwarves/PNGS/Dwarf_Archer_Png.uasset" 384
"D:/Skald_TurnBasedStrategy_Code/Content/Blueprints/Character/SkaldFactions/Dwarves/PNGS/Dwarf_Archer_Png.uexp" 385
"D:/Skald_TurnBasedStrategy_Code/Content/Blueprints/Character/SkaldFactions/Dwarves/PNGS/Dwarf_2hMace_PNG.uasset" 386
"D:/Skald_TurnBasedStrategy_Code/Content/Blueprints/Character/SkaldFactions/Dwarves/PNGS/Dwarf_2hMace_PNG.uexp" 387
"D:/Skald_TurnBasedStrategy_Code/Content/Blueprints/Character/SkaldFactions/Dwarves/PNGS/Dwarf_2hAxe_Png.uasset" 388
"D:/Skald_TurnBasedStrategy_Code/Content/Blueprints/Character/SkaldFactions/Dwarves/PNGS/Dwarf_2hAxe_Png.uexp" 389
"D:/Skald_TurnBasedStrategy_Code/Content/Blueprints/Character/SkaldFactions/Dwarves/PNGS/CrystalBeast_PNG.ubulk" 390
"D:/Skald_TurnBasedStrategy_Code/Content/Blueprints/Character/SkaldFactions/Dwarves/PNGS/CrystalBeast_PNG.uasset" 391
"D:/Skald_TurnBasedStrategy_Code/Content/Blueprints/Character/SkaldFactions/Dwarves/PNGS/CrystalBeast_PNG.uexp" 392
"../../../Engine/Content/EngineResources/DefaultTextureCube.uasset" 393
"../../../Engine/Content/EngineResources/DefaultTextureCube.uexp" 394
"../../../Engine/Content/EngineResources/DefaultVolumeTexture2D.uasset" 395
"../../../Engine/Content/EngineResources/DefaultVolumeTexture2D.uexp" 396
"../../../Engine/Content/EngineResources/DefaultVolumeTexture.uasset" 397
"../../../Engine/Content/EngineResources/DefaultVolumeTexture.uexp" 398
"../../../Engine/Content/Functions/Engine_MaterialFunctions02/WorldPositionOffset/CameraOffset.uasset" 399
"../../../Engine/Content/Functions/Engine_MaterialFunctions02/WorldPositionOffset/CameraOffset.uexp" 400
"../../../Engine/Plugins/Animation/ControlRig/Content/M_Manip.uasset" 401
"../../../Engine/Plugins/Animation/ControlRig/Content/M_Manip.uexp" 402
"../../../Engine/Plugins/Runtime/MeshModelingToolset/Content/Materials/M_DynamicMeshComponentVtxColor.uasset" 403
"../../../Engine/Plugins/Runtime/MeshModelingToolset/Content/Materials/M_DynamicMeshComponentVtxColor.uexp" 404
"../../../Engine/Plugins/Runtime/HairStrands/Content/Materials/HairMeshesDefaultMaterial.uasset" 405
"../../../Engine/Plugins/Runtime/HairStrands/Content/Materials/HairMeshesDefaultMaterial.uexp" 406
"../../../Engine/Plugins/Runtime/HairStrands/Content/Materials/HairDefaultMaterial.uasset" 407
"../../../Engine/Plugins/Runtime/HairStrands/Content/Materials/HairDefaultMaterial.uexp" 408
"../../../Engine/Plugins/Runtime/HairStrands/Content/Materials/HairGroupColors.uasset" 409
"../../../Engine/Plugins/Runtime/HairStrands/Content/Materials/HairGroupColors.uexp" 410
"../../../Engine/Content/Functions/Engine_MaterialFunctions02/Utility/MakeFloat2.uasset" 411
"../../../Engine/Content/Functions/Engine_MaterialFunctions02/Utility/MakeFloat2.uexp" 412
"../../../Engine/Content/Functions/Engine_MaterialFunctions02/Utility/MakeFloat3.uasset" 413
"../../../Engine/Content/Functions/Engine_MaterialFunctions02/Utility/MakeFloat3.uexp" 414
"../../../Engine/Content/EngineMaterials/HairColorMap.uasset" 415
"../../../Engine/Content/EngineMaterials/HairColorMap.uexp" 416
"../../../Engine/Content/EngineMaterials/HairDebugColor.uasset" 417
"../../../Engine/Content/EngineMaterials/HairDebugColor.uexp" 418
"../../../Engine/Plugins/Runtime/HairStrands/Content/Materials/HairDebugMaterial.uasset" 419
"../../../Engine/Plugins/Runtime/HairStrands/Content/Materials/HairDebugMaterial.uexp" 420
"../../../Engine/Plugins/Runtime/HairStrands/Content/Materials/HairCardsDefaultMaterial.uasset" 421
"../../../Engine/Plugins/Runtime/HairStrands/Content/Materials/HairCardsDefaultMaterial.uexp" 422
"../../../Engine/Plugins/Editor/SpeedTreeImporter/Content/SpeedTree9/game_wind_noise.ubulk" 423
"../../../Engine/Plugins/Editor/SpeedTreeImporter/Content/SpeedTree9/game_wind_noise.uasset" 424
"../../../Engine/Plugins/Editor/SpeedTreeImporter/Content/SpeedTree9/game_wind_noise.uexp" 425
"../../../Engine/Plugins/Editor/SpeedTreeImporter/Content/SpeedTree9/UnpackDirection.uasset" 426
"../../../Engine/Plugins/Editor/SpeedTreeImporter/Content/SpeedTree9/UnpackDirection.uexp" 427
"../../../Engine/Content/Functions/Engine_MaterialFunctions02/ObjectLocalBounds.uasset" 428
"../../../Engine/Content/Functions/Engine_MaterialFunctions02/ObjectLocalBounds.uexp" 429
"../../../Engine/Content/Functions/Engine_MaterialFunctions02/Utility/BreakOutFloat3Components.uasset" 430
"../../../Engine/Content/Functions/Engine_MaterialFunctions02/Utility/BreakOutFloat3Components.uexp" 431
"../../../Engine/Content/Functions/Engine_MaterialFunctions02/UVs/BoundingBoxBased_0-1_UVW.uasset" 432
"../../../Engine/Content/Functions/Engine_MaterialFunctions02/UVs/BoundingBoxBased_0-1_UVW.uexp" 433
"../../../Engine/Content/Functions/Engine_MaterialFunctions02/Utility/VectorLength.uasset" 434
"../../../Engine/Content/Functions/Engine_MaterialFunctions02/Utility/VectorLength.uexp" 435
"../../../Engine/Plugins/Editor/SpeedTreeImporter/Content/SpeedTree9/UnpackInteger3.uasset" 436
"../../../Engine/Plugins/Editor/SpeedTreeImporter/Content/SpeedTree9/UnpackInteger3.uexp" 437
"../../../Engine/Plugins/Editor/SpeedTreeImporter/Content/SpeedTree9/SpeedTreeCameraFacing.uasset" 438
"../../../Engine/Plugins/Editor/SpeedTreeImporter/Content/SpeedTree9/SpeedTreeCameraFacing.uexp" 439
"../../../Engine/Content/Functions/Engine_MaterialFunctions02/WorldPositionOffset/ObjectScale.uasset" 440
"../../../Engine/Content/Functions/Engine_MaterialFunctions02/WorldPositionOffset/ObjectScale.uexp" 441
"../../../Engine/Content/Functions/Engine_MaterialFunctions02/SafeNormalize.uasset" 442
"../../../Engine/Content/Functions/Engine_MaterialFunctions02/SafeNormalize.uexp" 443
"../../../Engine/Plugins/Editor/SpeedTreeImporter/Content/SpeedTree9/SpeedTreeWindMotion.uasset" 444
"../../../Engine/Plugins/Editor/SpeedTreeImporter/Content/SpeedTree9/SpeedTreeWindMotion.uexp" 445
"../../../Engine/Plugins/Editor/SpeedTreeImporter/Content/SpeedTree9/SpeedTreeBranchMotion.uasset" 446
"../../../Engine/Plugins/Editor/SpeedTreeImporter/Content/SpeedTree9/SpeedTreeBranchMotion.uexp" 447
"../../../Engine/Plugins/Editor/SpeedTreeImporter/Content/SpeedTree9/SpeedTreeWind.uasset" 448
"../../../Engine/Plugins/Editor/SpeedTreeImporter/Content/SpeedTree9/SpeedTreeWind.uexp" 449
"../../../Engine/Plugins/Editor/SpeedTreeImporter/Content/SpeedTree9/EmptyNormal.uasset" 450
"../../../Engine/Plugins/Editor/SpeedTreeImporter/Content/SpeedTree9/EmptyNormal.uexp" 451
"../../../Engine/Plugins/Editor/SpeedTreeImporter/Content/SpeedTree9/Empty.uasset" 452
"../../../Engine/Plugins/Editor/SpeedTreeImporter/Content/SpeedTree9/Empty.uexp" 453
"../../../Engine/Plugins/Editor/SpeedTreeImporter/Content/SpeedTree9/SpeedTreeMaster.uasset" 454
"../../../Engine/Plugins/Editor/SpeedTreeImporter/Content/SpeedTree9/SpeedTreeMaster.uexp" 455
"../../../Engine/Plugins/Editor/SpeedTreeImporter/Content/SpeedTree9/SpeedTreeBillboard.uasset" 456
"../../../Engine/Plugins/Editor/SpeedTreeImporter/Content/SpeedTree9/SpeedTreeBillboard.uexp" 457
"../../../Engine/Plugins/Editor/SpeedTreeImporter/Content/SpeedTree9/SpeedTreeBillboardMaster.uasset" 458
"../../../Engine/Plugins/Editor/SpeedTreeImporter/Content/SpeedTree9/SpeedTreeBillboardMaster.uexp" 459
"../../../Engine/Plugins/Animation/ControlRig/Content/Controls/ControlRigXRayMaterial.uasset" 460
"../../../Engine/Plugins/Animation/ControlRig/Content/Controls/ControlRigXRayMaterial.uexp" 461
"../../../Engine/Plugins/Animation/ControlRig/Content/Controls/ControlRigGizmoMaterial.uasset" 462
"../../../Engine/Plugins/Animation/ControlRig/Content/Controls/ControlRigGizmoMaterial.uexp" 463
"../../../Engine/Content/EngineMaterials/RemoveSurfaceMaterial.uasset" 464
"../../../Engine/Content/EngineMaterials/RemoveSurfaceMaterial.uexp" 465
"../../../Engine/Content/EngineMaterials/DefaultCalibrationGrayscale.uasset" 466
"../../../Engine/Content/EngineMaterials/DefaultCalibrationGrayscale.uexp" 467
"../../../Engine/Content/EngineMaterials/PPM_DefaultCalibrationGrayscale.uasset" 468
"../../../Engine/Content/EngineMaterials/PPM_DefaultCalibrationGrayscale.uexp" 469
"../../../Engine/Content/EngineMaterials/DefaultCalibrationColor.uasset" 470
"../../../Engine/Content/EngineMaterials/DefaultCalibrationColor.uexp" 471
"../../../Engine/Content/EngineMaterials/PPM_DefaultCalibrationColor.uasset" 472
"../../../Engine/Content/EngineMaterials/PPM_DefaultCalibrationColor.uexp" 473
"../../../Engine/Content/EngineMaterials/PhAT_JointLimitMaterial.uasset" 474
"../../../Engine/Content/EngineMaterials/PhAT_JointLimitMaterial.uexp" 475
"../../../Engine/Content/EngineMaterials/NaniteHiddenSectionMaterial.uasset" 476
"../../../Engine/Content/EngineMaterials/NaniteHiddenSectionMaterial.uexp" 477
"../../../Engine/Content/EngineMaterials/InvalidLightmapSettings.ubulk" 478
"../../../Engine/Content/EngineMaterials/InvalidLightmapSettings.uasset" 479
"../../../Engine/Content/EngineMaterials/InvalidLightmapSettings.uexp" 480
"../../../Engine/Content/EngineMaterials/M_InvalidLightmapSettings.uasset" 481
"../../../Engine/Content/EngineMaterials/M_InvalidLightmapSettings.uexp" 482
"../../../Engine/Content/EngineMaterials/GizmoMaterial.uasset" 483
"../../../Engine/Content/EngineMaterials/GizmoMaterial.uexp" 484
"../../../Engine/Content/EngineMaterials/BaseFlattenEmissiveMap_VT.ubulk" 485
"../../../Engine/Content/EngineMaterials/BaseFlattenEmissiveMap_VT.uasset" 486
"../../../Engine/Content/EngineMaterials/BaseFlattenEmissiveMap_VT.uexp" 487
"../../../Engine/Content/EngineMaterials/BaseFlattenGrayscaleMap_VT.ubulk" 488
"../../../Engine/Content/EngineMaterials/BaseFlattenGrayscaleMap_VT.uasset" 489
"../../../Engine/Content/EngineMaterials/BaseFlattenGrayscaleMap_VT.uexp" 490
"../../../Engine/Content/EngineMaterials/BaseFlattenLinearColor_VT.ubulk" 491
"../../../Engine/Content/EngineMaterials/BaseFlattenLinearColor_VT.uasset" 492
"../../../Engine/Content/EngineMaterials/BaseFlattenLinearColor_VT.uexp" 493
"../../../Engine/Content/EngineMaterials/Black_1x1_EXR_Texture_VT.ubulk" 494
"../../../Engine/Content/EngineMaterials/Black_1x1_EXR_Texture_VT.uasset" 495
"../../../Engine/Content/EngineMaterials/Black_1x1_EXR_Texture_VT.uexp" 496
"../../../Engine/Content/EngineMaterials/BaseFlattenDiffuseMap_VT.ubulk" 497
"../../../Engine/Content/EngineMaterials/BaseFlattenDiffuseMap_VT.uasset" 498
"../../../Engine/Content/EngineMaterials/BaseFlattenDiffuseMap_VT.uexp" 499
"../../../Engine/Content/EngineMaterials/BaseFlattenNormalMap_VT.ubulk" 500
"../../../Engine/Content/EngineMaterials/BaseFlattenNormalMap_VT.uasset" 501
"../../../Engine/Content/EngineMaterials/BaseFlattenNormalMap_VT.uexp" 502
"../../../Engine/Content/EngineMaterials/FlattenMaterial_WS_Normal_VT.uasset" 503
"../../../Engine/Content/EngineMaterials/FlattenMaterial_WS_Normal_VT.uexp" 504
"../../../Engine/Content/EngineMaterials/FlattenMaterial_VT.uasset" 505
"../../../Engine/Content/EngineMaterials/FlattenMaterial_VT.uexp" 506
"../../../Engine/Content/EngineMaterials/BaseFlattenNormalMap.uasset" 507
"../../../Engine/Content/EngineMaterials/BaseFlattenNormalMap.uexp" 508
"../../../Engine/Content/EngineMaterials/BaseFlattenGrayscaleMap.uasset" 509
"../../../Engine/Content/EngineMaterials/BaseFlattenGrayscaleMap.uexp" 510
"../../../Engine/Content/EngineMaterials/BaseFlattenDiffuseMap.uasset" 511
"../../../Engine/Content/EngineMaterials/BaseFlattenDiffuseMap.uexp" 512
"../../../Engine/Content/Functions/Engine_MaterialFunctions02/PivotPainter2/Black_1x1_EXR_Texture.uasset" 513
"../../../Engine/Content/Functions/Engine_MaterialFunctions02/PivotPainter2/Black_1x1_EXR_Texture.uexp" 514
"../../../Engine/Content/EngineMaterials/BaseFlattenEmissiveMap.uasset" 515
"../../../Engine/Content/EngineMaterials/BaseFlattenEmissiveMap.uexp" 516
"../../../Engine/Content/EngineMaterials/BaseFlattenLinearColor.uasset" 517
"../../../Engine/Content/EngineMaterials/BaseFlattenLinearColor.uexp" 518
"../../../Engine/Content/EngineMaterials/FlattenMaterial.uasset" 519
"../../../Engine/Content/EngineMaterials/FlattenMaterial.uexp" 520
"../../../Engine/Content/EngineMaterials/DefaultWhiteGrid_Low.uasset" 521
"../../../Engine/Content/EngineMaterials/DefaultWhiteGrid_Low.uexp" 522
"../../../Engine/Content/EngineMaterials/EmissiveMeshMaterial.uasset" 523
"../../../Engine/Content/EngineMaterials/EmissiveMeshMaterial.uexp" 524
"../../../Engine/Content/EngineFonts/RobotoDistanceField.uasset" 525
"../../../Engine/Content/EngineFonts/RobotoDistanceField.uexp" 526
"../../../Engine/Content/EngineMaterials/DefaultTextMaterialOpaque.uasset" 527
"../../../Engine/Content/EngineMaterials/DefaultTextMaterialOpaque.uexp" 528
"../../../Engine/Content/EngineMaterials/DefaultDiffuse.ubulk" 529
"../../../Engine/Content/EngineMaterials/DefaultDiffuse.uasset" 530
"../../../Engine/Content/EngineMaterials/DefaultDiffuse.uexp" 531
"../../../Engine/Content/Functions/Engine_MaterialFunctions02/Utility/BreakOutFloat2Components.uasset" 532
"../../../Engine/Content/Functions/Engine_MaterialFunctions02/Utility/BreakOutFloat2Components.uexp" 533
"../../../Engine/Content/EngineMaterials/DefaultPostProcessMaterial.uasset" 534
"../../../Engine/Content/EngineMaterials/DefaultPostProcessMaterial.uexp" 535
"../../../Engine/Content/EngineMaterials/DefaultLightFunctionMaterial.uasset" 536
"../../../Engine/Content/EngineMaterials/DefaultLightFunctionMaterial.uexp" 537
"../../../Engine/Content/EngineMaterials/DefaultDeferredDecalMaterial.uasset" 538
"../../../Engine/Content/EngineMaterials/DefaultDeferredDecalMaterial.uexp" 539
"../../../Engine/Content/Functions/Engine_MaterialFunctions02/Utility/CameraDirectionVector.uasset" 540
"../../../Engine/Content/Functions/Engine_MaterialFunctions02/Utility/CameraDirectionVector.uexp" 541
"../../../Engine/Content/EngineDebugMaterials/VolumeToRender.uasset" 542
"../../../Engine/Content/EngineDebugMaterials/VolumeToRender.uexp" 543
"../../../Engine/Content/EngineDebugMaterials/M_VolumeRenderSphereTracePP.uasset" 544
"../../../Engine/Content/EngineDebugMaterials/M_VolumeRenderSphereTracePP.uexp" 545
"../../../Engine/Content/EngineDebugMaterials/M_SimpleUnlitTranslucent.uasset" 546
"../../../Engine/Content/EngineDebugMaterials/M_SimpleUnlitTranslucent.uexp" 547
"../../../Engine/Content/EngineDebugMaterials/DebugMeshMaterial.uasset" 548
"../../../Engine/Content/EngineDebugMaterials/DebugMeshMaterial.uexp" 549
"../../../Engine/Content/EngineDebugMaterials/DebugEditorMaterial.uasset" 550
"../../../Engine/Content/EngineDebugMaterials/DebugEditorMaterial.uexp" 551
"../../../Engine/Content/EditorMaterials/PreviewShadowIndicator.ubulk" 552
"../../../Engine/Content/EditorMaterials/PreviewShadowIndicator.uasset" 553
"../../../Engine/Content/EditorMaterials/PreviewShadowIndicator.uexp" 554
"../../../Engine/Content/EditorMaterials/PreviewShadowIndicatorMaterial.uasset" 555
"../../../Engine/Content/EditorMaterials/PreviewShadowIndicatorMaterial.uexp" 556
"../../../Engine/Content/EditorMaterials/PhAT_UnselectedMaterial.uasset" 557
"../../../Engine/Content/EditorMaterials/PhAT_UnselectedMaterial.uexp" 558
"../../../Engine/Content/EditorMaterials/PhAT_NoCollisionMaterial.uasset" 559
"../../../Engine/Content/EditorMaterials/PhAT_NoCollisionMaterial.uexp" 560
"../../../Engine/Content/EditorMaterials/Dataflow/DataflowVertexMaterial.uasset" 561
"../../../Engine/Content/EditorMaterials/Dataflow/DataflowVertexMaterial.uexp" 562
"../../../Engine/Content/EditorMaterials/Dataflow/DataflowTwoSidedVertexMaterial.uasset" 563
"../../../Engine/Content/EditorMaterials/Dataflow/DataflowTwoSidedVertexMaterial.uexp" 564
"../../../Engine/Content/Functions/Engine_MaterialFunctions01/Shading/PowerToRoughness.uasset" 565
"../../../Engine/Content/Functions/Engine_MaterialFunctions01/Shading/PowerToRoughness.uexp" 566
"../../../Engine/Content/Functions/Engine_MaterialFunctions01/Shading/ConvertFromDiffSpec.uasset" 567
"../../../Engine/Content/Functions/Engine_MaterialFunctions01/Shading/ConvertFromDiffSpec.uexp" 568
"../../../Engine/Content/EngineMaterials/Substrate/Volume/SubstrateSimpleVolumeLUT3D.uasset" 569
"../../../Engine/Content/EngineMaterials/Substrate/Volume/SubstrateSimpleVolumeLUT3D.uexp" 570
"../../../Engine/Content/EngineMaterials/Substrate/Volume/SubstrateSimpleVolumeEnvLUT3D.uasset" 571
"../../../Engine/Content/EngineMaterials/Substrate/Volume/SubstrateSimpleVolumeEnvLUT3D.uexp" 572
"../../../Engine/Content/EditorResources/S_Terrain.ubulk" 573
"../../../Engine/Content/EditorResources/S_Terrain.uasset" 574
"../../../Engine/Content/EditorResources/S_Terrain.uexp" 575
"../../../Engine/Content/Functions/Engine_MaterialFunctions02/WorldPositionOffset/V2/ObjectScale.uasset" 576
"../../../Engine/Content/Functions/Engine_MaterialFunctions02/WorldPositionOffset/V2/ObjectScale.uexp" 577
"../../../Engine/Content/Functions/Engine_MaterialFunctions02/WorldPositionOffset/ComponentPivotLocation.uasset" 578
"../../../Engine/Content/Functions/Engine_MaterialFunctions02/WorldPositionOffset/ComponentPivotLocation.uexp" 579
"../../../Engine/Content/Functions/Engine_MaterialFunctions02/WorldPositionOffset/Sprite.uasset" 580
"../../../Engine/Content/Functions/Engine_MaterialFunctions02/WorldPositionOffset/Sprite.uexp" 581
"../../../Engine/Plugins/Experimental/Landmass/Content/Landscape/BlueprintBrushes/Materials/Sprite/M_BrushSprite_01.uasset" 582
"../../../Engine/Plugins/Experimental/Landmass/Content/Landscape/BlueprintBrushes/Materials/Sprite/M_BrushSprite_01.uexp" 583
"../../../Engine/Plugins/Experimental/Landmass/Content/Landscape/BlueprintBrushes/MPC/MPC_Landscape.uasset" 584
"../../../Engine/Plugins/Experimental/Landmass/Content/Landscape/BlueprintBrushes/MPC/MPC_Landscape.uexp" 585
"../../../Engine/Plugins/Experimental/Landmass/Content/Landscape/BlueprintBrushes/MF/LandmassBrush_UVs.uasset" 586
"../../../Engine/Plugins/Experimental/Landmass/Content/Landscape/BlueprintBrushes/MF/LandmassBrush_UVs.uexp" 587
"../../../Engine/Plugins/Experimental/Landmass/Content/Landscape/BlueprintBrushes/MF/LandmassBrush_EdgeFalloff.uasset" 588
"../../../Engine/Plugins/Experimental/Landmass/Content/Landscape/BlueprintBrushes/MF/LandmassBrush_EdgeFalloff.uexp" 589
"../../../Engine/Content/EngineMaterials/BlendFunc_DefBlend.uasset" 590
"../../../Engine/Content/EngineMaterials/BlendFunc_DefBlend.uexp" 591
"../../../Engine/Plugins/Experimental/Landmass/Content/Landscape/BlueprintBrushes/MF/PointSampleLandscapeUVs.uasset" 592
"../../../Engine/Plugins/Experimental/Landmass/Content/Landscape/BlueprintBrushes/MF/PointSampleLandscapeUVs.uexp" 593
"../../../Engine/Content/EngineMaterials/BlendFunc_DefBase.uasset" 594
"../../../Engine/Content/EngineMaterials/BlendFunc_DefBase.uexp" 595
"../../../Engine/Content/Functions/Engine_MaterialFunctions03/Blends/Blend_Screen.uasset" 596
"../../../Engine/Content/Functions/Engine_MaterialFunctions03/Blends/Blend_Screen.uexp" 597
"../../../Engine/Content/Functions/Engine_MaterialFunctions03/Procedurals/ComputeFilterWidth.uasset" 598
"../../../Engine/Content/Functions/Engine_MaterialFunctions03/Procedurals/ComputeFilterWidth.uexp" 599
"../../../Engine/Content/EditorMaterials/TilingAALineIntegral.uasset" 600
"../../../Engine/Content/EditorMaterials/TilingAALineIntegral.uexp" 601
"../../../Engine/Content/EditorMaterials/TilingAALineBoxFiltered.uasset" 602
"../../../Engine/Content/EditorMaterials/TilingAALineBoxFiltered.uexp" 603
"../../../Engine/Content/EditorMaterials/TilingAAGrid.uasset" 604
"../../../Engine/Content/EditorMaterials/TilingAAGrid.uexp" 605
"../../../Engine/Plugins/Experimental/Landmass/Content/Landscape/OldPrototype_BP/Mats/MF/UnpackRG8Height.uasset" 606
"../../../Engine/Plugins/Experimental/Landmass/Content/Landscape/OldPrototype_BP/Mats/MF/UnpackRG8Height.uexp" 607
"../../../Engine/Plugins/Experimental/Landmass/Content/Landscape/BlueprintBrushes/MF/Landmass_BrushTilt.uasset" 608
"../../../Engine/Plugins/Experimental/Landmass/Content/Landscape/BlueprintBrushes/MF/Landmass_BrushTilt.uexp" 609
"../../../Engine/Content/ArtTools/RenderToTexture/Textures/T_EV_BlankWhite_01.uasset" 610
"../../../Engine/Content/ArtTools/RenderToTexture/Textures/T_EV_BlankWhite_01.uexp" 611
"../../../Engine/Content/Functions/Engine_MaterialFunctions01/ImageAdjustment/SCurve.uasset" 612
"../../../Engine/Content/Functions/Engine_MaterialFunctions01/ImageAdjustment/SCurve.uexp" 613
"../../../Engine/Content/EngineResources/Black_Low.uasset" 614
"../../../Engine/Content/EngineResources/Black_Low.uexp" 615
"../../../Engine/Plugins/Experimental/Landmass/Content/Landscape/BlueprintBrushes/MF/LandmassBrush_Noise.uasset" 616
"../../../Engine/Plugins/Experimental/Landmass/Content/Landscape/BlueprintBrushes/MF/LandmassBrush_Noise.uexp" 617
"../../../Engine/Plugins/Experimental/Landmass/Content/Landscape/BlueprintBrushes/Materials/BrushMaterials/BasicFunctions/LandmassBrush_ShapeMask.uasset" 618
"../../../Engine/Plugins/Experimental/Landmass/Content/Landscape/BlueprintBrushes/Materials/BrushMaterials/BasicFunctions/LandmassBrush_ShapeMask.uexp" 619
"../../../Engine/Plugins/Experimental/Landmass/Content/Landscape/BlueprintBrushes/Materials/Internal/BrushBounds.uasset" 620
"../../../Engine/Plugins/Experimental/Landmass/Content/Landscape/BlueprintBrushes/Materials/Internal/BrushBounds.uexp" 621
"../../../Engine/Content/EngineMeshes/Sphere.ubulk" 622
"../../../Engine/Content/EngineMeshes/Sphere.uasset" 623
"../../../Engine/Content/EngineMeshes/Sphere.uexp" 624
"../../../Engine/Plugins/NNE/NNEDenoiser/Content/NNEDTOM_Output_Default.uasset" 625
"../../../Engine/Plugins/NNE/NNEDenoiser/Content/NNEDTOM_Output_Default.uexp" 626
"../../../Engine/Plugins/NNE/NNEDenoiser/Content/NNEDTOM_Output_Alpha.uasset" 627
"../../../Engine/Plugins/NNE/NNEDenoiser/Content/NNEDTOM_Output_Alpha.uexp" 628
"../../../Engine/Plugins/NNE/NNEDenoiser/Content/NNEDTIM_ColorAlbedoNormal_Default.uasset" 629
"../../../Engine/Plugins/NNE/NNEDenoiser/Content/NNEDTIM_ColorAlbedoNormal_Default.uexp" 630
"../../../Engine/Plugins/NNE/NNEDenoiser/Content/NNEDTIM_ColorAlbedoNormal_Alpha.uasset" 631
"../../../Engine/Plugins/NNE/NNEDenoiser/Content/NNEDTIM_ColorAlbedoNormal_Alpha.uexp" 632
"../../../Engine/Plugins/NNE/NNEDenoiser/Content/NNEDOM_Output_Default.uasset" 633
"../../../Engine/Plugins/NNE/NNEDenoiser/Content/NNEDOM_Output_Default.uexp" 634
"../../../Engine/Plugins/NNE/NNEDenoiser/Content/NNEDOM_Output_Alpha.uasset" 635
"../../../Engine/Plugins/NNE/NNEDenoiser/Content/NNEDOM_Output_Alpha.uexp" 636
"../../../Engine/Plugins/NNE/NNEDenoiser/Content/NNEDIM_HighQuality_Default.uasset" 637
"../../../Engine/Plugins/NNE/NNEDenoiser/Content/NNEDIM_HighQuality_Default.uexp" 638
"../../../Engine/Plugins/NNE/NNEDenoiser/Content/NNEDIM_HighQuality_Alpha.uasset" 639
"../../../Engine/Plugins/NNE/NNEDenoiser/Content/NNEDIM_HighQuality_Alpha.uexp" 640
"../../../Engine/Plugins/NNE/NNEDenoiser/Content/NNEDIM_ColorAlbedoNormal_Default.uasset" 641
"../../../Engine/Plugins/NNE/NNEDenoiser/Content/NNEDIM_ColorAlbedoNormal_Default.uexp" 642
"../../../Engine/Plugins/NNE/NNEDenoiser/Content/NNEDIM_ColorAlbedoNormal_Alpha.uasset" 643
"../../../Engine/Plugins/NNE/NNEDenoiser/Content/NNEDIM_ColorAlbedoNormal_Alpha.uexp" 644
"../../../Engine/Content/EngineMaterials/T_Default_Material_Grid_M.ubulk" 645
"../../../Engine/Content/EngineMaterials/T_Default_Material_Grid_M.uasset" 646
"../../../Engine/Content/EngineMaterials/T_Default_Material_Grid_M.uexp" 647
"../../../Engine/Content/EngineMaterials/T_Default_Material_Grid_N.ubulk" 648
"../../../Engine/Content/EngineMaterials/T_Default_Material_Grid_N.uasset" 649
"../../../Engine/Content/EngineMaterials/T_Default_Material_Grid_N.uexp" 650
"../../../Engine/Content/Functions/Engine_MaterialFunctions01/Opacity/CameraDepthFade.uasset" 651
"../../../Engine/Content/Functions/Engine_MaterialFunctions01/Opacity/CameraDepthFade.uexp" 652
"../../../Engine/Content/EngineMaterials/WorldGridMaterial.uasset" 653
"../../../Engine/Content/EngineMaterials/WorldGridMaterial.uexp" 654
"../../../Engine/Plugins/Media/MediaPlate/Content/SM_MediaPlateScreen.ubulk" 655
"../../../Engine/Plugins/Media/MediaPlate/Content/SM_MediaPlateScreen.uasset" 656
"../../../Engine/Plugins/Media/MediaPlate/Content/SM_MediaPlateScreen.uexp" 657
"../../../Engine/Plugins/2D/Paper2D/Content/DefaultSpriteMaterial.uasset" 658
"../../../Engine/Plugins/2D/Paper2D/Content/DefaultSpriteMaterial.uexp" 659
"../../../Engine/Plugins/2D/Paper2D/Content/OpaqueUnlitSpriteMaterial.uasset" 660
"../../../Engine/Plugins/2D/Paper2D/Content/OpaqueUnlitSpriteMaterial.uexp" 661
"../../../Engine/Plugins/2D/Paper2D/Content/MaskedUnlitSpriteMaterial.uasset" 662
"../../../Engine/Plugins/2D/Paper2D/Content/MaskedUnlitSpriteMaterial.uexp" 663
"../../../Engine/Content/Functions/Engine_MaterialFunctions02/Texturing/CustomRotator.uasset" 664
"../../../Engine/Content/Functions/Engine_MaterialFunctions02/Texturing/CustomRotator.uexp" 665
"../../../Engine/Content/Functions/Engine_MaterialFunctions01/Texturing/ScaleUVsByCenter.uasset" 666
"../../../Engine/Content/Functions/Engine_MaterialFunctions01/Texturing/ScaleUVsByCenter.uexp" 667
"../../../Engine/Plugins/Runtime/AudioWidgets/Content/AudioMaterialSlate/Functions/MF_SingleLine_Smooth.uasset" 668
"../../../Engine/Plugins/Runtime/AudioWidgets/Content/AudioMaterialSlate/Functions/MF_SingleLine_Smooth.uexp" 669
"../../../Engine/Plugins/Runtime/AudioWidgets/Content/AudioMaterialSlate/Functions/MF_AngleGradient.uasset" 670
"../../../Engine/Plugins/Runtime/AudioWidgets/Content/AudioMaterialSlate/Functions/MF_AngleGradient.uexp" 671
"../../../Engine/Plugins/Runtime/AudioWidgets/Content/AudioMaterialSlate/Functions/MF_SingleLine.uasset" 672
"../../../Engine/Plugins/Runtime/AudioWidgets/Content/AudioMaterialSlate/Functions/MF_SingleLine.uexp" 673
"../../../Engine/Content/Functions/Engine_MaterialFunctions01/Gradient/SphereGradient-2D.uasset" 674
"../../../Engine/Content/Functions/Engine_MaterialFunctions01/Gradient/SphereGradient-2D.uexp" 675
"../../../Engine/Plugins/Runtime/AudioWidgets/Content/AudioMaterialSlate/M_AudioMaterialToggleButton.uasset" 676
"../../../Engine/Plugins/Runtime/AudioWidgets/Content/AudioMaterialSlate/M_AudioMaterialToggleButton.uexp" 677
"../../../Engine/Plugins/Runtime/AudioWidgets/Content/AudioMaterialSlate/MI_AudioMaterialToggleButton.uasset" 678
"../../../Engine/Plugins/Runtime/AudioWidgets/Content/AudioMaterialSlate/MI_AudioMaterialToggleButton.uexp" 679
"../../../Engine/Content/Functions/Engine_MaterialFunctions01/Gradient/GeneratedRoundRect.uasset" 680
"../../../Engine/Content/Functions/Engine_MaterialFunctions01/Gradient/GeneratedRoundRect.uexp" 681
"../../../Engine/Plugins/Runtime/AudioWidgets/Content/AudioMaterialSlate/M_AudioMaterialRoundedSlider.uasset" 682
"../../../Engine/Plugins/Runtime/AudioWidgets/Content/AudioMaterialSlate/M_AudioMaterialRoundedSlider.uexp" 683
"../../../Engine/Plugins/Runtime/AudioWidgets/Content/AudioMaterialSlate/MI_AudioMaterialRoundedSlider.uasset" 684
"../../../Engine/Plugins/Runtime/AudioWidgets/Content/AudioMaterialSlate/MI_AudioMaterialRoundedSlider.uexp" 685
"../../../Engine/Plugins/Runtime/AudioWidgets/Content/AudioMaterialSlate/Functions/MF_Lines.uasset" 686
"../../../Engine/Plugins/Runtime/AudioWidgets/Content/AudioMaterialSlate/Functions/MF_Lines.uexp" 687
"../../../Engine/Content/Functions/Engine_MaterialFunctions02/Lerp_3Color.uasset" 688
"../../../Engine/Content/Functions/Engine_MaterialFunctions02/Lerp_3Color.uexp" 689
"../../../Engine/Plugins/Runtime/AudioWidgets/Content/AudioMaterialSlate/M_AudioMaterialMeter.uasset" 690
"../../../Engine/Plugins/Runtime/AudioWidgets/Content/AudioMaterialSlate/M_AudioMaterialMeter.uexp" 691
"../../../Engine/Plugins/Runtime/AudioWidgets/Content/AudioMaterialSlate/MI_AudioMaterialMeter.uasset" 692
"../../../Engine/Plugins/Runtime/AudioWidgets/Content/AudioMaterialSlate/MI_AudioMaterialMeter.uexp" 693
"../../../Engine/Plugins/Runtime/AudioWidgets/Content/AudioMaterialSlate/M_AudioMaterialKnob.uasset" 694
"../../../Engine/Plugins/Runtime/AudioWidgets/Content/AudioMaterialSlate/M_AudioMaterialKnob.uexp" 695
"../../../Engine/Plugins/Runtime/AudioWidgets/Content/AudioMaterialSlate/MI_AudioMaterialKnob.uasset" 696
"../../../Engine/Plugins/Runtime/AudioWidgets/Content/AudioMaterialSlate/MI_AudioMaterialKnob.uexp" 697
"../../../Engine/Plugins/Runtime/AudioWidgets/Content/AudioMaterialSlate/Functions/MF_DotOutlined.uasset" 698
"../../../Engine/Plugins/Runtime/AudioWidgets/Content/AudioMaterialSlate/Functions/MF_DotOutlined.uexp" 699
"../../../Engine/Plugins/Runtime/AudioWidgets/Content/AudioMaterialSlate/M_AudioMaterialEnvelope_ADSR.uasset" 700
"../../../Engine/Plugins/Runtime/AudioWidgets/Content/AudioMaterialSlate/M_AudioMaterialEnvelope_ADSR.uexp" 701
"../../../Engine/Plugins/Runtime/AudioWidgets/Content/AudioMaterialSlate/MI_AudioMaterialEnvelope_ADSR.uasset" 702
"../../../Engine/Plugins/Runtime/AudioWidgets/Content/AudioMaterialSlate/MI_AudioMaterialEnvelope_ADSR.uexp" 703
"../../../Engine/Plugins/Animation/ControlRig/Content/Controls/ControlRig_Wedge_solid.ubulk" 704
"../../../Engine/Plugins/Animation/ControlRig/Content/Controls/ControlRig_Wedge_solid.uasset" 705
"../../../Engine/Plugins/Animation/ControlRig/Content/Controls/ControlRig_Wedge_solid.uexp" 706
"../../../Engine/Plugins/Animation/ControlRig/Content/Controls/ControlRig_Wedge_3mm.ubulk" 707
"../../../Engine/Plugins/Animation/ControlRig/Content/Controls/ControlRig_Wedge_3mm.uasset" 708
"../../../Engine/Plugins/Animation/ControlRig/Content/Controls/ControlRig_Wedge_3mm.uexp" 709
"../../../Engine/Plugins/Animation/ControlRig/Content/Controls/ControlRig_Wedge_1mm.ubulk" 710
"../../../Engine/Plugins/Animation/ControlRig/Content/Controls/ControlRig_Wedge_1mm.uasset" 711
"../../../Engine/Plugins/Animation/ControlRig/Content/Controls/ControlRig_Wedge_1mm.uexp" 712
"../../../Engine/Plugins/Animation/ControlRig/Content/Controls/ControlRig_Triangle_solid.ubulk" 713
"../../../Engine/Plugins/Animation/ControlRig/Content/Controls/ControlRig_Triangle_solid.uasset" 714
"../../../Engine/Plugins/Animation/ControlRig/Content/Controls/ControlRig_Triangle_solid.uexp" 715
"../../../Engine/Plugins/Animation/ControlRig/Content/Controls/ControlRig_Triangle_3mm.ubulk" 716
"../../../Engine/Plugins/Animation/ControlRig/Content/Controls/ControlRig_Triangle_3mm.uasset" 717
"../../../Engine/Plugins/Animation/ControlRig/Content/Controls/ControlRig_Triangle_3mm.uexp" 718
"../../../Engine/Plugins/Animation/ControlRig/Content/Controls/ControlRig_Triangle_1mm.ubulk" 719
"../../../Engine/Plugins/Animation/ControlRig/Content/Controls/ControlRig_Triangle_1mm.uasset" 720
"../../../Engine/Plugins/Animation/ControlRig/Content/Controls/ControlRig_Triangle_1mm.uexp" 721
"../../../Engine/Plugins/Animation/ControlRig/Content/Controls/ControlRig_Star4_solid.ubulk" 722
"../../../Engine/Plugins/Animation/ControlRig/Content/Controls/ControlRig_Star4_solid.uasset" 723
"../../../Engine/Plugins/Animation/ControlRig/Content/Controls/ControlRig_Star4_solid.uexp" 724
"../../../Engine/Plugins/Animation/ControlRig/Content/Controls/ControlRig_Star4_3mm.ubulk" 725
"../../../Engine/Plugins/Animation/ControlRig/Content/Controls/ControlRig_Star4_3mm.uasset" 726
"../../../Engine/Plugins/Animation/ControlRig/Content/Controls/ControlRig_Star4_3mm.uexp" 727
"../../../Engine/Plugins/Animation/ControlRig/Content/Controls/ControlRig_Star4_1mm.ubulk" 728
"../../../Engine/Plugins/Animation/ControlRig/Content/Controls/ControlRig_Star4_1mm.uasset" 729
"../../../Engine/Plugins/Animation/ControlRig/Content/Controls/ControlRig_Star4_1mm.uexp" 730
"../../../Engine/Plugins/Animation/ControlRig/Content/Controls/ControlRig_Square_solid.ubulk" 731
"../../../Engine/Plugins/Animation/ControlRig/Content/Controls/ControlRig_Square_solid.uasset" 732
"../../../Engine/Plugins/Animation/ControlRig/Content/Controls/ControlRig_Square_solid.uexp" 733
"../../../Engine/Plugins/Animation/ControlRig/Content/Controls/ControlRig_Square_3mm.ubulk" 734
"../../../Engine/Plugins/Animation/ControlRig/Content/Controls/ControlRig_Square_3mm.uasset" 735
"../../../Engine/Plugins/Animation/ControlRig/Content/Controls/ControlRig_Square_3mm.uexp" 736
"../../../Engine/Plugins/Animation/ControlRig/Content/Controls/ControlRig_Square_1mm.ubulk" 737
"../../../Engine/Plugins/Animation/ControlRig/Content/Controls/ControlRig_Square_1mm.uasset" 738
"../../../Engine/Plugins/Animation/ControlRig/Content/Controls/ControlRig_Square_1mm.uexp" 739
"../../../Engine/Plugins/Animation/ControlRig/Content/Controls/ControlRig_Sphere_solid.ubulk" 740
"../../../Engine/Plugins/Animation/ControlRig/Content/Controls/ControlRig_Sphere_solid.uasset" 741
"../../../Engine/Plugins/Animation/ControlRig/Content/Controls/ControlRig_Sphere_solid.uexp" 742
"../../../Engine/Plugins/Animation/ControlRig/Content/Controls/ControlRig_Sphere_3mm.ubulk" 743
"../../../Engine/Plugins/Animation/ControlRig/Content/Controls/ControlRig_Sphere_3mm.uasset" 744
"../../../Engine/Plugins/Animation/ControlRig/Content/Controls/ControlRig_Sphere_3mm.uexp" 745
"../../../Engine/Plugins/Animation/ControlRig/Content/Controls/ControlRig_Sphere_1mm.ubulk" 746
"../../../Engine/Plugins/Animation/ControlRig/Content/Controls/ControlRig_Sphere_1mm.uasset" 747
"../../../Engine/Plugins/Animation/ControlRig/Content/Controls/ControlRig_Sphere_1mm.uexp" 748
"../../../Engine/Plugins/Animation/ControlRig/Content/Controls/ControlRig_RoundedTriangle_solid.ubulk" 749
"../../../Engine/Plugins/Animation/ControlRig/Content/Controls/ControlRig_RoundedTriangle_solid.uasset" 750
"../../../Engine/Plugins/Animation/ControlRig/Content/Controls/ControlRig_RoundedTriangle_solid.uexp" 751
"../../../Engine/Plugins/Animation/ControlRig/Content/Controls/ControlRig_RoundedTriangle_3mm.ubulk" 752
"../../../Engine/Plugins/Animation/ControlRig/Content/Controls/ControlRig_RoundedTriangle_3mm.uasset" 753
"../../../Engine/Plugins/Animation/ControlRig/Content/Controls/ControlRig_RoundedTriangle_3mm.uexp" 754
"../../../Engine/Plugins/Animation/ControlRig/Content/Controls/ControlRig_RoundedTriangle_1mm.ubulk" 755
"../../../Engine/Plugins/Animation/ControlRig/Content/Controls/ControlRig_RoundedTriangle_1mm.uasset" 756
"../../../Engine/Plugins/Animation/ControlRig/Content/Controls/ControlRig_RoundedTriangle_1mm.uexp" 757
"../../../Engine/Plugins/Animation/ControlRig/Content/Controls/ControlRig_RoundedSquare_solid.ubulk" 758
"../../../Engine/Plugins/Animation/ControlRig/Content/Controls/ControlRig_RoundedSquare_solid.uasset" 759
"../../../Engine/Plugins/Animation/ControlRig/Content/Controls/ControlRig_RoundedSquare_solid.uexp" 760
"../../../Engine/Plugins/Animation/ControlRig/Content/Controls/ControlRig_RoundedSquare_3mm.ubulk" 761
"../../../Engine/Plugins/Animation/ControlRig/Content/Controls/ControlRig_RoundedSquare_3mm.uasset" 762
"../../../Engine/Plugins/Animation/ControlRig/Content/Controls/ControlRig_RoundedSquare_3mm.uexp" 763
"../../../Engine/Plugins/Animation/ControlRig/Content/Controls/ControlRig_RoundedSquare_1mm.ubulk" 764
"../../../Engine/Plugins/Animation/ControlRig/Content/Controls/ControlRig_RoundedSquare_1mm.uasset" 765
"../../../Engine/Plugins/Animation/ControlRig/Content/Controls/ControlRig_RoundedSquare_1mm.uexp" 766
"../../../Engine/Plugins/Animation/ControlRig/Content/Controls/ControlRig_QuarterCircle_solid.ubulk" 767
"../../../Engine/Plugins/Animation/ControlRig/Content/Controls/ControlRig_QuarterCircle_solid.uasset" 768
"../../../Engine/Plugins/Animation/ControlRig/Content/Controls/ControlRig_QuarterCircle_solid.uexp" 769
"../../../Engine/Plugins/Animation/ControlRig/Content/Controls/ControlRig_QuarterCircle_3mm.ubulk" 770
"../../../Engine/Plugins/Animation/ControlRig/Content/Controls/ControlRig_QuarterCircle_3mm.uasset" 771
"../../../Engine/Plugins/Animation/ControlRig/Content/Controls/ControlRig_QuarterCircle_3mm.uexp" 772
"../../../Engine/Plugins/Animation/ControlRig/Content/Controls/ControlRig_QuarterCircle_1mm.ubulk" 773
"../../../Engine/Plugins/Animation/ControlRig/Content/Controls/ControlRig_QuarterCircle_1mm.uasset" 774
"../../../Engine/Plugins/Animation/ControlRig/Content/Controls/ControlRig_QuarterCircle_1mm.uexp" 775
"../../../Engine/Plugins/Animation/ControlRig/Content/Controls/ControlRig_Pyramid_solid.ubulk" 776
"../../../Engine/Plugins/Animation/ControlRig/Content/Controls/ControlRig_Pyramid_solid.uasset" 777
"../../../Engine/Plugins/Animation/ControlRig/Content/Controls/ControlRig_Pyramid_solid.uexp" 778
"../../../Engine/Plugins/Animation/ControlRig/Content/Controls/ControlRig_Pyramid_3mm.ubulk" 779
"../../../Engine/Plugins/Animation/ControlRig/Content/Controls/ControlRig_Pyramid_3mm.uasset" 780
"../../../Engine/Plugins/Animation/ControlRig/Content/Controls/ControlRig_Pyramid_3mm.uexp" 781
"../../../Engine/Plugins/Animation/ControlRig/Content/Controls/ControlRig_Pyramid_1mm.ubulk" 782
"../../../Engine/Plugins/Animation/ControlRig/Content/Controls/ControlRig_Pyramid_1mm.uasset" 783
"../../../Engine/Plugins/Animation/ControlRig/Content/Controls/ControlRig_Pyramid_1mm.uexp" 784
"../../../Engine/Plugins/Animation/ControlRig/Content/Controls/ControlRig_Octagon_solid.ubulk" 785
"../../../Engine/Plugins/Animation/ControlRig/Content/Controls/ControlRig_Octagon_solid.uasset" 786
"../../../Engine/Plugins/Animation/ControlRig/Content/Controls/ControlRig_Octagon_solid.uexp" 787
"../../../Engine/Plugins/Animation/ControlRig/Content/Controls/ControlRig_Octagon_3mm.ubulk" 788
"../../../Engine/Plugins/Animation/ControlRig/Content/Controls/ControlRig_Octagon_3mm.uasset" 789
"../../../Engine/Plugins/Animation/ControlRig/Content/Controls/ControlRig_Octagon_3mm.uexp" 790
"../../../Engine/Plugins/Animation/ControlRig/Content/Controls/ControlRig_Octagon_1mm.ubulk" 791
"../../../Engine/Plugins/Animation/ControlRig/Content/Controls/ControlRig_Octagon_1mm.uasset" 792
"../../../Engine/Plugins/Animation/ControlRig/Content/Controls/ControlRig_Octagon_1mm.uexp" 793
"../../../Engine/Plugins/Animation/ControlRig/Content/Controls/ControlRig_Hexagon_solid.ubulk" 794
"../../../Engine/Plugins/Animation/ControlRig/Content/Controls/ControlRig_Hexagon_solid.uasset" 795
"../../../Engine/Plugins/Animation/ControlRig/Content/Controls/ControlRig_Hexagon_solid.uexp" 796
"../../../Engine/Plugins/Animation/ControlRig/Content/Controls/ControlRig_Hexagon_3mm.ubulk" 797
"../../../Engine/Plugins/Animation/ControlRig/Content/Controls/ControlRig_Hexagon_3mm.uasset" 798
"../../../Engine/Plugins/Animation/ControlRig/Content/Controls/ControlRig_Hexagon_3mm.uexp" 799
"../../../Engine/Plugins/Animation/ControlRig/Content/Controls/ControlRig_Hexagon_1mm.ubulk" 800
"../../../Engine/Plugins/Animation/ControlRig/Content/Controls/ControlRig_Hexagon_1mm.uasset" 801
"../../../Engine/Plugins/Animation/ControlRig/Content/Controls/ControlRig_Hexagon_1mm.uexp" 802
"../../../Engine/Plugins/Animation/ControlRig/Content/Controls/ControlRig_HalfCircle_solid.ubulk" 803
"../../../Engine/Plugins/Animation/ControlRig/Content/Controls/ControlRig_HalfCircle_solid.uasset" 804
"../../../Engine/Plugins/Animation/ControlRig/Content/Controls/ControlRig_HalfCircle_solid.uexp" 805
"../../../Engine/Plugins/Animation/ControlRig/Content/Controls/ControlRig_HalfCircle_3mm.ubulk" 806
"../../../Engine/Plugins/Animation/ControlRig/Content/Controls/ControlRig_HalfCircle_3mm.uasset" 807
"../../../Engine/Plugins/Animation/ControlRig/Content/Controls/ControlRig_HalfCircle_3mm.uexp" 808
"../../../Engine/Plugins/Animation/ControlRig/Content/Controls/ControlRig_HalfCircle_1mm.ubulk" 809
"../../../Engine/Plugins/Animation/ControlRig/Content/Controls/ControlRig_HalfCircle_1mm.uasset" 810
"../../../Engine/Plugins/Animation/ControlRig/Content/Controls/ControlRig_HalfCircle_1mm.uexp" 811
"../../../Engine/Plugins/Animation/ControlRig/Content/Controls/ControlRig_Diamond_solid.ubulk" 812
"../../../Engine/Plugins/Animation/ControlRig/Content/Controls/ControlRig_Diamond_solid.uasset" 813
"../../../Engine/Plugins/Animation/ControlRig/Content/Controls/ControlRig_Diamond_solid.uexp" 814
"../../../Engine/Plugins/Animation/ControlRig/Content/Controls/ControlRig_Diamond_3mm.ubulk" 815
"../../../Engine/Plugins/Animation/ControlRig/Content/Controls/ControlRig_Diamond_3mm.uasset" 816
"../../../Engine/Plugins/Animation/ControlRig/Content/Controls/ControlRig_Diamond_3mm.uexp" 817
"../../../Engine/Plugins/Animation/ControlRig/Content/Controls/ControlRig_Diamond_1mm.ubulk" 818
"../../../Engine/Plugins/Animation/ControlRig/Content/Controls/ControlRig_Diamond_1mm.uasset" 819
"../../../Engine/Plugins/Animation/ControlRig/Content/Controls/ControlRig_Diamond_1mm.uexp" 820
"../../../Engine/Plugins/Animation/ControlRig/Content/Controls/ControlRig_Circle_solid.ubulk" 821
"../../../Engine/Plugins/Animation/ControlRig/Content/Controls/ControlRig_Circle_solid.uasset" 822
"../../../Engine/Plugins/Animation/ControlRig/Content/Controls/ControlRig_Circle_solid.uexp" 823
"../../../Engine/Plugins/Animation/ControlRig/Content/Controls/ControlRig_Circle_3mm.ubulk" 824
"../../../Engine/Plugins/Animation/ControlRig/Content/Controls/ControlRig_Circle_3mm.uasset" 825
"../../../Engine/Plugins/Animation/ControlRig/Content/Controls/ControlRig_Circle_3mm.uexp" 826
"../../../Engine/Plugins/Animation/ControlRig/Content/Controls/ControlRig_Circle_1mm.ubulk" 827
"../../../Engine/Plugins/Animation/ControlRig/Content/Controls/ControlRig_Circle_1mm.uasset" 828
"../../../Engine/Plugins/Animation/ControlRig/Content/Controls/ControlRig_Circle_1mm.uexp" 829
"../../../Engine/Plugins/Animation/ControlRig/Content/Controls/ControlRig_Box_solid.ubulk" 830
"../../../Engine/Plugins/Animation/ControlRig/Content/Controls/ControlRig_Box_solid.uasset" 831
"../../../Engine/Plugins/Animation/ControlRig/Content/Controls/ControlRig_Box_solid.uexp" 832
"../../../Engine/Plugins/Animation/ControlRig/Content/Controls/ControlRig_Box_3mm.ubulk" 833
"../../../Engine/Plugins/Animation/ControlRig/Content/Controls/ControlRig_Box_3mm.uasset" 834
"../../../Engine/Plugins/Animation/ControlRig/Content/Controls/ControlRig_Box_3mm.uexp" 835
"../../../Engine/Plugins/Animation/ControlRig/Content/Controls/ControlRig_Box_1mm.ubulk" 836
"../../../Engine/Plugins/Animation/ControlRig/Content/Controls/ControlRig_Box_1mm.uasset" 837
"../../../Engine/Plugins/Animation/ControlRig/Content/Controls/ControlRig_Box_1mm.uexp" 838
"../../../Engine/Plugins/Animation/ControlRig/Content/Controls/ControlRig_Arrow_solid.ubulk" 839
"../../../Engine/Plugins/Animation/ControlRig/Content/Controls/ControlRig_Arrow_solid.uasset" 840
"../../../Engine/Plugins/Animation/ControlRig/Content/Controls/ControlRig_Arrow_solid.uexp" 841
"../../../Engine/Plugins/Animation/ControlRig/Content/Controls/ControlRig_Arrow_3mm.ubulk" 842
"../../../Engine/Plugins/Animation/ControlRig/Content/Controls/ControlRig_Arrow_3mm.uasset" 843
"../../../Engine/Plugins/Animation/ControlRig/Content/Controls/ControlRig_Arrow_3mm.uexp" 844
"../../../Engine/Plugins/Animation/ControlRig/Content/Controls/ControlRig_Arrow_1mm.ubulk" 845
"../../../Engine/Plugins/Animation/ControlRig/Content/Controls/ControlRig_Arrow_1mm.uasset" 846
"../../../Engine/Plugins/Animation/ControlRig/Content/Controls/ControlRig_Arrow_1mm.uexp" 847
"../../../Engine/Plugins/Animation/ControlRig/Content/Controls/ControlRig_Arrow4_solid.ubulk" 848
"../../../Engine/Plugins/Animation/ControlRig/Content/Controls/ControlRig_Arrow4_solid.uasset" 849
"../../../Engine/Plugins/Animation/ControlRig/Content/Controls/ControlRig_Arrow4_solid.uexp" 850
"../../../Engine/Plugins/Animation/ControlRig/Content/Controls/ControlRig_Arrow4_3mm.ubulk" 851
"../../../Engine/Plugins/Animation/ControlRig/Content/Controls/ControlRig_Arrow4_3mm.uasset" 852
"../../../Engine/Plugins/Animation/ControlRig/Content/Controls/ControlRig_Arrow4_3mm.uexp" 853
"../../../Engine/Plugins/Animation/ControlRig/Content/Controls/ControlRig_Arrow4_1mm.ubulk" 854
"../../../Engine/Plugins/Animation/ControlRig/Content/Controls/ControlRig_Arrow4_1mm.uasset" 855
"../../../Engine/Plugins/Animation/ControlRig/Content/Controls/ControlRig_Arrow4_1mm.uexp" 856
"../../../Engine/Plugins/Animation/ControlRig/Content/Controls/ControlRig_Arrow2_solid.ubulk" 857
"../../../Engine/Plugins/Animation/ControlRig/Content/Controls/ControlRig_Arrow2_solid.uasset" 858
"../../../Engine/Plugins/Animation/ControlRig/Content/Controls/ControlRig_Arrow2_solid.uexp" 859
"../../../Engine/Plugins/Animation/ControlRig/Content/Controls/ControlRig_Arrow2_3mm.ubulk" 860
"../../../Engine/Plugins/Animation/ControlRig/Content/Controls/ControlRig_Arrow2_3mm.uasset" 861
"../../../Engine/Plugins/Animation/ControlRig/Content/Controls/ControlRig_Arrow2_3mm.uexp" 862
"../../../Engine/Plugins/Animation/ControlRig/Content/Controls/ControlRig_Arrow2_1mm.ubulk" 863
"../../../Engine/Plugins/Animation/ControlRig/Content/Controls/ControlRig_Arrow2_1mm.uasset" 864
"../../../Engine/Plugins/Animation/ControlRig/Content/Controls/ControlRig_Arrow2_1mm.uexp" 865
"../../../Engine/Content/EngineResources/WhiteSquareTexture.uasset" 866
"../../../Engine/Content/EngineResources/WhiteSquareTexture.uexp" 867
"../../../Engine/Content/EngineMaterials/Widget3DPassThrough.uasset" 868
"../../../Engine/Content/EngineMaterials/Widget3DPassThrough.uexp" 869
"../../../Engine/Content/EngineMaterials/Widget3DPassThrough_Translucent.uasset" 870
"../../../Engine/Content/EngineMaterials/Widget3DPassThrough_Translucent.uexp" 871
"../../../Engine/Content/EngineMaterials/Widget3DPassThrough_Translucent_OneSided.uasset" 872
"../../../Engine/Content/EngineMaterials/Widget3DPassThrough_Translucent_OneSided.uexp" 873
"../../../Engine/Content/EngineMaterials/Widget3DPassThrough_Opaque.uasset" 874
"../../../Engine/Content/EngineMaterials/Widget3DPassThrough_Opaque.uexp" 875
"../../../Engine/Content/EngineMaterials/Widget3DPassThrough_Opaque_OneSided.uasset" 876
"../../../Engine/Content/EngineMaterials/Widget3DPassThrough_Opaque_OneSided.uexp" 877
"../../../Engine/Content/EngineMaterials/Widget3DPassThrough_Masked_OneSided.uasset" 878
"../../../Engine/Content/EngineMaterials/Widget3DPassThrough_Masked_OneSided.uexp" 879
"../../../Engine/Content/EngineMaterials/Widget3DPassThrough_Masked.uasset" 880
"../../../Engine/Content/EngineMaterials/Widget3DPassThrough_Masked.uexp" 881
"../../../Engine/Content/EditorLandscapeResources/SplineEditorMeshMat.uasset" 882
"../../../Engine/Content/EditorLandscapeResources/SplineEditorMeshMat.uexp" 883
"../../../Engine/Content/EditorLandscapeResources/SplineEditorMesh.ubulk" 884
"../../../Engine/Content/EditorLandscapeResources/SplineEditorMesh.uasset" 885
"../../../Engine/Content/EditorLandscapeResources/SplineEditorMesh.uexp" 886
"../../../Engine/Content/EngineMaterials/DefaultMaterial.uasset" 887
"../../../Engine/Content/EngineMaterials/DefaultMaterial.uexp" 888
"../../../Engine/Content/BasicShapes/Sphere.ubulk" 889
"../../../Engine/Content/BasicShapes/Sphere.uasset" 890
"../../../Engine/Content/BasicShapes/Sphere.uexp" 891
"../../../Engine/Content/BasicShapes/Cylinder.ubulk" 892
"../../../Engine/Content/BasicShapes/Cylinder.uasset" 893
"../../../Engine/Content/BasicShapes/Cylinder.uexp" 894
"../../../Engine/Content/BasicShapes/Cone.ubulk" 895
"../../../Engine/Content/BasicShapes/Cone.uasset" 896
"../../../Engine/Content/BasicShapes/Cone.uexp" 897
"../../../Engine/Plugins/Experimental/Landmass/Content/Landscape/Meshes/S_SpritePlane.ubulk" 898
"../../../Engine/Plugins/Experimental/Landmass/Content/Landscape/Meshes/S_SpritePlane.uasset" 899
"../../../Engine/Plugins/Experimental/Landmass/Content/Landscape/Meshes/S_SpritePlane.uexp" 900
"../../../Engine/Content/VREditor/TransformGizmo/Main.uasset" 901
"../../../Engine/Content/VREditor/TransformGizmo/Main.uexp" 902
"../../../Engine/Content/VREditor/TransformGizmo/Xray.uasset" 903
"../../../Engine/Content/VREditor/TransformGizmo/Xray.uexp" 904
"../../../Engine/Content/VREditor/TransformGizmo/SM_Sequencer_Node.ubulk" 905
"../../../Engine/Content/VREditor/TransformGizmo/SM_Sequencer_Node.uasset" 906
"../../../Engine/Content/VREditor/TransformGizmo/SM_Sequencer_Node.uexp" 907
"../../../Engine/Content/VREditor/LaserPointer/VR_LaserPower_01.ubulk" 908
"../../../Engine/Content/VREditor/LaserPointer/VR_LaserPower_01.uasset" 909
"../../../Engine/Content/VREditor/LaserPointer/VR_LaserPower_01.uexp" 910
"../../../Engine/Content/VREditor/TransformGizmo/TransformGizmoMaterial.uasset" 911
"../../../Engine/Content/VREditor/TransformGizmo/TransformGizmoMaterial.uexp" 912
"../../../Engine/Content/VREditor/TransformGizmo/TranslucentTransformGizmoMaterial.uasset" 913
"../../../Engine/Content/VREditor/TransformGizmo/TranslucentTransformGizmoMaterial.uexp" 914
"../../../Engine/Content/VREditor/TransformGizmo/BoundingBoxEdge.ubulk" 915
"../../../Engine/Content/VREditor/TransformGizmo/BoundingBoxEdge.uasset" 916
"../../../Engine/Content/VREditor/TransformGizmo/BoundingBoxEdge.uexp" 917
"../../../Engine/Content/VREditor/TransformGizmo/BoundingBoxCorner.ubulk" 918
"../../../Engine/Content/VREditor/TransformGizmo/BoundingBoxCorner.uasset" 919
"../../../Engine/Content/VREditor/TransformGizmo/BoundingBoxCorner.uexp" 920
"../../../Engine/Content/EngineSky/VolumetricClouds/T_CloudMask.ubulk" 921
"../../../Engine/Content/EngineSky/VolumetricClouds/T_CloudMask.uasset" 922
"../../../Engine/Content/EngineSky/VolumetricClouds/T_CloudMask.uexp" 923
"../../../Engine/Content/EngineSky/VolumetricClouds/VT_Lightning.uasset" 924
"../../../Engine/Content/EngineSky/VolumetricClouds/VT_Lightning.uexp" 925
"../../../Engine/Content/EngineSky/VolumetricClouds/T_Profile_08.ubulk" 926
"../../../Engine/Content/EngineSky/VolumetricClouds/T_Profile_08.uasset" 927
"../../../Engine/Content/EngineSky/VolumetricClouds/T_Profile_08.uexp" 928
"../../../Engine/Content/Functions/Engine_MaterialFunctions02/Utility/MakeFloat4.uasset" 929
"../../../Engine/Content/Functions/Engine_MaterialFunctions02/Utility/MakeFloat4.uexp" 930
"../../../Engine/Content/Functions/Engine_MaterialFunctions01/Units/Km-to-Cm.uasset" 931
"../../../Engine/Content/Functions/Engine_MaterialFunctions01/Units/Km-to-Cm.uexp" 932
"../../../Engine/Content/Functions/Engine_MaterialFunctions02/Utility/BreakOutFloat4Components.uasset" 933
"../../../Engine/Content/Functions/Engine_MaterialFunctions02/Utility/BreakOutFloat4Components.uexp" 934
"../../../Engine/Content/EngineSky/VolumetricClouds/T_CloudPattern.ubulk" 935
"../../../Engine/Content/EngineSky/VolumetricClouds/T_CloudPattern.uasset" 936
"../../../Engine/Content/EngineSky/VolumetricClouds/T_CloudPattern.uexp" 937
"../../../Engine/Content/EngineSky/VolumetricClouds/VT_PerlinWorley_Balanced.uasset" 938
"../../../Engine/Content/EngineSky/VolumetricClouds/VT_PerlinWorley_Balanced.uexp" 939
"../../../Engine/Content/EngineSky/VolumetricClouds/m_SimpleVolumetricCloud.uasset" 940
"../../../Engine/Content/EngineSky/VolumetricClouds/m_SimpleVolumetricCloud.uexp" 941
"../../../Engine/Content/EngineSky/VolumetricClouds/m_SimpleVolumetricCloud_Inst.uasset" 942
"../../../Engine/Content/EngineSky/VolumetricClouds/m_SimpleVolumetricCloud_Inst.uexp" 943
"../../../Engine/Content/EditorMaterials/Camera/CineMat.uasset" 944
"../../../Engine/Content/EditorMaterials/Camera/CineMat.uexp" 945
"../../../Engine/Content/EditorMaterials/Camera/MI_CineMat_Rig.uasset" 946
"../../../Engine/Content/EditorMaterials/Camera/MI_CineMat_Rig.uexp" 947
"../../../Engine/Content/EditorMeshes/Camera/SM_RailRig_Track.ubulk" 948
"../../../Engine/Content/EditorMeshes/Camera/SM_RailRig_Track.uasset" 949
"../../../Engine/Content/EditorMeshes/Camera/SM_RailRig_Track.uexp" 950
"../../../Engine/Content/EditorMeshes/Camera/SM_RailRig_Mount.ubulk" 951
"../../../Engine/Content/EditorMeshes/Camera/SM_RailRig_Mount.uasset" 952
"../../../Engine/Content/EditorMeshes/Camera/SM_RailRig_Mount.uexp" 953
"../../../Engine/Content/EditorMeshes/Camera/SM_CraneRig_Mount.ubulk" 954
"../../../Engine/Content/EditorMeshes/Camera/SM_CraneRig_Mount.uasset" 955
"../../../Engine/Content/EditorMeshes/Camera/SM_CraneRig_Mount.uexp" 956
"../../../Engine/Content/EditorMeshes/Camera/SM_CraneRig_Body.ubulk" 957
"../../../Engine/Content/EditorMeshes/Camera/SM_CraneRig_Body.uasset" 958
"../../../Engine/Content/EditorMeshes/Camera/SM_CraneRig_Body.uexp" 959
"../../../Engine/Content/EditorMeshes/Camera/SM_CraneRig_Base.ubulk" 960
"../../../Engine/Content/EditorMeshes/Camera/SM_CraneRig_Base.uasset" 961
"../../../Engine/Content/EditorMeshes/Camera/SM_CraneRig_Base.uexp" 962
"../../../Engine/Content/EditorMeshes/Camera/SM_CraneRig_Arm.ubulk" 963
"../../../Engine/Content/EditorMeshes/Camera/SM_CraneRig_Arm.uasset" 964
"../../../Engine/Content/EditorMeshes/Camera/SM_CraneRig_Arm.uexp" 965
"../../../Engine/Content/EngineMaterials/Substrate/GLints2/AGlintTex2dArray2.uasset" 966
"../../../Engine/Content/EngineMaterials/Substrate/GLints2/AGlintTex2dArray2.uexp" 967
"../../../Engine/Content/EngineMaterials/Substrate/GLints/AGlintTex2dArray.uasset" 968
"../../../Engine/Content/EngineMaterials/Substrate/GLints/AGlintTex2dArray.uexp" 969
"../../../Engine/Content/ArtTools/RenderToTexture/Meshes/S_1_Unit_Plane.ubulk" 970
"../../../Engine/Content/ArtTools/RenderToTexture/Meshes/S_1_Unit_Plane.uasset" 971
"../../../Engine/Content/ArtTools/RenderToTexture/Meshes/S_1_Unit_Plane.uexp" 972
"../../../Engine/Plugins/NNE/NNEDenoiser/Content/NNE_oidn2-3-0_rt_hdr_calb_cnrm_large__dyn__fp16_opset11_ForwardAlpha.uasset" 973
"../../../Engine/Plugins/NNE/NNEDenoiser/Content/NNE_oidn2-3-0_rt_hdr_calb_cnrm_large__dyn__fp16_opset11_ForwardAlpha.uexp" 974
"../../../Engine/Plugins/NNE/NNEDenoiser/Content/NNE_oidn2-3-0_rt_hdr_calb_cnrm_large__dyn__fp16_opset11_DenoiseAlpha.uasset" 975
"../../../Engine/Plugins/NNE/NNEDenoiser/Content/NNE_oidn2-3-0_rt_hdr_calb_cnrm_large__dyn__fp16_opset11_DenoiseAlpha.uexp" 976
"../../../Engine/Plugins/NNE/NNEDenoiser/Content/NNE_oidn2-3-0_rt_hdr_alb_nrm__dyn__fp16_opset11_ForwardAlpha.uasset" 977
"../../../Engine/Plugins/NNE/NNEDenoiser/Content/NNE_oidn2-3-0_rt_hdr_alb_nrm__dyn__fp16_opset11_ForwardAlpha.uexp" 978
"../../../Engine/Plugins/NNE/NNEDenoiser/Content/NNE_oidn2-3-0_rt_hdr_alb_nrm__dyn__fp16_opset11_DenoiseAlpha.uasset" 979
"../../../Engine/Plugins/NNE/NNEDenoiser/Content/NNE_oidn2-3-0_rt_hdr_alb_nrm__dyn__fp16_opset11_DenoiseAlpha.uexp" 980
"../../../Engine/Plugins/NNE/NNEDenoiser/Content/NNE_oidn2-3-0_rt_hdr_alb_nrm_small__dyn__fp16_opset11_ForwardAlpha.uasset" 981
"../../../Engine/Plugins/NNE/NNEDenoiser/Content/NNE_oidn2-3-0_rt_hdr_alb_nrm_small__dyn__fp16_opset11_ForwardAlpha.uexp" 982
"../../../Engine/Plugins/NNE/NNEDenoiser/Content/NNE_oidn2-3-0_rt_hdr_alb_nrm_small__dyn__fp16_opset11_DenoiseAlpha.uasset" 983
"../../../Engine/Plugins/NNE/NNEDenoiser/Content/NNE_oidn2-3-0_rt_hdr_alb_nrm_small__dyn__fp16_opset11_DenoiseAlpha.uexp" 984
"../../../Engine/Plugins/NNE/NNEDenoiser/Content/NNED_Oidn2-3_HighQuality_Alpha.uasset" 985
"../../../Engine/Plugins/NNE/NNEDenoiser/Content/NNED_Oidn2-3_HighQuality_Alpha.uexp" 986
"../../../Engine/Plugins/NNE/NNEDenoiser/Content/NNED_Oidn2-3_HighQuality.uasset" 987
"../../../Engine/Plugins/NNE/NNEDenoiser/Content/NNED_Oidn2-3_HighQuality.uexp" 988
"../../../Engine/Plugins/NNE/NNEDenoiser/Content/NNED_Oidn2-3_Fast_Alpha.uasset" 989
"../../../Engine/Plugins/NNE/NNEDenoiser/Content/NNED_Oidn2-3_Fast_Alpha.uexp" 990
"../../../Engine/Plugins/NNE/NNEDenoiser/Content/NNED_Oidn2-3_Fast.uasset" 991
"../../../Engine/Plugins/NNE/NNEDenoiser/Content/NNED_Oidn2-3_Fast.uexp" 992
"../../../Engine/Plugins/NNE/NNEDenoiser/Content/NNED_Oidn2-3_Balanced_Alpha.uasset" 993
"../../../Engine/Plugins/NNE/NNEDenoiser/Content/NNED_Oidn2-3_Balanced_Alpha.uexp" 994
"../../../Engine/Plugins/NNE/NNEDenoiser/Content/NNED_Oidn2-3_Balanced.uasset" 995
"../../../Engine/Plugins/NNE/NNEDenoiser/Content/NNED_Oidn2-3_Balanced.uexp" 996
"../../../Engine/Plugins/NNE/NNEDenoiser/Content/NNEDT_Oidn2-3_Balanced_Alpha.uasset" 997
"../../../Engine/Plugins/NNE/NNEDenoiser/Content/NNEDT_Oidn2-3_Balanced_Alpha.uexp" 998
"../../../Engine/Plugins/NNE/NNEDenoiser/Content/NNEDT_Oidn2-3_Balanced.uasset" 999
"../../../Engine/Plugins/NNE/NNEDenoiser/Content/NNEDT_Oidn2-3_Balanced.uexp" 1000
"../../../Engine/Plugins/Animation/DeformerGraph/Content/Deformers/DG_LinearBlendSkin_Morph_Cloth_RecomputeNormals.uasset" 1001
"../../../Engine/Plugins/Animation/DeformerGraph/Content/Deformers/DG_LinearBlendSkin_Morph_Cloth_RecomputeNormals.uexp" 1002
"../../../Engine/Plugins/Animation/DeformerGraph/Content/Deformers/DG_LinearBlendSkin_Morph_Cloth.uasset" 1003
"../../../Engine/Plugins/Animation/DeformerGraph/Content/Deformers/DG_LinearBlendSkin_Morph_Cloth.uexp" 1004
"../../../Engine/Plugins/Animation/DeformerGraph/Content/DeformerFunctions/DG_Function_LinearBlendSkin_Morph_Cloth_PositionOnly.uasset" 1005
"../../../Engine/Plugins/Animation/DeformerGraph/Content/DeformerFunctions/DG_Function_LinearBlendSkin_Morph_Cloth_PositionOnly.uexp" 1006
"../../../Engine/Plugins/Animation/DeformerGraph/Content/DeformerFunctions/DG_Function_LinearBlendSkin_Morph_Cloth.uasset" 1007
"../../../Engine/Plugins/Animation/DeformerGraph/Content/DeformerFunctions/DG_Function_LinearBlendSkin_Morph_Cloth.uexp" 1008
"../../../Engine/Plugins/Animation/DeformerGraph/Content/DeformerFunctions/DG_Function_ComputeNormalsTangents.uasset" 1009
"../../../Engine/Plugins/Animation/DeformerGraph/Content/DeformerFunctions/DG_Function_ComputeNormalsTangents.uexp" 1010
"../../../Engine/Content/VREditor/TransformGizmo/StartRotationHandleIndicator.ubulk" 1011
"../../../Engine/Content/VREditor/TransformGizmo/StartRotationHandleIndicator.uasset" 1012
"../../../Engine/Content/VREditor/TransformGizmo/StartRotationHandleIndicator.uexp" 1013
"../../../Engine/Content/VREditor/Sounds/UI/Drop_Item_From_ContentBrowser.ubulk" 1014
"../../../Engine/Content/VREditor/Sounds/UI/Drop_Item_From_ContentBrowser.uasset" 1015
"../../../Engine/Content/VREditor/Sounds/UI/Drop_Item_From_ContentBrowser.uexp" 1016
"../../../Engine/Content/VREditor/TransformGizmo/PlaneTranslationHandle.ubulk" 1017
"../../../Engine/Content/VREditor/TransformGizmo/PlaneTranslationHandle.uasset" 1018
"../../../Engine/Content/VREditor/TransformGizmo/PlaneTranslationHandle.uexp" 1019
"../../../Engine/Content/VREditor/Sounds/UI/Object_Snaps_To_Grid.ubulk" 1020
"../../../Engine/Content/VREditor/Sounds/UI/Object_Snaps_To_Grid.uasset" 1021
"../../../Engine/Content/VREditor/Sounds/UI/Object_Snaps_To_Grid.uexp" 1022
"../../../Engine/Content/VREditor/Sounds/UI/Selection_Changes.ubulk" 1023
"../../../Engine/Content/VREditor/Sounds/UI/Selection_Changes.uasset" 1024
"../../../Engine/Content/VREditor/Sounds/UI/Selection_Changes.uexp" 1025
"../../../Engine/Content/VREditor/Sounds/UI/Object_Snaps_To_Another_Actor.ubulk" 1026
"../../../Engine/Content/VREditor/Sounds/UI/Object_Snaps_To_Another_Actor.uasset" 1027
"../../../Engine/Content/VREditor/Sounds/UI/Object_Snaps_To_Another_Actor.uexp" 1028
"../../../Engine/Content/VREditor/TransformGizmo/TranslucentTransformGizmoMaterial_Inst.uasset" 1029
"../../../Engine/Content/VREditor/TransformGizmo/TranslucentTransformGizmoMaterial_Inst.uexp" 1030
"../../../Engine/Content/VREditor/TransformGizmo/TransformGizmoFreeRotation.ubulk" 1031
"../../../Engine/Content/VREditor/TransformGizmo/TransformGizmoFreeRotation.uasset" 1032
"../../../Engine/Content/VREditor/TransformGizmo/TransformGizmoFreeRotation.uexp" 1033
"../../../Engine/Content/VREditor/Sounds/UI/Scaling_Down.ubulk" 1034
"../../../Engine/Content/VREditor/Sounds/UI/Scaling_Down.uasset" 1035
"../../../Engine/Content/VREditor/Sounds/UI/Scaling_Down.uexp" 1036
"../../../Engine/Content/Functions/Engine_MaterialFunctions02/Math/Transform3x3Matrix.uasset" 1037
"../../../Engine/Content/Functions/Engine_MaterialFunctions02/Math/Transform3x3Matrix.uexp" 1038
"../../../Engine/Content/Functions/Engine_MaterialFunctions02/SplitComponents.uasset" 1039
"../../../Engine/Content/Functions/Engine_MaterialFunctions02/SplitComponents.uexp" 1040
"../../../Engine/Content/VREditor/SnapGrid/SnapGridMaterial.uasset" 1041
"../../../Engine/Content/VREditor/SnapGrid/SnapGridMaterial.uexp" 1042
"../../../Engine/Content/VREditor/SnapGrid/SnapGridPlaneMesh.ubulk" 1043
"../../../Engine/Content/VREditor/SnapGrid/SnapGridPlaneMesh.uasset" 1044
"../../../Engine/Content/VREditor/SnapGrid/SnapGridPlaneMesh.uexp" 1045
"../../../Engine/Content/VREditor/Sounds/UI/Scaling_Up.ubulk" 1046
"../../../Engine/Content/VREditor/Sounds/UI/Scaling_Up.uasset" 1047
"../../../Engine/Content/VREditor/Sounds/UI/Scaling_Up.uexp" 1048
"../../../Engine/Content/VREditor/TransformGizmo/TransformGizmoMaterial_Inst.uasset" 1049
"../../../Engine/Content/VREditor/TransformGizmo/TransformGizmoMaterial_Inst.uexp" 1050
"../../../Engine/Content/VREditor/Sounds/UI/Gizmo_Handle_Clicked.ubulk" 1051
"../../../Engine/Content/VREditor/Sounds/UI/Gizmo_Handle_Clicked.uasset" 1052
"../../../Engine/Content/VREditor/Sounds/UI/Gizmo_Handle_Clicked.uexp" 1053
"../../../Engine/Content/VREditor/TransformGizmo/RotationHandleQuarter.ubulk" 1054
"../../../Engine/Content/VREditor/TransformGizmo/RotationHandleQuarter.uasset" 1055
"../../../Engine/Content/VREditor/TransformGizmo/RotationHandleQuarter.uexp" 1056
"../../../Engine/Content/VREditor/TransformGizmo/TranslateArrowHandle.ubulk" 1057
"../../../Engine/Content/VREditor/TransformGizmo/TranslateArrowHandle.uasset" 1058
"../../../Engine/Content/VREditor/TransformGizmo/TranslateArrowHandle.uexp" 1059
"../../../Engine/Content/VREditor/TransformGizmo/RotationHandleIndicator.ubulk" 1060
"../../../Engine/Content/VREditor/TransformGizmo/RotationHandleIndicator.uasset" 1061
"../../../Engine/Content/VREditor/TransformGizmo/RotationHandleIndicator.uexp" 1062
"../../../Engine/Content/VREditor/TransformGizmo/UniformScaleHandle.ubulk" 1063
"../../../Engine/Content/VREditor/TransformGizmo/UniformScaleHandle.uasset" 1064
"../../../Engine/Content/VREditor/TransformGizmo/UniformScaleHandle.uexp" 1065
"../../../Engine/Content/VREditor/TransformGizmo/RotationHandleFull.ubulk" 1066
"../../../Engine/Content/VREditor/TransformGizmo/RotationHandleFull.uasset" 1067
"../../../Engine/Content/VREditor/TransformGizmo/RotationHandleFull.uexp" 1068
"../../../Engine/Content/VREditor/Sounds/UI/Object_PickUp.ubulk" 1069
"../../../Engine/Content/VREditor/Sounds/UI/Object_PickUp.uasset" 1070
"../../../Engine/Content/VREditor/Sounds/UI/Object_PickUp.uexp" 1071
"D:/Skald_TurnBasedStrategy_Code/Content/Blueprints/UI/UISoundFX/Lockin_Button.ubulk" 1072
"D:/Skald_TurnBasedStrategy_Code/Content/Blueprints/UI/UISoundFX/Lockin_Button.uasset" 1073
"D:/Skald_TurnBasedStrategy_Code/Content/Blueprints/UI/UISoundFX/Lockin_Button.uexp" 1074
"D:/Skald_TurnBasedStrategy_Code/Content/Blueprints/UI/UI_PNGs/MainMenuFrame.uasset" 1075
"D:/Skald_TurnBasedStrategy_Code/Content/Blueprints/UI/UI_PNGs/MainMenuFrame.uexp" 1076
"D:/Skald_TurnBasedStrategy_Code/Content/Blueprints/UI/UI_PNGs/Button_Frame_Upscaled_x4.uasset" 1077
"D:/Skald_TurnBasedStrategy_Code/Content/Blueprints/UI/UI_PNGs/Button_Frame_Upscaled_x4.uexp" 1078
"D:/Skald_TurnBasedStrategy_Code/Content/Blueprints/UI/UI_PNGs/ButtonsAndSliders/Lock_In.uasset" 1079
"D:/Skald_TurnBasedStrategy_Code/Content/Blueprints/UI/UI_PNGs/ButtonsAndSliders/Lock_In.uexp" 1080
"D:/Skald_TurnBasedStrategy_Code/Content/Blueprints/UI/UI_PNGs/A_traditional_painting_in_a_highly_detailed__reali_x8.uasset" 1081
"D:/Skald_TurnBasedStrategy_Code/Content/Blueprints/UI/UI_PNGs/A_traditional_painting_in_a_highly_detailed__reali_x8.uexp" 1082
"D:/Skald_TurnBasedStrategy_Code/Content/Blueprints/UI/UI_Fonts/CinzelDecorative-Bold.uexp" 1083
"D:/Skald_TurnBasedStrategy_Code/Content/Blueprints/UI/UI_Fonts/CinzelDecorative-Bold.uasset" 1084
"D:/Skald_TurnBasedStrategy_Code/Content/Blueprints/UI/UI_Fonts/CinzelDecorative-Bold.ufont" 1085
"D:/Skald_TurnBasedStrategy_Code/Content/Blueprints/UI/UI_Fonts/CinzelDecorative-Bold_Font.uasset" 1086
"D:/Skald_TurnBasedStrategy_Code/Content/Blueprints/UI/UI_Fonts/CinzelDecorative-Bold_Font.uexp" 1087
"D:/Skald_TurnBasedStrategy_Code/Content/Blueprints/UI/UI_PNGs/TerritoriesPanel_Parchment_Upscaled_x4.uasset" 1088
"D:/Skald_TurnBasedStrategy_Code/Content/Blueprints/UI/UI_PNGs/TerritoriesPanel_Parchment_Upscaled_x4.uexp" 1089
"D:/Skald_TurnBasedStrategy_Code/Content/Blueprints/UI/Skald_StartGameWidget.uasset" 1090
"D:/Skald_TurnBasedStrategy_Code/Content/Blueprints/UI/Skald_StartGameWidget.uexp" 1091
"D:/Skald_TurnBasedStrategy_Code/Content/Blueprints/UI/UI_PNGs/ButtonsAndSliders/Select.uasset" 1092
"D:/Skald_TurnBasedStrategy_Code/Content/Blueprints/UI/UI_PNGs/ButtonsAndSliders/Select.uexp" 1093
"D:/Skald_TurnBasedStrategy_Code/Content/Blueprints/UI/UI_PNGs/ButtonsAndSliders/Slider_Thumb_Neutral.uasset" 1094
"D:/Skald_TurnBasedStrategy_Code/Content/Blueprints/UI/UI_PNGs/ButtonsAndSliders/Slider_Thumb_Neutral.uexp" 1095
"D:/Skald_TurnBasedStrategy_Code/Content/Blueprints/UI/UI_PNGs/PrimaryButton_Transparent_Upscaled_x4.uasset" 1096
"D:/Skald_TurnBasedStrategy_Code/Content/Blueprints/UI/UI_PNGs/PrimaryButton_Transparent_Upscaled_x4.uexp" 1097
"D:/Skald_TurnBasedStrategy_Code/Content/Blueprints/UI/UISoundFX/AcceptButton.ubulk" 1098
"D:/Skald_TurnBasedStrategy_Code/Content/Blueprints/UI/UISoundFX/AcceptButton.uasset" 1099
"D:/Skald_TurnBasedStrategy_Code/Content/Blueprints/UI/UISoundFX/AcceptButton.uexp" 1100
"D:/Skald_TurnBasedStrategy_Code/Content/Blueprints/UI/UI_PNGs/ButtonsAndSliders/Menu.uasset" 1101
"D:/Skald_TurnBasedStrategy_Code/Content/Blueprints/UI/UI_PNGs/ButtonsAndSliders/Menu.uexp" 1102
"D:/Skald_TurnBasedStrategy_Code/Content/Blueprints/UI/UISoundFX/MainButton.ubulk" 1103
"D:/Skald_TurnBasedStrategy_Code/Content/Blueprints/UI/UISoundFX/MainButton.uasset" 1104
"D:/Skald_TurnBasedStrategy_Code/Content/Blueprints/UI/UISoundFX/MainButton.uexp" 1105
"D:/Skald_TurnBasedStrategy_Code/Content/Blueprints/UI/Skald_SettingsWidget.uasset" 1106
"D:/Skald_TurnBasedStrategy_Code/Content/Blueprints/UI/Skald_SettingsWidget.uexp" 1107
"D:/Skald_TurnBasedStrategy_Code/Content/Blueprints/UI/Skald_SaveGameWidget.uasset" 1108
"D:/Skald_TurnBasedStrategy_Code/Content/Blueprints/UI/Skald_SaveGameWidget.uexp" 1109
"D:/Skald_TurnBasedStrategy_Code/Content/Blueprints/UI/UI_PNGs/Skald_MainMenu_Upscaled_x8.uasset" 1110
"D:/Skald_TurnBasedStrategy_Code/Content/Blueprints/UI/UI_PNGs/Skald_MainMenu_Upscaled_x8.uexp" 1111
"D:/Skald_TurnBasedStrategy_Code/Content/Blueprints/UI/UISoundFX/ConfirmButton.ubulk" 1112
"D:/Skald_TurnBasedStrategy_Code/Content/Blueprints/UI/UISoundFX/ConfirmButton.uasset" 1113
"D:/Skald_TurnBasedStrategy_Code/Content/Blueprints/UI/UISoundFX/ConfirmButton.uexp" 1114
"D:/Skald_TurnBasedStrategy_Code/Content/Blueprints/UI/UI_PNGs/LoadingScreen/06_LoreRibbon_2048.ubulk" 1115
"D:/Skald_TurnBasedStrategy_Code/Content/Blueprints/UI/UI_PNGs/LoadingScreen/06_LoreRibbon_2048.uasset" 1116
"D:/Skald_TurnBasedStrategy_Code/Content/Blueprints/UI/UI_PNGs/LoadingScreen/06_LoreRibbon_2048.uexp" 1117
"D:/Skald_TurnBasedStrategy_Code/Content/Blueprints/UI/Skald_PrepareForBattleWidget.uasset" 1118
"D:/Skald_TurnBasedStrategy_Code/Content/Blueprints/UI/Skald_PrepareForBattleWidget.uexp" 1119
"D:/Skald_TurnBasedStrategy_Code/Content/Blueprints/UI/Skald_LoadGameWidget.uasset" 1120
"D:/Skald_TurnBasedStrategy_Code/Content/Blueprints/UI/Skald_LoadGameWidget.uexp" 1121
"D:/Skald_TurnBasedStrategy_Code/Content/Blueprints/UI/Skald_ChoosePlayerWidget.uasset" 1122
"D:/Skald_TurnBasedStrategy_Code/Content/Blueprints/UI/Skald_ChoosePlayerWidget.uexp" 1123
"D:/Skald_TurnBasedStrategy_Code/Content/C++_BPs/Skald_Lobbymenu.uasset" 1124
"D:/Skald_TurnBasedStrategy_Code/Content/C++_BPs/Skald_Lobbymenu.uexp" 1125
"D:/Skald_TurnBasedStrategy_Code/Content/Blueprints/UI/Skald_TitleScreen.uasset" 1126
"D:/Skald_TurnBasedStrategy_Code/Content/Blueprints/UI/Skald_TitleScreen.uexp" 1127
"D:/Skald_TurnBasedStrategy_Code/Content/C++_BPs/Skald_LobbyPlayerController.uasset" 1128
"D:/Skald_TurnBasedStrategy_Code/Content/C++_BPs/Skald_LobbyPlayerController.uexp" 1129
"D:/Skald_TurnBasedStrategy_Code/Content/C++_BPs/Skald_Lobby_GameMode.uasset" 1130
"D:/Skald_TurnBasedStrategy_Code/Content/C++_BPs/Skald_Lobby_GameMode.uexp" 1131
"../../../Engine/Content/EngineSky/T_Sky_Stars.ubulk" 1132
"../../../Engine/Content/EngineSky/T_Sky_Stars.uasset" 1133
"../../../Engine/Content/EngineSky/T_Sky_Stars.uexp" 1134
"../../../Engine/Content/EngineSky/T_Sky_Clouds_M.ubulk" 1135
"../../../Engine/Content/EngineSky/T_Sky_Clouds_M.uasset" 1136
"../../../Engine/Content/EngineSky/T_Sky_Clouds_M.uexp" 1137
"../../../Engine/Content/EngineSky/T_Sky_Blue.ubulk" 1138
"../../../Engine/Content/EngineSky/T_Sky_Blue.uasset" 1139
"../../../Engine/Content/EngineSky/T_Sky_Blue.uexp" 1140
"../../../Engine/Content/EngineSky/M_Sky_Panning_Clouds2.uasset" 1141
"../../../Engine/Content/EngineSky/M_Sky_Panning_Clouds2.uexp" 1142
"../../../Engine/Content/EngineSky/SM_SkySphere.ubulk" 1143
"../../../Engine/Content/EngineSky/SM_SkySphere.uasset" 1144
"../../../Engine/Content/EngineSky/SM_SkySphere.uexp" 1145
"../../../Engine/Content/MapTemplates/SM_Template_Map_Floor.ubulk" 1146
"../../../Engine/Content/MapTemplates/SM_Template_Map_Floor.uasset" 1147
"../../../Engine/Content/MapTemplates/SM_Template_Map_Floor.uexp" 1148
"D:/Skald_TurnBasedStrategy_Code/Content/Blueprints/Music/Ancient_Valor.ubulk" 1149
"D:/Skald_TurnBasedStrategy_Code/Content/Blueprints/Music/Ancient_Valor.uasset" 1150
"D:/Skald_TurnBasedStrategy_Code/Content/Blueprints/Music/Ancient_Valor.uexp" 1151
"D:/Skald_TurnBasedStrategy_Code/Content/Blueprints/Maps/Skald_Lobby.uexp" 1152
"D:/Skald_TurnBasedStrategy_Code/Content/Blueprints/Maps/Skald_Lobby.umap" 1153
"D:/Skald_TurnBasedStrategy_Code/Content/M4/Maps/PaintWeights/Tundra_Demo_sharedassets/Remove_Flatland_B_LayerInfo.uasset" 1154
"D:/Skald_TurnBasedStrategy_Code/Content/M4/Maps/PaintWeights/Tundra_Demo_sharedassets/Remove_Flatland_B_LayerInfo.uexp" 1155
"D:/Skald_TurnBasedStrategy_Code/Content/M4/Foliage/ProceduralPlacers/PaintLayers/Forest_PaintLayerFoliage.uasset" 1156
"D:/Skald_TurnBasedStrategy_Code/Content/M4/Foliage/ProceduralPlacers/PaintLayers/Forest_PaintLayerFoliage.uexp" 1157
"D:/Skald_TurnBasedStrategy_Code/Content/M4/Textures/Pebbles/A/MediumPebbleRock_Normal.ubulk" 1158
"D:/Skald_TurnBasedStrategy_Code/Content/M4/Textures/Pebbles/A/MediumPebbleRock_Normal.uasset" 1159
"D:/Skald_TurnBasedStrategy_Code/Content/M4/Textures/Pebbles/A/MediumPebbleRock_Normal.uexp" 1160
"D:/Skald_TurnBasedStrategy_Code/Content/M4/Blueprints/SystemResources/Trails/Textures/RTs/V3/TerrainTrails/RT_Trails_Persistent_Blurred.uasset" 1161
"D:/Skald_TurnBasedStrategy_Code/Content/M4/Blueprints/SystemResources/Trails/Textures/RTs/V3/TerrainTrails/RT_Trails_Persistent_Blurred.uexp" 1162
"../../../Engine/Content/Functions/Engine_MaterialFunctions03/Procedurals/PerturbNormalHQ.uasset" 1163
"../../../Engine/Content/Functions/Engine_MaterialFunctions03/Procedurals/PerturbNormalHQ.uexp" 1164
"D:/Skald_TurnBasedStrategy_Code/Content/M4/Blueprints/SystemResources/MagicMapMaterialBP/MPCs/PTM-MPC-Variables.uasset" 1165
"D:/Skald_TurnBasedStrategy_Code/Content/M4/Blueprints/SystemResources/MagicMapMaterialBP/MPCs/PTM-MPC-Variables.uexp" 1166
"D:/Skald_TurnBasedStrategy_Code/Content/M4/Textures/Noise/T_MacroVariation_Normal.ubulk" 1167
"D:/Skald_TurnBasedStrategy_Code/Content/M4/Textures/Noise/T_MacroVariation_Normal.uasset" 1168
"D:/Skald_TurnBasedStrategy_Code/Content/M4/Textures/Noise/T_MacroVariation_Normal.uexp" 1169
"D:/Skald_TurnBasedStrategy_Code/Content/M4/Textures/Noise/T_MacroVariation.uasset" 1170
"D:/Skald_TurnBasedStrategy_Code/Content/M4/Textures/Noise/T_MacroVariation.uexp" 1171
"D:/Skald_TurnBasedStrategy_Code/Content/M4/Materials/MasterMaterials/Functions/VHFM/DetailTexturingFunction.uasset" 1172
"D:/Skald_TurnBasedStrategy_Code/Content/M4/Materials/MasterMaterials/Functions/VHFM/DetailTexturingFunction.uexp" 1173
"D:/Skald_TurnBasedStrategy_Code/Content/M4/Materials/MasterMaterials/Functions/VHFM/DetailTexturing-Attribute.uasset" 1174
"D:/Skald_TurnBasedStrategy_Code/Content/M4/Materials/MasterMaterials/Functions/VHFM/DetailTexturing-Attribute.uexp" 1175
"../../../Engine/Content/Functions/Engine_MaterialFunctions02/Utility/BlendAngleCorrectedNormals.uasset" 1176
"../../../Engine/Content/Functions/Engine_MaterialFunctions02/Utility/BlendAngleCorrectedNormals.uexp" 1177
"../../../Engine/Content/Functions/Engine_MaterialFunctions03/Procedurals/PreparePerturbNormalHQ.uasset" 1178
"../../../Engine/Content/Functions/Engine_MaterialFunctions03/Procedurals/PreparePerturbNormalHQ.uexp" 1179
"../../../Engine/Content/Functions/Engine_MaterialFunctions01/Texturing/FlattenNormal.uasset" 1180
"../../../Engine/Content/Functions/Engine_MaterialFunctions01/Texturing/FlattenNormal.uexp" 1181
"D:/Skald_TurnBasedStrategy_Code/Content/M4/Extras/UDS-EasyIntegration/TerrainFunctions/PrepareVHF+UDS-Dynamic_Weather_Effects.uasset" 1182
"D:/Skald_TurnBasedStrategy_Code/Content/M4/Extras/UDS-EasyIntegration/TerrainFunctions/PrepareVHF+UDS-Dynamic_Weather_Effects.uexp" 1183
"D:/Skald_TurnBasedStrategy_Code/Content/M4/Textures/Water/SmoothWave.ubulk" 1184
"D:/Skald_TurnBasedStrategy_Code/Content/M4/Textures/Water/SmoothWave.uasset" 1185
"D:/Skald_TurnBasedStrategy_Code/Content/M4/Textures/Water/SmoothWave.uexp" 1186
"D:/Skald_TurnBasedStrategy_Code/Content/M4/Textures/Pebbles/A/MediumPebbleRock_Disp.ubulk" 1187
"D:/Skald_TurnBasedStrategy_Code/Content/M4/Textures/Pebbles/A/MediumPebbleRock_Disp.uasset" 1188
"D:/Skald_TurnBasedStrategy_Code/Content/M4/Textures/Pebbles/A/MediumPebbleRock_Disp.uexp" 1189
"D:/Skald_TurnBasedStrategy_Code/Content/M4/Blueprints/SystemResources/Trails/Textures/RTs/V3/TerrainTrails/RT_Trails_Persistent_Normals.uasset" 1190
"D:/Skald_TurnBasedStrategy_Code/Content/M4/Blueprints/SystemResources/Trails/Textures/RTs/V3/TerrainTrails/RT_Trails_Persistent_Normals.uexp" 1191
"D:/Skald_TurnBasedStrategy_Code/Content/M4/Materials/MasterMaterials/Functions/VHFM/HeightBasedProceduralNormals.uasset" 1192
"D:/Skald_TurnBasedStrategy_Code/Content/M4/Materials/MasterMaterials/Functions/VHFM/HeightBasedProceduralNormals.uexp" 1193
"D:/Skald_TurnBasedStrategy_Code/Content/M4/Blueprints/SystemResources/RVT/Color/RuntimeVirtualTextureColorLarge.uasset" 1194
"D:/Skald_TurnBasedStrategy_Code/Content/M4/Blueprints/SystemResources/RVT/Color/RuntimeVirtualTextureColorLarge.uexp" 1195
"D:/Skald_TurnBasedStrategy_Code/Content/M4/Textures/Noise/SmoothPerlin.ubulk" 1196
"D:/Skald_TurnBasedStrategy_Code/Content/M4/Textures/Noise/SmoothPerlin.uasset" 1197
"D:/Skald_TurnBasedStrategy_Code/Content/M4/Textures/Noise/SmoothPerlin.uexp" 1198
"D:/Skald_TurnBasedStrategy_Code/Content/M4/Blueprints/SystemResources/Trails/MaterialFuncs/BlendTextureBeyondUV.uasset" 1199
"D:/Skald_TurnBasedStrategy_Code/Content/M4/Blueprints/SystemResources/Trails/MaterialFuncs/BlendTextureBeyondUV.uexp" 1200
"D:/Skald_TurnBasedStrategy_Code/Content/M4/Materials/MasterMaterials/Functions/VHFM/VHFM_VisibilityMasking.uasset" 1201
"D:/Skald_TurnBasedStrategy_Code/Content/M4/Materials/MasterMaterials/Functions/VHFM/VHFM_VisibilityMasking.uexp" 1202
"D:/Skald_TurnBasedStrategy_Code/Content/M4/Extras/UDS-EasyIntegration/TerrainFunctions/IntegrateVHF+UDS-Dynamic_Weather_Effects.uasset" 1203
"D:/Skald_TurnBasedStrategy_Code/Content/M4/Extras/UDS-EasyIntegration/TerrainFunctions/IntegrateVHF+UDS-Dynamic_Weather_Effects.uexp" 1204
"D:/Skald_TurnBasedStrategy_Code/Content/M4/Blueprints/SystemResources/RVT/Height/RuntimeVirtualTextureHeightLarge.uasset" 1205
"D:/Skald_TurnBasedStrategy_Code/Content/M4/Blueprints/SystemResources/RVT/Height/RuntimeVirtualTextureHeightLarge.uexp" 1206
"D:/Skald_TurnBasedStrategy_Code/Content/M4/TrailSystem/ForTerrains/M4-Trail-System.uasset" 1207
"D:/Skald_TurnBasedStrategy_Code/Content/M4/TrailSystem/ForTerrains/M4-Trail-System.uexp" 1208
"D:/Skald_TurnBasedStrategy_Code/Content/M4/Materials/MasterMaterials/HF_ProxyMat.uasset" 1209
"D:/Skald_TurnBasedStrategy_Code/Content/M4/Materials/MasterMaterials/HF_ProxyMat.uexp" 1210
"D:/Skald_TurnBasedStrategy_Code/Content/M4/Materials/PresetInstances/Island/HF/HF_ProxyMat_Island_Inst.uasset" 1211
"D:/Skald_TurnBasedStrategy_Code/Content/M4/Materials/PresetInstances/Island/HF/HF_ProxyMat_Island_Inst.uexp" 1212
"D:/Skald_TurnBasedStrategy_Code/Content/M4/Blueprints/SystemResources/Heightfield/Meshes/Plane_32kPoly.ubulk" 1213
"D:/Skald_TurnBasedStrategy_Code/Content/M4/Blueprints/SystemResources/Heightfield/Meshes/Plane_32kPoly.uasset" 1214
"D:/Skald_TurnBasedStrategy_Code/Content/M4/Blueprints/SystemResources/Heightfield/Meshes/Plane_32kPoly.uexp" 1215
"../../../Engine/Content/Functions/Engine_MaterialFunctions01/Vectors/RotateVector.uasset" 1216
"../../../Engine/Content/Functions/Engine_MaterialFunctions01/Vectors/RotateVector.uexp" 1217
"../../../Engine/Content/Functions/Engine_MaterialFunctions02/Utility/VectorToRadialValue.uasset" 1218
"../../../Engine/Content/Functions/Engine_MaterialFunctions02/Utility/VectorToRadialValue.uexp" 1219
"../../../Engine/Content/ArtTools/RenderToTexture/MaterialFunctions/FoliageZRotation.uasset" 1220
"../../../Engine/Content/ArtTools/RenderToTexture/MaterialFunctions/FoliageZRotation.uexp" 1221
"D:/Skald_TurnBasedStrategy_Code/Content/M4/Textures/Noise/TilingNoise05.ubulk" 1222
"D:/Skald_TurnBasedStrategy_Code/Content/M4/Textures/Noise/TilingNoise05.uasset" 1223
"D:/Skald_TurnBasedStrategy_Code/Content/M4/Textures/Noise/TilingNoise05.uexp" 1224
"../../../Engine/Content/Functions/Engine_MaterialFunctions02/FixRotateAboutAxisNormals.uasset" 1225
"../../../Engine/Content/Functions/Engine_MaterialFunctions02/FixRotateAboutAxisNormals.uexp" 1226
"../../../Engine/Content/Functions/Engine_MaterialFunctions02/WorldPositionOffset/ObjectPivotPoint.uasset" 1227
"../../../Engine/Content/Functions/Engine_MaterialFunctions02/WorldPositionOffset/ObjectPivotPoint.uexp" 1228
"D:/Skald_TurnBasedStrategy_Code/Content/M4/Blueprints/SystemResources/Heightfield/Materials/Logo/LogoHolderMat.uasset" 1229
"D:/Skald_TurnBasedStrategy_Code/Content/M4/Blueprints/SystemResources/Heightfield/Materials/Logo/LogoHolderMat.uexp" 1230
"D:/Skald_TurnBasedStrategy_Code/Content/M4/Blueprints/SystemResources/Heightfield/Materials/Logo/LogoHolderMat_Inst.uasset" 1231
"D:/Skald_TurnBasedStrategy_Code/Content/M4/Blueprints/SystemResources/Heightfield/Materials/Logo/LogoHolderMat_Inst.uexp" 1232
"D:/Skald_TurnBasedStrategy_Code/Content/M4/Blueprints/SystemResources/RVT/Height/RuntimeVirtualTextureHeightSmall.uasset" 1233
"D:/Skald_TurnBasedStrategy_Code/Content/M4/Blueprints/SystemResources/RVT/Height/RuntimeVirtualTextureHeightSmall.uexp" 1234
"D:/Skald_TurnBasedStrategy_Code/Content/M4/Blueprints/SystemResources/RVT/Volumes/RVT-Volume-Height-Small.uasset" 1235
"D:/Skald_TurnBasedStrategy_Code/Content/M4/Blueprints/SystemResources/RVT/Volumes/RVT-Volume-Height-Small.uexp" 1236
"D:/Skald_TurnBasedStrategy_Code/Content/M4/Blueprints/SystemResources/RVT/Volumes/RVT-Volume-Height-Large.uasset" 1237
"D:/Skald_TurnBasedStrategy_Code/Content/M4/Blueprints/SystemResources/RVT/Volumes/RVT-Volume-Height-Large.uexp" 1238
"D:/Skald_TurnBasedStrategy_Code/Content/M4/Blueprints/SystemResources/Heightfield/Materials/Debug/LODDebugMat.uasset" 1239
"D:/Skald_TurnBasedStrategy_Code/Content/M4/Blueprints/SystemResources/Heightfield/Materials/Debug/LODDebugMat.uexp" 1240
"D:/Skald_TurnBasedStrategy_Code/Content/M4/Blueprints/SystemResources/Heightfield/Materials/Debug/LOD0_DebugMat_Inst.uasset" 1241
"D:/Skald_TurnBasedStrategy_Code/Content/M4/Blueprints/SystemResources/Heightfield/Materials/Debug/LOD0_DebugMat_Inst.uexp" 1242
"D:/Skald_TurnBasedStrategy_Code/Content/M4/Blueprints/SystemResources/RVT/Volumes/RVT-Volume-Color-Large.uasset" 1243
"D:/Skald_TurnBasedStrategy_Code/Content/M4/Blueprints/SystemResources/RVT/Volumes/RVT-Volume-Color-Large.uexp" 1244
"D:/Skald_TurnBasedStrategy_Code/Content/M4/Blueprints/SystemResources/Heightfield/Meshes/Plane_512Poly.ubulk" 1245
"D:/Skald_TurnBasedStrategy_Code/Content/M4/Blueprints/SystemResources/Heightfield/Meshes/Plane_512Poly.uasset" 1246
"D:/Skald_TurnBasedStrategy_Code/Content/M4/Blueprints/SystemResources/Heightfield/Meshes/Plane_512Poly.uexp" 1247
"D:/Skald_TurnBasedStrategy_Code/Content/M4/Blueprints/SystemResources/Heightfield/Materials/Debug/LOD2_DebugMat_Inst.uasset" 1248
"D:/Skald_TurnBasedStrategy_Code/Content/M4/Blueprints/SystemResources/Heightfield/Materials/Debug/LOD2_DebugMat_Inst.uexp" 1249
"D:/Skald_TurnBasedStrategy_Code/Content/M4/Blueprints/SystemResources/RVT/Color/RuntimeVirtualTextureColorSmall.uasset" 1250
"D:/Skald_TurnBasedStrategy_Code/Content/M4/Blueprints/SystemResources/RVT/Color/RuntimeVirtualTextureColorSmall.uexp" 1251
"D:/Skald_TurnBasedStrategy_Code/Content/M4/Blueprints/SystemResources/RVT/Volumes/RVT-Volume-Color-Small.uasset" 1252
"D:/Skald_TurnBasedStrategy_Code/Content/M4/Blueprints/SystemResources/RVT/Volumes/RVT-Volume-Color-Small.uexp" 1253
"D:/Skald_TurnBasedStrategy_Code/Content/M4/Blueprints/SystemResources/Heightfield/Materials/Debug/LOD1_DebugMat_Inst.uasset" 1254
"D:/Skald_TurnBasedStrategy_Code/Content/M4/Blueprints/SystemResources/Heightfield/Materials/Debug/LOD1_DebugMat_Inst.uexp" 1255
"D:/Skald_TurnBasedStrategy_Code/Content/M4/Blueprints/SystemResources/Heightfield/Meshes/Plane_8kPoly.ubulk" 1256
"D:/Skald_TurnBasedStrategy_Code/Content/M4/Blueprints/SystemResources/Heightfield/Meshes/Plane_8kPoly.uasset" 1257
"D:/Skald_TurnBasedStrategy_Code/Content/M4/Blueprints/SystemResources/Heightfield/Meshes/Plane_8kPoly.uexp" 1258
"D:/Skald_TurnBasedStrategy_Code/Content/M4/Blueprints/SystemResources/Heightfield/Meshes/Plane_2kPoly.ubulk" 1259
"D:/Skald_TurnBasedStrategy_Code/Content/M4/Blueprints/SystemResources/Heightfield/Meshes/Plane_2kPoly.uasset" 1260
"D:/Skald_TurnBasedStrategy_Code/Content/M4/Blueprints/SystemResources/Heightfield/Meshes/Plane_2kPoly.uexp" 1261
"D:/Skald_TurnBasedStrategy_Code/Content/M4/Blueprints/SystemResources/Heightfield/Meshes/Plane_128Poly.ubulk" 1262
"D:/Skald_TurnBasedStrategy_Code/Content/M4/Blueprints/SystemResources/Heightfield/Meshes/Plane_128Poly.uasset" 1263
"D:/Skald_TurnBasedStrategy_Code/Content/M4/Blueprints/SystemResources/Heightfield/Meshes/Plane_128Poly.uexp" 1264
"D:/Skald_TurnBasedStrategy_Code/Content/M4/Blueprints/SystemResources/Heightfield/Niagara/TerrainGridSpawnerNS.uasset" 1265
"D:/Skald_TurnBasedStrategy_Code/Content/M4/Blueprints/SystemResources/Heightfield/Niagara/TerrainGridSpawnerNS.uexp" 1266
"D:/Skald_TurnBasedStrategy_Code/Content/M4/Blueprints/SystemResources/Heightfield/Enums/HeightfieldLOD_Enum.uasset" 1267
"D:/Skald_TurnBasedStrategy_Code/Content/M4/Blueprints/SystemResources/Heightfield/Enums/HeightfieldLOD_Enum.uexp" 1268
"D:/Skald_TurnBasedStrategy_Code/Content/M4/Blueprints/SystemResources/Heightfield/Textures/NewTessLogo.ubulk" 1269
"D:/Skald_TurnBasedStrategy_Code/Content/M4/Blueprints/SystemResources/Heightfield/Textures/NewTessLogo.uasset" 1270
"D:/Skald_TurnBasedStrategy_Code/Content/M4/Blueprints/SystemResources/Heightfield/Textures/NewTessLogo.uexp" 1271
"D:/Skald_TurnBasedStrategy_Code/Content/M4/Blueprints/SystemResources/MagicMapMaterialBP/Mats/BP_SS_Profile.uasset" 1272
"D:/Skald_TurnBasedStrategy_Code/Content/M4/Blueprints/SystemResources/MagicMapMaterialBP/Mats/BP_SS_Profile.uexp" 1273
"D:/Skald_TurnBasedStrategy_Code/Content/M4/Blueprints/SystemResources/MagicMapMaterialBP/Textures/IslandImage.ubulk" 1274
"D:/Skald_TurnBasedStrategy_Code/Content/M4/Blueprints/SystemResources/MagicMapMaterialBP/Textures/IslandImage.uasset" 1275
"D:/Skald_TurnBasedStrategy_Code/Content/M4/Blueprints/SystemResources/MagicMapMaterialBP/Textures/IslandImage.uexp" 1276
"D:/Skald_TurnBasedStrategy_Code/Content/M4/Blueprints/SystemResources/Heightfield/Materials/Logo/CustomLogoMat.uasset" 1277
"D:/Skald_TurnBasedStrategy_Code/Content/M4/Blueprints/SystemResources/Heightfield/Materials/Logo/CustomLogoMat.uexp" 1278
"D:/Skald_TurnBasedStrategy_Code/Content/M4/Blueprints/SystemResources/Heightfield/Materials/Logo/CustomLogoMat_Inst.uasset" 1279
"D:/Skald_TurnBasedStrategy_Code/Content/M4/Blueprints/SystemResources/Heightfield/Materials/Logo/CustomLogoMat_Inst.uexp" 1280
"D:/Skald_TurnBasedStrategy_Code/Content/M4/Blueprints/SystemResources/Heightfield/Meshes/VirtualHeightfieldIcon.ubulk" 1281
"D:/Skald_TurnBasedStrategy_Code/Content/M4/Blueprints/SystemResources/Heightfield/Meshes/VirtualHeightfieldIcon.uasset" 1282
"D:/Skald_TurnBasedStrategy_Code/Content/M4/Blueprints/SystemResources/Heightfield/Meshes/VirtualHeightfieldIcon.uexp" 1283
"D:/Skald_TurnBasedStrategy_Code/Content/M4/Blueprints/SystemResources/Heightfield/VirtualHeightfieldBP.uasset" 1284
"D:/Skald_TurnBasedStrategy_Code/Content/M4/Blueprints/SystemResources/Heightfield/VirtualHeightfieldBP.uexp" 1285
"D:/Skald_TurnBasedStrategy_Code/Content/M4/Foliage/ProceduralPlacers/PaintLayers/Custom02_PaintLayerFoliage.uasset" 1286
"D:/Skald_TurnBasedStrategy_Code/Content/M4/Foliage/ProceduralPlacers/PaintLayers/Custom02_PaintLayerFoliage.uexp" 1287
"D:/Skald_TurnBasedStrategy_Code/Content/M4/Maps/PaintWeights/Tundra_Demo_sharedassets/Custom01_LayerInfo.uasset" 1288
"D:/Skald_TurnBasedStrategy_Code/Content/M4/Maps/PaintWeights/Tundra_Demo_sharedassets/Custom01_LayerInfo.uexp" 1289
"D:/Skald_TurnBasedStrategy_Code/Content/M4/Foliage/ProceduralPlacers/Tundra/Tundra_FlatlandB.uasset" 1290
"D:/Skald_TurnBasedStrategy_Code/Content/M4/Foliage/ProceduralPlacers/Tundra/Tundra_FlatlandB.uexp" 1291
"D:/Skald_TurnBasedStrategy_Code/Content/M4/Maps/PaintWeights/Tundra_Demo_sharedassets/Remove_Slope_LayerInfo.uasset" 1292
"D:/Skald_TurnBasedStrategy_Code/Content/M4/Maps/PaintWeights/Tundra_Demo_sharedassets/Remove_Slope_LayerInfo.uexp" 1293
"D:/Skald_TurnBasedStrategy_Code/Content/M4/Foliage/ProceduralPlacers/Desert/Desert_EdgeOfSlope.uasset" 1294
"D:/Skald_TurnBasedStrategy_Code/Content/M4/Foliage/ProceduralPlacers/Desert/Desert_EdgeOfSlope.uexp" 1295
"D:/Skald_TurnBasedStrategy_Code/Content/M4/Maps/PaintWeights/Tundra_Demo_sharedassets/Custom02_LayerInfo.uasset" 1296
"D:/Skald_TurnBasedStrategy_Code/Content/M4/Maps/PaintWeights/Tundra_Demo_sharedassets/Custom02_LayerInfo.uexp" 1297
"D:/Skald_TurnBasedStrategy_Code/Content/M4/Foliage/ProceduralPlacers/Tundra/Tundra_FlatlandA.uasset" 1298
"D:/Skald_TurnBasedStrategy_Code/Content/M4/Foliage/ProceduralPlacers/Tundra/Tundra_FlatlandA.uexp" 1299
"D:/Skald_TurnBasedStrategy_Code/Content/M4/SoundSystem/PhysicalMaterials/FlatlandB_PM.uasset" 1300
"D:/Skald_TurnBasedStrategy_Code/Content/M4/SoundSystem/PhysicalMaterials/FlatlandB_PM.uexp" 1301
"D:/Skald_TurnBasedStrategy_Code/Content/M4/Foliage/Plants/Textures/FlowerTop-White.uasset" 1302
"D:/Skald_TurnBasedStrategy_Code/Content/M4/Foliage/Plants/Textures/FlowerTop-White.uexp" 1303
"D:/Skald_TurnBasedStrategy_Code/Content/M4/Foliage/Plants/Textures/Middle_Gradient.ubulk" 1304
"D:/Skald_TurnBasedStrategy_Code/Content/M4/Foliage/Plants/Textures/Middle_Gradient.uasset" 1305
"D:/Skald_TurnBasedStrategy_Code/Content/M4/Foliage/Plants/Textures/Middle_Gradient.uexp" 1306
"../../../Engine/Content/Functions/Engine_MaterialFunctions02/ExampleContent/Textures/LowResBlurredNoise.uasset" 1307
"../../../Engine/Content/Functions/Engine_MaterialFunctions02/ExampleContent/Textures/LowResBlurredNoise.uexp" 1308
"D:/Skald_TurnBasedStrategy_Code/Content/M4/Foliage/Plants/Textures/PerlinNoise.ubulk" 1309
"D:/Skald_TurnBasedStrategy_Code/Content/M4/Foliage/Plants/Textures/PerlinNoise.uasset" 1310
"D:/Skald_TurnBasedStrategy_Code/Content/M4/Foliage/Plants/Textures/PerlinNoise.uexp" 1311
"D:/Skald_TurnBasedStrategy_Code/Content/M4/Extras/UniversalColorCorrector/FoliageColorCorrectorMPC.uasset" 1312
"D:/Skald_TurnBasedStrategy_Code/Content/M4/Extras/UniversalColorCorrector/FoliageColorCorrectorMPC.uexp" 1313
"../../../Engine/Content/Functions/Engine_MaterialFunctions01/WorldPositionOffset/SimpleGrassWind.uasset" 1314
"../../../Engine/Content/Functions/Engine_MaterialFunctions01/WorldPositionOffset/SimpleGrassWind.uexp" 1315
"D:/Skald_TurnBasedStrategy_Code/Content/M4/Blueprints/SystemResources/Trails/Textures/RTs/V3/FoliageInteraction/RT_FoliageI_PersistentBlurred.uasset" 1316
"D:/Skald_TurnBasedStrategy_Code/Content/M4/Blueprints/SystemResources/Trails/Textures/RTs/V3/FoliageInteraction/RT_FoliageI_PersistentBlurred.uexp" 1317
"../../../Engine/Content/Functions/Engine_MaterialFunctions02/PivotPainter/PivotPainter_PerObjectData.uasset" 1318
"../../../Engine/Content/Functions/Engine_MaterialFunctions02/PivotPainter/PivotPainter_PerObjectData.uexp" 1319
"D:/Skald_TurnBasedStrategy_Code/Content/M4/Materials/MasterMaterials/Functions/UE5/NaniteObjectPosition.uasset" 1320
"D:/Skald_TurnBasedStrategy_Code/Content/M4/Materials/MasterMaterials/Functions/UE5/NaniteObjectPosition.uexp" 1321
"D:/Skald_TurnBasedStrategy_Code/Content/M4/TrailSystem/ForFoliage/FoliageWiggle.uasset" 1322
"D:/Skald_TurnBasedStrategy_Code/Content/M4/TrailSystem/ForFoliage/FoliageWiggle.uexp" 1323
"D:/Skald_TurnBasedStrategy_Code/Content/M4/Foliage/Plants/Materials/WorldCoords-XY.uasset" 1324
"D:/Skald_TurnBasedStrategy_Code/Content/M4/Foliage/Plants/Materials/WorldCoords-XY.uexp" 1325
"../../../Engine/Content/Functions/Engine_MaterialFunctions01/Gradient/LinearGradient.uasset" 1326
"../../../Engine/Content/Functions/Engine_MaterialFunctions01/Gradient/LinearGradient.uexp" 1327
"../../../Engine/Content/Functions/Engine_MaterialFunctions01/ImageAdjustment/CheapContrast.uasset" 1328
"../../../Engine/Content/Functions/Engine_MaterialFunctions01/ImageAdjustment/CheapContrast.uexp" 1329
"D:/Skald_TurnBasedStrategy_Code/Content/M4/Foliage/Plants/Textures/WindNormalMap.ubulk" 1330
"D:/Skald_TurnBasedStrategy_Code/Content/M4/Foliage/Plants/Textures/WindNormalMap.uasset" 1331
"D:/Skald_TurnBasedStrategy_Code/Content/M4/Foliage/Plants/Textures/WindNormalMap.uexp" 1332
"D:/Skald_TurnBasedStrategy_Code/Content/M4/Extras/AdvancedFoliageWind/AdvancedFoliageWind.uasset" 1333
"D:/Skald_TurnBasedStrategy_Code/Content/M4/Extras/AdvancedFoliageWind/AdvancedFoliageWind.uexp" 1334
"D:/Skald_TurnBasedStrategy_Code/Content/M4/Foliage/Plants/Textures/Orange_Flower_Small_Petals.ubulk" 1335
"D:/Skald_TurnBasedStrategy_Code/Content/M4/Foliage/Plants/Textures/Orange_Flower_Small_Petals.uasset" 1336
"D:/Skald_TurnBasedStrategy_Code/Content/M4/Foliage/Plants/Textures/Orange_Flower_Small_Petals.uexp" 1337
"D:/Skald_TurnBasedStrategy_Code/Content/M4/Extras/UniversalColorCorrector/FoliageColorCorrectorFunction.uasset" 1338
"D:/Skald_TurnBasedStrategy_Code/Content/M4/Extras/UniversalColorCorrector/FoliageColorCorrectorFunction.uexp" 1339
"D:/Skald_TurnBasedStrategy_Code/Content/M4/Foliage/Plants/Materials/Flowers/FlowerMat-Master.uasset" 1340
"D:/Skald_TurnBasedStrategy_Code/Content/M4/Foliage/Plants/Materials/Flowers/FlowerMat-Master.uexp" 1341
"D:/Skald_TurnBasedStrategy_Code/Content/M4/Foliage/Plants/Materials/Flowers/FlowerTopMat-Master_Inst2.uasset" 1342
"D:/Skald_TurnBasedStrategy_Code/Content/M4/Foliage/Plants/Materials/Flowers/FlowerTopMat-Master_Inst2.uexp" 1343
"D:/Skald_TurnBasedStrategy_Code/Content/M4/Foliage/Plants/Materials/Flowers/FlowerTopMat-Master_Inst.uasset" 1344
"D:/Skald_TurnBasedStrategy_Code/Content/M4/Foliage/Plants/Materials/Flowers/FlowerTopMat-Master_Inst.uexp" 1345
"D:/Skald_TurnBasedStrategy_Code/Content/M4/Foliage/Plants/Materials/Flowers/FlowerStemMaster_Inst.uasset" 1346
"D:/Skald_TurnBasedStrategy_Code/Content/M4/Foliage/Plants/Materials/Flowers/FlowerStemMaster_Inst.uexp" 1347
"D:/Skald_TurnBasedStrategy_Code/Content/M4/Foliage/Plants/Textures/SmallLeaf.ubulk" 1348
"D:/Skald_TurnBasedStrategy_Code/Content/M4/Foliage/Plants/Textures/SmallLeaf.uasset" 1349
"D:/Skald_TurnBasedStrategy_Code/Content/M4/Foliage/Plants/Textures/SmallLeaf.uexp" 1350
"D:/Skald_TurnBasedStrategy_Code/Content/M4/Foliage/Plants/Textures/Center_Gradient.ubulk" 1351
"D:/Skald_TurnBasedStrategy_Code/Content/M4/Foliage/Plants/Textures/Center_Gradient.uasset" 1352
"D:/Skald_TurnBasedStrategy_Code/Content/M4/Foliage/Plants/Textures/Center_Gradient.uexp" 1353
"D:/Skald_TurnBasedStrategy_Code/Content/M4/Foliage/Plants/Textures/SmallLeaf_NRM.ubulk" 1354
"D:/Skald_TurnBasedStrategy_Code/Content/M4/Foliage/Plants/Textures/SmallLeaf_NRM.uasset" 1355
"D:/Skald_TurnBasedStrategy_Code/Content/M4/Foliage/Plants/Textures/SmallLeaf_NRM.uexp" 1356
"D:/Skald_TurnBasedStrategy_Code/Content/M4/Foliage/Plants/Materials/Leaf/LeafMat.uasset" 1357
"D:/Skald_TurnBasedStrategy_Code/Content/M4/Foliage/Plants/Materials/Leaf/LeafMat.uexp" 1358
"D:/Skald_TurnBasedStrategy_Code/Content/M4/Foliage/Plants/Materials/Leaf/Leaf_Inst.uasset" 1359
"D:/Skald_TurnBasedStrategy_Code/Content/M4/Foliage/Plants/Materials/Leaf/Leaf_Inst.uexp" 1360
"D:/Skald_TurnBasedStrategy_Code/Content/M4/Foliage/Plants/Materials/Leaf/Leaf_Inst2.uasset" 1361
"D:/Skald_TurnBasedStrategy_Code/Content/M4/Foliage/Plants/Materials/Leaf/Leaf_Inst2.uexp" 1362
"D:/Skald_TurnBasedStrategy_Code/Content/M4/Foliage/Plants/Meshes/Flowers/GeraniumCluster.ubulk" 1363
"D:/Skald_TurnBasedStrategy_Code/Content/M4/Foliage/Plants/Meshes/Flowers/GeraniumCluster.uasset" 1364
"D:/Skald_TurnBasedStrategy_Code/Content/M4/Foliage/Plants/Meshes/Flowers/GeraniumCluster.uexp" 1365
"D:/Skald_TurnBasedStrategy_Code/Content/M4/Foliage/Plants/Meshes/Flowers/GeraniumClusterSmall.uasset" 1366
"D:/Skald_TurnBasedStrategy_Code/Content/M4/Foliage/Plants/Meshes/Flowers/GeraniumClusterSmall.uexp" 1367
"D:/Skald_TurnBasedStrategy_Code/Content/M4/Foliage/Plants/Textures/BushLeavesWithAlpha.uasset" 1368
"D:/Skald_TurnBasedStrategy_Code/Content/M4/Foliage/Plants/Textures/BushLeavesWithAlpha.uexp" 1369
"D:/Skald_TurnBasedStrategy_Code/Content/M4/Foliage/Plants/Textures/BushLeavesWithAlpha_SPEC.ubulk" 1370
"D:/Skald_TurnBasedStrategy_Code/Content/M4/Foliage/Plants/Textures/BushLeavesWithAlpha_SPEC.uasset" 1371
"D:/Skald_TurnBasedStrategy_Code/Content/M4/Foliage/Plants/Textures/BushLeavesWithAlpha_SPEC.uexp" 1372
"../../../Engine/Content/EngineMaterials/Good64x64TilingNoiseHighFreq.uasset" 1373
"../../../Engine/Content/EngineMaterials/Good64x64TilingNoiseHighFreq.uexp" 1374
"D:/Skald_TurnBasedStrategy_Code/Content/M4/Foliage/Plants/Materials/Grass/Misc/ColorVariationFunction.uasset" 1375
"D:/Skald_TurnBasedStrategy_Code/Content/M4/Foliage/Plants/Materials/Grass/Misc/ColorVariationFunction.uexp" 1376
"../../../Engine/Content/Functions/Engine_MaterialFunctions02/Texturing/ScreenAlignedPixelToPixelUVs.uasset" 1377
"../../../Engine/Content/Functions/Engine_MaterialFunctions02/Texturing/ScreenAlignedPixelToPixelUVs.uexp" 1378
"../../../Engine/Content/Functions/Engine_MaterialFunctions02/Utility/DitherTemporalAA.uasset" 1379
"../../../Engine/Content/Functions/Engine_MaterialFunctions02/Utility/DitherTemporalAA.uexp" 1380
"D:/Skald_TurnBasedStrategy_Code/Content/M4/Foliage/Plants/Textures/BushLeavesWithAlpha_NORM.uasset" 1381
"D:/Skald_TurnBasedStrategy_Code/Content/M4/Foliage/Plants/Textures/BushLeavesWithAlpha_NORM.uexp" 1382
"D:/Skald_TurnBasedStrategy_Code/Content/M4/Foliage/Plants/Materials/Bushes/BushMasterMat.uasset" 1383
"D:/Skald_TurnBasedStrategy_Code/Content/M4/Foliage/Plants/Materials/Bushes/BushMasterMat.uexp" 1384
"D:/Skald_TurnBasedStrategy_Code/Content/M4/Foliage/Plants/Materials/Bushes/BushMasterMat_Inst.uasset" 1385
"D:/Skald_TurnBasedStrategy_Code/Content/M4/Foliage/Plants/Materials/Bushes/BushMasterMat_Inst.uexp" 1386
"D:/Skald_TurnBasedStrategy_Code/Content/M4/Foliage/Plants/Meshes/Bushes/BabyBush01.ubulk" 1387
"D:/Skald_TurnBasedStrategy_Code/Content/M4/Foliage/Plants/Meshes/Bushes/BabyBush01.uasset" 1388
"D:/Skald_TurnBasedStrategy_Code/Content/M4/Foliage/Plants/Meshes/Bushes/BabyBush01.uexp" 1389
"D:/Skald_TurnBasedStrategy_Code/Content/M4/Textures/Noise/StaticNoise_LC.ubulk" 1390
"D:/Skald_TurnBasedStrategy_Code/Content/M4/Textures/Noise/StaticNoise_LC.uasset" 1391
"D:/Skald_TurnBasedStrategy_Code/Content/M4/Textures/Noise/StaticNoise_LC.uexp" 1392
"D:/Skald_TurnBasedStrategy_Code/Content/M4/Textures/Noise/ScratchNoiseAlpha.ubulk" 1393
"D:/Skald_TurnBasedStrategy_Code/Content/M4/Textures/Noise/ScratchNoiseAlpha.uasset" 1394
"D:/Skald_TurnBasedStrategy_Code/Content/M4/Textures/Noise/ScratchNoiseAlpha.uexp" 1395
"D:/Skald_TurnBasedStrategy_Code/Content/M4/Foliage/Plants/Materials/Grass/AdvancedGrassSystem/ProceduralDeadening-AGS.uasset" 1396
"D:/Skald_TurnBasedStrategy_Code/Content/M4/Foliage/Plants/Materials/Grass/AdvancedGrassSystem/ProceduralDeadening-AGS.uexp" 1397
"D:/Skald_TurnBasedStrategy_Code/Content/M4/Blueprints/SystemResources/Trails/MaterialFuncs/MF_MaskUV0-1.uasset" 1398
"D:/Skald_TurnBasedStrategy_Code/Content/M4/Blueprints/SystemResources/Trails/MaterialFuncs/MF_MaskUV0-1.uexp" 1399
"D:/Skald_TurnBasedStrategy_Code/Content/M4/Foliage/Plants/Textures/GrassWithAlpha.ubulk" 1400
"D:/Skald_TurnBasedStrategy_Code/Content/M4/Foliage/Plants/Textures/GrassWithAlpha.uasset" 1401
"D:/Skald_TurnBasedStrategy_Code/Content/M4/Foliage/Plants/Textures/GrassWithAlpha.uexp" 1402
"D:/Skald_TurnBasedStrategy_Code/Content/M4/Foliage/Plants/Materials/Grass/AdvancedGrassSystem/CameraFacing-AGS.uasset" 1403
"D:/Skald_TurnBasedStrategy_Code/Content/M4/Foliage/Plants/Materials/Grass/AdvancedGrassSystem/CameraFacing-AGS.uexp" 1404
"D:/Skald_TurnBasedStrategy_Code/Content/M4/Foliage/Plants/Materials/Grass/AdvancedGrassSystem/BladeCurling-AGS.uasset" 1405
"D:/Skald_TurnBasedStrategy_Code/Content/M4/Foliage/Plants/Materials/Grass/AdvancedGrassSystem/BladeCurling-AGS.uexp" 1406
"D:/Skald_TurnBasedStrategy_Code/Content/M4/Materials/MasterMaterials/Functions/CheapContrastWithoutClamp.uasset" 1407
"D:/Skald_TurnBasedStrategy_Code/Content/M4/Materials/MasterMaterials/Functions/CheapContrastWithoutClamp.uexp" 1408
"D:/Skald_TurnBasedStrategy_Code/Content/M4/Foliage/Plants/Materials/Grass/AdvancedGrassSystem/ObjectScalingWithNoise-AGS.uasset" 1409
"D:/Skald_TurnBasedStrategy_Code/Content/M4/Foliage/Plants/Materials/Grass/AdvancedGrassSystem/ObjectScalingWithNoise-AGS.uexp" 1410
"../../../Engine/Content/Functions/Engine_MaterialFunctions02/Math/CreateThirdOrthogonalVector.uasset" 1411
"../../../Engine/Content/Functions/Engine_MaterialFunctions02/Math/CreateThirdOrthogonalVector.uexp" 1412
"../../../Engine/Content/Functions/Engine_MaterialFunctions02/TangentBasis.uasset" 1413
"../../../Engine/Content/Functions/Engine_MaterialFunctions02/TangentBasis.uexp" 1414
"../../../Engine/Content/Functions/Engine_MaterialFunctions01/WorldPositionOffset/SplineThicken.uasset" 1415
"../../../Engine/Content/Functions/Engine_MaterialFunctions01/WorldPositionOffset/SplineThicken.uexp" 1416
"D:/Skald_TurnBasedStrategy_Code/Content/M4/Foliage/Plants/Textures/GhostGrass_normals.ubulk" 1417
"D:/Skald_TurnBasedStrategy_Code/Content/M4/Foliage/Plants/Textures/GhostGrass_normals.uasset" 1418
"D:/Skald_TurnBasedStrategy_Code/Content/M4/Foliage/Plants/Textures/GhostGrass_normals.uexp" 1419
"D:/Skald_TurnBasedStrategy_Code/Content/M4/Foliage/Plants/Materials/Grass/AdvancedGrassSystem/Eccentricity-AGS.uasset" 1420
"D:/Skald_TurnBasedStrategy_Code/Content/M4/Foliage/Plants/Materials/Grass/AdvancedGrassSystem/Eccentricity-AGS.uexp" 1421
"D:/Skald_TurnBasedStrategy_Code/Content/M4/TrailSystem/ForFoliage/FoliageTrample.uasset" 1422
"D:/Skald_TurnBasedStrategy_Code/Content/M4/TrailSystem/ForFoliage/FoliageTrample.uexp" 1423
"D:/Skald_TurnBasedStrategy_Code/Content/M4/Foliage/Plants/Materials/Grass/AdvancedGrassSystem/ColoringModule-AGS.uasset" 1424
"D:/Skald_TurnBasedStrategy_Code/Content/M4/Foliage/Plants/Materials/Grass/AdvancedGrassSystem/ColoringModule-AGS.uexp" 1425
"D:/Skald_TurnBasedStrategy_Code/Content/M4/Materials/MasterMaterials/Functions/TilingReduction/MacroBrightnessVariation.uasset" 1426
"D:/Skald_TurnBasedStrategy_Code/Content/M4/Materials/MasterMaterials/Functions/TilingReduction/MacroBrightnessVariation.uexp" 1427
"D:/Skald_TurnBasedStrategy_Code/Content/M4/Foliage/Plants/Materials/Grass/HQ_Grass/AGS-GrassMaster.uasset" 1428
"D:/Skald_TurnBasedStrategy_Code/Content/M4/Foliage/Plants/Materials/Grass/HQ_Grass/AGS-GrassMaster.uexp" 1429
"D:/Skald_TurnBasedStrategy_Code/Content/M4/Foliage/Plants/Materials/Grass/HQ_Grass/AGS-GrassMaster_Inst1.uasset" 1430
"D:/Skald_TurnBasedStrategy_Code/Content/M4/Foliage/Plants/Materials/Grass/HQ_Grass/AGS-GrassMaster_Inst1.uexp" 1431
"D:/Skald_TurnBasedStrategy_Code/Content/M4/Foliage/Plants/Materials/Grass/HQ_Grass/AGS-GrassMaster_Inst1_Inst.uasset" 1432
"D:/Skald_TurnBasedStrategy_Code/Content/M4/Foliage/Plants/Materials/Grass/HQ_Grass/AGS-GrassMaster_Inst1_Inst.uexp" 1433
"D:/Skald_TurnBasedStrategy_Code/Content/M4/Foliage/Plants/Meshes/Grass/HQ_Grass/Spline-LowPolyGrassDistanceFill.ubulk" 1434
"D:/Skald_TurnBasedStrategy_Code/Content/M4/Foliage/Plants/Meshes/Grass/HQ_Grass/Spline-LowPolyGrassDistanceFill.uasset" 1435
"D:/Skald_TurnBasedStrategy_Code/Content/M4/Foliage/Plants/Meshes/Grass/HQ_Grass/Spline-LowPolyGrassDistanceFill.uexp" 1436
"D:/Skald_TurnBasedStrategy_Code/Content/M4/Foliage/Plants/Textures/Clover.uasset" 1437
"D:/Skald_TurnBasedStrategy_Code/Content/M4/Foliage/Plants/Textures/Clover.uexp" 1438
"D:/Skald_TurnBasedStrategy_Code/Content/M4/Foliage/Plants/Textures/Clover_NRM.uasset" 1439
"D:/Skald_TurnBasedStrategy_Code/Content/M4/Foliage/Plants/Textures/Clover_NRM.uexp" 1440
"D:/Skald_TurnBasedStrategy_Code/Content/M4/Foliage/Plants/Materials/Clovers/CloverTop.uasset" 1441
"D:/Skald_TurnBasedStrategy_Code/Content/M4/Foliage/Plants/Materials/Clovers/CloverTop.uexp" 1442
"D:/Skald_TurnBasedStrategy_Code/Content/M4/Foliage/Plants/Materials/Clovers/CloverTop_Inst.uasset" 1443
"D:/Skald_TurnBasedStrategy_Code/Content/M4/Foliage/Plants/Materials/Clovers/CloverTop_Inst.uexp" 1444
"D:/Skald_TurnBasedStrategy_Code/Content/M4/Foliage/Plants/Materials/Clovers/CloverTop_Inst1.uasset" 1445
"D:/Skald_TurnBasedStrategy_Code/Content/M4/Foliage/Plants/Materials/Clovers/CloverTop_Inst1.uexp" 1446
"D:/Skald_TurnBasedStrategy_Code/Content/M4/Foliage/Plants/Meshes/Clovers/CloverPatchMedium.uasset" 1447
"D:/Skald_TurnBasedStrategy_Code/Content/M4/Foliage/Plants/Meshes/Clovers/CloverPatchMedium.uexp" 1448
"D:/Skald_TurnBasedStrategy_Code/Content/M4/Foliage/Plants/Textures/GrassWithAlpha3.ubulk" 1449
"D:/Skald_TurnBasedStrategy_Code/Content/M4/Foliage/Plants/Textures/GrassWithAlpha3.uasset" 1450
"D:/Skald_TurnBasedStrategy_Code/Content/M4/Foliage/Plants/Textures/GrassWithAlpha3.uexp" 1451
"D:/Skald_TurnBasedStrategy_Code/Content/M4/Foliage/Plants/Textures/NewgrasstexturefromblenderNORMALMAP5.ubulk" 1452
"D:/Skald_TurnBasedStrategy_Code/Content/M4/Foliage/Plants/Textures/NewgrasstexturefromblenderNORMALMAP5.uasset" 1453
"D:/Skald_TurnBasedStrategy_Code/Content/M4/Foliage/Plants/Textures/NewgrasstexturefromblenderNORMALMAP5.uexp" 1454
"../../../Engine/Content/Functions/Engine_MaterialFunctions01/Texturing/WorldAlignedTexture.uasset" 1455
"../../../Engine/Content/Functions/Engine_MaterialFunctions01/Texturing/WorldAlignedTexture.uexp" 1456
"D:/Skald_TurnBasedStrategy_Code/Content/M4/Textures/Sand/B/SandBaseRoughness.uasset" 1457
"D:/Skald_TurnBasedStrategy_Code/Content/M4/Textures/Sand/B/SandBaseRoughness.uexp" 1458
"D:/Skald_TurnBasedStrategy_Code/Content/M4/Foliage/Plants/Materials/Grass/ShortGrass/MaskedGrassMaster-Short.uasset" 1459
"D:/Skald_TurnBasedStrategy_Code/Content/M4/Foliage/Plants/Materials/Grass/ShortGrass/MaskedGrassMaster-Short.uexp" 1460
"D:/Skald_TurnBasedStrategy_Code/Content/M4/Foliage/Plants/Materials/Grass/ShortGrass/MaskedGrassMaster_Inst.uasset" 1461
"D:/Skald_TurnBasedStrategy_Code/Content/M4/Foliage/Plants/Materials/Grass/ShortGrass/MaskedGrassMaster_Inst.uexp" 1462
"D:/Skald_TurnBasedStrategy_Code/Content/M4/Foliage/Plants/Meshes/Grass/GroundCover/LowPolyShortLawnGrass.ubulk" 1463
"D:/Skald_TurnBasedStrategy_Code/Content/M4/Foliage/Plants/Meshes/Grass/GroundCover/LowPolyShortLawnGrass.uasset" 1464
"D:/Skald_TurnBasedStrategy_Code/Content/M4/Foliage/Plants/Meshes/Grass/GroundCover/LowPolyShortLawnGrass.uexp" 1465
"D:/Skald_TurnBasedStrategy_Code/Content/M4/Foliage/Plants/Materials/Common/SimpleColorMat.uasset" 1466
"D:/Skald_TurnBasedStrategy_Code/Content/M4/Foliage/Plants/Materials/Common/SimpleColorMat.uexp" 1467
"D:/Skald_TurnBasedStrategy_Code/Content/M4/Foliage/Plants/Materials/Common/SimpleColorMat_Inst.uasset" 1468
"D:/Skald_TurnBasedStrategy_Code/Content/M4/Foliage/Plants/Materials/Common/SimpleColorMat_Inst.uexp" 1469
"D:/Skald_TurnBasedStrategy_Code/Content/M4/Foliage/Plants/Textures/SmallBush01LODCFP.ubulk" 1470
"D:/Skald_TurnBasedStrategy_Code/Content/M4/Foliage/Plants/Textures/SmallBush01LODCFP.uasset" 1471
"D:/Skald_TurnBasedStrategy_Code/Content/M4/Foliage/Plants/Textures/SmallBush01LODCFP.uexp" 1472
"D:/Skald_TurnBasedStrategy_Code/Content/M4/Foliage/Plants/Materials/Grass/AdvancedGrassSystem/ColorVariation.uasset" 1473
"D:/Skald_TurnBasedStrategy_Code/Content/M4/Foliage/Plants/Materials/Grass/AdvancedGrassSystem/ColorVariation.uexp" 1474
"D:/Skald_TurnBasedStrategy_Code/Content/M4/Foliage/Plants/Textures/CatTailLODCFP.uasset" 1475
"D:/Skald_TurnBasedStrategy_Code/Content/M4/Foliage/Plants/Textures/CatTailLODCFP.uexp" 1476
"D:/Skald_TurnBasedStrategy_Code/Content/M4/Foliage/Plants/Materials/Common/SimpleLODMasterMat.uasset" 1477
"D:/Skald_TurnBasedStrategy_Code/Content/M4/Foliage/Plants/Materials/Common/SimpleLODMasterMat.uexp" 1478
"D:/Skald_TurnBasedStrategy_Code/Content/M4/Foliage/Plants/Materials/Bushes/SimpleLODMasterMat_Inst1.uasset" 1479
"D:/Skald_TurnBasedStrategy_Code/Content/M4/Foliage/Plants/Materials/Bushes/SimpleLODMasterMat_Inst1.uexp" 1480
"D:/Skald_TurnBasedStrategy_Code/Content/M4/Foliage/Plants/Textures/SmallBushAO_occlusion.ubulk" 1481
"D:/Skald_TurnBasedStrategy_Code/Content/M4/Foliage/Plants/Textures/SmallBushAO_occlusion.uasset" 1482
"D:/Skald_TurnBasedStrategy_Code/Content/M4/Foliage/Plants/Textures/SmallBushAO_occlusion.uexp" 1483
"D:/Skald_TurnBasedStrategy_Code/Content/M4/Foliage/Plants/Materials/Bushes/BushMasterMat_Inst_Inst.uasset" 1484
"D:/Skald_TurnBasedStrategy_Code/Content/M4/Foliage/Plants/Materials/Bushes/BushMasterMat_Inst_Inst.uexp" 1485
"D:/Skald_TurnBasedStrategy_Code/Content/M4/Foliage/Plants/Meshes/Bushes/MediumSizedBush03.ubulk" 1486
"D:/Skald_TurnBasedStrategy_Code/Content/M4/Foliage/Plants/Meshes/Bushes/MediumSizedBush03.uasset" 1487
"D:/Skald_TurnBasedStrategy_Code/Content/M4/Foliage/Plants/Meshes/Bushes/MediumSizedBush03.uexp" 1488
"D:/Skald_TurnBasedStrategy_Code/Content/M4/Foliage/Plants/Meshes/Bushes/MediumBush01.ubulk" 1489
"D:/Skald_TurnBasedStrategy_Code/Content/M4/Foliage/Plants/Meshes/Bushes/MediumBush01.uasset" 1490
"D:/Skald_TurnBasedStrategy_Code/Content/M4/Foliage/Plants/Meshes/Bushes/MediumBush01.uexp" 1491
"D:/Skald_TurnBasedStrategy_Code/Content/M4/Foliage/Plants/Meshes/Grass/HQ_Grass/Spline-GrassClusterA.ubulk" 1492
"D:/Skald_TurnBasedStrategy_Code/Content/M4/Foliage/Plants/Meshes/Grass/HQ_Grass/Spline-GrassClusterA.uasset" 1493
"D:/Skald_TurnBasedStrategy_Code/Content/M4/Foliage/Plants/Meshes/Grass/HQ_Grass/Spline-GrassClusterA.uexp" 1494
"D:/Skald_TurnBasedStrategy_Code/Content/M4/Foliage/Plants/Materials/Bushes/BushMasterMat_Inst_Inst1.uasset" 1495
"D:/Skald_TurnBasedStrategy_Code/Content/M4/Foliage/Plants/Materials/Bushes/BushMasterMat_Inst_Inst1.uexp" 1496
"D:/Skald_TurnBasedStrategy_Code/Content/M4/Foliage/Plants/Meshes/Bushes/BabyBush03.ubulk" 1497
"D:/Skald_TurnBasedStrategy_Code/Content/M4/Foliage/Plants/Meshes/Bushes/BabyBush03.uasset" 1498
"D:/Skald_TurnBasedStrategy_Code/Content/M4/Foliage/Plants/Meshes/Bushes/BabyBush03.uexp" 1499
"D:/Skald_TurnBasedStrategy_Code/Content/M4/Foliage/Plants/Materials/Grass/HQ_Grass/AGS-GrassMaster-Standard.uasset" 1500
"D:/Skald_TurnBasedStrategy_Code/Content/M4/Foliage/Plants/Materials/Grass/HQ_Grass/AGS-GrassMaster-Standard.uexp" 1501
"D:/Skald_TurnBasedStrategy_Code/Content/M4/Foliage/Plants/Materials/Grass/HQ_Grass/AGS-GrassMasterStandard_Inst.uasset" 1502
"D:/Skald_TurnBasedStrategy_Code/Content/M4/Foliage/Plants/Materials/Grass/HQ_Grass/AGS-GrassMasterStandard_Inst.uexp" 1503
"D:/Skald_TurnBasedStrategy_Code/Content/M4/Foliage/Plants/Meshes/Grass/HQ_Grass/GrassClusterB.ubulk" 1504
"D:/Skald_TurnBasedStrategy_Code/Content/M4/Foliage/Plants/Meshes/Grass/HQ_Grass/GrassClusterB.uasset" 1505
"D:/Skald_TurnBasedStrategy_Code/Content/M4/Foliage/Plants/Meshes/Grass/HQ_Grass/GrassClusterB.uexp" 1506
"D:/Skald_TurnBasedStrategy_Code/Content/M4/Foliage/Plants/Meshes/Clovers/CloverSmall.uasset" 1507
"D:/Skald_TurnBasedStrategy_Code/Content/M4/Foliage/Plants/Meshes/Clovers/CloverSmall.uexp" 1508
"D:/Skald_TurnBasedStrategy_Code/Content/M4/Foliage/ProceduralPlacers/PaintLayers/Grass_PaintLayerFoliage.uasset" 1509
"D:/Skald_TurnBasedStrategy_Code/Content/M4/Foliage/ProceduralPlacers/PaintLayers/Grass_PaintLayerFoliage.uexp" 1510
"D:/Skald_TurnBasedStrategy_Code/Content/M4/Foliage/ProceduralPlacers/Tundra/Tundra_EdgeOfSlope.uasset" 1511
"D:/Skald_TurnBasedStrategy_Code/Content/M4/Foliage/ProceduralPlacers/Tundra/Tundra_EdgeOfSlope.uexp" 1512
"D:/Skald_TurnBasedStrategy_Code/Content/M4/Maps/PaintWeights/Tundra_Demo_sharedassets/Remove_Foliage_LayerInfo.uasset" 1513
"D:/Skald_TurnBasedStrategy_Code/Content/M4/Maps/PaintWeights/Tundra_Demo_sharedassets/Remove_Foliage_LayerInfo.uexp" 1514
"D:/Skald_TurnBasedStrategy_Code/Content/GothicTemple/Environment/Props/Rocks/T_Rocky_Wall_N.ubulk" 1515
"D:/Skald_TurnBasedStrategy_Code/Content/GothicTemple/Environment/Props/Rocks/T_Rocky_Wall_N.uasset" 1516
"D:/Skald_TurnBasedStrategy_Code/Content/GothicTemple/Environment/Props/Rocks/T_Rocky_Wall_N.uexp" 1517
"../../../Engine/Content/EngineDebugMaterials/HeatmapGradient.ubulk" 1518
"../../../Engine/Content/EngineDebugMaterials/HeatmapGradient.uasset" 1519
"../../../Engine/Content/EngineDebugMaterials/HeatmapGradient.uexp" 1520
"../../../Engine/Content/Functions/Engine_MaterialFunctions01/ImageAdjustment/CheapContrast_RGB.uasset" 1521
"../../../Engine/Content/Functions/Engine_MaterialFunctions01/ImageAdjustment/CheapContrast_RGB.uexp" 1522
"D:/Skald_TurnBasedStrategy_Code/Content/GothicTemple/Environment/Textures/GenericTextures/T_Sparkles.ubulk" 1523
"D:/Skald_TurnBasedStrategy_Code/Content/GothicTemple/Environment/Textures/GenericTextures/T_Sparkles.uasset" 1524
"D:/Skald_TurnBasedStrategy_Code/Content/GothicTemple/Environment/Textures/GenericTextures/T_Sparkles.uexp" 1525
"D:/Skald_TurnBasedStrategy_Code/Content/GothicTemple/Environment/Textures/Snow_02/T_Snow_02_N.ubulk" 1526
"D:/Skald_TurnBasedStrategy_Code/Content/GothicTemple/Environment/Textures/Snow_02/T_Snow_02_N.uasset" 1527
"D:/Skald_TurnBasedStrategy_Code/Content/GothicTemple/Environment/Textures/Snow_02/T_Snow_02_N.uexp" 1528
"D:/Skald_TurnBasedStrategy_Code/Content/GothicTemple/Environment/Props/Rocks/T_CliffRock_02_BC.ubulk" 1529
"D:/Skald_TurnBasedStrategy_Code/Content/GothicTemple/Environment/Props/Rocks/T_CliffRock_02_BC.uasset" 1530
"D:/Skald_TurnBasedStrategy_Code/Content/GothicTemple/Environment/Props/Rocks/T_CliffRock_02_BC.uexp" 1531
"D:/Skald_TurnBasedStrategy_Code/Content/GothicTemple/Environment/Textures/Snow_02/T_Snow_02_R.ubulk" 1532
"D:/Skald_TurnBasedStrategy_Code/Content/GothicTemple/Environment/Textures/Snow_02/T_Snow_02_R.uasset" 1533
"D:/Skald_TurnBasedStrategy_Code/Content/GothicTemple/Environment/Textures/Snow_02/T_Snow_02_R.uexp" 1534
"../../../Engine/Content/Functions/Engine_MaterialFunctions01/AlphaBlend/WorldAlignedBlend.uasset" 1535
"../../../Engine/Content/Functions/Engine_MaterialFunctions01/AlphaBlend/WorldAlignedBlend.uexp" 1536
"../../../Engine/Content/Functions/Engine_MaterialFunctions01/Shading/FuzzyShading.uasset" 1537
"../../../Engine/Content/Functions/Engine_MaterialFunctions01/Shading/FuzzyShading.uexp" 1538
"D:/Skald_TurnBasedStrategy_Code/Content/GothicTemple/Environment/Textures/Snow_02/T_Snow_02_BC.ubulk" 1539
"D:/Skald_TurnBasedStrategy_Code/Content/GothicTemple/Environment/Textures/Snow_02/T_Snow_02_BC.uasset" 1540
"D:/Skald_TurnBasedStrategy_Code/Content/GothicTemple/Environment/Textures/Snow_02/T_Snow_02_BC.uexp" 1541
"D:/Skald_TurnBasedStrategy_Code/Content/GothicTemple/Environment/Props/Rocks/T_Rocks_N.ubulk" 1542
"D:/Skald_TurnBasedStrategy_Code/Content/GothicTemple/Environment/Props/Rocks/T_Rocks_N.uasset" 1543
"D:/Skald_TurnBasedStrategy_Code/Content/GothicTemple/Environment/Props/Rocks/T_Rocks_N.uexp" 1544
"D:/Skald_TurnBasedStrategy_Code/Content/GothicTemple/Environment/Props/Cliff/T_Cliff_AO.ubulk" 1545
"D:/Skald_TurnBasedStrategy_Code/Content/GothicTemple/Environment/Props/Cliff/T_Cliff_AO.uasset" 1546
"D:/Skald_TurnBasedStrategy_Code/Content/GothicTemple/Environment/Props/Cliff/T_Cliff_AO.uexp" 1547
"D:/Skald_TurnBasedStrategy_Code/Content/GothicTemple/Environment/Props/Cliff/M_CliffAndRocks.uasset" 1548
"D:/Skald_TurnBasedStrategy_Code/Content/GothicTemple/Environment/Props/Cliff/M_CliffAndRocks.uexp" 1549
"D:/Skald_TurnBasedStrategy_Code/Content/GothicTemple/Environment/Props/Rocks/T_Rocks_AO.ubulk" 1550
"D:/Skald_TurnBasedStrategy_Code/Content/GothicTemple/Environment/Props/Rocks/T_Rocks_AO.uasset" 1551
"D:/Skald_TurnBasedStrategy_Code/Content/GothicTemple/Environment/Props/Rocks/T_Rocks_AO.uexp" 1552
"D:/Skald_TurnBasedStrategy_Code/Content/GothicTemple/Environment/Props/Rocks/T_CliffRock_02_N.uasset" 1553
"D:/Skald_TurnBasedStrategy_Code/Content/GothicTemple/Environment/Props/Rocks/T_CliffRock_02_N.uexp" 1554
"D:/Skald_TurnBasedStrategy_Code/Content/GothicTemple/Environment/Props/Rocks/MI_SnowyRocks_01.uasset" 1555
"D:/Skald_TurnBasedStrategy_Code/Content/GothicTemple/Environment/Props/Rocks/MI_SnowyRocks_01.uexp" 1556
"D:/Skald_TurnBasedStrategy_Code/Content/GothicTemple/Environment/Props/Rocks/SM_Big_Rock_02.ubulk" 1557
"D:/Skald_TurnBasedStrategy_Code/Content/GothicTemple/Environment/Props/Rocks/SM_Big_Rock_02.uasset" 1558
"D:/Skald_TurnBasedStrategy_Code/Content/GothicTemple/Environment/Props/Rocks/SM_Big_Rock_02.uexp" 1559
"D:/Skald_TurnBasedStrategy_Code/Content/Blueprints/Obstacles/WinterEnviroment/Winer_Cliff_04.uasset" 1560
"D:/Skald_TurnBasedStrategy_Code/Content/Blueprints/Obstacles/WinterEnviroment/Winer_Cliff_04.uexp" 1561
"D:/Skald_TurnBasedStrategy_Code/Content/M4/Maps/PaintWeights/Tundra_Demo_sharedassets/Auto_LayerInfo.uasset" 1562
"D:/Skald_TurnBasedStrategy_Code/Content/M4/Maps/PaintWeights/Tundra_Demo_sharedassets/Auto_LayerInfo.uexp" 1563
"D:/Skald_TurnBasedStrategy_Code/Content/M4/Maps/PaintWeights/Tundra_Demo_sharedassets/Lighten_LayerInfo.uasset" 1564
"D:/Skald_TurnBasedStrategy_Code/Content/M4/Maps/PaintWeights/Tundra_Demo_sharedassets/Lighten_LayerInfo.uexp" 1565
"../../../Engine/Plugins/Experimental/Landmass/Content/PreviewContent/LayerInfos/Sand_LayerInfo.uasset" 1566
"../../../Engine/Plugins/Experimental/Landmass/Content/PreviewContent/LayerInfos/Sand_LayerInfo.uexp" 1567
"D:/Skald_TurnBasedStrategy_Code/Content/M4/Blueprints/SystemResources/RVT/Color/RuntimeVirtualTextureColorMedium.uasset" 1568
"D:/Skald_TurnBasedStrategy_Code/Content/M4/Blueprints/SystemResources/RVT/Color/RuntimeVirtualTextureColorMedium.uexp" 1569
"D:/Skald_TurnBasedStrategy_Code/Content/M4/Blueprints/SystemResources/RVT/Volumes/RVT-Volume-Color-Medium.uasset" 1570
"D:/Skald_TurnBasedStrategy_Code/Content/M4/Blueprints/SystemResources/RVT/Volumes/RVT-Volume-Color-Medium.uexp" 1571
"D:/Skald_TurnBasedStrategy_Code/Content/M4/Maps/PaintWeights/Tundra_Demo_sharedassets/Dirt_LayerInfo.uasset" 1572
"D:/Skald_TurnBasedStrategy_Code/Content/M4/Maps/PaintWeights/Tundra_Demo_sharedassets/Dirt_LayerInfo.uexp" 1573
"../../../Engine/Content/Functions/Engine_MaterialFunctions01/SpeedTree/SpeedTreeColorVariation.uasset" 1574
"../../../Engine/Content/Functions/Engine_MaterialFunctions01/SpeedTree/SpeedTreeColorVariation.uexp" 1575
"D:/Skald_TurnBasedStrategy_Code/Content/M4/Foliage/Rocks/Textures/RockSet01_Normal.ubulk" 1576
"D:/Skald_TurnBasedStrategy_Code/Content/M4/Foliage/Rocks/Textures/RockSet01_Normal.uasset" 1577
"D:/Skald_TurnBasedStrategy_Code/Content/M4/Foliage/Rocks/Textures/RockSet01_Normal.uexp" 1578
"D:/Skald_TurnBasedStrategy_Code/Content/M4/Foliage/Rocks/Textures/RockSet01_Diffuse.ubulk" 1579
"D:/Skald_TurnBasedStrategy_Code/Content/M4/Foliage/Rocks/Textures/RockSet01_Diffuse.uasset" 1580
"D:/Skald_TurnBasedStrategy_Code/Content/M4/Foliage/Rocks/Textures/RockSet01_Diffuse.uexp" 1581
"D:/Skald_TurnBasedStrategy_Code/Content/M4/Foliage/Rocks/Materials/SmallRocks/RockMasterMat.uasset" 1582
"D:/Skald_TurnBasedStrategy_Code/Content/M4/Foliage/Rocks/Materials/SmallRocks/RockMasterMat.uexp" 1583
"D:/Skald_TurnBasedStrategy_Code/Content/M4/Foliage/Rocks/Materials/SmallRocks/RockMasterMat_Inst.uasset" 1584
"D:/Skald_TurnBasedStrategy_Code/Content/M4/Foliage/Rocks/Materials/SmallRocks/RockMasterMat_Inst.uexp" 1585
"D:/Skald_TurnBasedStrategy_Code/Content/M4/Foliage/Rocks/Meshes/SmallRocks/SmallRockGroup03.ubulk" 1586
"D:/Skald_TurnBasedStrategy_Code/Content/M4/Foliage/Rocks/Meshes/SmallRocks/SmallRockGroup03.uasset" 1587
"D:/Skald_TurnBasedStrategy_Code/Content/M4/Foliage/Rocks/Meshes/SmallRocks/SmallRockGroup03.uexp" 1588
"D:/Skald_TurnBasedStrategy_Code/Content/M4/Foliage/Plants/Textures/CatTailTopDiffuse.ubulk" 1589
"D:/Skald_TurnBasedStrategy_Code/Content/M4/Foliage/Plants/Textures/CatTailTopDiffuse.uasset" 1590
"D:/Skald_TurnBasedStrategy_Code/Content/M4/Foliage/Plants/Textures/CatTailTopDiffuse.uexp" 1591
"../../../Engine/Content/Functions/Engine_MaterialFunctions03/Particles/Distance_Blend.uasset" 1592
"../../../Engine/Content/Functions/Engine_MaterialFunctions03/Particles/Distance_Blend.uexp" 1593
"D:/Skald_TurnBasedStrategy_Code/Content/M4/Foliage/Plants/Materials/CatTails/SplinePlantMasterMat.uasset" 1594
"D:/Skald_TurnBasedStrategy_Code/Content/M4/Foliage/Plants/Materials/CatTails/SplinePlantMasterMat.uexp" 1595
"D:/Skald_TurnBasedStrategy_Code/Content/M4/Foliage/Plants/Materials/CatTails/CatTail_Top_Inst.uasset" 1596
"D:/Skald_TurnBasedStrategy_Code/Content/M4/Foliage/Plants/Materials/CatTails/CatTail_Top_Inst.uexp" 1597
"D:/Skald_TurnBasedStrategy_Code/Content/M4/Foliage/Plants/Materials/CatTails/SplineStemMasterMat.uasset" 1598
"D:/Skald_TurnBasedStrategy_Code/Content/M4/Foliage/Plants/Materials/CatTails/SplineStemMasterMat.uexp" 1599
"D:/Skald_TurnBasedStrategy_Code/Content/M4/Foliage/Plants/Materials/CatTails/CatTail_Stem_Inst.uasset" 1600
"D:/Skald_TurnBasedStrategy_Code/Content/M4/Foliage/Plants/Materials/CatTails/CatTail_Stem_Inst.uexp" 1601
"D:/Skald_TurnBasedStrategy_Code/Content/M4/Foliage/Plants/Materials/CatTails/SimpleLODMasterMat_Inst.uasset" 1602
"D:/Skald_TurnBasedStrategy_Code/Content/M4/Foliage/Plants/Materials/CatTails/SimpleLODMasterMat_Inst.uexp" 1603
"D:/Skald_TurnBasedStrategy_Code/Content/M4/Foliage/Plants/Meshes/CatTails/CatTail01.ubulk" 1604
"D:/Skald_TurnBasedStrategy_Code/Content/M4/Foliage/Plants/Meshes/CatTails/CatTail01.uasset" 1605
"D:/Skald_TurnBasedStrategy_Code/Content/M4/Foliage/Plants/Meshes/CatTails/CatTail01.uexp" 1606
"D:/Skald_TurnBasedStrategy_Code/Content/M4/Foliage/Rocks/Meshes/SmallRocks/SmallRock03.ubulk" 1607
"D:/Skald_TurnBasedStrategy_Code/Content/M4/Foliage/Rocks/Meshes/SmallRocks/SmallRock03.uasset" 1608
"D:/Skald_TurnBasedStrategy_Code/Content/M4/Foliage/Rocks/Meshes/SmallRocks/SmallRock03.uexp" 1609
"D:/Skald_TurnBasedStrategy_Code/Content/M4/Foliage/Rocks/Meshes/SmallRocks/SmallRock02.ubulk" 1610
"D:/Skald_TurnBasedStrategy_Code/Content/M4/Foliage/Rocks/Meshes/SmallRocks/SmallRock02.uasset" 1611
"D:/Skald_TurnBasedStrategy_Code/Content/M4/Foliage/Rocks/Meshes/SmallRocks/SmallRock02.uexp" 1612
"D:/Skald_TurnBasedStrategy_Code/Content/M4/Foliage/Rocks/Meshes/SmallRocks/SmallRockGroup01.ubulk" 1613
"D:/Skald_TurnBasedStrategy_Code/Content/M4/Foliage/Rocks/Meshes/SmallRocks/SmallRockGroup01.uasset" 1614
"D:/Skald_TurnBasedStrategy_Code/Content/M4/Foliage/Rocks/Meshes/SmallRocks/SmallRockGroup01.uexp" 1615
"D:/Skald_TurnBasedStrategy_Code/Content/M4/Foliage/Rocks/Meshes/SmallRocks/SmallRock01.ubulk" 1616
"D:/Skald_TurnBasedStrategy_Code/Content/M4/Foliage/Rocks/Meshes/SmallRocks/SmallRock01.uasset" 1617
"D:/Skald_TurnBasedStrategy_Code/Content/M4/Foliage/Rocks/Meshes/SmallRocks/SmallRock01.uexp" 1618
"D:/Skald_TurnBasedStrategy_Code/Content/M4/Foliage/Rocks/Meshes/SmallRocks/SmallRockGroup02.ubulk" 1619
"D:/Skald_TurnBasedStrategy_Code/Content/M4/Foliage/Rocks/Meshes/SmallRocks/SmallRockGroup02.uasset" 1620
"D:/Skald_TurnBasedStrategy_Code/Content/M4/Foliage/Rocks/Meshes/SmallRocks/SmallRockGroup02.uexp" 1621
"D:/Skald_TurnBasedStrategy_Code/Content/M4/Foliage/ProceduralPlacers/Island/Island_FlatlandRandom.uasset" 1622
"D:/Skald_TurnBasedStrategy_Code/Content/M4/Foliage/ProceduralPlacers/Island/Island_FlatlandRandom.uexp" 1623
"D:/Skald_TurnBasedStrategy_Code/Content/M4/Maps/PaintWeights/Tundra_Demo_sharedassets/Jagged_Rock_LayerInfo.uasset" 1624
"D:/Skald_TurnBasedStrategy_Code/Content/M4/Maps/PaintWeights/Tundra_Demo_sharedassets/Jagged_Rock_LayerInfo.uexp" 1625
"D:/Skald_TurnBasedStrategy_Code/Content/GothicTemple/Environment/Props/Rocks/T_Rocky_Wall_BC.ubulk" 1626
"D:/Skald_TurnBasedStrategy_Code/Content/GothicTemple/Environment/Props/Rocks/T_Rocky_Wall_BC.uasset" 1627
"D:/Skald_TurnBasedStrategy_Code/Content/GothicTemple/Environment/Props/Rocks/T_Rocky_Wall_BC.uexp" 1628
"D:/Skald_TurnBasedStrategy_Code/Content/GothicTemple/Environment/Props/Cliff/T_Cliff_N.uasset" 1629
"D:/Skald_TurnBasedStrategy_Code/Content/GothicTemple/Environment/Props/Cliff/T_Cliff_N.uexp" 1630
"D:/Skald_TurnBasedStrategy_Code/Content/GothicTemple/Environment/Props/Cliff/MI_Cliffs.uasset" 1631
"D:/Skald_TurnBasedStrategy_Code/Content/GothicTemple/Environment/Props/Cliff/MI_Cliffs.uexp" 1632
"D:/Skald_TurnBasedStrategy_Code/Content/GothicTemple/Environment/Props/Cliff/SM_Cliff_Rock_03.ubulk" 1633
"D:/Skald_TurnBasedStrategy_Code/Content/GothicTemple/Environment/Props/Cliff/SM_Cliff_Rock_03.uasset" 1634
"D:/Skald_TurnBasedStrategy_Code/Content/GothicTemple/Environment/Props/Cliff/SM_Cliff_Rock_03.uexp" 1635
"D:/Skald_TurnBasedStrategy_Code/Content/Blueprints/Obstacles/WinterEnviroment/Winer_Cliff_03.uasset" 1636
"D:/Skald_TurnBasedStrategy_Code/Content/Blueprints/Obstacles/WinterEnviroment/Winer_Cliff_03.uexp" 1637
"D:/Skald_TurnBasedStrategy_Code/Content/M4/Maps/PaintWeights/Tundra_Demo_sharedassets/Island-Multi-Biome_LayerInfo.uasset" 1638
"D:/Skald_TurnBasedStrategy_Code/Content/M4/Maps/PaintWeights/Tundra_Demo_sharedassets/Island-Multi-Biome_LayerInfo.uexp" 1639
"D:/Skald_TurnBasedStrategy_Code/Content/GothicTemple/Environment/Folliage/Trees/T_TreeBark_03_BCH.uasset" 1640
"D:/Skald_TurnBasedStrategy_Code/Content/GothicTemple/Environment/Folliage/Trees/T_TreeBark_03_BCH.uexp" 1641
"../../../Engine/Content/Functions/MaterialLayerFunctions/MatLayerBlend_StandardWithDisplacement.uasset" 1642
"../../../Engine/Content/Functions/MaterialLayerFunctions/MatLayerBlend_StandardWithDisplacement.uexp" 1643
"D:/Skald_TurnBasedStrategy_Code/Content/GothicTemple/Environment/Textures/CoveredSnow_01/T_CoveredSnow_01_NRAO.ubulk" 1644
"D:/Skald_TurnBasedStrategy_Code/Content/GothicTemple/Environment/Textures/CoveredSnow_01/T_CoveredSnow_01_NRAO.uasset" 1645
"D:/Skald_TurnBasedStrategy_Code/Content/GothicTemple/Environment/Textures/CoveredSnow_01/T_CoveredSnow_01_NRAO.uexp" 1646
"D:/Skald_TurnBasedStrategy_Code/Content/GothicTemple/Environment/Folliage/Trees/T_TreeBark_01_BCH.uasset" 1647
"D:/Skald_TurnBasedStrategy_Code/Content/GothicTemple/Environment/Folliage/Trees/T_TreeBark_01_BCH.uexp" 1648
"D:/Skald_TurnBasedStrategy_Code/Content/GothicTemple/Environment/Folliage/Trees/T_TreeBark_02_NRAO.ubulk" 1649
"D:/Skald_TurnBasedStrategy_Code/Content/GothicTemple/Environment/Folliage/Trees/T_TreeBark_02_NRAO.uasset" 1650
"D:/Skald_TurnBasedStrategy_Code/Content/GothicTemple/Environment/Folliage/Trees/T_TreeBark_02_NRAO.uexp" 1651
"D:/Skald_TurnBasedStrategy_Code/Content/GothicTemple/Environment/Textures/CoveredSnow_01/T_CoveredSnow_01_BCH.ubulk" 1652
"D:/Skald_TurnBasedStrategy_Code/Content/GothicTemple/Environment/Textures/CoveredSnow_01/T_CoveredSnow_01_BCH.uasset" 1653
"D:/Skald_TurnBasedStrategy_Code/Content/GothicTemple/Environment/Textures/CoveredSnow_01/T_CoveredSnow_01_BCH.uexp" 1654
"../../../Engine/Content/Functions/MaterialLayerFunctions/MatLayerBlend_Standard.uasset" 1655
"../../../Engine/Content/Functions/MaterialLayerFunctions/MatLayerBlend_Standard.uexp" 1656
"D:/Skald_TurnBasedStrategy_Code/Content/GothicTemple/Environment/Textures/GenericTextures/T_MoistureNoise_01_TGA.ubulk" 1657
"D:/Skald_TurnBasedStrategy_Code/Content/GothicTemple/Environment/Textures/GenericTextures/T_MoistureNoise_01_TGA.uasset" 1658
"D:/Skald_TurnBasedStrategy_Code/Content/GothicTemple/Environment/Textures/GenericTextures/T_MoistureNoise_01_TGA.uexp" 1659
"D:/Skald_TurnBasedStrategy_Code/Content/GothicTemple/Environment/Textures/GenericTextures/T_FlatNormal_N.ubulk" 1660
"D:/Skald_TurnBasedStrategy_Code/Content/GothicTemple/Environment/Textures/GenericTextures/T_FlatNormal_N.uasset" 1661
"D:/Skald_TurnBasedStrategy_Code/Content/GothicTemple/Environment/Textures/GenericTextures/T_FlatNormal_N.uexp" 1662
"D:/Skald_TurnBasedStrategy_Code/Content/GothicTemple/Environment/Textures/GenericTextures/T_SnowNoise_01.ubulk" 1663
"D:/Skald_TurnBasedStrategy_Code/Content/GothicTemple/Environment/Textures/GenericTextures/T_SnowNoise_01.uasset" 1664
"D:/Skald_TurnBasedStrategy_Code/Content/GothicTemple/Environment/Textures/GenericTextures/T_SnowNoise_01.uexp" 1665
"D:/Skald_TurnBasedStrategy_Code/Content/GothicTemple/Materials/Material_Functions/MF_NormalBlueChFix.uasset" 1666
"D:/Skald_TurnBasedStrategy_Code/Content/GothicTemple/Materials/Material_Functions/MF_NormalBlueChFix.uexp" 1667
"D:/Skald_TurnBasedStrategy_Code/Content/GothicTemple/Environment/Folliage/Trees/T_PeeledTree__NRAO.ubulk" 1668
"D:/Skald_TurnBasedStrategy_Code/Content/GothicTemple/Environment/Folliage/Trees/T_PeeledTree__NRAO.uasset" 1669
"D:/Skald_TurnBasedStrategy_Code/Content/GothicTemple/Environment/Folliage/Trees/T_PeeledTree__NRAO.uexp" 1670
"D:/Skald_TurnBasedStrategy_Code/Content/GothicTemple/Environment/Textures/GenericTextures/T_Default_NRAO.ubulk" 1671
"D:/Skald_TurnBasedStrategy_Code/Content/GothicTemple/Environment/Textures/GenericTextures/T_Default_NRAO.uasset" 1672
"D:/Skald_TurnBasedStrategy_Code/Content/GothicTemple/Environment/Textures/GenericTextures/T_Default_NRAO.uexp" 1673
"D:/Skald_TurnBasedStrategy_Code/Content/GothicTemple/Environment/Textures/GenericTextures/T_Default_BC.ubulk" 1674
"D:/Skald_TurnBasedStrategy_Code/Content/GothicTemple/Environment/Textures/GenericTextures/T_Default_BC.uasset" 1675
"D:/Skald_TurnBasedStrategy_Code/Content/GothicTemple/Environment/Textures/GenericTextures/T_Default_BC.uexp" 1676
"D:/Skald_TurnBasedStrategy_Code/Content/GothicTemple/Environment/Folliage/Trees/T_TreeBark_02_BCH.ubulk" 1677
"D:/Skald_TurnBasedStrategy_Code/Content/GothicTemple/Environment/Folliage/Trees/T_TreeBark_02_BCH.uasset" 1678
"D:/Skald_TurnBasedStrategy_Code/Content/GothicTemple/Environment/Folliage/Trees/T_TreeBark_02_BCH.uexp" 1679
"D:/Skald_TurnBasedStrategy_Code/Content/GothicTemple/Environment/Folliage/Trees/T_PeeledTree__BCH.ubulk" 1680
"D:/Skald_TurnBasedStrategy_Code/Content/GothicTemple/Environment/Folliage/Trees/T_PeeledTree__BCH.uasset" 1681
"D:/Skald_TurnBasedStrategy_Code/Content/GothicTemple/Environment/Folliage/Trees/T_PeeledTree__BCH.uexp" 1682
"D:/Skald_TurnBasedStrategy_Code/Content/GothicTemple/Environment/Textures/GenericTextures/T_Default_N.ubulk" 1683
"D:/Skald_TurnBasedStrategy_Code/Content/GothicTemple/Environment/Textures/GenericTextures/T_Default_N.uasset" 1684
"D:/Skald_TurnBasedStrategy_Code/Content/GothicTemple/Environment/Textures/GenericTextures/T_Default_N.uexp" 1685
"D:/Skald_TurnBasedStrategy_Code/Content/GothicTemple/Materials/Material_Functions/MF_TexSample_BCh.uasset" 1686
"D:/Skald_TurnBasedStrategy_Code/Content/GothicTemple/Materials/Material_Functions/MF_TexSample_BCh.uexp" 1687
"D:/Skald_TurnBasedStrategy_Code/Content/GothicTemple/Environment/Folliage/Trees/T_TreeBark_01_NRAO.uasset" 1688
"D:/Skald_TurnBasedStrategy_Code/Content/GothicTemple/Environment/Folliage/Trees/T_TreeBark_01_NRAO.uexp" 1689
"D:/Skald_TurnBasedStrategy_Code/Content/GothicTemple/Environment/Folliage/Trees/T_TreeBark_03_NRAO.uasset" 1690
"D:/Skald_TurnBasedStrategy_Code/Content/GothicTemple/Environment/Folliage/Trees/T_TreeBark_03_NRAO.uexp" 1691
"D:/Skald_TurnBasedStrategy_Code/Content/GothicTemple/Environment/Folliage/Trees/M_FoliageTrees_V02.uasset" 1692
"D:/Skald_TurnBasedStrategy_Code/Content/GothicTemple/Environment/Folliage/Trees/M_FoliageTrees_V02.uexp" 1693
"D:/Skald_TurnBasedStrategy_Code/Content/GothicTemple/Environment/Folliage/Trees/MI_TreeBark_03.uasset" 1694
"D:/Skald_TurnBasedStrategy_Code/Content/GothicTemple/Environment/Folliage/Trees/MI_TreeBark_03.uexp" 1695
"../../../Engine/Content/Functions/Engine_MaterialFunctions03/Texturing/TwoSidedTexturing.uasset" 1696
"../../../Engine/Content/Functions/Engine_MaterialFunctions03/Texturing/TwoSidedTexturing.uexp" 1697
"D:/Skald_TurnBasedStrategy_Code/Content/GothicTemple/Environment/Folliage/Grass/T_Grass_Atlas_01_NRAO.ubulk" 1698
"D:/Skald_TurnBasedStrategy_Code/Content/GothicTemple/Environment/Folliage/Grass/T_Grass_Atlas_01_NRAO.uasset" 1699
"D:/Skald_TurnBasedStrategy_Code/Content/GothicTemple/Environment/Folliage/Grass/T_Grass_Atlas_01_NRAO.uexp" 1700
"../../../Engine/Content/EngineResources/DefaultTexture.ubulk" 1701
"../../../Engine/Content/EngineResources/DefaultTexture.uasset" 1702
"../../../Engine/Content/EngineResources/DefaultTexture.uexp" 1703
"D:/Skald_TurnBasedStrategy_Code/Content/GothicTemple/Environment/Folliage/Grass/T_Grass_Atlas_01_BCA.ubulk" 1704
"D:/Skald_TurnBasedStrategy_Code/Content/GothicTemple/Environment/Folliage/Grass/T_Grass_Atlas_01_BCA.uasset" 1705
"D:/Skald_TurnBasedStrategy_Code/Content/GothicTemple/Environment/Folliage/Grass/T_Grass_Atlas_01_BCA.uexp" 1706
"D:/Skald_TurnBasedStrategy_Code/Content/GothicTemple/Environment/Folliage/Grass/M_MasterGrass.uasset" 1707
"D:/Skald_TurnBasedStrategy_Code/Content/GothicTemple/Environment/Folliage/Grass/M_MasterGrass.uexp" 1708
"D:/Skald_TurnBasedStrategy_Code/Content/GothicTemple/Environment/Folliage/Bush/T_BushesWithLeaves_BCA.ubulk" 1709
"D:/Skald_TurnBasedStrategy_Code/Content/GothicTemple/Environment/Folliage/Bush/T_BushesWithLeaves_BCA.uasset" 1710
"D:/Skald_TurnBasedStrategy_Code/Content/GothicTemple/Environment/Folliage/Bush/T_BushesWithLeaves_BCA.uexp" 1711
"D:/Skald_TurnBasedStrategy_Code/Content/GothicTemple/Environment/Folliage/Trees/T_BushesWithLeaves_NRAO.ubulk" 1712
"D:/Skald_TurnBasedStrategy_Code/Content/GothicTemple/Environment/Folliage/Trees/T_BushesWithLeaves_NRAO.uasset" 1713
"D:/Skald_TurnBasedStrategy_Code/Content/GothicTemple/Environment/Folliage/Trees/T_BushesWithLeaves_NRAO.uexp" 1714
"D:/Skald_TurnBasedStrategy_Code/Content/GothicTemple/Environment/Folliage/Bush/MI_BushesWithLeaves_01.uasset" 1715
"D:/Skald_TurnBasedStrategy_Code/Content/GothicTemple/Environment/Folliage/Bush/MI_BushesWithLeaves_01.uexp" 1716
"D:/Skald_TurnBasedStrategy_Code/Content/GothicTemple/Environment/Folliage/Trees/SM_Pine_03.ubulk" 1717
"D:/Skald_TurnBasedStrategy_Code/Content/GothicTemple/Environment/Folliage/Trees/SM_Pine_03.uasset" 1718
"D:/Skald_TurnBasedStrategy_Code/Content/GothicTemple/Environment/Folliage/Trees/SM_Pine_03.uexp" 1719
"D:/Skald_TurnBasedStrategy_Code/Content/Blueprints/Obstacles/WinterEnviroment/Winter_tree_03.uasset" 1720
"D:/Skald_TurnBasedStrategy_Code/Content/Blueprints/Obstacles/WinterEnviroment/Winter_tree_03.uexp" 1721
"D:/Skald_TurnBasedStrategy_Code/Content/Medieval_Tents/Textures/FreeCloths/T_FreeCloths_BaseColor.ubulk" 1722
"D:/Skald_TurnBasedStrategy_Code/Content/Medieval_Tents/Textures/FreeCloths/T_FreeCloths_BaseColor.uasset" 1723
"D:/Skald_TurnBasedStrategy_Code/Content/Medieval_Tents/Textures/FreeCloths/T_FreeCloths_BaseColor.uexp" 1724
"D:/Skald_TurnBasedStrategy_Code/Content/Medieval_Tents/Textures/FreeCloths/T_FreeCloths_Normal.ubulk" 1725
"D:/Skald_TurnBasedStrategy_Code/Content/Medieval_Tents/Textures/FreeCloths/T_FreeCloths_Normal.uasset" 1726
"D:/Skald_TurnBasedStrategy_Code/Content/Medieval_Tents/Textures/FreeCloths/T_FreeCloths_Normal.uexp" 1727
"D:/Skald_TurnBasedStrategy_Code/Content/Medieval_Tents/Textures/FreeCloths/T_FreeCloths_OcclusionRoughnessMetallic.ubulk" 1728
"D:/Skald_TurnBasedStrategy_Code/Content/Medieval_Tents/Textures/FreeCloths/T_FreeCloths_OcclusionRoughnessMetallic.uasset" 1729
"D:/Skald_TurnBasedStrategy_Code/Content/Medieval_Tents/Textures/FreeCloths/T_FreeCloths_OcclusionRoughnessMetallic.uexp" 1730
"D:/Skald_TurnBasedStrategy_Code/Content/Medieval_Tents/Textures/Tents/BigTents/T_BigTents_Normal.ubulk" 1731
"D:/Skald_TurnBasedStrategy_Code/Content/Medieval_Tents/Textures/Tents/BigTents/T_BigTents_Normal.uasset" 1732
"D:/Skald_TurnBasedStrategy_Code/Content/Medieval_Tents/Textures/Tents/BigTents/T_BigTents_Normal.uexp" 1733
"D:/Skald_TurnBasedStrategy_Code/Content/Medieval_Tents/Textures/Tents/BigTents/T_BigTents_BaseColor.ubulk" 1734
"D:/Skald_TurnBasedStrategy_Code/Content/Medieval_Tents/Textures/Tents/BigTents/T_BigTents_BaseColor.uasset" 1735
"D:/Skald_TurnBasedStrategy_Code/Content/Medieval_Tents/Textures/Tents/BigTents/T_BigTents_BaseColor.uexp" 1736
"D:/Skald_TurnBasedStrategy_Code/Content/Medieval_Tents/Textures/Tents/BigTents/T_BigTents_OcclusionRoughnessMetallic.ubulk" 1737
"D:/Skald_TurnBasedStrategy_Code/Content/Medieval_Tents/Textures/Tents/BigTents/T_BigTents_OcclusionRoughnessMetallic.uasset" 1738
"D:/Skald_TurnBasedStrategy_Code/Content/Medieval_Tents/Textures/Tents/BigTents/T_BigTents_OcclusionRoughnessMetallic.uexp" 1739
"D:/Skald_TurnBasedStrategy_Code/Content/Medieval_Tents/Materials/MasterMaterial/M_Master.uasset" 1740
"D:/Skald_TurnBasedStrategy_Code/Content/Medieval_Tents/Materials/MasterMaterial/M_Master.uexp" 1741
"D:/Skald_TurnBasedStrategy_Code/Content/Medieval_Tents/Materials/MaterialInstances/MI_FreeCloths.uasset" 1742
"D:/Skald_TurnBasedStrategy_Code/Content/Medieval_Tents/Materials/MaterialInstances/MI_FreeCloths.uexp" 1743
"D:/Skald_TurnBasedStrategy_Code/Content/Medieval_Tents/Textures/Tents/BigTents/T_BigTentsVar2_BaseColor.ubulk" 1744
"D:/Skald_TurnBasedStrategy_Code/Content/Medieval_Tents/Textures/Tents/BigTents/T_BigTentsVar2_BaseColor.uasset" 1745
"D:/Skald_TurnBasedStrategy_Code/Content/Medieval_Tents/Textures/Tents/BigTents/T_BigTentsVar2_BaseColor.uexp" 1746
"D:/Skald_TurnBasedStrategy_Code/Content/Medieval_Tents/Textures/Tents/BigTents/T_BigTentsVar2_Normal.ubulk" 1747
"D:/Skald_TurnBasedStrategy_Code/Content/Medieval_Tents/Textures/Tents/BigTents/T_BigTentsVar2_Normal.uasset" 1748
"D:/Skald_TurnBasedStrategy_Code/Content/Medieval_Tents/Textures/Tents/BigTents/T_BigTentsVar2_Normal.uexp" 1749
"D:/Skald_TurnBasedStrategy_Code/Content/Medieval_Tents/Textures/Tents/BigTents/T_BigTentsVar2_OcclusionRoughnessMetallic.ubulk" 1750
"D:/Skald_TurnBasedStrategy_Code/Content/Medieval_Tents/Textures/Tents/BigTents/T_BigTentsVar2_OcclusionRoughnessMetallic.uasset" 1751
"D:/Skald_TurnBasedStrategy_Code/Content/Medieval_Tents/Textures/Tents/BigTents/T_BigTentsVar2_OcclusionRoughnessMetallic.uexp" 1752
"D:/Skald_TurnBasedStrategy_Code/Content/Medieval_Tents/Materials/MaterialInstances/MI_BigTentsVar2.uasset" 1753
"D:/Skald_TurnBasedStrategy_Code/Content/Medieval_Tents/Materials/MaterialInstances/MI_BigTentsVar2.uexp" 1754
"D:/Skald_TurnBasedStrategy_Code/Content/Medieval_Tents/Meshes/Tents/SM_BigTentDecorated_03.ubulk" 1755
"D:/Skald_TurnBasedStrategy_Code/Content/Medieval_Tents/Meshes/Tents/SM_BigTentDecorated_03.uasset" 1756
"D:/Skald_TurnBasedStrategy_Code/Content/Medieval_Tents/Meshes/Tents/SM_BigTentDecorated_03.uexp" 1757
"D:/Skald_TurnBasedStrategy_Code/Content/Blueprints/Obstacles/Tents/GridObstacle_TentTeal_01.uasset" 1758
"D:/Skald_TurnBasedStrategy_Code/Content/Blueprints/Obstacles/Tents/GridObstacle_TentTeal_01.uexp" 1759
"D:/Skald_TurnBasedStrategy_Code/Content/M4/Foliage/ProceduralPlacers/PaintLayers/Custom01_PaintLayerFoliage.uasset" 1760
"D:/Skald_TurnBasedStrategy_Code/Content/M4/Foliage/ProceduralPlacers/PaintLayers/Custom01_PaintLayerFoliage.uexp" 1761
"D:/Skald_TurnBasedStrategy_Code/Content/M4/Foliage/ProceduralPlacers/Desert/Desert_FlatlandB.uasset" 1762
"D:/Skald_TurnBasedStrategy_Code/Content/M4/Foliage/ProceduralPlacers/Desert/Desert_FlatlandB.uexp" 1763
"D:/Skald_TurnBasedStrategy_Code/Content/GothicTemple/Environment/Folliage/Trees/SM_Pine_01.ubulk" 1764
"D:/Skald_TurnBasedStrategy_Code/Content/GothicTemple/Environment/Folliage/Trees/SM_Pine_01.uasset" 1765
"D:/Skald_TurnBasedStrategy_Code/Content/GothicTemple/Environment/Folliage/Trees/SM_Pine_01.uexp" 1766
"D:/Skald_TurnBasedStrategy_Code/Content/Blueprints/Obstacles/WinterEnviroment/Winter_tree_01.uasset" 1767
"D:/Skald_TurnBasedStrategy_Code/Content/Blueprints/Obstacles/WinterEnviroment/Winter_tree_01.uexp" 1768
"D:/Skald_TurnBasedStrategy_Code/Content/M4/Foliage/ProceduralPlacers/Tundra/Tundra_FlatlandRandom.uasset" 1769
"D:/Skald_TurnBasedStrategy_Code/Content/M4/Foliage/ProceduralPlacers/Tundra/Tundra_FlatlandRandom.uexp" 1770
"D:/Skald_TurnBasedStrategy_Code/Content/M4/Maps/PaintWeights/Tundra_Demo_sharedassets/Darken_LayerInfo.uasset" 1771
"D:/Skald_TurnBasedStrategy_Code/Content/M4/Maps/PaintWeights/Tundra_Demo_sharedassets/Darken_LayerInfo.uexp" 1772
"../../../Engine/Plugins/Experimental/Landmass/Content/PreviewContent/LayerInfos/Grass_LayerInfo.uasset" 1773
"../../../Engine/Plugins/Experimental/Landmass/Content/PreviewContent/LayerInfos/Grass_LayerInfo.uexp" 1774
"../../../Engine/Content/Functions/Engine_MaterialFunctions02/Utility/AppendMany.uasset" 1775
"../../../Engine/Content/Functions/Engine_MaterialFunctions02/Utility/AppendMany.uexp" 1776
"D:/Skald_TurnBasedStrategy_Code/Content/Blueprints/Meshes/Random_Materials/M_GridCell_Decal.uasset" 1777
"D:/Skald_TurnBasedStrategy_Code/Content/Blueprints/Meshes/Random_Materials/M_GridCell_Decal.uexp" 1778
"D:/Skald_TurnBasedStrategy_Code/Content/Blueprints/Meshes/Random_Materials/M_GridHighlight_Decal.uasset" 1779
"D:/Skald_TurnBasedStrategy_Code/Content/Blueprints/Meshes/Random_Materials/M_GridHighlight_Decal.uexp" 1780
"D:/Skald_TurnBasedStrategy_Code/Content/Blueprints/Meshes/Random_Materials/M_GridHighlight.uasset" 1781
"D:/Skald_TurnBasedStrategy_Code/Content/Blueprints/Meshes/Random_Materials/M_GridHighlight.uexp" 1782
"../../../Engine/Content/BasicShapes/BasicShapeMaterial.uasset" 1783
"../../../Engine/Content/BasicShapes/BasicShapeMaterial.uexp" 1784
"D:/Skald_TurnBasedStrategy_Code/Content/Blueprints/Meshes/Random_Materials/BasicShapeColor.uasset" 1785
"D:/Skald_TurnBasedStrategy_Code/Content/Blueprints/Meshes/Random_Materials/BasicShapeColor.uexp" 1786
"D:/Skald_TurnBasedStrategy_Code/Content/Blueprints/Meshes/Props/Plane.ubulk" 1787
"D:/Skald_TurnBasedStrategy_Code/Content/Blueprints/Meshes/Props/Plane.uasset" 1788
"D:/Skald_TurnBasedStrategy_Code/Content/Blueprints/Meshes/Props/Plane.uexp" 1789
"D:/Skald_TurnBasedStrategy_Code/Content/Blueprints/Meshes/Random_Materials/M_GridCell.uasset" 1790
"D:/Skald_TurnBasedStrategy_Code/Content/Blueprints/Meshes/Random_Materials/M_GridCell.uexp" 1791
"D:/Skald_TurnBasedStrategy_Code/Content/C++_BPs/Skald_GridOverlayActor.uasset" 1792
"D:/Skald_TurnBasedStrategy_Code/Content/C++_BPs/Skald_GridOverlayActor.uexp" 1793
"D:/Skald_TurnBasedStrategy_Code/Content/GothicTemple/Environment/Folliage/Trees/SM_Pine_04.ubulk" 1794
"D:/Skald_TurnBasedStrategy_Code/Content/GothicTemple/Environment/Folliage/Trees/SM_Pine_04.uasset" 1795
"D:/Skald_TurnBasedStrategy_Code/Content/GothicTemple/Environment/Folliage/Trees/SM_Pine_04.uexp" 1796
"D:/Skald_TurnBasedStrategy_Code/Content/Blueprints/Obstacles/WinterEnviroment/Winter_tree_04.uasset" 1797
"D:/Skald_TurnBasedStrategy_Code/Content/Blueprints/Obstacles/WinterEnviroment/Winter_tree_04.uexp" 1798
"D:/Skald_TurnBasedStrategy_Code/Content/Medieval_Tents/Textures/CampProps/T_CampProps_Normal.ubulk" 1799
"D:/Skald_TurnBasedStrategy_Code/Content/Medieval_Tents/Textures/CampProps/T_CampProps_Normal.uasset" 1800
"D:/Skald_TurnBasedStrategy_Code/Content/Medieval_Tents/Textures/CampProps/T_CampProps_Normal.uexp" 1801
"D:/Skald_TurnBasedStrategy_Code/Content/Medieval_Tents/Textures/CampProps/T_CampProps_BaseColor.ubulk" 1802
"D:/Skald_TurnBasedStrategy_Code/Content/Medieval_Tents/Textures/CampProps/T_CampProps_BaseColor.uasset" 1803
"D:/Skald_TurnBasedStrategy_Code/Content/Medieval_Tents/Textures/CampProps/T_CampProps_BaseColor.uexp" 1804
"D:/Skald_TurnBasedStrategy_Code/Content/Medieval_Tents/Textures/CampProps/T_CampProps_OcclusionRoughnessMetallic.ubulk" 1805
"D:/Skald_TurnBasedStrategy_Code/Content/Medieval_Tents/Textures/CampProps/T_CampProps_OcclusionRoughnessMetallic.uasset" 1806
"D:/Skald_TurnBasedStrategy_Code/Content/Medieval_Tents/Textures/CampProps/T_CampProps_OcclusionRoughnessMetallic.uexp" 1807
"D:/Skald_TurnBasedStrategy_Code/Content/Medieval_Tents/Materials/MaterialInstances/MI_CampProps.uasset" 1808
"D:/Skald_TurnBasedStrategy_Code/Content/Medieval_Tents/Materials/MaterialInstances/MI_CampProps.uexp" 1809
"D:/Skald_TurnBasedStrategy_Code/Content/Medieval_Tents/Meshes/CampProps/SM_Barricade.ubulk" 1810
"D:/Skald_TurnBasedStrategy_Code/Content/Medieval_Tents/Meshes/CampProps/SM_Barricade.uasset" 1811
"D:/Skald_TurnBasedStrategy_Code/Content/Medieval_Tents/Meshes/CampProps/SM_Barricade.uexp" 1812
"D:/Skald_TurnBasedStrategy_Code/Content/Blueprints/Obstacles/Tents/GridObstacle_Barricade_01.uasset" 1813
"D:/Skald_TurnBasedStrategy_Code/Content/Blueprints/Obstacles/Tents/GridObstacle_Barricade_01.uexp" 1814
"D:/Skald_TurnBasedStrategy_Code/Content/GothicTemple/Environment/Folliage/Trees/SM_Pine_02.ubulk" 1815
"D:/Skald_TurnBasedStrategy_Code/Content/GothicTemple/Environment/Folliage/Trees/SM_Pine_02.uasset" 1816
"D:/Skald_TurnBasedStrategy_Code/Content/GothicTemple/Environment/Folliage/Trees/SM_Pine_02.uexp" 1817
"D:/Skald_TurnBasedStrategy_Code/Content/Blueprints/Obstacles/WinterEnviroment/Winter_tree_02.uasset" 1818
"D:/Skald_TurnBasedStrategy_Code/Content/Blueprints/Obstacles/WinterEnviroment/Winter_tree_02.uexp" 1819
"D:/Skald_TurnBasedStrategy_Code/Content/GothicTemple/Environment/Props/Cliff/SM_Cliff_Rock_02.ubulk" 1820
"D:/Skald_TurnBasedStrategy_Code/Content/GothicTemple/Environment/Props/Cliff/SM_Cliff_Rock_02.uasset" 1821
"D:/Skald_TurnBasedStrategy_Code/Content/GothicTemple/Environment/Props/Cliff/SM_Cliff_Rock_02.uexp" 1822
"D:/Skald_TurnBasedStrategy_Code/Content/Blueprints/Obstacles/WinterEnviroment/Winer_Cliff_02.uasset" 1823
"D:/Skald_TurnBasedStrategy_Code/Content/Blueprints/Obstacles/WinterEnviroment/Winer_Cliff_02.uexp" 1824
"D:/Skald_TurnBasedStrategy_Code/Content/M4/Foliage/ProceduralPlacers/Desert/Desert_FlatlandRandom.uasset" 1825
"D:/Skald_TurnBasedStrategy_Code/Content/M4/Foliage/ProceduralPlacers/Desert/Desert_FlatlandRandom.uexp" 1826
"D:/Skald_TurnBasedStrategy_Code/Content/M4/Maps/PaintWeights/Tundra_Demo_sharedassets/Desert-Multi-Biome_LayerInfo.uasset" 1827
"D:/Skald_TurnBasedStrategy_Code/Content/M4/Maps/PaintWeights/Tundra_Demo_sharedassets/Desert-Multi-Biome_LayerInfo.uexp" 1828
"D:/Skald_TurnBasedStrategy_Code/Content/M4/SoundSystem/PhysicalMaterials/FlatlandA_PM.uasset" 1829
"D:/Skald_TurnBasedStrategy_Code/Content/M4/SoundSystem/PhysicalMaterials/FlatlandA_PM.uexp" 1830
"D:/Skald_TurnBasedStrategy_Code/Content/M4/Foliage/ProceduralPlacers/Desert/Desert_FlatlandA.uasset" 1831
"D:/Skald_TurnBasedStrategy_Code/Content/M4/Foliage/ProceduralPlacers/Desert/Desert_FlatlandA.uexp" 1832
"D:/Skald_TurnBasedStrategy_Code/Content/M4/Maps/PaintWeights/Tundra_Demo_sharedassets/Flat_Ice_LayerInfo.uasset" 1833
"D:/Skald_TurnBasedStrategy_Code/Content/M4/Maps/PaintWeights/Tundra_Demo_sharedassets/Flat_Ice_LayerInfo.uexp" 1834
"D:/Skald_TurnBasedStrategy_Code/Content/M4/Maps/PaintWeights/Tundra_Demo_sharedassets/Stones_LayerInfo.uasset" 1835
"D:/Skald_TurnBasedStrategy_Code/Content/M4/Maps/PaintWeights/Tundra_Demo_sharedassets/Stones_LayerInfo.uexp" 1836
"D:/Skald_TurnBasedStrategy_Code/Content/M4/Foliage/Plants/Textures/SingleBladeofGrassAlphaBlurred.uasset" 1837
"D:/Skald_TurnBasedStrategy_Code/Content/M4/Foliage/Plants/Textures/SingleBladeofGrassAlphaBlurred.uexp" 1838
"../../../Engine/Content/Functions/Engine_MaterialFunctions02/Utility/CustomReflectionVector.uasset" 1839
"../../../Engine/Content/Functions/Engine_MaterialFunctions02/Utility/CustomReflectionVector.uexp" 1840
"../../../Engine/Content/Functions/Engine_MaterialFunctions01/Reflections/ReflectionVectorSoft.uasset" 1841
"../../../Engine/Content/Functions/Engine_MaterialFunctions01/Reflections/ReflectionVectorSoft.uexp" 1842
"D:/Skald_TurnBasedStrategy_Code/Content/M4/Foliage/Plants/Textures/GrassWithAlpha2.ubulk" 1843
"D:/Skald_TurnBasedStrategy_Code/Content/M4/Foliage/Plants/Textures/GrassWithAlpha2.uasset" 1844
"D:/Skald_TurnBasedStrategy_Code/Content/M4/Foliage/Plants/Textures/GrassWithAlpha2.uexp" 1845
"D:/Skald_TurnBasedStrategy_Code/Content/M4/Foliage/Plants/Textures/Center_Gradient_NRM.ubulk" 1846
"D:/Skald_TurnBasedStrategy_Code/Content/M4/Foliage/Plants/Textures/Center_Gradient_NRM.uasset" 1847
"D:/Skald_TurnBasedStrategy_Code/Content/M4/Foliage/Plants/Textures/Center_Gradient_NRM.uexp" 1848
"D:/Skald_TurnBasedStrategy_Code/Content/M4/Foliage/Plants/Materials/Grass/ShortGrass/PolyGrassMaster-ShortSlope.uasset" 1849
"D:/Skald_TurnBasedStrategy_Code/Content/M4/Foliage/Plants/Materials/Grass/ShortGrass/PolyGrassMaster-ShortSlope.uexp" 1850
"D:/Skald_TurnBasedStrategy_Code/Content/M4/Foliage/Plants/Materials/Grass/ShortGrass/BillboardPolyGrass-Short_INST2.uasset" 1851
"D:/Skald_TurnBasedStrategy_Code/Content/M4/Foliage/Plants/Materials/Grass/ShortGrass/BillboardPolyGrass-Short_INST2.uexp" 1852
"D:/Skald_TurnBasedStrategy_Code/Content/M4/Foliage/Plants/Materials/Grass/ShortGrass/MaskedGrassMaster_Inst1.uasset" 1853
"D:/Skald_TurnBasedStrategy_Code/Content/M4/Foliage/Plants/Materials/Grass/ShortGrass/MaskedGrassMaster_Inst1.uexp" 1854
"D:/Skald_TurnBasedStrategy_Code/Content/M4/Foliage/Plants/Meshes/Grass/GroundCover/LowPolyLawnGrass2.ubulk" 1855
"D:/Skald_TurnBasedStrategy_Code/Content/M4/Foliage/Plants/Meshes/Grass/GroundCover/LowPolyLawnGrass2.uasset" 1856
"D:/Skald_TurnBasedStrategy_Code/Content/M4/Foliage/Plants/Meshes/Grass/GroundCover/LowPolyLawnGrass2.uexp" 1857
"D:/Skald_TurnBasedStrategy_Code/Content/M4/Foliage/Plants/Materials/Grass/ShortGrass/BillboardPolyGrass-Short_INST3.uasset" 1858
"D:/Skald_TurnBasedStrategy_Code/Content/M4/Foliage/Plants/Materials/Grass/ShortGrass/BillboardPolyGrass-Short_INST3.uexp" 1859
"D:/Skald_TurnBasedStrategy_Code/Content/M4/Foliage/Plants/Meshes/Grass/GroundCover/MossTest.ubulk" 1860
"D:/Skald_TurnBasedStrategy_Code/Content/M4/Foliage/Plants/Meshes/Grass/GroundCover/MossTest.uasset" 1861
"D:/Skald_TurnBasedStrategy_Code/Content/M4/Foliage/Plants/Meshes/Grass/GroundCover/MossTest.uexp" 1862
"D:/Skald_TurnBasedStrategy_Code/Content/M4/Foliage/ProceduralPlacers/Island/Island_EdgeOfSlope.uasset" 1863
"D:/Skald_TurnBasedStrategy_Code/Content/M4/Foliage/ProceduralPlacers/Island/Island_EdgeOfSlope.uexp" 1864
"D:/Skald_TurnBasedStrategy_Code/Content/Medieval_Tents/Meshes/CampProps/SM_Banner.ubulk" 1865
"D:/Skald_TurnBasedStrategy_Code/Content/Medieval_Tents/Meshes/CampProps/SM_Banner.uasset" 1866
"D:/Skald_TurnBasedStrategy_Code/Content/Medieval_Tents/Meshes/CampProps/SM_Banner.uexp" 1867
"D:/Skald_TurnBasedStrategy_Code/Content/Blueprints/Obstacles/Tents/GridObstacle_Banner_01.uasset" 1868
"D:/Skald_TurnBasedStrategy_Code/Content/Blueprints/Obstacles/Tents/GridObstacle_Banner_01.uexp" 1869
"../../../Engine/Plugins/Experimental/Landmass/Content/PreviewContent/LayerInfos/Mud_LayerInfo.uasset" 1870
"../../../Engine/Plugins/Experimental/Landmass/Content/PreviewContent/LayerInfos/Mud_LayerInfo.uexp" 1871
"D:/Skald_TurnBasedStrategy_Code/Content/M4/Textures/GravelAndDirt/A/GravelDirt_Diffuse.ubulk" 1872
"D:/Skald_TurnBasedStrategy_Code/Content/M4/Textures/GravelAndDirt/A/GravelDirt_Diffuse.uasset" 1873
"D:/Skald_TurnBasedStrategy_Code/Content/M4/Textures/GravelAndDirt/A/GravelDirt_Diffuse.uexp" 1874
"D:/Skald_TurnBasedStrategy_Code/Content/M4/Textures/GravelAndDirt/A/GravelDirt_Disp_LC.ubulk" 1875
"D:/Skald_TurnBasedStrategy_Code/Content/M4/Textures/GravelAndDirt/A/GravelDirt_Disp_LC.uasset" 1876
"D:/Skald_TurnBasedStrategy_Code/Content/M4/Textures/GravelAndDirt/A/GravelDirt_Disp_LC.uexp" 1877
"D:/Skald_TurnBasedStrategy_Code/Content/M4/Textures/CliffWalls/A/Cliff_Diffuse_A_NORM.ubulk" 1878
"D:/Skald_TurnBasedStrategy_Code/Content/M4/Textures/CliffWalls/A/Cliff_Diffuse_A_NORM.uasset" 1879
"D:/Skald_TurnBasedStrategy_Code/Content/M4/Textures/CliffWalls/A/Cliff_Diffuse_A_NORM.uexp" 1880
"D:/Skald_TurnBasedStrategy_Code/Content/M4/Textures/Tutorials/CustomPaintLayerNormal.ubulk" 1881
"D:/Skald_TurnBasedStrategy_Code/Content/M4/Textures/Tutorials/CustomPaintLayerNormal.uasset" 1882
"D:/Skald_TurnBasedStrategy_Code/Content/M4/Textures/Tutorials/CustomPaintLayerNormal.uexp" 1883
"D:/Skald_TurnBasedStrategy_Code/Content/M4/Textures/Tutorials/CustomPaintLayerSR.ubulk" 1884
"D:/Skald_TurnBasedStrategy_Code/Content/M4/Textures/Tutorials/CustomPaintLayerSR.uasset" 1885
"D:/Skald_TurnBasedStrategy_Code/Content/M4/Textures/Tutorials/CustomPaintLayerSR.uexp" 1886
"D:/Skald_TurnBasedStrategy_Code/Content/M4/Textures/Snow/Snow_Normal.uasset" 1887
"D:/Skald_TurnBasedStrategy_Code/Content/M4/Textures/Snow/Snow_Normal.uexp" 1888
"D:/Skald_TurnBasedStrategy_Code/Content/M4/Textures/Sand/B/SandBaseNormal.ubulk" 1889
"D:/Skald_TurnBasedStrategy_Code/Content/M4/Textures/Sand/B/SandBaseNormal.uasset" 1890
"D:/Skald_TurnBasedStrategy_Code/Content/M4/Textures/Sand/B/SandBaseNormal.uexp" 1891
"D:/Skald_TurnBasedStrategy_Code/Content/M4/Textures/Sand/B/SandBaseColor_C.ubulk" 1892
"D:/Skald_TurnBasedStrategy_Code/Content/M4/Textures/Sand/B/SandBaseColor_C.uasset" 1893
"D:/Skald_TurnBasedStrategy_Code/Content/M4/Textures/Sand/B/SandBaseColor_C.uexp" 1894
"D:/Skald_TurnBasedStrategy_Code/Content/M4/Textures/Tutorials/CustomPaintLayerTexture.ubulk" 1895
"D:/Skald_TurnBasedStrategy_Code/Content/M4/Textures/Tutorials/CustomPaintLayerTexture.uasset" 1896
"D:/Skald_TurnBasedStrategy_Code/Content/M4/Textures/Tutorials/CustomPaintLayerTexture.uexp" 1897
"D:/Skald_TurnBasedStrategy_Code/Content/M4/Textures/CliffWalls/A/Cliff_Diffuse_A.ubulk" 1898
"D:/Skald_TurnBasedStrategy_Code/Content/M4/Textures/CliffWalls/A/Cliff_Diffuse_A.uasset" 1899
"D:/Skald_TurnBasedStrategy_Code/Content/M4/Textures/CliffWalls/A/Cliff_Diffuse_A.uexp" 1900
"D:/Skald_TurnBasedStrategy_Code/Content/M4/Textures/Noise/StaticNoise_Normal.ubulk" 1901
"D:/Skald_TurnBasedStrategy_Code/Content/M4/Textures/Noise/StaticNoise_Normal.uasset" 1902
"D:/Skald_TurnBasedStrategy_Code/Content/M4/Textures/Noise/StaticNoise_Normal.uexp" 1903
"D:/Skald_TurnBasedStrategy_Code/Content/M4/Textures/CliffWalls/A/Cliff_Disp_A_LC.ubulk" 1904
"D:/Skald_TurnBasedStrategy_Code/Content/M4/Textures/CliffWalls/A/Cliff_Disp_A_LC.uasset" 1905
"D:/Skald_TurnBasedStrategy_Code/Content/M4/Textures/CliffWalls/A/Cliff_Disp_A_LC.uexp" 1906
"D:/Skald_TurnBasedStrategy_Code/Content/M4/Textures/Noise/T_MacroVariation_Disp_LC.ubulk" 1907
"D:/Skald_TurnBasedStrategy_Code/Content/M4/Textures/Noise/T_MacroVariation_Disp_LC.uasset" 1908
"D:/Skald_TurnBasedStrategy_Code/Content/M4/Textures/Noise/T_MacroVariation_Disp_LC.uexp" 1909
"D:/Skald_TurnBasedStrategy_Code/Content/M4/Textures/Foothills/G/ProceduralFoothill_Disp_G_LC.ubulk" 1910
"D:/Skald_TurnBasedStrategy_Code/Content/M4/Textures/Foothills/G/ProceduralFoothill_Disp_G_LC.uasset" 1911
"D:/Skald_TurnBasedStrategy_Code/Content/M4/Textures/Foothills/G/ProceduralFoothill_Disp_G_LC.uexp" 1912
"../../../Engine/Content/Functions/Engine_MaterialFunctions01/Texturing/SlopeMask.uasset" 1913
"../../../Engine/Content/Functions/Engine_MaterialFunctions01/Texturing/SlopeMask.uexp" 1914
"D:/Skald_TurnBasedStrategy_Code/Content/M4/Materials/MasterMaterials/Functions/MountainTopDetection.uasset" 1915
"D:/Skald_TurnBasedStrategy_Code/Content/M4/Materials/MasterMaterials/Functions/MountainTopDetection.uexp" 1916
"D:/Skald_TurnBasedStrategy_Code/Content/M4/Textures/GroundGrass/4k/B/ProceduralGrass_Disp_LC.ubulk" 1917
"D:/Skald_TurnBasedStrategy_Code/Content/M4/Textures/GroundGrass/4k/B/ProceduralGrass_Disp_LC.uasset" 1918
"D:/Skald_TurnBasedStrategy_Code/Content/M4/Textures/GroundGrass/4k/B/ProceduralGrass_Disp_LC.uexp" 1919
"D:/Skald_TurnBasedStrategy_Code/Content/M4/Materials/MasterMaterials/Functions/PaintFunctions/BlendMultiLayeredMaterials.uasset" 1920
"D:/Skald_TurnBasedStrategy_Code/Content/M4/Materials/MasterMaterials/Functions/PaintFunctions/BlendMultiLayeredMaterials.uexp" 1921
"D:/Skald_TurnBasedStrategy_Code/Content/M4/Textures/GroundGrass/4k/B/ProceduralGrass_Roughness_LC.ubulk" 1922
"D:/Skald_TurnBasedStrategy_Code/Content/M4/Textures/GroundGrass/4k/B/ProceduralGrass_Roughness_LC.uasset" 1923
"D:/Skald_TurnBasedStrategy_Code/Content/M4/Textures/GroundGrass/4k/B/ProceduralGrass_Roughness_LC.uexp" 1924
"D:/Skald_TurnBasedStrategy_Code/Content/M4/Textures/GroundGrass/4k/B/ProceduralGrass_Diffuse.ubulk" 1925
"D:/Skald_TurnBasedStrategy_Code/Content/M4/Textures/GroundGrass/4k/B/ProceduralGrass_Diffuse.uasset" 1926
"D:/Skald_TurnBasedStrategy_Code/Content/M4/Textures/GroundGrass/4k/B/ProceduralGrass_Diffuse.uexp" 1927
"D:/Skald_TurnBasedStrategy_Code/Content/M4/Textures/GroundGrass/4k/B/ProceduralGrass_Normal.ubulk" 1928
"D:/Skald_TurnBasedStrategy_Code/Content/M4/Textures/GroundGrass/4k/B/ProceduralGrass_Normal.uasset" 1929
"D:/Skald_TurnBasedStrategy_Code/Content/M4/Textures/GroundGrass/4k/B/ProceduralGrass_Normal.uexp" 1930
"D:/Skald_TurnBasedStrategy_Code/Content/M4/Materials/MasterMaterials/Functions/PaintFunctions/TextureSetBlending.uasset" 1931
"D:/Skald_TurnBasedStrategy_Code/Content/M4/Materials/MasterMaterials/Functions/PaintFunctions/TextureSetBlending.uexp" 1932
"D:/Skald_TurnBasedStrategy_Code/Content/M4/Textures/GravelAndDirt/A/GravelDirt_Normal.ubulk" 1933
"D:/Skald_TurnBasedStrategy_Code/Content/M4/Textures/GravelAndDirt/A/GravelDirt_Normal.uasset" 1934
"D:/Skald_TurnBasedStrategy_Code/Content/M4/Textures/GravelAndDirt/A/GravelDirt_Normal.uexp" 1935
"D:/Skald_TurnBasedStrategy_Code/Content/M4/Materials/PaintLayers/MultiBiomePaintLayers/Island-MultiLayer.uasset" 1936
"D:/Skald_TurnBasedStrategy_Code/Content/M4/Materials/PaintLayers/MultiBiomePaintLayers/Island-MultiLayer.uexp" 1937
"D:/Skald_TurnBasedStrategy_Code/Content/M4/Textures/Noise/NoiseTextureLowRes.uasset" 1938
"D:/Skald_TurnBasedStrategy_Code/Content/M4/Textures/Noise/NoiseTextureLowRes.uexp" 1939
"D:/Skald_TurnBasedStrategy_Code/Content/M4/Materials/MasterMaterials/Functions/TilingReduction/StochasticTextureVariation.uasset" 1940
"D:/Skald_TurnBasedStrategy_Code/Content/M4/Materials/MasterMaterials/Functions/TilingReduction/StochasticTextureVariation.uexp" 1941
"D:/Skald_TurnBasedStrategy_Code/Content/M4/Materials/MasterMaterials/Functions/SlopeDetection.uasset" 1942
"D:/Skald_TurnBasedStrategy_Code/Content/M4/Materials/MasterMaterials/Functions/SlopeDetection.uexp" 1943
"D:/Skald_TurnBasedStrategy_Code/Content/M4/Blueprints/SystemResources/RenderTargets/SplatBaker/IslandHM/IslandFinalizedSplatmap.uasset" 1944
"D:/Skald_TurnBasedStrategy_Code/Content/M4/Blueprints/SystemResources/RenderTargets/SplatBaker/IslandHM/IslandFinalizedSplatmap.uexp" 1945
"D:/Skald_TurnBasedStrategy_Code/Content/M4/Materials/MasterMaterials/Functions/CheapContrastWithoutClampRGBA.uasset" 1946
"D:/Skald_TurnBasedStrategy_Code/Content/M4/Materials/MasterMaterials/Functions/CheapContrastWithoutClampRGBA.uexp" 1947
"D:/Skald_TurnBasedStrategy_Code/Content/M4/Materials/MasterMaterials/Functions/SplatmapDetection.uasset" 1948
"D:/Skald_TurnBasedStrategy_Code/Content/M4/Materials/MasterMaterials/Functions/SplatmapDetection.uexp" 1949
"D:/Skald_TurnBasedStrategy_Code/Content/M4/Materials/MasterMaterials/Functions/FlatlandNoisePattern.uasset" 1950
"D:/Skald_TurnBasedStrategy_Code/Content/M4/Materials/MasterMaterials/Functions/FlatlandNoisePattern.uexp" 1951
"D:/Skald_TurnBasedStrategy_Code/Content/M4/Materials/MasterMaterials/Functions/BeachDetection.uasset" 1952
"D:/Skald_TurnBasedStrategy_Code/Content/M4/Materials/MasterMaterials/Functions/BeachDetection.uexp" 1953
"D:/Skald_TurnBasedStrategy_Code/Content/M4/Materials/MasterMaterials/Functions/ProceduralFoliageMasking.uasset" 1954
"D:/Skald_TurnBasedStrategy_Code/Content/M4/Materials/MasterMaterials/Functions/ProceduralFoliageMasking.uexp" 1955
"D:/Skald_TurnBasedStrategy_Code/Content/M4/Textures/Pebbles/B/Pebbles_Normal.ubulk" 1956
"D:/Skald_TurnBasedStrategy_Code/Content/M4/Textures/Pebbles/B/Pebbles_Normal.uasset" 1957
"D:/Skald_TurnBasedStrategy_Code/Content/M4/Textures/Pebbles/B/Pebbles_Normal.uexp" 1958
"../../../Engine/Content/EditorResources/S_VectorFieldVol.uasset" 1959
"../../../Engine/Content/EditorResources/S_VectorFieldVol.uexp" 1960
"../../../Engine/Content/Functions/Engine_MaterialFunctions02/Utility/Swizzle.uasset" 1961
"../../../Engine/Content/Functions/Engine_MaterialFunctions02/Utility/Swizzle.uexp" 1962
"../../../Engine/Content/Functions/Engine_MaterialFunctions02/Math/InverseTransformMatrix.uasset" 1963
"../../../Engine/Content/Functions/Engine_MaterialFunctions02/Math/InverseTransformMatrix.uexp" 1964
"../../../Engine/Content/Functions/Engine_MaterialFunctions02/Math/TransformToZVector.uasset" 1965
"../../../Engine/Content/Functions/Engine_MaterialFunctions02/Math/TransformToZVector.uexp" 1966
"../../../Engine/Content/EngineVolumetrics/Fogsheet/Materials/T_EV_BlankWhite_01.uasset" 1967
"../../../Engine/Content/EngineVolumetrics/Fogsheet/Materials/T_EV_BlankWhite_01.uexp" 1968
"../../../Engine/Content/Functions/Engine_MaterialFunctions01/Texturing/ParallaxOcclusionMapping.uasset" 1969
"../../../Engine/Content/Functions/Engine_MaterialFunctions01/Texturing/ParallaxOcclusionMapping.uexp" 1970
"../../../Engine/Content/Functions/Engine_MaterialFunctions01/Texturing/TextureBomb_SingleSample.uasset" 1971
"../../../Engine/Content/Functions/Engine_MaterialFunctions01/Texturing/TextureBomb_SingleSample.uexp" 1972
"D:/Skald_TurnBasedStrategy_Code/Content/M4/Materials/MasterMaterials/Functions/TilingReduction/CustomTexture_Bombing.uasset" 1973
"D:/Skald_TurnBasedStrategy_Code/Content/M4/Materials/MasterMaterials/Functions/TilingReduction/CustomTexture_Bombing.uexp" 1974
"D:/Skald_TurnBasedStrategy_Code/Content/M4/Textures/Noise/SmoothPerlinRGB.ubulk" 1975
"D:/Skald_TurnBasedStrategy_Code/Content/M4/Textures/Noise/SmoothPerlinRGB.uasset" 1976
"D:/Skald_TurnBasedStrategy_Code/Content/M4/Textures/Noise/SmoothPerlinRGB.uexp" 1977
"D:/Skald_TurnBasedStrategy_Code/Content/M4/Blueprints/SystemResources/Legacy/ObjectColorCorrector_Legacy.uasset" 1978
"D:/Skald_TurnBasedStrategy_Code/Content/M4/Blueprints/SystemResources/Legacy/ObjectColorCorrector_Legacy.uexp" 1979
"D:/Skald_TurnBasedStrategy_Code/Content/M4/Materials/MasterMaterials/Functions/TilingReduction/UV-ScramblingTextureVariation.uasset" 1980
"D:/Skald_TurnBasedStrategy_Code/Content/M4/Materials/MasterMaterials/Functions/TilingReduction/UV-ScramblingTextureVariation.uexp" 1981
"../../../Engine/Content/Functions/Engine_MaterialFunctions01/Shading/FuzzyShadingGrass.uasset" 1982
"../../../Engine/Content/Functions/Engine_MaterialFunctions01/Shading/FuzzyShadingGrass.uexp" 1983
"D:/Skald_TurnBasedStrategy_Code/Content/M4/Materials/MasterMaterials/Functions/VHFM/FlatlandA-VHFM.uasset" 1984
"D:/Skald_TurnBasedStrategy_Code/Content/M4/Materials/MasterMaterials/Functions/VHFM/FlatlandA-VHFM.uexp" 1985
"D:/Skald_TurnBasedStrategy_Code/Content/M4/Materials/MasterMaterials/Functions/CameraDistanceDetection.uasset" 1986
"D:/Skald_TurnBasedStrategy_Code/Content/M4/Materials/MasterMaterials/Functions/CameraDistanceDetection.uexp" 1987
"D:/Skald_TurnBasedStrategy_Code/Content/M4/Materials/MasterMaterials/Functions/TextureCoordinateOverride.uasset" 1988
"D:/Skald_TurnBasedStrategy_Code/Content/M4/Materials/MasterMaterials/Functions/TextureCoordinateOverride.uexp" 1989
"D:/Skald_TurnBasedStrategy_Code/Content/M4/Materials/MasterMaterials/Functions/PrepareRegularOuput.uasset" 1990
"D:/Skald_TurnBasedStrategy_Code/Content/M4/Materials/MasterMaterials/Functions/PrepareRegularOuput.uexp" 1991
"D:/Skald_TurnBasedStrategy_Code/Content/M4/Textures/Ice/B/IceB_Diffuse.ubulk" 1992
"D:/Skald_TurnBasedStrategy_Code/Content/M4/Textures/Ice/B/IceB_Diffuse.uasset" 1993
"D:/Skald_TurnBasedStrategy_Code/Content/M4/Textures/Ice/B/IceB_Diffuse.uexp" 1994
"D:/Skald_TurnBasedStrategy_Code/Content/M4/Extras/UDS-EasyIntegration/TerrainFunctions/IntegrateUDS-Dynamic_Weather_Effects.uasset" 1995
"D:/Skald_TurnBasedStrategy_Code/Content/M4/Extras/UDS-EasyIntegration/TerrainFunctions/IntegrateUDS-Dynamic_Weather_Effects.uexp" 1996
"D:/Skald_TurnBasedStrategy_Code/Content/M4/Textures/Mud/M4_Mud_Height.ubulk" 1997
"D:/Skald_TurnBasedStrategy_Code/Content/M4/Textures/Mud/M4_Mud_Height.uasset" 1998
"D:/Skald_TurnBasedStrategy_Code/Content/M4/Textures/Mud/M4_Mud_Height.uexp" 1999
"D:/Skald_TurnBasedStrategy_Code/Content/M4/Textures/Ice/B/IceB_Roughness_LC.ubulk" 2000
"D:/Skald_TurnBasedStrategy_Code/Content/M4/Textures/Ice/B/IceB_Roughness_LC.uasset" 2001
"D:/Skald_TurnBasedStrategy_Code/Content/M4/Textures/Ice/B/IceB_Roughness_LC.uexp" 2002
"D:/Skald_TurnBasedStrategy_Code/Content/M4/Textures/Ice/B/IceB_Normal.ubulk" 2003
"D:/Skald_TurnBasedStrategy_Code/Content/M4/Textures/Ice/B/IceB_Normal.uasset" 2004
"D:/Skald_TurnBasedStrategy_Code/Content/M4/Textures/Ice/B/IceB_Normal.uexp" 2005
"D:/Skald_TurnBasedStrategy_Code/Content/M4/Materials/PaintLayers/FlatIceLayer.uasset" 2006
"D:/Skald_TurnBasedStrategy_Code/Content/M4/Materials/PaintLayers/FlatIceLayer.uexp" 2007
"D:/Skald_TurnBasedStrategy_Code/Content/M4/Materials/MasterMaterials/Functions/VHFM/Prepare_VHFM_VisibilityMasking.uasset" 2008
"D:/Skald_TurnBasedStrategy_Code/Content/M4/Materials/MasterMaterials/Functions/VHFM/Prepare_VHFM_VisibilityMasking.uexp" 2009
"D:/Skald_TurnBasedStrategy_Code/Content/M4/Textures/Foothills/G/ProceduralFoothill_Normal_G.ubulk" 2010
"D:/Skald_TurnBasedStrategy_Code/Content/M4/Textures/Foothills/G/ProceduralFoothill_Normal_G.uasset" 2011
"D:/Skald_TurnBasedStrategy_Code/Content/M4/Textures/Foothills/G/ProceduralFoothill_Normal_G.uexp" 2012
"D:/Skald_TurnBasedStrategy_Code/Content/M4/Materials/MasterMaterials/Functions/Cliff.uasset" 2013
"D:/Skald_TurnBasedStrategy_Code/Content/M4/Materials/MasterMaterials/Functions/Cliff.uexp" 2014
"D:/Skald_TurnBasedStrategy_Code/Content/M4/Materials/MasterMaterials/Functions/Sounds/M4AutomaterialMasks.uasset" 2015
"D:/Skald_TurnBasedStrategy_Code/Content/M4/Materials/MasterMaterials/Functions/Sounds/M4AutomaterialMasks.uexp" 2016
"../../../Engine/Content/EngineMaterials/WeightMapPlaceholderTexture.uasset" 2017
"../../../Engine/Content/EngineMaterials/WeightMapPlaceholderTexture.uexp" 2018
"../../../Engine/Content/EngineMaterials/WeightMapArrayPlaceholderTexture.uasset" 2019
"../../../Engine/Content/EngineMaterials/WeightMapArrayPlaceholderTexture.uexp" 2020
"D:/Skald_TurnBasedStrategy_Code/Content/M4/Textures/Forest/B/ForestGroundDiffuseB.ubulk" 2021
"D:/Skald_TurnBasedStrategy_Code/Content/M4/Textures/Forest/B/ForestGroundDiffuseB.uasset" 2022
"D:/Skald_TurnBasedStrategy_Code/Content/M4/Textures/Forest/B/ForestGroundDiffuseB.uexp" 2023
"D:/Skald_TurnBasedStrategy_Code/Content/M4/Materials/MasterMaterials/Functions/CheapVariationUVs.uasset" 2024
"D:/Skald_TurnBasedStrategy_Code/Content/M4/Materials/MasterMaterials/Functions/CheapVariationUVs.uexp" 2025
"D:/Skald_TurnBasedStrategy_Code/Content/M4/Materials/MasterMaterials/Functions/M4PlanarProjection-Custom.uasset" 2026
"D:/Skald_TurnBasedStrategy_Code/Content/M4/Materials/MasterMaterials/Functions/M4PlanarProjection-Custom.uexp" 2027
"D:/Skald_TurnBasedStrategy_Code/Content/M4/Materials/MasterMaterials/Functions/TilingReduction/StochasticTexture-Custom.uasset" 2028
"D:/Skald_TurnBasedStrategy_Code/Content/M4/Materials/MasterMaterials/Functions/TilingReduction/StochasticTexture-Custom.uexp" 2029
"D:/Skald_TurnBasedStrategy_Code/Content/M4/Materials/MasterMaterials/Functions/PaintFunctions/PaintSetBlending.uasset" 2030
"D:/Skald_TurnBasedStrategy_Code/Content/M4/Materials/MasterMaterials/Functions/PaintFunctions/PaintSetBlending.uexp" 2031
"D:/Skald_TurnBasedStrategy_Code/Content/M4/Materials/PaintLayers/Custom02Layer.uasset" 2032
"D:/Skald_TurnBasedStrategy_Code/Content/M4/Materials/PaintLayers/Custom02Layer.uexp" 2033
"D:/Skald_TurnBasedStrategy_Code/Content/M4/Textures/Foothills/G/ProceduralFoothill_Diffuse_G.ubulk" 2034
"D:/Skald_TurnBasedStrategy_Code/Content/M4/Textures/Foothills/G/ProceduralFoothill_Diffuse_G.uasset" 2035
"D:/Skald_TurnBasedStrategy_Code/Content/M4/Textures/Foothills/G/ProceduralFoothill_Diffuse_G.uexp" 2036
"D:/Skald_TurnBasedStrategy_Code/Content/M4/Materials/MasterMaterials/Functions/Foothill.uasset" 2037
"D:/Skald_TurnBasedStrategy_Code/Content/M4/Materials/MasterMaterials/Functions/Foothill.uexp" 2038
"D:/Skald_TurnBasedStrategy_Code/Content/M4/Textures/Noise/SnowFlakes_Normal.uasset" 2039
"D:/Skald_TurnBasedStrategy_Code/Content/M4/Textures/Noise/SnowFlakes_Normal.uexp" 2040
"D:/Skald_TurnBasedStrategy_Code/Content/M4/Textures/Snow/Snow_Diffuse.uasset" 2041
"D:/Skald_TurnBasedStrategy_Code/Content/M4/Textures/Snow/Snow_Diffuse.uexp" 2042
"D:/Skald_TurnBasedStrategy_Code/Content/M4/Materials/MasterMaterials/Functions/MountainTopSnow.uasset" 2043
"D:/Skald_TurnBasedStrategy_Code/Content/M4/Materials/MasterMaterials/Functions/MountainTopSnow.uexp" 2044
"D:/Skald_TurnBasedStrategy_Code/Content/M4/Materials/MasterMaterials/Functions/PaintFunctions/Lighten+DarkenPaintLayers.uasset" 2045
"D:/Skald_TurnBasedStrategy_Code/Content/M4/Materials/MasterMaterials/Functions/PaintFunctions/Lighten+DarkenPaintLayers.uexp" 2046
"D:/Skald_TurnBasedStrategy_Code/Content/M4/Materials/MasterMaterials/Functions/SplatmapMaterialSlope.uasset" 2047
"D:/Skald_TurnBasedStrategy_Code/Content/M4/Materials/MasterMaterials/Functions/SplatmapMaterialSlope.uexp" 2048
"D:/Skald_TurnBasedStrategy_Code/Content/M4/Textures/Mud/M4_Mud_R.ubulk" 2049
"D:/Skald_TurnBasedStrategy_Code/Content/M4/Textures/Mud/M4_Mud_R.uasset" 2050
"D:/Skald_TurnBasedStrategy_Code/Content/M4/Textures/Mud/M4_Mud_R.uexp" 2051
"D:/Skald_TurnBasedStrategy_Code/Content/M4/Textures/Pebbles/B/Pebbles_Albedo.ubulk" 2052
"D:/Skald_TurnBasedStrategy_Code/Content/M4/Textures/Pebbles/B/Pebbles_Albedo.uasset" 2053
"D:/Skald_TurnBasedStrategy_Code/Content/M4/Textures/Pebbles/B/Pebbles_Albedo.uexp" 2054
"D:/Skald_TurnBasedStrategy_Code/Content/M4/Materials/MasterMaterials/Functions/VHFM/NewTess_MultiMaterialHandling.uasset" 2055
"D:/Skald_TurnBasedStrategy_Code/Content/M4/Materials/MasterMaterials/Functions/VHFM/NewTess_MultiMaterialHandling.uexp" 2056
"D:/Skald_TurnBasedStrategy_Code/Content/M4/Materials/MasterMaterials/Functions/FlatlandMacroNormal.uasset" 2057
"D:/Skald_TurnBasedStrategy_Code/Content/M4/Materials/MasterMaterials/Functions/FlatlandMacroNormal.uexp" 2058
"D:/Skald_TurnBasedStrategy_Code/Content/M4/Materials/MasterMaterials/Functions/FlatlandBlending.uasset" 2059
"D:/Skald_TurnBasedStrategy_Code/Content/M4/Materials/MasterMaterials/Functions/FlatlandBlending.uexp" 2060
"D:/Skald_TurnBasedStrategy_Code/Content/M4/Textures/Tutorials/RVT-Warning.ubulk" 2061
"D:/Skald_TurnBasedStrategy_Code/Content/M4/Textures/Tutorials/RVT-Warning.uasset" 2062
"D:/Skald_TurnBasedStrategy_Code/Content/M4/Textures/Tutorials/RVT-Warning.uexp" 2063
"D:/Skald_TurnBasedStrategy_Code/Content/M4/Materials/MasterMaterials/Functions/ColorCurves/Curves/SlopeColorCurve_IslandC.uasset" 2064
"D:/Skald_TurnBasedStrategy_Code/Content/M4/Materials/MasterMaterials/Functions/ColorCurves/Curves/SlopeColorCurve_IslandC.uexp" 2065
"D:/Skald_TurnBasedStrategy_Code/Content/M4/Materials/MasterMaterials/Functions/ColorCurves/Curves/SlopeColorCurve_DesertB.uasset" 2066
"D:/Skald_TurnBasedStrategy_Code/Content/M4/Materials/MasterMaterials/Functions/ColorCurves/Curves/SlopeColorCurve_DesertB.uexp" 2067
"D:/Skald_TurnBasedStrategy_Code/Content/M4/Materials/MasterMaterials/Functions/ColorCurves/Curves/SlopeColorCurve_DesertA.uasset" 2068
"D:/Skald_TurnBasedStrategy_Code/Content/M4/Materials/MasterMaterials/Functions/ColorCurves/Curves/SlopeColorCurve_DesertA.uexp" 2069
"D:/Skald_TurnBasedStrategy_Code/Content/M4/Materials/MasterMaterials/Functions/ColorCurves/Curves/SlopeColorCurve_IslandB.uasset" 2070
"D:/Skald_TurnBasedStrategy_Code/Content/M4/Materials/MasterMaterials/Functions/ColorCurves/Curves/SlopeColorCurve_IslandB.uexp" 2071
"D:/Skald_TurnBasedStrategy_Code/Content/M4/Materials/MasterMaterials/Functions/ColorCurves/Curves/SlopeColorCurve_TundraA.uasset" 2072
"D:/Skald_TurnBasedStrategy_Code/Content/M4/Materials/MasterMaterials/Functions/ColorCurves/Curves/SlopeColorCurve_TundraA.uexp" 2073
"D:/Skald_TurnBasedStrategy_Code/Content/M4/Materials/MasterMaterials/Functions/ColorCurves/Curves/SlopeColorCurve_IslandA.uasset" 2074
"D:/Skald_TurnBasedStrategy_Code/Content/M4/Materials/MasterMaterials/Functions/ColorCurves/Curves/SlopeColorCurve_IslandA.uexp" 2075
"D:/Skald_TurnBasedStrategy_Code/Content/M4/Materials/MasterMaterials/Functions/ColorCurves/Curves/TerrainCurvesAtlas.uasset" 2076
"D:/Skald_TurnBasedStrategy_Code/Content/M4/Materials/MasterMaterials/Functions/ColorCurves/Curves/TerrainCurvesAtlas.uexp" 2077
"D:/Skald_TurnBasedStrategy_Code/Content/M4/Materials/MasterMaterials/Functions/ColorCurves/SlopeBasedColorCurve.uasset" 2078
"D:/Skald_TurnBasedStrategy_Code/Content/M4/Materials/MasterMaterials/Functions/ColorCurves/SlopeBasedColorCurve.uexp" 2079
"D:/Skald_TurnBasedStrategy_Code/Content/M4/Materials/MasterMaterials/Functions/VHFM/SlopeDetection-VHFM.uasset" 2080
"D:/Skald_TurnBasedStrategy_Code/Content/M4/Materials/MasterMaterials/Functions/VHFM/SlopeDetection-VHFM.uexp" 2081
"D:/Skald_TurnBasedStrategy_Code/Content/M4/Materials/MasterMaterials/Functions/FlatlandB.uasset" 2082
"D:/Skald_TurnBasedStrategy_Code/Content/M4/Materials/MasterMaterials/Functions/FlatlandB.uexp" 2083
"D:/Skald_TurnBasedStrategy_Code/Content/M4/Textures/Sand/B/SandBaseDisplacement.ubulk" 2084
"D:/Skald_TurnBasedStrategy_Code/Content/M4/Textures/Sand/B/SandBaseDisplacement.uasset" 2085
"D:/Skald_TurnBasedStrategy_Code/Content/M4/Textures/Sand/B/SandBaseDisplacement.uexp" 2086
"D:/Skald_TurnBasedStrategy_Code/Content/M4/Materials/PaintLayers/SandLayer.uasset" 2087
"D:/Skald_TurnBasedStrategy_Code/Content/M4/Materials/PaintLayers/SandLayer.uexp" 2088
"D:/Skald_TurnBasedStrategy_Code/Content/M4/Materials/PaintLayers/JaggedRockLayer.uasset" 2089
"D:/Skald_TurnBasedStrategy_Code/Content/M4/Materials/PaintLayers/JaggedRockLayer.uexp" 2090
"D:/Skald_TurnBasedStrategy_Code/Content/M4/Materials/PaintLayers/DirtLayer.uasset" 2091
"D:/Skald_TurnBasedStrategy_Code/Content/M4/Materials/PaintLayers/DirtLayer.uexp" 2092
"D:/Skald_TurnBasedStrategy_Code/Content/M4/Materials/MasterMaterials/Functions/FlatlandA.uasset" 2093
"D:/Skald_TurnBasedStrategy_Code/Content/M4/Materials/MasterMaterials/Functions/FlatlandA.uexp" 2094
"D:/Skald_TurnBasedStrategy_Code/Content/M4/Materials/MasterMaterials/Functions/DualSlopeDetection.uasset" 2095
"D:/Skald_TurnBasedStrategy_Code/Content/M4/Materials/MasterMaterials/Functions/DualSlopeDetection.uexp" 2096
"D:/Skald_TurnBasedStrategy_Code/Content/M4/Materials/MasterMaterials/Functions/VHFM/VHFM-Output-RVT.uasset" 2097
"D:/Skald_TurnBasedStrategy_Code/Content/M4/Materials/MasterMaterials/Functions/VHFM/VHFM-Output-RVT.uexp" 2098
"D:/Skald_TurnBasedStrategy_Code/Content/M4/Materials/PaintLayers/MultiBiomePaintLayers/Tundra-MultiLayer.uasset" 2099
"D:/Skald_TurnBasedStrategy_Code/Content/M4/Materials/PaintLayers/MultiBiomePaintLayers/Tundra-MultiLayer.uexp" 2100
"D:/Skald_TurnBasedStrategy_Code/Content/M4/Textures/Mud/M4_Mud_BC.ubulk" 2101
"D:/Skald_TurnBasedStrategy_Code/Content/M4/Textures/Mud/M4_Mud_BC.uasset" 2102
"D:/Skald_TurnBasedStrategy_Code/Content/M4/Textures/Mud/M4_Mud_BC.uexp" 2103
"D:/Skald_TurnBasedStrategy_Code/Content/M4/Textures/Mud/M4_Mud_N.ubulk" 2104
"D:/Skald_TurnBasedStrategy_Code/Content/M4/Textures/Mud/M4_Mud_N.uasset" 2105
"D:/Skald_TurnBasedStrategy_Code/Content/M4/Textures/Mud/M4_Mud_N.uexp" 2106
"D:/Skald_TurnBasedStrategy_Code/Content/M4/Materials/PaintLayers/MudLayer.uasset" 2107
"D:/Skald_TurnBasedStrategy_Code/Content/M4/Materials/PaintLayers/MudLayer.uexp" 2108
"D:/Skald_TurnBasedStrategy_Code/Content/M4/Materials/MasterMaterials/Functions/VHFM/Foothill-VHFM.uasset" 2109
"D:/Skald_TurnBasedStrategy_Code/Content/M4/Materials/MasterMaterials/Functions/VHFM/Foothill-VHFM.uexp" 2110
"D:/Skald_TurnBasedStrategy_Code/Content/M4/Materials/MasterMaterials/Functions/VHFM/AutoMaterialSlope-VHFM.uasset" 2111
"D:/Skald_TurnBasedStrategy_Code/Content/M4/Materials/MasterMaterials/Functions/VHFM/AutoMaterialSlope-VHFM.uexp" 2112
"D:/Skald_TurnBasedStrategy_Code/Content/M4/Materials/MasterMaterials/Functions/Beach.uasset" 2113
"D:/Skald_TurnBasedStrategy_Code/Content/M4/Materials/MasterMaterials/Functions/Beach.uexp" 2114
"D:/Skald_TurnBasedStrategy_Code/Content/M4/Materials/MasterMaterials/Functions/VHFM/AutomaterialBase-VHFM.uasset" 2115
"D:/Skald_TurnBasedStrategy_Code/Content/M4/Materials/MasterMaterials/Functions/VHFM/AutomaterialBase-VHFM.uexp" 2116
"D:/Skald_TurnBasedStrategy_Code/Content/M4/Foliage/ProceduralPlacers/Beach/Beach_WetLayer.uasset" 2117
"D:/Skald_TurnBasedStrategy_Code/Content/M4/Foliage/ProceduralPlacers/Beach/Beach_WetLayer.uexp" 2118
"D:/Skald_TurnBasedStrategy_Code/Content/M4/Textures/Forest/B/ForestGroundDetailNormalB.ubulk" 2119
"D:/Skald_TurnBasedStrategy_Code/Content/M4/Textures/Forest/B/ForestGroundDetailNormalB.uasset" 2120
"D:/Skald_TurnBasedStrategy_Code/Content/M4/Textures/Forest/B/ForestGroundDetailNormalB.uexp" 2121
"D:/Skald_TurnBasedStrategy_Code/Content/M4/Foliage/ProceduralPlacers/Island/Island_FlatlandB.uasset" 2122
"D:/Skald_TurnBasedStrategy_Code/Content/M4/Foliage/ProceduralPlacers/Island/Island_FlatlandB.uexp" 2123
"D:/Skald_TurnBasedStrategy_Code/Content/M4/Foliage/ProceduralPlacers/Beach/Beach_DryLayer.uasset" 2124
"D:/Skald_TurnBasedStrategy_Code/Content/M4/Foliage/ProceduralPlacers/Beach/Beach_DryLayer.uexp" 2125
"D:/Skald_TurnBasedStrategy_Code/Content/M4/Materials/PaintLayers/Custom01Layer.uasset" 2126
"D:/Skald_TurnBasedStrategy_Code/Content/M4/Materials/PaintLayers/Custom01Layer.uexp" 2127
"D:/Skald_TurnBasedStrategy_Code/Content/M4/Textures/Pebbles/B/Pebbles_Displacement.ubulk" 2128
"D:/Skald_TurnBasedStrategy_Code/Content/M4/Textures/Pebbles/B/Pebbles_Displacement.uasset" 2129
"D:/Skald_TurnBasedStrategy_Code/Content/M4/Textures/Pebbles/B/Pebbles_Displacement.uexp" 2130
"D:/Skald_TurnBasedStrategy_Code/Content/M4/SoundSystem/PhysicalMaterials/Slope_PM.uasset" 2131
"D:/Skald_TurnBasedStrategy_Code/Content/M4/SoundSystem/PhysicalMaterials/Slope_PM.uexp" 2132
"D:/Skald_TurnBasedStrategy_Code/Content/M4/Textures/Forest/B/ForestGroundNormalB.ubulk" 2133
"D:/Skald_TurnBasedStrategy_Code/Content/M4/Textures/Forest/B/ForestGroundNormalB.uasset" 2134
"D:/Skald_TurnBasedStrategy_Code/Content/M4/Textures/Forest/B/ForestGroundNormalB.uexp" 2135
"D:/Skald_TurnBasedStrategy_Code/Content/M4/Materials/PaintLayers/ForestLayer.uasset" 2136
"D:/Skald_TurnBasedStrategy_Code/Content/M4/Materials/PaintLayers/ForestLayer.uexp" 2137
"D:/Skald_TurnBasedStrategy_Code/Content/M4/Extras/UDS-EasyIntegration/TerrainFunctions/PrepareUDS-Dynamic_Weather_Effects.uasset" 2138
"D:/Skald_TurnBasedStrategy_Code/Content/M4/Extras/UDS-EasyIntegration/TerrainFunctions/PrepareUDS-Dynamic_Weather_Effects.uexp" 2139
"D:/Skald_TurnBasedStrategy_Code/Content/M4/Materials/MasterMaterials/Functions/SplatmapMaterialBase.uasset" 2140
"D:/Skald_TurnBasedStrategy_Code/Content/M4/Materials/MasterMaterials/Functions/SplatmapMaterialBase.uexp" 2141
"D:/Skald_TurnBasedStrategy_Code/Content/M4/Materials/PaintLayers/GrassLayer.uasset" 2142
"D:/Skald_TurnBasedStrategy_Code/Content/M4/Materials/PaintLayers/GrassLayer.uexp" 2143
"D:/Skald_TurnBasedStrategy_Code/Content/M4/Foliage/ProceduralPlacers/Island/Island_FlatlandA.uasset" 2144
"D:/Skald_TurnBasedStrategy_Code/Content/M4/Foliage/ProceduralPlacers/Island/Island_FlatlandA.uexp" 2145
"D:/Skald_TurnBasedStrategy_Code/Content/M4/Materials/MasterMaterials/Functions/TilingReduction/MacroBrightnessVariationAttribute.uasset" 2146
"D:/Skald_TurnBasedStrategy_Code/Content/M4/Materials/MasterMaterials/Functions/TilingReduction/MacroBrightnessVariationAttribute.uexp" 2147
"D:/Skald_TurnBasedStrategy_Code/Content/M4/TrailSystem/ForTerrains/M4-Trail-Mask-Organizer.uasset" 2148
"D:/Skald_TurnBasedStrategy_Code/Content/M4/TrailSystem/ForTerrains/M4-Trail-Mask-Organizer.uexp" 2149
"D:/Skald_TurnBasedStrategy_Code/Content/M4/Materials/PaintLayers/StonesLayer.uasset" 2150
"D:/Skald_TurnBasedStrategy_Code/Content/M4/Materials/PaintLayers/StonesLayer.uexp" 2151
"D:/Skald_TurnBasedStrategy_Code/Content/M4/Materials/PaintLayers/MultiBiomePaintLayers/Desert-MultiLayer.uasset" 2152
"D:/Skald_TurnBasedStrategy_Code/Content/M4/Materials/PaintLayers/MultiBiomePaintLayers/Desert-MultiLayer.uexp" 2153
"D:/Skald_TurnBasedStrategy_Code/Content/M4/Materials/MasterMaterials/Functions/PrepareOutput-RVT-VHFM.uasset" 2154
"D:/Skald_TurnBasedStrategy_Code/Content/M4/Materials/MasterMaterials/Functions/PrepareOutput-RVT-VHFM.uexp" 2155
"D:/Skald_TurnBasedStrategy_Code/Content/M4/Materials/MasterMaterials/M4HeightfieldMasterMat.uasset" 2156
"D:/Skald_TurnBasedStrategy_Code/Content/M4/Materials/MasterMaterials/M4HeightfieldMasterMat.uexp" 2157
"D:/Skald_TurnBasedStrategy_Code/Content/M4/Materials/PresetInstances/Tundra/Tundra_UE5Preset6_Inst.uasset" 2158
"D:/Skald_TurnBasedStrategy_Code/Content/M4/Materials/PresetInstances/Tundra/Tundra_UE5Preset6_Inst.uexp" 2159
"D:/Skald_TurnBasedStrategy_Code/Content/M4/Maps/PaintWeights/Tundra_Demo_sharedassets/Tundra-Multi-Biome_LayerInfo.uasset" 2160
"D:/Skald_TurnBasedStrategy_Code/Content/M4/Maps/PaintWeights/Tundra_Demo_sharedassets/Tundra-Multi-Biome_LayerInfo.uexp" 2161
"D:/Skald_TurnBasedStrategy_Code/Content/Blueprints/UI/UISoundFX/DiceRoll_03.ubulk" 2162
"D:/Skald_TurnBasedStrategy_Code/Content/Blueprints/UI/UISoundFX/DiceRoll_03.uasset" 2163
"D:/Skald_TurnBasedStrategy_Code/Content/Blueprints/UI/UISoundFX/DiceRoll_03.uexp" 2164
"D:/Skald_TurnBasedStrategy_Code/Content/Blueprints/UI/UISoundFX/DiceRoll_06.ubulk" 2165
"D:/Skald_TurnBasedStrategy_Code/Content/Blueprints/UI/UISoundFX/DiceRoll_06.uasset" 2166
"D:/Skald_TurnBasedStrategy_Code/Content/Blueprints/UI/UISoundFX/DiceRoll_06.uexp" 2167
"D:/Skald_TurnBasedStrategy_Code/Content/Blueprints/UI/UISoundFX/DiceRoll_01.ubulk" 2168
"D:/Skald_TurnBasedStrategy_Code/Content/Blueprints/UI/UISoundFX/DiceRoll_01.uasset" 2169
"D:/Skald_TurnBasedStrategy_Code/Content/Blueprints/UI/UISoundFX/DiceRoll_01.uexp" 2170
"D:/Skald_TurnBasedStrategy_Code/Content/Blueprints/UI/UISoundFX/DiceRoll_02.ubulk" 2171
"D:/Skald_TurnBasedStrategy_Code/Content/Blueprints/UI/UISoundFX/DiceRoll_02.uasset" 2172
"D:/Skald_TurnBasedStrategy_Code/Content/Blueprints/UI/UISoundFX/DiceRoll_02.uexp" 2173
"D:/Skald_TurnBasedStrategy_Code/Content/Blueprints/UI/UISoundFX/DiceRoll_05.ubulk" 2174
"D:/Skald_TurnBasedStrategy_Code/Content/Blueprints/UI/UISoundFX/DiceRoll_05.uasset" 2175
"D:/Skald_TurnBasedStrategy_Code/Content/Blueprints/UI/UISoundFX/DiceRoll_05.uexp" 2176
"D:/Skald_TurnBasedStrategy_Code/Content/Blueprints/UI/UISoundFX/DiceRoll_01_Cue.uasset" 2177
"D:/Skald_TurnBasedStrategy_Code/Content/Blueprints/UI/UISoundFX/DiceRoll_01_Cue.uexp" 2178
"D:/Skald_TurnBasedStrategy_Code/Content/Blueprints/UI/UI_PNGs/StatIcons/AttackDice_icon.ubulk" 2179
"D:/Skald_TurnBasedStrategy_Code/Content/Blueprints/UI/UI_PNGs/StatIcons/AttackDice_icon.uasset" 2180
"D:/Skald_TurnBasedStrategy_Code/Content/Blueprints/UI/UI_PNGs/StatIcons/AttackDice_icon.uexp" 2181
"D:/Skald_TurnBasedStrategy_Code/Content/Blueprints/UI/UI_PNGs/ButtonsAndSliders/Activate_Button.uasset" 2182
"D:/Skald_TurnBasedStrategy_Code/Content/Blueprints/UI/UI_PNGs/ButtonsAndSliders/Activate_Button.uexp" 2183
"D:/Skald_TurnBasedStrategy_Code/Content/Blueprints/UI/Skald_DiceEntryWidget.uasset" 2184
"D:/Skald_TurnBasedStrategy_Code/Content/Blueprints/UI/Skald_DiceEntryWidget.uexp" 2185
"D:/Skald_TurnBasedStrategy_Code/Content/Blueprints/UI/UI_PNGs/Dice/Set_01/SkaldDice_1.ubulk" 2186
"D:/Skald_TurnBasedStrategy_Code/Content/Blueprints/UI/UI_PNGs/Dice/Set_01/SkaldDice_1.uasset" 2187
"D:/Skald_TurnBasedStrategy_Code/Content/Blueprints/UI/UI_PNGs/Dice/Set_01/SkaldDice_1.uexp" 2188
"D:/Skald_TurnBasedStrategy_Code/Content/Blueprints/UI/UI_PNGs/Dice/Set_01/SkaldDice_2.ubulk" 2189
"D:/Skald_TurnBasedStrategy_Code/Content/Blueprints/UI/UI_PNGs/Dice/Set_01/SkaldDice_2.uasset" 2190
"D:/Skald_TurnBasedStrategy_Code/Content/Blueprints/UI/UI_PNGs/Dice/Set_01/SkaldDice_2.uexp" 2191
"D:/Skald_TurnBasedStrategy_Code/Content/Blueprints/UI/UI_PNGs/Dice/Set_01/SkaldDice_3.ubulk" 2192
"D:/Skald_TurnBasedStrategy_Code/Content/Blueprints/UI/UI_PNGs/Dice/Set_01/SkaldDice_3.uasset" 2193
"D:/Skald_TurnBasedStrategy_Code/Content/Blueprints/UI/UI_PNGs/Dice/Set_01/SkaldDice_3.uexp" 2194
"D:/Skald_TurnBasedStrategy_Code/Content/Blueprints/UI/UI_PNGs/Dice/Set_01/SkaldDice_4.ubulk" 2195
"D:/Skald_TurnBasedStrategy_Code/Content/Blueprints/UI/UI_PNGs/Dice/Set_01/SkaldDice_4.uasset" 2196
"D:/Skald_TurnBasedStrategy_Code/Content/Blueprints/UI/UI_PNGs/Dice/Set_01/SkaldDice_4.uexp" 2197
"D:/Skald_TurnBasedStrategy_Code/Content/Blueprints/UI/UI_PNGs/Dice/Set_01/SkaldDice_5.ubulk" 2198
"D:/Skald_TurnBasedStrategy_Code/Content/Blueprints/UI/UI_PNGs/Dice/Set_01/SkaldDice_5.uasset" 2199
"D:/Skald_TurnBasedStrategy_Code/Content/Blueprints/UI/UI_PNGs/Dice/Set_01/SkaldDice_5.uexp" 2200
"D:/Skald_TurnBasedStrategy_Code/Content/Blueprints/UI/UI_PNGs/Dice/Set_01/SkaldDice_6.ubulk" 2201
"D:/Skald_TurnBasedStrategy_Code/Content/Blueprints/UI/UI_PNGs/Dice/Set_01/SkaldDice_6.uasset" 2202
"D:/Skald_TurnBasedStrategy_Code/Content/Blueprints/UI/UI_PNGs/Dice/Set_01/SkaldDice_6.uexp" 2203
"D:/Skald_TurnBasedStrategy_Code/Content/Blueprints/UI/Skald_DiceResolutionPanel.uasset" 2204
"D:/Skald_TurnBasedStrategy_Code/Content/Blueprints/UI/Skald_DiceResolutionPanel.uexp" 2205
"D:/Skald_TurnBasedStrategy_Code/Content/Blueprints/UI/UI_PNGs/ButtonsAndSliders/Move.uasset" 2206
"D:/Skald_TurnBasedStrategy_Code/Content/Blueprints/UI/UI_PNGs/ButtonsAndSliders/Move.uexp" 2207
"D:/Skald_TurnBasedStrategy_Code/Content/Blueprints/UI/UI_PNGs/ButtonsAndSliders/RollButton_Glow_x4.uasset" 2208
"D:/Skald_TurnBasedStrategy_Code/Content/Blueprints/UI/UI_PNGs/ButtonsAndSliders/RollButton_Glow_x4.uexp" 2209
"D:/Skald_TurnBasedStrategy_Code/Content/Blueprints/UI/Skald_FloatingText.uasset" 2210
"D:/Skald_TurnBasedStrategy_Code/Content/Blueprints/UI/Skald_FloatingText.uexp" 2211
"D:/Skald_TurnBasedStrategy_Code/Content/Blueprints/UI/UI_PNGs/ButtonsAndSliders/End_Turn.uasset" 2212
"D:/Skald_TurnBasedStrategy_Code/Content/Blueprints/UI/UI_PNGs/ButtonsAndSliders/End_Turn.uexp" 2213
"D:/Skald_TurnBasedStrategy_Code/Content/Blueprints/UI/UI_Fonts/CinzelDecorative-Regular.uexp" 2214
"D:/Skald_TurnBasedStrategy_Code/Content/Blueprints/UI/UI_Fonts/CinzelDecorative-Regular.uasset" 2215
"D:/Skald_TurnBasedStrategy_Code/Content/Blueprints/UI/UI_Fonts/CinzelDecorative-Regular.ufont" 2216
"D:/Skald_TurnBasedStrategy_Code/Content/Blueprints/UI/UI_Fonts/CinzelDecorative-Regular_Font.uasset" 2217
"D:/Skald_TurnBasedStrategy_Code/Content/Blueprints/UI/UI_Fonts/CinzelDecorative-Regular_Font.uexp" 2218
"D:/Skald_TurnBasedStrategy_Code/Content/Blueprints/UI/UI_PNGs/StatIcons/Health_Icon.ubulk" 2219
"D:/Skald_TurnBasedStrategy_Code/Content/Blueprints/UI/UI_PNGs/StatIcons/Health_Icon.uasset" 2220
"D:/Skald_TurnBasedStrategy_Code/Content/Blueprints/UI/UI_PNGs/StatIcons/Health_Icon.uexp" 2221
"D:/Skald_TurnBasedStrategy_Code/Content/Blueprints/UI/UISoundFX/Medieval_fantasy_gam-1760760956942.ubulk" 2222
"D:/Skald_TurnBasedStrategy_Code/Content/Blueprints/UI/UISoundFX/Medieval_fantasy_gam-1760760956942.uasset" 2223
"D:/Skald_TurnBasedStrategy_Code/Content/Blueprints/UI/UISoundFX/Medieval_fantasy_gam-1760760956942.uexp" 2224
"D:/Skald_TurnBasedStrategy_Code/Content/Blueprints/UI/UI_PNGs/StatIcons/AttackDamage_Icon.ubulk" 2225
"D:/Skald_TurnBasedStrategy_Code/Content/Blueprints/UI/UI_PNGs/StatIcons/AttackDamage_Icon.uasset" 2226
"D:/Skald_TurnBasedStrategy_Code/Content/Blueprints/UI/UI_PNGs/StatIcons/AttackDamage_Icon.uexp" 2227
"D:/Skald_TurnBasedStrategy_Code/Content/Blueprints/UI/UI_PNGs/StatIcons/Movement_icon.ubulk" 2228
"D:/Skald_TurnBasedStrategy_Code/Content/Blueprints/UI/UI_PNGs/StatIcons/Movement_icon.uasset" 2229
"D:/Skald_TurnBasedStrategy_Code/Content/Blueprints/UI/UI_PNGs/StatIcons/Movement_icon.uexp" 2230
"D:/Skald_TurnBasedStrategy_Code/Content/Blueprints/UI/UI_PNGs/ButtonsAndSliders/Attack.uasset" 2231
"D:/Skald_TurnBasedStrategy_Code/Content/Blueprints/UI/UI_PNGs/ButtonsAndSliders/Attack.uexp" 2232
"D:/Skald_TurnBasedStrategy_Code/Content/Blueprints/UI/UI_PNGs/StatIcons/Strength_icon.ubulk" 2233
"D:/Skald_TurnBasedStrategy_Code/Content/Blueprints/UI/UI_PNGs/StatIcons/Strength_icon.uasset" 2234
"D:/Skald_TurnBasedStrategy_Code/Content/Blueprints/UI/UI_PNGs/StatIcons/Strength_icon.uexp" 2235
"D:/Skald_TurnBasedStrategy_Code/Content/Blueprints/UI/UI_PNGs/Dice/ChatGPT_Image_Sep_28__2025__04_51_33_PM.ubulk" 2236
"D:/Skald_TurnBasedStrategy_Code/Content/Blueprints/UI/UI_PNGs/Dice/ChatGPT_Image_Sep_28__2025__04_51_33_PM.uasset" 2237
"D:/Skald_TurnBasedStrategy_Code/Content/Blueprints/UI/UI_PNGs/Dice/ChatGPT_Image_Sep_28__2025__04_51_33_PM.uexp" 2238
"D:/Skald_TurnBasedStrategy_Code/Content/Blueprints/UI/UI_PNGs/StatIcons/Defence_icon.ubulk" 2239
"D:/Skald_TurnBasedStrategy_Code/Content/Blueprints/UI/UI_PNGs/StatIcons/Defence_icon.uasset" 2240
"D:/Skald_TurnBasedStrategy_Code/Content/Blueprints/UI/UI_PNGs/StatIcons/Defence_icon.uexp" 2241
"D:/Skald_TurnBasedStrategy_Code/Content/Blueprints/UI/UI_PNGs/StatIcons/AttackRange_icon.ubulk" 2242
"D:/Skald_TurnBasedStrategy_Code/Content/Blueprints/UI/UI_PNGs/StatIcons/AttackRange_icon.uasset" 2243
"D:/Skald_TurnBasedStrategy_Code/Content/Blueprints/UI/UI_PNGs/StatIcons/AttackRange_icon.uexp" 2244
"D:/Skald_TurnBasedStrategy_Code/Content/Blueprints/UI/UI_PNGs/ButtonsAndSliders/RollButton_Pressed_x4.uasset" 2245
"D:/Skald_TurnBasedStrategy_Code/Content/Blueprints/UI/UI_PNGs/ButtonsAndSliders/RollButton_Pressed_x4.uexp" 2246
"D:/Skald_TurnBasedStrategy_Code/Content/Blueprints/UI/UISoundFX/Medieval_fantasy_gam__2-1760760828977.ubulk" 2247
"D:/Skald_TurnBasedStrategy_Code/Content/Blueprints/UI/UISoundFX/Medieval_fantasy_gam__2-1760760828977.uasset" 2248
"D:/Skald_TurnBasedStrategy_Code/Content/Blueprints/UI/UISoundFX/Medieval_fantasy_gam__2-1760760828977.uexp" 2249
"D:/Skald_TurnBasedStrategy_Code/Content/Blueprints/UI/Skald_BattleHudWidget.uasset" 2250
"D:/Skald_TurnBasedStrategy_Code/Content/Blueprints/UI/Skald_BattleHudWidget.uexp" 2251
"D:/Skald_TurnBasedStrategy_Code/Content/Blueprints/UI/UI_PNGs/StatIcons/UnitCost_icon.ubulk" 2252
"D:/Skald_TurnBasedStrategy_Code/Content/Blueprints/UI/UI_PNGs/StatIcons/UnitCost_icon.uasset" 2253
"D:/Skald_TurnBasedStrategy_Code/Content/Blueprints/UI/UI_PNGs/StatIcons/UnitCost_icon.uexp" 2254
"D:/Skald_TurnBasedStrategy_Code/Content/Blueprints/UI/UI_PNGs/ButtonsAndSliders/Cancel.uasset" 2255
"D:/Skald_TurnBasedStrategy_Code/Content/Blueprints/UI/UI_PNGs/ButtonsAndSliders/Cancel.uexp" 2256
"D:/Skald_TurnBasedStrategy_Code/Content/Blueprints/UI/UI_PNGs/ChracterSelector/CharacterCardBase.ubulk" 2257
"D:/Skald_TurnBasedStrategy_Code/Content/Blueprints/UI/UI_PNGs/ChracterSelector/CharacterCardBase.uasset" 2258
"D:/Skald_TurnBasedStrategy_Code/Content/Blueprints/UI/UI_PNGs/ChracterSelector/CharacterCardBase.uexp" 2259
"D:/Skald_TurnBasedStrategy_Code/Content/Blueprints/UI/UISoundFX/Bag_of_coins_being_d__1-1760760229403.ubulk" 2260
"D:/Skald_TurnBasedStrategy_Code/Content/Blueprints/UI/UISoundFX/Bag_of_coins_being_d__1-1760760229403.uasset" 2261
"D:/Skald_TurnBasedStrategy_Code/Content/Blueprints/UI/UISoundFX/Bag_of_coins_being_d__1-1760760229403.uexp" 2262
"D:/Skald_TurnBasedStrategy_Code/Content/Blueprints/UI/UISoundFX/Bag_of_coins_being_d-1760760229401.ubulk" 2263
"D:/Skald_TurnBasedStrategy_Code/Content/Blueprints/UI/UISoundFX/Bag_of_coins_being_d-1760760229401.uasset" 2264
"D:/Skald_TurnBasedStrategy_Code/Content/Blueprints/UI/UISoundFX/Bag_of_coins_being_d-1760760229401.uexp" 2265
"D:/Skald_TurnBasedStrategy_Code/Content/Blueprints/UI/UISoundFX/Bag_of_coins_being_d__1-1760760229403_Cue.uasset" 2266
"D:/Skald_TurnBasedStrategy_Code/Content/Blueprints/UI/UISoundFX/Bag_of_coins_being_d__1-1760760229403_Cue.uexp" 2267
"D:/Skald_TurnBasedStrategy_Code/Content/Blueprints/UI/Skald_FighterEntryWidget.uasset" 2268
"D:/Skald_TurnBasedStrategy_Code/Content/Blueprints/UI/Skald_FighterEntryWidget.uexp" 2269
"D:/Skald_TurnBasedStrategy_Code/Content/Blueprints/UI/UI_PNGs/ChracterSelector/CharacterSelectContainer.ubulk" 2270
"D:/Skald_TurnBasedStrategy_Code/Content/Blueprints/UI/UI_PNGs/ChracterSelector/CharacterSelectContainer.uasset" 2271
"D:/Skald_TurnBasedStrategy_Code/Content/Blueprints/UI/UI_PNGs/ChracterSelector/CharacterSelectContainer.uexp" 2272
"D:/Skald_TurnBasedStrategy_Code/Content/Blueprints/UI/Skald_FighterSelectionWidget.uasset" 2273
"D:/Skald_TurnBasedStrategy_Code/Content/Blueprints/UI/Skald_FighterSelectionWidget.uexp" 2274
"D:/Skald_TurnBasedStrategy_Code/Content/Blueprints/UI/UISoundFX/AttackConfirmed.ubulk" 2275
"D:/Skald_TurnBasedStrategy_Code/Content/Blueprints/UI/UISoundFX/AttackConfirmed.uasset" 2276
"D:/Skald_TurnBasedStrategy_Code/Content/Blueprints/UI/UISoundFX/AttackConfirmed.uexp" 2277
"../../../Engine/Content/MapTemplates/Materials/BasicAsset01.uasset" 2278
"../../../Engine/Content/MapTemplates/Materials/BasicAsset01.uexp" 2279
"D:/Skald_TurnBasedStrategy_Code/Content/Blueprints/Meshes/Territory_Capital/Medieval_Village_Toke_0930174903_generate.ubulk" 2280
"D:/Skald_TurnBasedStrategy_Code/Content/Blueprints/Meshes/Territory_Capital/Medieval_Village_Toke_0930174903_generate.uasset" 2281
"D:/Skald_TurnBasedStrategy_Code/Content/Blueprints/Meshes/Territory_Capital/Medieval_Village_Toke_0930174903_generate.uexp" 2282
"D:/Skald_TurnBasedStrategy_Code/Content/Blueprints/Meshes/Territory_Capital/medieval_metal_crown_1015055751_texture_roughness.ubulk" 2283
"D:/Skald_TurnBasedStrategy_Code/Content/Blueprints/Meshes/Territory_Capital/medieval_metal_crown_1015055751_texture_roughness.uasset" 2284
"D:/Skald_TurnBasedStrategy_Code/Content/Blueprints/Meshes/Territory_Capital/medieval_metal_crown_1015055751_texture_roughness.uexp" 2285
"D:/Skald_TurnBasedStrategy_Code/Content/Blueprints/Meshes/Territory_Capital/medieval_metal_crown_1015055751_texture_normal.ubulk" 2286
"D:/Skald_TurnBasedStrategy_Code/Content/Blueprints/Meshes/Territory_Capital/medieval_metal_crown_1015055751_texture_normal.uasset" 2287
"D:/Skald_TurnBasedStrategy_Code/Content/Blueprints/Meshes/Territory_Capital/medieval_metal_crown_1015055751_texture_normal.uexp" 2288
"../../../Engine/Plugins/Interchange/Assets/Content/Functions/MF_PhongToMetalRoughness.uasset" 2289
"../../../Engine/Plugins/Interchange/Assets/Content/Functions/MF_PhongToMetalRoughness.uexp" 2290
"D:/Skald_TurnBasedStrategy_Code/Content/Blueprints/Meshes/Territory_Capital/medieval_metal_crown_1015055751_texture_metallic.ubulk" 2291
"D:/Skald_TurnBasedStrategy_Code/Content/Blueprints/Meshes/Territory_Capital/medieval_metal_crown_1015055751_texture_metallic.uasset" 2292
"D:/Skald_TurnBasedStrategy_Code/Content/Blueprints/Meshes/Territory_Capital/medieval_metal_crown_1015055751_texture_metallic.uexp" 2293
"D:/Skald_TurnBasedStrategy_Code/Content/Blueprints/Meshes/Territory_Capital/texture_0.ubulk" 2294
"D:/Skald_TurnBasedStrategy_Code/Content/Blueprints/Meshes/Territory_Capital/texture_0.uasset" 2295
"D:/Skald_TurnBasedStrategy_Code/Content/Blueprints/Meshes/Territory_Capital/texture_0.uexp" 2296
"D:/Skald_TurnBasedStrategy_Code/Content/Blueprints/Meshes/Territory_Capital/Material_001.uasset" 2297
"D:/Skald_TurnBasedStrategy_Code/Content/Blueprints/Meshes/Territory_Capital/Material_001.uexp" 2298
"D:/Skald_TurnBasedStrategy_Code/Content/Blueprints/Meshes/Territory_Capital/medieval_metal_crown_1015055751_texture.ubulk" 2299
"D:/Skald_TurnBasedStrategy_Code/Content/Blueprints/Meshes/Territory_Capital/medieval_metal_crown_1015055751_texture.uasset" 2300
"D:/Skald_TurnBasedStrategy_Code/Content/Blueprints/Meshes/Territory_Capital/medieval_metal_crown_1015055751_texture.uexp" 2301
"D:/Skald_TurnBasedStrategy_Code/Content/Blueprints/Meshes/Random_Materials/Skald_NeutralMapColor.uasset" 2302
"D:/Skald_TurnBasedStrategy_Code/Content/Blueprints/Meshes/Random_Materials/Skald_NeutralMapColor.uexp" 2303
"../../../Engine/Content/MapTemplates/Materials/BasicAsset03.uasset" 2304
"../../../Engine/Content/MapTemplates/Materials/BasicAsset03.uexp" 2305
"D:/Skald_TurnBasedStrategy_Code/Content/Blueprints/Sounds/Combat/CritCheer/RavPack.ubulk" 2306
"D:/Skald_TurnBasedStrategy_Code/Content/Blueprints/Sounds/Combat/CritCheer/RavPack.uasset" 2307
"D:/Skald_TurnBasedStrategy_Code/Content/Blueprints/Sounds/Combat/CritCheer/RavPack.uexp" 2308
"D:/Skald_TurnBasedStrategy_Code/Content/RealisticBlood/_Commons/Textures/Shapes/T_CellSpot_01.ubulk" 2309
"D:/Skald_TurnBasedStrategy_Code/Content/RealisticBlood/_Commons/Textures/Shapes/T_CellSpot_01.uasset" 2310
"D:/Skald_TurnBasedStrategy_Code/Content/RealisticBlood/_Commons/Textures/Shapes/T_CellSpot_01.uexp" 2311
"D:/Skald_TurnBasedStrategy_Code/Content/RealisticBlood/_Commons/Textures/Shapes/T_CellSpot_N_01.ubulk" 2312
"D:/Skald_TurnBasedStrategy_Code/Content/RealisticBlood/_Commons/Textures/Shapes/T_CellSpot_N_01.uasset" 2313
"D:/Skald_TurnBasedStrategy_Code/Content/RealisticBlood/_Commons/Textures/Shapes/T_CellSpot_N_01.uexp" 2314
"D:/Skald_TurnBasedStrategy_Code/Content/RealisticBlood/_Commons/Textures/Noises/T_Noise_02.ubulk" 2315
"D:/Skald_TurnBasedStrategy_Code/Content/RealisticBlood/_Commons/Textures/Noises/T_Noise_02.uasset" 2316
"D:/Skald_TurnBasedStrategy_Code/Content/RealisticBlood/_Commons/Textures/Noises/T_Noise_02.uexp" 2317
"D:/Skald_TurnBasedStrategy_Code/Content/RealisticBlood/_Commons/Textures/Splatters/Splatter02/T_BloodSplatter_N_02.ubulk" 2318
"D:/Skald_TurnBasedStrategy_Code/Content/RealisticBlood/_Commons/Textures/Splatters/Splatter02/T_BloodSplatter_N_02.uasset" 2319
"D:/Skald_TurnBasedStrategy_Code/Content/RealisticBlood/_Commons/Textures/Splatters/Splatter02/T_BloodSplatter_N_02.uexp" 2320
"D:/Skald_TurnBasedStrategy_Code/Content/RealisticBlood/_Commons/Textures/Splatters/Splatter02/T_BloodSplatter_02.ubulk" 2321
"D:/Skald_TurnBasedStrategy_Code/Content/RealisticBlood/_Commons/Textures/Splatters/Splatter02/T_BloodSplatter_02.uasset" 2322
"D:/Skald_TurnBasedStrategy_Code/Content/RealisticBlood/_Commons/Textures/Splatters/Splatter02/T_BloodSplatter_02.uexp" 2323
"D:/Skald_TurnBasedStrategy_Code/Content/RealisticBlood/_Commons/Textures/Reflections/T_LiquidReflection_02.ubulk" 2324
"D:/Skald_TurnBasedStrategy_Code/Content/RealisticBlood/_Commons/Textures/Reflections/T_LiquidReflection_02.uasset" 2325
"D:/Skald_TurnBasedStrategy_Code/Content/RealisticBlood/_Commons/Textures/Reflections/T_LiquidReflection_02.uexp" 2326
"D:/Skald_TurnBasedStrategy_Code/Content/RealisticBlood/_Commons/Materials/M_LiquidBase.uasset" 2327
"D:/Skald_TurnBasedStrategy_Code/Content/RealisticBlood/_Commons/Materials/M_LiquidBase.uexp" 2328
"D:/Skald_TurnBasedStrategy_Code/Content/RealisticBlood/_Commons/Textures/Reflections/T_LiquidReflection_01.uasset" 2329
"D:/Skald_TurnBasedStrategy_Code/Content/RealisticBlood/_Commons/Textures/Reflections/T_LiquidReflection_01.uexp" 2330
"D:/Skald_TurnBasedStrategy_Code/Content/RealisticBlood/_Commons/Materials/Spots/MI_CellSpot_01.uasset" 2331
"D:/Skald_TurnBasedStrategy_Code/Content/RealisticBlood/_Commons/Materials/Spots/MI_CellSpot_01.uexp" 2332
"D:/Skald_TurnBasedStrategy_Code/Content/RealisticBlood/_Commons/Textures/Splatters/SplatterDirectional05/T_BloodSplatter_Directional_05.ubulk" 2333
"D:/Skald_TurnBasedStrategy_Code/Content/RealisticBlood/_Commons/Textures/Splatters/SplatterDirectional05/T_BloodSplatter_Directional_05.uasset" 2334
"D:/Skald_TurnBasedStrategy_Code/Content/RealisticBlood/_Commons/Textures/Splatters/SplatterDirectional05/T_BloodSplatter_Directional_05.uexp" 2335
"D:/Skald_TurnBasedStrategy_Code/Content/RealisticBlood/_Commons/Textures/Splatters/SplatterDirectional05/T_BloodSplatter_Directional_N_05.ubulk" 2336
"D:/Skald_TurnBasedStrategy_Code/Content/RealisticBlood/_Commons/Textures/Splatters/SplatterDirectional05/T_BloodSplatter_Directional_N_05.uasset" 2337
"D:/Skald_TurnBasedStrategy_Code/Content/RealisticBlood/_Commons/Textures/Splatters/SplatterDirectional05/T_BloodSplatter_Directional_N_05.uexp" 2338
"D:/Skald_TurnBasedStrategy_Code/Content/RealisticBlood/_Commons/Materials/MI_BloodDirection_10.uasset" 2339
"D:/Skald_TurnBasedStrategy_Code/Content/RealisticBlood/_Commons/Materials/MI_BloodDirection_10.uexp" 2340
"D:/Skald_TurnBasedStrategy_Code/Content/RealisticBlood/_Commons/Textures/Noises/T_Noise_03.ubulk" 2341
"D:/Skald_TurnBasedStrategy_Code/Content/RealisticBlood/_Commons/Textures/Noises/T_Noise_03.uasset" 2342
"D:/Skald_TurnBasedStrategy_Code/Content/RealisticBlood/_Commons/Textures/Noises/T_Noise_03.uexp" 2343
"D:/Skald_TurnBasedStrategy_Code/Content/RealisticBlood/_Commons/Textures/Noises/T_Noise_01.ubulk" 2344
"D:/Skald_TurnBasedStrategy_Code/Content/RealisticBlood/_Commons/Textures/Noises/T_Noise_01.uasset" 2345
"D:/Skald_TurnBasedStrategy_Code/Content/RealisticBlood/_Commons/Textures/Noises/T_Noise_01.uexp" 2346
"D:/Skald_TurnBasedStrategy_Code/Content/RealisticBlood/_Commons/Textures/Smokes/T_SmokeBurst_01.ubulk" 2347
"D:/Skald_TurnBasedStrategy_Code/Content/RealisticBlood/_Commons/Textures/Smokes/T_SmokeBurst_01.uasset" 2348
"D:/Skald_TurnBasedStrategy_Code/Content/RealisticBlood/_Commons/Textures/Smokes/T_SmokeBurst_01.uexp" 2349
"D:/Skald_TurnBasedStrategy_Code/Content/RealisticBlood/_Commons/Materials/Smokes/M_Smoke.uasset" 2350
"D:/Skald_TurnBasedStrategy_Code/Content/RealisticBlood/_Commons/Materials/Smokes/M_Smoke.uexp" 2351
"D:/Skald_TurnBasedStrategy_Code/Content/RealisticBlood/_Commons/Materials/Smokes/MI_Smoke.uasset" 2352
"D:/Skald_TurnBasedStrategy_Code/Content/RealisticBlood/_Commons/Materials/Smokes/MI_Smoke.uexp" 2353
"D:/Skald_TurnBasedStrategy_Code/Content/RealisticBlood/_Commons/Textures/Splatters/Splatter01/T_BloodSplatter_Smooth_N_01.ubulk" 2354
"D:/Skald_TurnBasedStrategy_Code/Content/RealisticBlood/_Commons/Textures/Splatters/Splatter01/T_BloodSplatter_Smooth_N_01.uasset" 2355
"D:/Skald_TurnBasedStrategy_Code/Content/RealisticBlood/_Commons/Textures/Splatters/Splatter01/T_BloodSplatter_Smooth_N_01.uexp" 2356
"D:/Skald_TurnBasedStrategy_Code/Content/RealisticBlood/_Commons/Textures/Splatters/Splatter01/T_BloodSplatter_Smooth_01.ubulk" 2357
"D:/Skald_TurnBasedStrategy_Code/Content/RealisticBlood/_Commons/Textures/Splatters/Splatter01/T_BloodSplatter_Smooth_01.uasset" 2358
"D:/Skald_TurnBasedStrategy_Code/Content/RealisticBlood/_Commons/Textures/Splatters/Splatter01/T_BloodSplatter_Smooth_01.uexp" 2359
"D:/Skald_TurnBasedStrategy_Code/Content/RealisticBlood/_Commons/Materials/MI_BloodSplash_05.uasset" 2360
"D:/Skald_TurnBasedStrategy_Code/Content/RealisticBlood/_Commons/Materials/MI_BloodSplash_05.uexp" 2361
"D:/Skald_TurnBasedStrategy_Code/Content/RealisticBlood/_Commons/Textures/Splatters/Splatter06/T_BloodSplatter_N_06.ubulk" 2362
"D:/Skald_TurnBasedStrategy_Code/Content/RealisticBlood/_Commons/Textures/Splatters/Splatter06/T_BloodSplatter_N_06.uasset" 2363
"D:/Skald_TurnBasedStrategy_Code/Content/RealisticBlood/_Commons/Textures/Splatters/Splatter06/T_BloodSplatter_N_06.uexp" 2364
"D:/Skald_TurnBasedStrategy_Code/Content/RealisticBlood/_Commons/Textures/Splatters/Splatter06/T_BloodSplatter_06.ubulk" 2365
"D:/Skald_TurnBasedStrategy_Code/Content/RealisticBlood/_Commons/Textures/Splatters/Splatter06/T_BloodSplatter_06.uasset" 2366
"D:/Skald_TurnBasedStrategy_Code/Content/RealisticBlood/_Commons/Textures/Splatters/Splatter06/T_BloodSplatter_06.uexp" 2367
"D:/Skald_TurnBasedStrategy_Code/Content/RealisticBlood/_Commons/Materials/MI_BloodSplash_07.uasset" 2368
"D:/Skald_TurnBasedStrategy_Code/Content/RealisticBlood/_Commons/Materials/MI_BloodSplash_07.uexp" 2369
"D:/Skald_TurnBasedStrategy_Code/Content/RealisticBlood/Burst/Niagara/NS_BloodBurst_Low.uasset" 2370
"D:/Skald_TurnBasedStrategy_Code/Content/RealisticBlood/Burst/Niagara/NS_BloodBurst_Low.uexp" 2371
"D:/Skald_TurnBasedStrategy_Code/Content/C++_BPs/Skald_InGameMenuWidget.uasset" 2372
"D:/Skald_TurnBasedStrategy_Code/Content/C++_BPs/Skald_InGameMenuWidget.uexp" 2373
"D:/Skald_TurnBasedStrategy_Code/Content/Blueprints/UI/UISoundFX/WizardWords/WizardVoice_CriticalHit_1.ubulk" 2374
"D:/Skald_TurnBasedStrategy_Code/Content/Blueprints/UI/UISoundFX/WizardWords/WizardVoice_CriticalHit_1.uasset" 2375
"D:/Skald_TurnBasedStrategy_Code/Content/Blueprints/UI/UISoundFX/WizardWords/WizardVoice_CriticalHit_1.uexp" 2376
"D:/Skald_TurnBasedStrategy_Code/Content/Blueprints/UI/UISoundFX/WizardWords/WizardVoice_CriticalHit_2.ubulk" 2377
"D:/Skald_TurnBasedStrategy_Code/Content/Blueprints/UI/UISoundFX/WizardWords/WizardVoice_CriticalHit_2.uasset" 2378
"D:/Skald_TurnBasedStrategy_Code/Content/Blueprints/UI/UISoundFX/WizardWords/WizardVoice_CriticalHit_2.uexp" 2379
"D:/Skald_TurnBasedStrategy_Code/Content/Blueprints/UI/UISoundFX/WizardWords/WizardVoice_CriticalHit_1_Cue.uasset" 2380
"D:/Skald_TurnBasedStrategy_Code/Content/Blueprints/UI/UISoundFX/WizardWords/WizardVoice_CriticalHit_1_Cue.uexp" 2381
"D:/Skald_TurnBasedStrategy_Code/Content/Blueprints/Camera/BP_MissCameraShake.uasset" 2382
"D:/Skald_TurnBasedStrategy_Code/Content/Blueprints/Camera/BP_MissCameraShake.uexp" 2383
"D:/Skald_TurnBasedStrategy_Code/Content/Blueprints/Sounds/Combat/CritCheer/Brutish_deep_toned_O__2-1760757939345.ubulk" 2384
"D:/Skald_TurnBasedStrategy_Code/Content/Blueprints/Sounds/Combat/CritCheer/Brutish_deep_toned_O__2-1760757939345.uasset" 2385
"D:/Skald_TurnBasedStrategy_Code/Content/Blueprints/Sounds/Combat/CritCheer/Brutish_deep_toned_O__2-1760757939345.uexp" 2386
"D:/Skald_TurnBasedStrategy_Code/Content/Blueprints/Sounds/Combat/CritCheer/Large_baritone_bufon-1760759129273.ubulk" 2387
"D:/Skald_TurnBasedStrategy_Code/Content/Blueprints/Sounds/Combat/CritCheer/Large_baritone_bufon-1760759129273.uasset" 2388
"D:/Skald_TurnBasedStrategy_Code/Content/Blueprints/Sounds/Combat/CritCheer/Large_baritone_bufon-1760759129273.uexp" 2389
"D:/Skald_TurnBasedStrategy_Code/Content/RealisticBlood/_Commons/Textures/Decals/Splatters/T_SplatterDecal_05.ubulk" 2390
"D:/Skald_TurnBasedStrategy_Code/Content/RealisticBlood/_Commons/Textures/Decals/Splatters/T_SplatterDecal_05.uasset" 2391
"D:/Skald_TurnBasedStrategy_Code/Content/RealisticBlood/_Commons/Textures/Decals/Splatters/T_SplatterDecal_05.uexp" 2392
"D:/Skald_TurnBasedStrategy_Code/Content/RealisticBlood/_Commons/Textures/Decals/Splatters/T_SplatterDecal_N_05.ubulk" 2393
"D:/Skald_TurnBasedStrategy_Code/Content/RealisticBlood/_Commons/Textures/Decals/Splatters/T_SplatterDecal_N_05.uasset" 2394
"D:/Skald_TurnBasedStrategy_Code/Content/RealisticBlood/_Commons/Textures/Decals/Splatters/T_SplatterDecal_N_05.uexp" 2395
"D:/Skald_TurnBasedStrategy_Code/Content/RealisticBlood/_Commons/Textures/Decals/T_BloodDecal2_N_01.ubulk" 2396
"D:/Skald_TurnBasedStrategy_Code/Content/RealisticBlood/_Commons/Textures/Decals/T_BloodDecal2_N_01.uasset" 2397
"D:/Skald_TurnBasedStrategy_Code/Content/RealisticBlood/_Commons/Textures/Decals/T_BloodDecal2_N_01.uexp" 2398
"D:/Skald_TurnBasedStrategy_Code/Content/RealisticBlood/_Commons/Textures/Decals/T_BloodDecal_03.ubulk" 2399
"D:/Skald_TurnBasedStrategy_Code/Content/RealisticBlood/_Commons/Textures/Decals/T_BloodDecal_03.uasset" 2400
"D:/Skald_TurnBasedStrategy_Code/Content/RealisticBlood/_Commons/Textures/Decals/T_BloodDecal_03.uexp" 2401
"D:/Skald_TurnBasedStrategy_Code/Content/RealisticBlood/_Commons/Materials/Decals/M_LiquidDecalBase.uasset" 2402
"D:/Skald_TurnBasedStrategy_Code/Content/RealisticBlood/_Commons/Materials/Decals/M_LiquidDecalBase.uexp" 2403
"D:/Skald_TurnBasedStrategy_Code/Content/RealisticBlood/_Commons/Materials/Decals/Splatter/MI_BloodSplatterDecal_01.uasset" 2404
"D:/Skald_TurnBasedStrategy_Code/Content/RealisticBlood/_Commons/Materials/Decals/Splatter/MI_BloodSplatterDecal_01.uexp" 2405
"D:/Skald_TurnBasedStrategy_Code/Content/RealisticBlood/_Commons/Textures/Decals/T_BloodSpots_N_01.ubulk" 2406
"D:/Skald_TurnBasedStrategy_Code/Content/RealisticBlood/_Commons/Textures/Decals/T_BloodSpots_N_01.uasset" 2407
"D:/Skald_TurnBasedStrategy_Code/Content/RealisticBlood/_Commons/Textures/Decals/T_BloodSpots_N_01.uexp" 2408
"D:/Skald_TurnBasedStrategy_Code/Content/RealisticBlood/_Commons/Textures/Decals/T_BloodSpots_01.ubulk" 2409
"D:/Skald_TurnBasedStrategy_Code/Content/RealisticBlood/_Commons/Textures/Decals/T_BloodSpots_01.uasset" 2410
"D:/Skald_TurnBasedStrategy_Code/Content/RealisticBlood/_Commons/Textures/Decals/T_BloodSpots_01.uexp" 2411
"D:/Skald_TurnBasedStrategy_Code/Content/RealisticBlood/_Commons/Materials/Decals/Splatter/MI_BloodSplatterDecal_03.uasset" 2412
"D:/Skald_TurnBasedStrategy_Code/Content/RealisticBlood/_Commons/Materials/Decals/Splatter/MI_BloodSplatterDecal_03.uexp" 2413
"D:/Skald_TurnBasedStrategy_Code/Content/RealisticBlood/Splatter/Niagara/NS_Splatter_Directional_01_Decal.uasset" 2414
"D:/Skald_TurnBasedStrategy_Code/Content/RealisticBlood/Splatter/Niagara/NS_Splatter_Directional_01_Decal.uexp" 2415
"D:/Skald_TurnBasedStrategy_Code/Content/Blueprints/Sounds/Combat/CritCheer/Male__Human_Medieval-1760758436226.ubulk" 2416
"D:/Skald_TurnBasedStrategy_Code/Content/Blueprints/Sounds/Combat/CritCheer/Male__Human_Medieval-1760758436226.uasset" 2417
"D:/Skald_TurnBasedStrategy_Code/Content/Blueprints/Sounds/Combat/CritCheer/Male__Human_Medieval-1760758436226.uexp" 2418
"D:/Skald_TurnBasedStrategy_Code/Content/Blueprints/UI/UISoundFX/WizardWords/WizardVoice_YourTurn_1.ubulk" 2419
"D:/Skald_TurnBasedStrategy_Code/Content/Blueprints/UI/UISoundFX/WizardWords/WizardVoice_YourTurn_1.uasset" 2420
"D:/Skald_TurnBasedStrategy_Code/Content/Blueprints/UI/UISoundFX/WizardWords/WizardVoice_YourTurn_1.uexp" 2421
"D:/Skald_TurnBasedStrategy_Code/Content/Blueprints/UI/UISoundFX/WizardWords/WizardVoice_YourTurn_2.ubulk" 2422
"D:/Skald_TurnBasedStrategy_Code/Content/Blueprints/UI/UISoundFX/WizardWords/WizardVoice_YourTurn_2.uasset" 2423
"D:/Skald_TurnBasedStrategy_Code/Content/Blueprints/UI/UISoundFX/WizardWords/WizardVoice_YourTurn_2.uexp" 2424
"D:/Skald_TurnBasedStrategy_Code/Content/Blueprints/UI/UISoundFX/WizardWords/WizardVoice_YourTurn_3.ubulk" 2425
"D:/Skald_TurnBasedStrategy_Code/Content/Blueprints/UI/UISoundFX/WizardWords/WizardVoice_YourTurn_3.uasset" 2426
"D:/Skald_TurnBasedStrategy_Code/Content/Blueprints/UI/UISoundFX/WizardWords/WizardVoice_YourTurn_3.uexp" 2427
"D:/Skald_TurnBasedStrategy_Code/Content/Blueprints/UI/UISoundFX/WizardWords/WizardVoice_YourTurn_Cue.uasset" 2428
"D:/Skald_TurnBasedStrategy_Code/Content/Blueprints/UI/UISoundFX/WizardWords/WizardVoice_YourTurn_Cue.uexp" 2429
"D:/Skald_TurnBasedStrategy_Code/Content/Blueprints/Sounds/Combat/CritCheer/Wise_and_Proud_Elf_m-1760758235350.ubulk" 2430
"D:/Skald_TurnBasedStrategy_Code/Content/Blueprints/Sounds/Combat/CritCheer/Wise_and_Proud_Elf_m-1760758235350.uasset" 2431
"D:/Skald_TurnBasedStrategy_Code/Content/Blueprints/Sounds/Combat/CritCheer/Wise_and_Proud_Elf_m-1760758235350.uexp" 2432
"D:/Skald_TurnBasedStrategy_Code/Content/Blueprints/Sounds/Combat/CritCheer/Skeleton_cheering__h-1760757888397.ubulk" 2433
"D:/Skald_TurnBasedStrategy_Code/Content/Blueprints/Sounds/Combat/CritCheer/Skeleton_cheering__h-1760757888397.uasset" 2434
"D:/Skald_TurnBasedStrategy_Code/Content/Blueprints/Sounds/Combat/CritCheer/Skeleton_cheering__h-1760757888397.uexp" 2435
"D:/Skald_TurnBasedStrategy_Code/Content/Blueprints/Sounds/Combat/CritCheer/Mechanical_sounding___3-1760759360294.ubulk" 2436
"D:/Skald_TurnBasedStrategy_Code/Content/Blueprints/Sounds/Combat/CritCheer/Mechanical_sounding___3-1760759360294.uasset" 2437
"D:/Skald_TurnBasedStrategy_Code/Content/Blueprints/Sounds/Combat/CritCheer/Mechanical_sounding___3-1760759360294.uexp" 2438
"D:/Skald_TurnBasedStrategy_Code/Content/Blueprints/Sounds/Combat/CritCheer/Male__Dwarven_Mediev__1-1760758729420.ubulk" 2439
"D:/Skald_TurnBasedStrategy_Code/Content/Blueprints/Sounds/Combat/CritCheer/Male__Dwarven_Mediev__1-1760758729420.uasset" 2440
"D:/Skald_TurnBasedStrategy_Code/Content/Blueprints/Sounds/Combat/CritCheer/Male__Dwarven_Mediev__1-1760758729420.uexp" 2441
"D:/Skald_TurnBasedStrategy_Code/Content/Blueprints/Sounds/Combat/Sword_Slash_connecti__2-1760941573346.ubulk" 2442
"D:/Skald_TurnBasedStrategy_Code/Content/Blueprints/Sounds/Combat/Sword_Slash_connecti__2-1760941573346.uasset" 2443
"D:/Skald_TurnBasedStrategy_Code/Content/Blueprints/Sounds/Combat/Sword_Slash_connecti__2-1760941573346.uexp" 2444
"D:/Skald_TurnBasedStrategy_Code/Content/Blueprints/Sounds/Combat/Sword_Slash_connecti__3-1760941573347.ubulk" 2445
"D:/Skald_TurnBasedStrategy_Code/Content/Blueprints/Sounds/Combat/Sword_Slash_connecti__3-1760941573347.uasset" 2446
"D:/Skald_TurnBasedStrategy_Code/Content/Blueprints/Sounds/Combat/Sword_Slash_connecti__3-1760941573347.uexp" 2447
"D:/Skald_TurnBasedStrategy_Code/Content/Blueprints/Sounds/Combat/Sword_Slash_connecti-1760941573344.ubulk" 2448
"D:/Skald_TurnBasedStrategy_Code/Content/Blueprints/Sounds/Combat/Sword_Slash_connecti-1760941573344.uasset" 2449
"D:/Skald_TurnBasedStrategy_Code/Content/Blueprints/Sounds/Combat/Sword_Slash_connecti-1760941573344.uexp" 2450
"D:/Skald_TurnBasedStrategy_Code/Content/Blueprints/Sounds/Combat/Sword_Slash_connecti__1-1760941573345.ubulk" 2451
"D:/Skald_TurnBasedStrategy_Code/Content/Blueprints/Sounds/Combat/Sword_Slash_connecti__1-1760941573345.uasset" 2452
"D:/Skald_TurnBasedStrategy_Code/Content/Blueprints/Sounds/Combat/Sword_Slash_connecti__1-1760941573345.uexp" 2453
"D:/Skald_TurnBasedStrategy_Code/Content/Blueprints/Sounds/Combat/Sword_Hit.uasset" 2454
"D:/Skald_TurnBasedStrategy_Code/Content/Blueprints/Sounds/Combat/Sword_Hit.uexp" 2455
"D:/Skald_TurnBasedStrategy_Code/Content/RealisticBlood/_Commons/Textures/Splatters/SplatterDirectional03/T_BloodSplatter_Directional_03.ubulk" 2456
"D:/Skald_TurnBasedStrategy_Code/Content/RealisticBlood/_Commons/Textures/Splatters/SplatterDirectional03/T_BloodSplatter_Directional_03.uasset" 2457
"D:/Skald_TurnBasedStrategy_Code/Content/RealisticBlood/_Commons/Textures/Splatters/SplatterDirectional03/T_BloodSplatter_Directional_03.uexp" 2458
"D:/Skald_TurnBasedStrategy_Code/Content/RealisticBlood/_Commons/Textures/Splatters/SplatterDirectional03/T_BloodSplatter_Directional_N_03.ubulk" 2459
"D:/Skald_TurnBasedStrategy_Code/Content/RealisticBlood/_Commons/Textures/Splatters/SplatterDirectional03/T_BloodSplatter_Directional_N_03.uasset" 2460
"D:/Skald_TurnBasedStrategy_Code/Content/RealisticBlood/_Commons/Textures/Splatters/SplatterDirectional03/T_BloodSplatter_Directional_N_03.uexp" 2461
"D:/Skald_TurnBasedStrategy_Code/Content/RealisticBlood/_Commons/Materials/MI_BloodDirection_08.uasset" 2462
"D:/Skald_TurnBasedStrategy_Code/Content/RealisticBlood/_Commons/Materials/MI_BloodDirection_08.uexp" 2463
"D:/Skald_TurnBasedStrategy_Code/Content/RealisticBlood/_Commons/Textures/Splatters/Splatter03/T_BloodSplatter_N_03.ubulk" 2464
"D:/Skald_TurnBasedStrategy_Code/Content/RealisticBlood/_Commons/Textures/Splatters/Splatter03/T_BloodSplatter_N_03.uasset" 2465
"D:/Skald_TurnBasedStrategy_Code/Content/RealisticBlood/_Commons/Textures/Splatters/Splatter03/T_BloodSplatter_N_03.uexp" 2466
"D:/Skald_TurnBasedStrategy_Code/Content/RealisticBlood/_Commons/Textures/Splatters/Splatter03/T_BloodSplatter_03.ubulk" 2467
"D:/Skald_TurnBasedStrategy_Code/Content/RealisticBlood/_Commons/Textures/Splatters/Splatter03/T_BloodSplatter_03.uasset" 2468
"D:/Skald_TurnBasedStrategy_Code/Content/RealisticBlood/_Commons/Textures/Splatters/Splatter03/T_BloodSplatter_03.uexp" 2469
"D:/Skald_TurnBasedStrategy_Code/Content/RealisticBlood/_Commons/Materials/MI_BloodDirection_06.uasset" 2470
"D:/Skald_TurnBasedStrategy_Code/Content/RealisticBlood/_Commons/Materials/MI_BloodDirection_06.uexp" 2471
"D:/Skald_TurnBasedStrategy_Code/Content/RealisticBlood/Burst/Niagara/NS_BloodBurst_Extreme.uasset" 2472
"D:/Skald_TurnBasedStrategy_Code/Content/RealisticBlood/Burst/Niagara/NS_BloodBurst_Extreme.uexp" 2473
"D:/Skald_TurnBasedStrategy_Code/Content/Additions/Realistic_Starter_VFX_Pack_Vol2/Textures/T_Smoke_Wisp.ubulk" 2474
"D:/Skald_TurnBasedStrategy_Code/Content/Additions/Realistic_Starter_VFX_Pack_Vol2/Textures/T_Smoke_Wisp.uasset" 2475
"D:/Skald_TurnBasedStrategy_Code/Content/Additions/Realistic_Starter_VFX_Pack_Vol2/Textures/T_Smoke_Wisp.uexp" 2476
"D:/Skald_TurnBasedStrategy_Code/Content/Additions/Realistic_Starter_VFX_Pack_Vol2/Materials/M_Smoke_Wisp.uasset" 2477
"D:/Skald_TurnBasedStrategy_Code/Content/Additions/Realistic_Starter_VFX_Pack_Vol2/Materials/M_Smoke_Wisp.uexp" 2478
"D:/Skald_TurnBasedStrategy_Code/Content/Additions/Realistic_Starter_VFX_Pack_Vol2/Particles/Hit/Miss_Particle.uasset" 2479
"D:/Skald_TurnBasedStrategy_Code/Content/Additions/Realistic_Starter_VFX_Pack_Vol2/Particles/Hit/Miss_Particle.uexp" 2480
"D:/Skald_TurnBasedStrategy_Code/Content/Blueprints/UI/UISoundFX/Defeat_Music.ubulk" 2481
"D:/Skald_TurnBasedStrategy_Code/Content/Blueprints/UI/UISoundFX/Defeat_Music.uasset" 2482
"D:/Skald_TurnBasedStrategy_Code/Content/Blueprints/UI/UISoundFX/Defeat_Music.uexp" 2483
"D:/Skald_TurnBasedStrategy_Code/Content/Blueprints/UI/UISoundFX/Dark_medieval_brass___1-1760760584951.ubulk" 2484
"D:/Skald_TurnBasedStrategy_Code/Content/Blueprints/UI/UISoundFX/Dark_medieval_brass___1-1760760584951.uasset" 2485
"D:/Skald_TurnBasedStrategy_Code/Content/Blueprints/UI/UISoundFX/Dark_medieval_brass___1-1760760584951.uexp" 2486
"D:/Skald_TurnBasedStrategy_Code/Content/Blueprints/UI/Skald_BattleResultWidget.uasset" 2487
"D:/Skald_TurnBasedStrategy_Code/Content/Blueprints/UI/Skald_BattleResultWidget.uexp" 2488
"D:/Skald_TurnBasedStrategy_Code/Content/RealisticBlood/Splatter/Niagara/NS_Splatter_Omni_01_Decal.uasset" 2489
"D:/Skald_TurnBasedStrategy_Code/Content/RealisticBlood/Splatter/Niagara/NS_Splatter_Omni_01_Decal.uexp" 2490
"D:/Skald_TurnBasedStrategy_Code/Content/Blueprints/Sounds/Combat/CritCheer/Hyena_cheeringlaughi__3-1760758369992.ubulk" 2491
"D:/Skald_TurnBasedStrategy_Code/Content/Blueprints/Sounds/Combat/CritCheer/Hyena_cheeringlaughi__3-1760758369992.uasset" 2492
"D:/Skald_TurnBasedStrategy_Code/Content/Blueprints/Sounds/Combat/CritCheer/Hyena_cheeringlaughi__3-1760758369992.uexp" 2493
"D:/Skald_TurnBasedStrategy_Code/Content/RealisticBlood/Burst/Niagara/NS_BloodBurst_Med.uasset" 2494
"D:/Skald_TurnBasedStrategy_Code/Content/RealisticBlood/Burst/Niagara/NS_BloodBurst_Med.uexp" 2495
"D:/Skald_TurnBasedStrategy_Code/Content/Blueprints/Camera/BP_HitCameraShake.uasset" 2496
"D:/Skald_TurnBasedStrategy_Code/Content/Blueprints/Camera/BP_HitCameraShake.uexp" 2497
"D:/Skald_TurnBasedStrategy_Code/Content/Blueprints/Sounds/Combat/Sword_swing__3-1760744510744.ubulk" 2498
"D:/Skald_TurnBasedStrategy_Code/Content/Blueprints/Sounds/Combat/Sword_swing__3-1760744510744.uasset" 2499
"D:/Skald_TurnBasedStrategy_Code/Content/Blueprints/Sounds/Combat/Sword_swing__3-1760744510744.uexp" 2500
"D:/Skald_TurnBasedStrategy_Code/Content/Blueprints/Sounds/Combat/Sword_swing__2-1760744503229.ubulk" 2501
"D:/Skald_TurnBasedStrategy_Code/Content/Blueprints/Sounds/Combat/Sword_swing__2-1760744503229.uasset" 2502
"D:/Skald_TurnBasedStrategy_Code/Content/Blueprints/Sounds/Combat/Sword_swing__2-1760744503229.uexp" 2503
"D:/Skald_TurnBasedStrategy_Code/Content/Blueprints/Sounds/Combat/Sword_swing-1760744495743.ubulk" 2504
"D:/Skald_TurnBasedStrategy_Code/Content/Blueprints/Sounds/Combat/Sword_swing-1760744495743.uasset" 2505
"D:/Skald_TurnBasedStrategy_Code/Content/Blueprints/Sounds/Combat/Sword_swing-1760744495743.uexp" 2506
"D:/Skald_TurnBasedStrategy_Code/Content/Blueprints/Sounds/Combat/Sword_swing__1-1760744500630.ubulk" 2507
"D:/Skald_TurnBasedStrategy_Code/Content/Blueprints/Sounds/Combat/Sword_swing__1-1760744500630.uasset" 2508
"D:/Skald_TurnBasedStrategy_Code/Content/Blueprints/Sounds/Combat/Sword_swing__1-1760744500630.uexp" 2509
"D:/Skald_TurnBasedStrategy_Code/Content/Blueprints/Sounds/Combat/Sword_Miss.uasset" 2510
"D:/Skald_TurnBasedStrategy_Code/Content/Blueprints/Sounds/Combat/Sword_Miss.uexp" 2511
"D:/Skald_TurnBasedStrategy_Code/Content/Blueprints/Sounds/Combat/CritCheer/Large_Lizard_humanoi__3-1760759281380.ubulk" 2512
"D:/Skald_TurnBasedStrategy_Code/Content/Blueprints/Sounds/Combat/CritCheer/Large_Lizard_humanoi__3-1760759281380.uasset" 2513
"D:/Skald_TurnBasedStrategy_Code/Content/Blueprints/Sounds/Combat/CritCheer/Large_Lizard_humanoi__3-1760759281380.uexp" 2514
"D:/Skald_TurnBasedStrategy_Code/Content/Additions/Realistic_Starter_VFX_Pack_Vol2/Textures/T_Dirt_A.ubulk" 2515
"D:/Skald_TurnBasedStrategy_Code/Content/Additions/Realistic_Starter_VFX_Pack_Vol2/Textures/T_Dirt_A.uasset" 2516
"D:/Skald_TurnBasedStrategy_Code/Content/Additions/Realistic_Starter_VFX_Pack_Vol2/Textures/T_Dirt_A.uexp" 2517
"D:/Skald_TurnBasedStrategy_Code/Content/Additions/Realistic_Starter_VFX_Pack_Vol2/Materials/M_Dirt_B.uasset" 2518
"D:/Skald_TurnBasedStrategy_Code/Content/Additions/Realistic_Starter_VFX_Pack_Vol2/Materials/M_Dirt_B.uexp" 2519
"D:/Skald_TurnBasedStrategy_Code/Content/Additions/Realistic_Starter_VFX_Pack_Vol2/Textures/T_Spark_B.uasset" 2520
"D:/Skald_TurnBasedStrategy_Code/Content/Additions/Realistic_Starter_VFX_Pack_Vol2/Textures/T_Spark_B.uexp" 2521
"D:/Skald_TurnBasedStrategy_Code/Content/Additions/Realistic_Starter_VFX_Pack_Vol2/Materials/M_Glow_C.uasset" 2522
"D:/Skald_TurnBasedStrategy_Code/Content/Additions/Realistic_Starter_VFX_Pack_Vol2/Materials/M_Glow_C.uexp" 2523
"D:/Skald_TurnBasedStrategy_Code/Content/Additions/Realistic_Starter_VFX_Pack_Vol2/Textures/T_Flare_A.ubulk" 2524
"D:/Skald_TurnBasedStrategy_Code/Content/Additions/Realistic_Starter_VFX_Pack_Vol2/Textures/T_Flare_A.uasset" 2525
"D:/Skald_TurnBasedStrategy_Code/Content/Additions/Realistic_Starter_VFX_Pack_Vol2/Textures/T_Flare_A.uexp" 2526
"D:/Skald_TurnBasedStrategy_Code/Content/Additions/Realistic_Starter_VFX_Pack_Vol2/Materials/M_Glow_C_Inst.uasset" 2527
"D:/Skald_TurnBasedStrategy_Code/Content/Additions/Realistic_Starter_VFX_Pack_Vol2/Materials/M_Glow_C_Inst.uexp" 2528
"D:/Skald_TurnBasedStrategy_Code/Content/Additions/Realistic_Starter_VFX_Pack_Vol2/Textures/T_Rocks.ubulk" 2529
"D:/Skald_TurnBasedStrategy_Code/Content/Additions/Realistic_Starter_VFX_Pack_Vol2/Textures/T_Rocks.uasset" 2530
"D:/Skald_TurnBasedStrategy_Code/Content/Additions/Realistic_Starter_VFX_Pack_Vol2/Textures/T_Rocks.uexp" 2531
"D:/Skald_TurnBasedStrategy_Code/Content/Additions/Realistic_Starter_VFX_Pack_Vol2/Textures/T_Rocks_NM.uasset" 2532
"D:/Skald_TurnBasedStrategy_Code/Content/Additions/Realistic_Starter_VFX_Pack_Vol2/Textures/T_Rocks_NM.uexp" 2533
"D:/Skald_TurnBasedStrategy_Code/Content/Additions/Realistic_Starter_VFX_Pack_Vol2/Materials/M_Rock_B.uasset" 2534
"D:/Skald_TurnBasedStrategy_Code/Content/Additions/Realistic_Starter_VFX_Pack_Vol2/Materials/M_Rock_B.uexp" 2535
"D:/Skald_TurnBasedStrategy_Code/Content/Additions/Realistic_Starter_VFX_Pack_Vol2/Materials/M_Derbis.uasset" 2536
"D:/Skald_TurnBasedStrategy_Code/Content/Additions/Realistic_Starter_VFX_Pack_Vol2/Materials/M_Derbis.uexp" 2537
"D:/Skald_TurnBasedStrategy_Code/Content/Additions/Realistic_Starter_VFX_Pack_Vol2/Mesh/SM_Derbis_C.ubulk" 2538
"D:/Skald_TurnBasedStrategy_Code/Content/Additions/Realistic_Starter_VFX_Pack_Vol2/Mesh/SM_Derbis_C.uasset" 2539
"D:/Skald_TurnBasedStrategy_Code/Content/Additions/Realistic_Starter_VFX_Pack_Vol2/Mesh/SM_Derbis_C.uexp" 2540
"D:/Skald_TurnBasedStrategy_Code/Content/Additions/Realistic_Starter_VFX_Pack_Vol2/Particles/Hit/P_Brick_Converted.uasset" 2541
"D:/Skald_TurnBasedStrategy_Code/Content/Additions/Realistic_Starter_VFX_Pack_Vol2/Particles/Hit/P_Brick_Converted.uexp" 2542
"D:/Skald_TurnBasedStrategy_Code/Content/Blueprints/UI/UISoundFX/AttackConfirmed_Cue.uasset" 2543
"D:/Skald_TurnBasedStrategy_Code/Content/Blueprints/UI/UISoundFX/AttackConfirmed_Cue.uexp" 2544
"D:/Skald_TurnBasedStrategy_Code/Content/Blueprints/Sounds/Combat/CritCheer/A_Sickly_sounding_ma__3-1760758775228.ubulk" 2545
"D:/Skald_TurnBasedStrategy_Code/Content/Blueprints/Sounds/Combat/CritCheer/A_Sickly_sounding_ma__3-1760758775228.uasset" 2546
"D:/Skald_TurnBasedStrategy_Code/Content/Blueprints/Sounds/Combat/CritCheer/A_Sickly_sounding_ma__3-1760758775228.uexp" 2547
"D:/Skald_TurnBasedStrategy_Code/Content/Blueprints/UI/UISoundFX/WizardWords/WizardVoice_Initiative_1.ubulk" 2548
"D:/Skald_TurnBasedStrategy_Code/Content/Blueprints/UI/UISoundFX/WizardWords/WizardVoice_Initiative_1.uasset" 2549
"D:/Skald_TurnBasedStrategy_Code/Content/Blueprints/UI/UISoundFX/WizardWords/WizardVoice_Initiative_1.uexp" 2550
"D:/Skald_TurnBasedStrategy_Code/Content/Blueprints/UI/UISoundFX/WizardWords/WizardVoice_Initiative_3.ubulk" 2551
"D:/Skald_TurnBasedStrategy_Code/Content/Blueprints/UI/UISoundFX/WizardWords/WizardVoice_Initiative_3.uasset" 2552
"D:/Skald_TurnBasedStrategy_Code/Content/Blueprints/UI/UISoundFX/WizardWords/WizardVoice_Initiative_3.uexp" 2553
"D:/Skald_TurnBasedStrategy_Code/Content/Blueprints/UI/UISoundFX/WizardWords/WizardVoice_Initiative_Cue.uasset" 2554
"D:/Skald_TurnBasedStrategy_Code/Content/Blueprints/UI/UISoundFX/WizardWords/WizardVoice_Initiative_Cue.uexp" 2555
"D:/Skald_TurnBasedStrategy_Code/Content/C++_BPs/Skald_PController.uasset" 2556
"D:/Skald_TurnBasedStrategy_Code/Content/C++_BPs/Skald_PController.uexp" 2557
"D:/Skald_TurnBasedStrategy_Code/Content/Blueprints/UI/UI_PNGs/Territory_Selection_PNG.ubulk" 2558
"D:/Skald_TurnBasedStrategy_Code/Content/Blueprints/UI/UI_PNGs/Territory_Selection_PNG.uasset" 2559
"D:/Skald_TurnBasedStrategy_Code/Content/Blueprints/UI/UI_PNGs/Territory_Selection_PNG.uexp" 2560
"D:/Skald_TurnBasedStrategy_Code/Content/Blueprints/UI/UI_PNGs/Territory_SelectionDecal_Mat.uasset" 2561
"D:/Skald_TurnBasedStrategy_Code/Content/Blueprints/UI/UI_PNGs/Territory_SelectionDecal_Mat.uexp" 2562
"D:/Skald_TurnBasedStrategy_Code/Content/Blueprints/Map/BP_Territory.uasset" 2563
"D:/Skald_TurnBasedStrategy_Code/Content/Blueprints/Map/BP_Territory.uexp" 2564
"D:/Skald_TurnBasedStrategy_Code/Content/DataTables/TerritoriesDataTable.uasset" 2565
"D:/Skald_TurnBasedStrategy_Code/Content/DataTables/TerritoriesDataTable.uexp" 2566
"D:/Skald_TurnBasedStrategy_Code/Content/C++_BPs/Skald_WorldMap.uasset" 2567
"D:/Skald_TurnBasedStrategy_Code/Content/C++_BPs/Skald_WorldMap.uexp" 2568
"D:/Skald_TurnBasedStrategy_Code/Content/Blueprints/UI/Skald_ConfirmAttackWidget.uasset" 2569
"D:/Skald_TurnBasedStrategy_Code/Content/Blueprints/UI/Skald_ConfirmAttackWidget.uexp" 2570
"D:/Skald_TurnBasedStrategy_Code/Content/C++_BPs/Skald_TM.uasset" 2571
"D:/Skald_TurnBasedStrategy_Code/Content/C++_BPs/Skald_TM.uexp" 2572
"D:/Skald_TurnBasedStrategy_Code/Content/C++_BPs/Skald_PlayerState.uasset" 2573
"D:/Skald_TurnBasedStrategy_Code/Content/C++_BPs/Skald_PlayerState.uexp" 2574
"D:/Skald_TurnBasedStrategy_Code/Content/C++_BPs/Skald_GS.uasset" 2575
"D:/Skald_TurnBasedStrategy_Code/Content/C++_BPs/Skald_GS.uexp" 2576
"D:/Skald_TurnBasedStrategy_Code/Content/C++_BPs/Skald_PC.uasset" 2577
"D:/Skald_TurnBasedStrategy_Code/Content/C++_BPs/Skald_PC.uexp" 2578
"D:/Skald_TurnBasedStrategy_Code/Content/Skald_HitFloat.uasset" 2579
"D:/Skald_TurnBasedStrategy_Code/Content/Skald_HitFloat.uexp" 2580
"D:/Skald_TurnBasedStrategy_Code/Content/Blueprints/Sounds/Movement/Medieval_knight_jogg-1760745126511.ubulk" 2581
"D:/Skald_TurnBasedStrategy_Code/Content/Blueprints/Sounds/Movement/Medieval_knight_jogg-1760745126511.uasset" 2582
"D:/Skald_TurnBasedStrategy_Code/Content/Blueprints/Sounds/Movement/Medieval_knight_jogg-1760745126511.uexp" 2583
"D:/Skald_TurnBasedStrategy_Code/Content/Blueprints/Character/SkaldFactions/Inflicted/SelectionDecal/Skald_Inflicted_Selection.ubulk" 2584
"D:/Skald_TurnBasedStrategy_Code/Content/Blueprints/Character/SkaldFactions/Inflicted/SelectionDecal/Skald_Inflicted_Selection.uasset" 2585
"D:/Skald_TurnBasedStrategy_Code/Content/Blueprints/Character/SkaldFactions/Inflicted/SelectionDecal/Skald_Inflicted_Selection.uexp" 2586
"D:/Skald_TurnBasedStrategy_Code/Content/Blueprints/Character/SkaldFactions/Elves/SelectionDecal/Skald_Elves_Selection.ubulk" 2587
"D:/Skald_TurnBasedStrategy_Code/Content/Blueprints/Character/SkaldFactions/Elves/SelectionDecal/Skald_Elves_Selection.uasset" 2588
"D:/Skald_TurnBasedStrategy_Code/Content/Blueprints/Character/SkaldFactions/Elves/SelectionDecal/Skald_Elves_Selection.uexp" 2589
"D:/Skald_TurnBasedStrategy_Code/Content/Blueprints/Character/SkaldFactions/Inflicted/SelectionDecal/Skald_Inflicted_SelectionDecal.uasset" 2590
"D:/Skald_TurnBasedStrategy_Code/Content/Blueprints/Character/SkaldFactions/Inflicted/SelectionDecal/Skald_Inflicted_SelectionDecal.uexp" 2591
"D:/Skald_TurnBasedStrategy_Code/Content/Blueprints/UI/UI_PNGs/HealthBar/ChatGPT_Image_Oct_23__2025__04_58_59_AM.ubulk" 2592
"D:/Skald_TurnBasedStrategy_Code/Content/Blueprints/UI/UI_PNGs/HealthBar/ChatGPT_Image_Oct_23__2025__04_58_59_AM.uasset" 2593
"D:/Skald_TurnBasedStrategy_Code/Content/Blueprints/UI/UI_PNGs/HealthBar/ChatGPT_Image_Oct_23__2025__04_58_59_AM.uexp" 2594
"D:/Skald_TurnBasedStrategy_Code/Content/Blueprints/UI/UI_PNGs/HealthBar/ChatGPT_Image_Oct_23__2025__05_13_01_AM.ubulk" 2595
"D:/Skald_TurnBasedStrategy_Code/Content/Blueprints/UI/UI_PNGs/HealthBar/ChatGPT_Image_Oct_23__2025__05_13_01_AM.uasset" 2596
"D:/Skald_TurnBasedStrategy_Code/Content/Blueprints/UI/UI_PNGs/HealthBar/ChatGPT_Image_Oct_23__2025__05_13_01_AM.uexp" 2597
"D:/Skald_TurnBasedStrategy_Code/Content/Blueprints/UI/UI_PNGs/HealthBar/ChatGPT_Image_Oct_23__2025__05_12_58_AM.ubulk" 2598
"D:/Skald_TurnBasedStrategy_Code/Content/Blueprints/UI/UI_PNGs/HealthBar/ChatGPT_Image_Oct_23__2025__05_12_58_AM.uasset" 2599
"D:/Skald_TurnBasedStrategy_Code/Content/Blueprints/UI/UI_PNGs/HealthBar/ChatGPT_Image_Oct_23__2025__05_12_58_AM.uexp" 2600
"D:/Skald_TurnBasedStrategy_Code/Content/Blueprints/UI/Skald_FighterHealthWidget.uasset" 2601
"D:/Skald_TurnBasedStrategy_Code/Content/Blueprints/UI/Skald_FighterHealthWidget.uexp" 2602
"../../../Engine/Content/Functions/Engine_MaterialFunctions03/Blends/Blend_Overlay.uasset" 2603
"../../../Engine/Content/Functions/Engine_MaterialFunctions03/Blends/Blend_Overlay.uexp" 2604
"D:/Skald_TurnBasedStrategy_Code/Content/Blueprints/Character/SkaldFactions/Inflicted/2hSword/Inflicted_2hword_Skal_1011005149_texture_roughness.ubulk" 2605
"D:/Skald_TurnBasedStrategy_Code/Content/Blueprints/Character/SkaldFactions/Inflicted/2hSword/Inflicted_2hword_Skal_1011005149_texture_roughness.uasset" 2606
"D:/Skald_TurnBasedStrategy_Code/Content/Blueprints/Character/SkaldFactions/Inflicted/2hSword/Inflicted_2hword_Skal_1011005149_texture_roughness.uexp" 2607
"D:/Skald_TurnBasedStrategy_Code/Content/Blueprints/Character/SkaldFactions/Inflicted/2hSword/Inflicted_2hword_Skal_1011005149_texture_normal.ubulk" 2608
"D:/Skald_TurnBasedStrategy_Code/Content/Blueprints/Character/SkaldFactions/Inflicted/2hSword/Inflicted_2hword_Skal_1011005149_texture_normal.uasset" 2609
"D:/Skald_TurnBasedStrategy_Code/Content/Blueprints/Character/SkaldFactions/Inflicted/2hSword/Inflicted_2hword_Skal_1011005149_texture_normal.uexp" 2610
"D:/Skald_TurnBasedStrategy_Code/Content/Blueprints/Character/SkaldFactions/Inflicted/2hSword/Inflicted_2hword_Skal_1011005149_texture_metallic.ubulk" 2611
"D:/Skald_TurnBasedStrategy_Code/Content/Blueprints/Character/SkaldFactions/Inflicted/2hSword/Inflicted_2hword_Skal_1011005149_texture_metallic.uasset" 2612
"D:/Skald_TurnBasedStrategy_Code/Content/Blueprints/Character/SkaldFactions/Inflicted/2hSword/Inflicted_2hword_Skal_1011005149_texture_metallic.uexp" 2613
"D:/Skald_TurnBasedStrategy_Code/Content/Blueprints/Character/SkaldFactions/Inflicted/2hSword/Inflicted_2hword_Skal_1011005149_texture.ubulk" 2614
"D:/Skald_TurnBasedStrategy_Code/Content/Blueprints/Character/SkaldFactions/Inflicted/2hSword/Inflicted_2hword_Skal_1011005149_texture.uasset" 2615
"D:/Skald_TurnBasedStrategy_Code/Content/Blueprints/Character/SkaldFactions/Inflicted/2hSword/Inflicted_2hword_Skal_1011005149_texture.uexp" 2616
"D:/Skald_TurnBasedStrategy_Code/Content/Blueprints/Character/SkaldFactions/Inflicted/2hSword/Material_006.uasset" 2617
"D:/Skald_TurnBasedStrategy_Code/Content/Blueprints/Character/SkaldFactions/Inflicted/2hSword/Material_006.uexp" 2618
"D:/Skald_TurnBasedStrategy_Code/Content/Blueprints/Character/SkaldFactions/Inflicted/2hSword/Inflicted_2hword.ubulk" 2619
"D:/Skald_TurnBasedStrategy_Code/Content/Blueprints/Character/SkaldFactions/Inflicted/2hSword/Inflicted_2hword.uasset" 2620
"D:/Skald_TurnBasedStrategy_Code/Content/Blueprints/Character/SkaldFactions/Inflicted/2hSword/Inflicted_2hword.uexp" 2621
"D:/Skald_TurnBasedStrategy_Code/Content/Blueprints/Character/SkaldFactions/Inflicted/SelectionDecal/Skald_Inflicted_Attack_Decal.uasset" 2622
"D:/Skald_TurnBasedStrategy_Code/Content/Blueprints/Character/SkaldFactions/Inflicted/SelectionDecal/Skald_Inflicted_Attack_Decal.uexp" 2623
"D:/Skald_TurnBasedStrategy_Code/Content/Blueprints/Character/SkaldFactions/Inflicted/Inflicted_2hSword.uasset" 2624
"D:/Skald_TurnBasedStrategy_Code/Content/Blueprints/Character/SkaldFactions/Inflicted/Inflicted_2hSword.uexp" 2625
"D:/Skald_TurnBasedStrategy_Code/Content/Blueprints/Character/SkaldFactions/RavPack/SelectionDecal/Skald_RavPack_Selection.ubulk" 2626
"D:/Skald_TurnBasedStrategy_Code/Content/Blueprints/Character/SkaldFactions/RavPack/SelectionDecal/Skald_RavPack_Selection.uasset" 2627
"D:/Skald_TurnBasedStrategy_Code/Content/Blueprints/Character/SkaldFactions/RavPack/SelectionDecal/Skald_RavPack_Selection.uexp" 2628
"D:/Skald_TurnBasedStrategy_Code/Content/Blueprints/Character/SkaldFactions/RavPack/SelectionDecal/Skald_RavPack_Attack_Decal.uasset" 2629
"D:/Skald_TurnBasedStrategy_Code/Content/Blueprints/Character/SkaldFactions/RavPack/SelectionDecal/Skald_RavPack_Attack_Decal.uexp" 2630
"D:/Skald_TurnBasedStrategy_Code/Content/Blueprints/Character/SkaldFactions/RavPack/Mage/Skald_RavPack_Mage_1015210716_texture_normal.ubulk" 2631
"D:/Skald_TurnBasedStrategy_Code/Content/Blueprints/Character/SkaldFactions/RavPack/Mage/Skald_RavPack_Mage_1015210716_texture_normal.uasset" 2632
"D:/Skald_TurnBasedStrategy_Code/Content/Blueprints/Character/SkaldFactions/RavPack/Mage/Skald_RavPack_Mage_1015210716_texture_normal.uexp" 2633
"D:/Skald_TurnBasedStrategy_Code/Content/Blueprints/Character/SkaldFactions/RavPack/Mage/Skald_RavPack_Mage_1015210716_texture.ubulk" 2634
"D:/Skald_TurnBasedStrategy_Code/Content/Blueprints/Character/SkaldFactions/RavPack/Mage/Skald_RavPack_Mage_1015210716_texture.uasset" 2635
"D:/Skald_TurnBasedStrategy_Code/Content/Blueprints/Character/SkaldFactions/RavPack/Mage/Skald_RavPack_Mage_1015210716_texture.uexp" 2636
"D:/Skald_TurnBasedStrategy_Code/Content/Blueprints/Character/SkaldFactions/RavPack/Mage/Skald_RavPack_Mage_1015210716_texture_roughness.ubulk" 2637
"D:/Skald_TurnBasedStrategy_Code/Content/Blueprints/Character/SkaldFactions/RavPack/Mage/Skald_RavPack_Mage_1015210716_texture_roughness.uasset" 2638
"D:/Skald_TurnBasedStrategy_Code/Content/Blueprints/Character/SkaldFactions/RavPack/Mage/Skald_RavPack_Mage_1015210716_texture_roughness.uexp" 2639
"D:/Skald_TurnBasedStrategy_Code/Content/Blueprints/Character/SkaldFactions/RavPack/Mage/Skald_RavPack_Mage_1015210716_texture_metallic.ubulk" 2640
"D:/Skald_TurnBasedStrategy_Code/Content/Blueprints/Character/SkaldFactions/RavPack/Mage/Skald_RavPack_Mage_1015210716_texture_metallic.uasset" 2641
"D:/Skald_TurnBasedStrategy_Code/Content/Blueprints/Character/SkaldFactions/RavPack/Mage/Skald_RavPack_Mage_1015210716_texture_metallic.uexp" 2642
"D:/Skald_TurnBasedStrategy_Code/Content/Blueprints/Character/SkaldFactions/RavPack/Mage/Material_021.uasset" 2643
"D:/Skald_TurnBasedStrategy_Code/Content/Blueprints/Character/SkaldFactions/RavPack/Mage/Material_021.uexp" 2644
"D:/Skald_TurnBasedStrategy_Code/Content/Blueprints/Character/SkaldFactions/RavPack/Mage/Skald_RavPack_Mage.ubulk" 2645
"D:/Skald_TurnBasedStrategy_Code/Content/Blueprints/Character/SkaldFactions/RavPack/Mage/Skald_RavPack_Mage.uasset" 2646
"D:/Skald_TurnBasedStrategy_Code/Content/Blueprints/Character/SkaldFactions/RavPack/Mage/Skald_RavPack_Mage.uexp" 2647
"D:/Skald_TurnBasedStrategy_Code/Content/Blueprints/Character/SkaldFactions/RavPack/SelectionDecal/Skald_RavPack_Selection_Decal.uasset" 2648
"D:/Skald_TurnBasedStrategy_Code/Content/Blueprints/Character/SkaldFactions/RavPack/SelectionDecal/Skald_RavPack_Selection_Decal.uexp" 2649
"D:/Skald_TurnBasedStrategy_Code/Content/Blueprints/Character/SkaldFactions/RavPack/RavPack_Mage.uasset" 2650
"D:/Skald_TurnBasedStrategy_Code/Content/Blueprints/Character/SkaldFactions/RavPack/RavPack_Mage.uexp" 2651
"D:/Skald_TurnBasedStrategy_Code/Content/Blueprints/Sounds/Movement/Medieval_knight_marc-1760745037174.ubulk" 2652
"D:/Skald_TurnBasedStrategy_Code/Content/Blueprints/Sounds/Movement/Medieval_knight_marc-1760745037174.uasset" 2653
"D:/Skald_TurnBasedStrategy_Code/Content/Blueprints/Sounds/Movement/Medieval_knight_marc-1760745037174.uexp" 2654
"D:/Skald_TurnBasedStrategy_Code/Content/Blueprints/Character/SkaldFactions/Undead/2hSword/Undead_2hSword_Skald_0926190422_tex.ubulk" 2655
"D:/Skald_TurnBasedStrategy_Code/Content/Blueprints/Character/SkaldFactions/Undead/2hSword/Undead_2hSword_Skald_0926190422_tex.uasset" 2656
"D:/Skald_TurnBasedStrategy_Code/Content/Blueprints/Character/SkaldFactions/Undead/2hSword/Undead_2hSword_Skald_0926190422_tex.uexp" 2657
"D:/Skald_TurnBasedStrategy_Code/Content/Blueprints/Character/SkaldFactions/Undead/2hSword/Undead_2hSword_Skald_0926190422_texture_roughness.ubulk" 2658
"D:/Skald_TurnBasedStrategy_Code/Content/Blueprints/Character/SkaldFactions/Undead/2hSword/Undead_2hSword_Skald_0926190422_texture_roughness.uasset" 2659
"D:/Skald_TurnBasedStrategy_Code/Content/Blueprints/Character/SkaldFactions/Undead/2hSword/Undead_2hSword_Skald_0926190422_texture_roughness.uexp" 2660
"D:/Skald_TurnBasedStrategy_Code/Content/Blueprints/Character/SkaldFactions/Undead/2hSword/Undead_2hSword_Skald_0926190422_texture_normal.ubulk" 2661
"D:/Skald_TurnBasedStrategy_Code/Content/Blueprints/Character/SkaldFactions/Undead/2hSword/Undead_2hSword_Skald_0926190422_texture_normal.uasset" 2662
"D:/Skald_TurnBasedStrategy_Code/Content/Blueprints/Character/SkaldFactions/Undead/2hSword/Undead_2hSword_Skald_0926190422_texture_normal.uexp" 2663
"D:/Skald_TurnBasedStrategy_Code/Content/Blueprints/Character/SkaldFactions/Undead/2hSword/Undead_2hSword_Skald_0926190422_texture_metallic.ubulk" 2664
"D:/Skald_TurnBasedStrategy_Code/Content/Blueprints/Character/SkaldFactions/Undead/2hSword/Undead_2hSword_Skald_0926190422_texture_metallic.uasset" 2665
"D:/Skald_TurnBasedStrategy_Code/Content/Blueprints/Character/SkaldFactions/Undead/2hSword/Undead_2hSword_Skald_0926190422_texture_metallic.uexp" 2666
"D:/Skald_TurnBasedStrategy_Code/Content/Blueprints/Character/SkaldFactions/Undead/2hSword/Material_010.uasset" 2667
"D:/Skald_TurnBasedStrategy_Code/Content/Blueprints/Character/SkaldFactions/Undead/2hSword/Material_010.uexp" 2668
"D:/Skald_TurnBasedStrategy_Code/Content/Blueprints/Character/SkaldFactions/Undead/2hSword/Undead_2hSword_Skald_0926190422_texture.ubulk" 2669
"D:/Skald_TurnBasedStrategy_Code/Content/Blueprints/Character/SkaldFactions/Undead/2hSword/Undead_2hSword_Skald_0926190422_texture.uasset" 2670
"D:/Skald_TurnBasedStrategy_Code/Content/Blueprints/Character/SkaldFactions/Undead/2hSword/Undead_2hSword_Skald_0926190422_texture.uexp" 2671
"D:/Skald_TurnBasedStrategy_Code/Content/Blueprints/Character/SkaldFactions/Undead/SelectionDecal/Skald_Undead_Selection.ubulk" 2672
"D:/Skald_TurnBasedStrategy_Code/Content/Blueprints/Character/SkaldFactions/Undead/SelectionDecal/Skald_Undead_Selection.uasset" 2673
"D:/Skald_TurnBasedStrategy_Code/Content/Blueprints/Character/SkaldFactions/Undead/SelectionDecal/Skald_Undead_Selection.uexp" 2674
"D:/Skald_TurnBasedStrategy_Code/Content/Blueprints/Character/SkaldFactions/Undead/SelectionDecal/Skald_Undead_Attack_Decal.uasset" 2675
"D:/Skald_TurnBasedStrategy_Code/Content/Blueprints/Character/SkaldFactions/Undead/SelectionDecal/Skald_Undead_Attack_Decal.uexp" 2676
"D:/Skald_TurnBasedStrategy_Code/Content/Blueprints/Character/SkaldFactions/Undead/SelectionDecal/Skald_Undead_SelectionDecal.uasset" 2677
"D:/Skald_TurnBasedStrategy_Code/Content/Blueprints/Character/SkaldFactions/Undead/SelectionDecal/Skald_Undead_SelectionDecal.uexp" 2678
"D:/Skald_TurnBasedStrategy_Code/Content/Blueprints/Character/SkaldFactions/Undead/Undead_2hSword.uasset" 2679
"D:/Skald_TurnBasedStrategy_Code/Content/Blueprints/Character/SkaldFactions/Undead/Undead_2hSword.uexp" 2680
"D:/Skald_TurnBasedStrategy_Code/Content/Blueprints/Character/SkaldFactions/Inflicted/DualWield/Inflicted_DualWield_S_1011005442_texture_metallic.ubulk" 2681
"D:/Skald_TurnBasedStrategy_Code/Content/Blueprints/Character/SkaldFactions/Inflicted/DualWield/Inflicted_DualWield_S_1011005442_texture_metallic.uasset" 2682
"D:/Skald_TurnBasedStrategy_Code/Content/Blueprints/Character/SkaldFactions/Inflicted/DualWield/Inflicted_DualWield_S_1011005442_texture_metallic.uexp" 2683
"D:/Skald_TurnBasedStrategy_Code/Content/Blueprints/Character/SkaldFactions/Inflicted/DualWield/Inflicted_DualWield_S_1011005442_texture_normal.ubulk" 2684
"D:/Skald_TurnBasedStrategy_Code/Content/Blueprints/Character/SkaldFactions/Inflicted/DualWield/Inflicted_DualWield_S_1011005442_texture_normal.uasset" 2685
"D:/Skald_TurnBasedStrategy_Code/Content/Blueprints/Character/SkaldFactions/Inflicted/DualWield/Inflicted_DualWield_S_1011005442_texture_normal.uexp" 2686
"D:/Skald_TurnBasedStrategy_Code/Content/Blueprints/Character/SkaldFactions/Inflicted/DualWield/Inflicted_DualWield_S_1011005442_texture_roughness.ubulk" 2687
"D:/Skald_TurnBasedStrategy_Code/Content/Blueprints/Character/SkaldFactions/Inflicted/DualWield/Inflicted_DualWield_S_1011005442_texture_roughness.uasset" 2688
"D:/Skald_TurnBasedStrategy_Code/Content/Blueprints/Character/SkaldFactions/Inflicted/DualWield/Inflicted_DualWield_S_1011005442_texture_roughness.uexp" 2689
"D:/Skald_TurnBasedStrategy_Code/Content/Blueprints/Character/SkaldFactions/Inflicted/DualWield/Inflicted_DualWield_S_1011005442_texture.ubulk" 2690
"D:/Skald_TurnBasedStrategy_Code/Content/Blueprints/Character/SkaldFactions/Inflicted/DualWield/Inflicted_DualWield_S_1011005442_texture.uasset" 2691
"D:/Skald_TurnBasedStrategy_Code/Content/Blueprints/Character/SkaldFactions/Inflicted/DualWield/Inflicted_DualWield_S_1011005442_texture.uexp" 2692
"D:/Skald_TurnBasedStrategy_Code/Content/Blueprints/Character/SkaldFactions/Inflicted/DualWield/Material_010.uasset" 2693
"D:/Skald_TurnBasedStrategy_Code/Content/Blueprints/Character/SkaldFactions/Inflicted/DualWield/Material_010.uexp" 2694
"D:/Skald_TurnBasedStrategy_Code/Content/Blueprints/Character/SkaldFactions/Inflicted/DualWield/Inflicted_DualWield.ubulk" 2695
"D:/Skald_TurnBasedStrategy_Code/Content/Blueprints/Character/SkaldFactions/Inflicted/DualWield/Inflicted_DualWield.uasset" 2696
"D:/Skald_TurnBasedStrategy_Code/Content/Blueprints/Character/SkaldFactions/Inflicted/DualWield/Inflicted_DualWield.uexp" 2697
"D:/Skald_TurnBasedStrategy_Code/Content/Blueprints/Character/SkaldFactions/Inflicted/Inflicted_DualWield.uasset" 2698
"D:/Skald_TurnBasedStrategy_Code/Content/Blueprints/Character/SkaldFactions/Inflicted/Inflicted_DualWield.uexp" 2699
"D:/Skald_TurnBasedStrategy_Code/Content/Blueprints/Character/SkaldFactions/LizardFolk/SelectionDecal/Skald_LizardFolk_Selection.ubulk" 2700
"D:/Skald_TurnBasedStrategy_Code/Content/Blueprints/Character/SkaldFactions/LizardFolk/SelectionDecal/Skald_LizardFolk_Selection.uasset" 2701
"D:/Skald_TurnBasedStrategy_Code/Content/Blueprints/Character/SkaldFactions/LizardFolk/SelectionDecal/Skald_LizardFolk_Selection.uexp" 2702
"D:/Skald_TurnBasedStrategy_Code/Content/Blueprints/Character/SkaldFactions/Orcs/SelectionDecal/Skald_Orc_Selection.ubulk" 2703
"D:/Skald_TurnBasedStrategy_Code/Content/Blueprints/Character/SkaldFactions/Orcs/SelectionDecal/Skald_Orc_Selection.uasset" 2704
"D:/Skald_TurnBasedStrategy_Code/Content/Blueprints/Character/SkaldFactions/Orcs/SelectionDecal/Skald_Orc_Selection.uexp" 2705
"D:/Skald_TurnBasedStrategy_Code/Content/Blueprints/Character/SkaldFactions/Orcs/SelectionDecal/Skald_Orc_Attack_Decal.uasset" 2706
"D:/Skald_TurnBasedStrategy_Code/Content/Blueprints/Character/SkaldFactions/Orcs/SelectionDecal/Skald_Orc_Attack_Decal.uexp" 2707
"D:/Skald_TurnBasedStrategy_Code/Content/Blueprints/Character/SkaldFactions/Orcs/SpearnShield/Orc_SpearnShield_Skal_0926074410_texture.ubulk" 2708
"D:/Skald_TurnBasedStrategy_Code/Content/Blueprints/Character/SkaldFactions/Orcs/SpearnShield/Orc_SpearnShield_Skal_0926074410_texture.uasset" 2709
"D:/Skald_TurnBasedStrategy_Code/Content/Blueprints/Character/SkaldFactions/Orcs/SpearnShield/Orc_SpearnShield_Skal_0926074410_texture.uexp" 2710
"D:/Skald_TurnBasedStrategy_Code/Content/Blueprints/Character/SkaldFactions/Orcs/SpearnShield/Orc_SpearnShield_Skal_0926074410_texture_normal.ubulk" 2711
"D:/Skald_TurnBasedStrategy_Code/Content/Blueprints/Character/SkaldFactions/Orcs/SpearnShield/Orc_SpearnShield_Skal_0926074410_texture_normal.uasset" 2712
"D:/Skald_TurnBasedStrategy_Code/Content/Blueprints/Character/SkaldFactions/Orcs/SpearnShield/Orc_SpearnShield_Skal_0926074410_texture_normal.uexp" 2713
"D:/Skald_TurnBasedStrategy_Code/Content/Blueprints/Character/SkaldFactions/Orcs/SpearnShield/Orc_SpearnShield_Skal_0926074410_texture_metallic.ubulk" 2714
"D:/Skald_TurnBasedStrategy_Code/Content/Blueprints/Character/SkaldFactions/Orcs/SpearnShield/Orc_SpearnShield_Skal_0926074410_texture_metallic.uasset" 2715
"D:/Skald_TurnBasedStrategy_Code/Content/Blueprints/Character/SkaldFactions/Orcs/SpearnShield/Orc_SpearnShield_Skal_0926074410_texture_metallic.uexp" 2716
"D:/Skald_TurnBasedStrategy_Code/Content/Blueprints/Character/SkaldFactions/Orcs/SpearnShield/Orc_SpearnShield_Skal_0926074410_texture_roughness.ubulk" 2717
"D:/Skald_TurnBasedStrategy_Code/Content/Blueprints/Character/SkaldFactions/Orcs/SpearnShield/Orc_SpearnShield_Skal_0926074410_texture_roughness.uasset" 2718
"D:/Skald_TurnBasedStrategy_Code/Content/Blueprints/Character/SkaldFactions/Orcs/SpearnShield/Orc_SpearnShield_Skal_0926074410_texture_roughness.uexp" 2719
"D:/Skald_TurnBasedStrategy_Code/Content/Blueprints/Character/SkaldFactions/Orcs/SpearnShield/Material_012.uasset" 2720
"D:/Skald_TurnBasedStrategy_Code/Content/Blueprints/Character/SkaldFactions/Orcs/SpearnShield/Material_012.uexp" 2721
"D:/Skald_TurnBasedStrategy_Code/Content/Blueprints/Character/SkaldFactions/Orcs/SpearnShield/Orc_SpearnShield_Skal_0926074410.ubulk" 2722
"D:/Skald_TurnBasedStrategy_Code/Content/Blueprints/Character/SkaldFactions/Orcs/SpearnShield/Orc_SpearnShield_Skal_0926074410.uasset" 2723
"D:/Skald_TurnBasedStrategy_Code/Content/Blueprints/Character/SkaldFactions/Orcs/SpearnShield/Orc_SpearnShield_Skal_0926074410.uexp" 2724
"D:/Skald_TurnBasedStrategy_Code/Content/Blueprints/Character/SkaldFactions/Orcs/SelectionDecal/Skald_Orc_Selection_Decal.uasset" 2725
"D:/Skald_TurnBasedStrategy_Code/Content/Blueprints/Character/SkaldFactions/Orcs/SelectionDecal/Skald_Orc_Selection_Decal.uexp" 2726
"D:/Skald_TurnBasedStrategy_Code/Content/Blueprints/Character/SkaldFactions/Orcs/Orc_SpearnShield.uasset" 2727
"D:/Skald_TurnBasedStrategy_Code/Content/Blueprints/Character/SkaldFactions/Orcs/Orc_SpearnShield.uexp" 2728
"D:/Skald_TurnBasedStrategy_Code/Content/Blueprints/Character/SkaldFactions/Inflicted/SpearnShield/Inflicted_SpearAndShi_1011005359_texture_roughness.ubulk" 2729
"D:/Skald_TurnBasedStrategy_Code/Content/Blueprints/Character/SkaldFactions/Inflicted/SpearnShield/Inflicted_SpearAndShi_1011005359_texture_roughness.uasset" 2730
"D:/Skald_TurnBasedStrategy_Code/Content/Blueprints/Character/SkaldFactions/Inflicted/SpearnShield/Inflicted_SpearAndShi_1011005359_texture_roughness.uexp" 2731
"D:/Skald_TurnBasedStrategy_Code/Content/Blueprints/Character/SkaldFactions/Inflicted/SpearnShield/Inflicted_SpearAndShi_1011005359_texture_metallic.ubulk" 2732
"D:/Skald_TurnBasedStrategy_Code/Content/Blueprints/Character/SkaldFactions/Inflicted/SpearnShield/Inflicted_SpearAndShi_1011005359_texture_metallic.uasset" 2733
"D:/Skald_TurnBasedStrategy_Code/Content/Blueprints/Character/SkaldFactions/Inflicted/SpearnShield/Inflicted_SpearAndShi_1011005359_texture_metallic.uexp" 2734
"D:/Skald_TurnBasedStrategy_Code/Content/Blueprints/Character/SkaldFactions/Inflicted/SpearnShield/Inflicted_SpearAndShi_1011005359_texture.ubulk" 2735
"D:/Skald_TurnBasedStrategy_Code/Content/Blueprints/Character/SkaldFactions/Inflicted/SpearnShield/Inflicted_SpearAndShi_1011005359_texture.uasset" 2736
"D:/Skald_TurnBasedStrategy_Code/Content/Blueprints/Character/SkaldFactions/Inflicted/SpearnShield/Inflicted_SpearAndShi_1011005359_texture.uexp" 2737
"D:/Skald_TurnBasedStrategy_Code/Content/Blueprints/Character/SkaldFactions/Inflicted/SpearnShield/Inflicted_SpearAndShi_1011005359_texture_normal.ubulk" 2738
"D:/Skald_TurnBasedStrategy_Code/Content/Blueprints/Character/SkaldFactions/Inflicted/SpearnShield/Inflicted_SpearAndShi_1011005359_texture_normal.uasset" 2739
"D:/Skald_TurnBasedStrategy_Code/Content/Blueprints/Character/SkaldFactions/Inflicted/SpearnShield/Inflicted_SpearAndShi_1011005359_texture_normal.uexp" 2740
"D:/Skald_TurnBasedStrategy_Code/Content/Blueprints/Character/SkaldFactions/Inflicted/SpearnShield/Material_014.uasset" 2741
"D:/Skald_TurnBasedStrategy_Code/Content/Blueprints/Character/SkaldFactions/Inflicted/SpearnShield/Material_014.uexp" 2742
"D:/Skald_TurnBasedStrategy_Code/Content/Blueprints/Character/SkaldFactions/Inflicted/SpearnShield/Inflicted_SpearAndShield.ubulk" 2743
"D:/Skald_TurnBasedStrategy_Code/Content/Blueprints/Character/SkaldFactions/Inflicted/SpearnShield/Inflicted_SpearAndShield.uasset" 2744
"D:/Skald_TurnBasedStrategy_Code/Content/Blueprints/Character/SkaldFactions/Inflicted/SpearnShield/Inflicted_SpearAndShield.uexp" 2745
"D:/Skald_TurnBasedStrategy_Code/Content/Blueprints/Character/SkaldFactions/Inflicted/Inflicted_SpearnShield.uasset" 2746
"D:/Skald_TurnBasedStrategy_Code/Content/Blueprints/Character/SkaldFactions/Inflicted/Inflicted_SpearnShield.uexp" 2747
"D:/Skald_TurnBasedStrategy_Code/Content/Blueprints/Character/SkaldFactions/Ironlegion/SelectionDecal/Skald_Empite_Selection.ubulk" 2748
"D:/Skald_TurnBasedStrategy_Code/Content/Blueprints/Character/SkaldFactions/Ironlegion/SelectionDecal/Skald_Empite_Selection.uasset" 2749
"D:/Skald_TurnBasedStrategy_Code/Content/Blueprints/Character/SkaldFactions/Ironlegion/SelectionDecal/Skald_Empite_Selection.uexp" 2750
"D:/Skald_TurnBasedStrategy_Code/Content/Blueprints/Character/SkaldFactions/LizardFolk/SelectionDecal/Skald_LizardFolk_Attack_Decal.uasset" 2751
"D:/Skald_TurnBasedStrategy_Code/Content/Blueprints/Character/SkaldFactions/LizardFolk/SelectionDecal/Skald_LizardFolk_Attack_Decal.uexp" 2752
"D:/Skald_TurnBasedStrategy_Code/Content/Blueprints/Character/SkaldFactions/LizardFolk/DualWield/LizardFolk_DualWield__1011010656_texture_normal.ubulk" 2753
"D:/Skald_TurnBasedStrategy_Code/Content/Blueprints/Character/SkaldFactions/LizardFolk/DualWield/LizardFolk_DualWield__1011010656_texture_normal.uasset" 2754
"D:/Skald_TurnBasedStrategy_Code/Content/Blueprints/Character/SkaldFactions/LizardFolk/DualWield/LizardFolk_DualWield__1011010656_texture_normal.uexp" 2755
"D:/Skald_TurnBasedStrategy_Code/Content/Blueprints/Character/SkaldFactions/LizardFolk/DualWield/LizardFolk_DualWield__1011010656_texture.ubulk" 2756
"D:/Skald_TurnBasedStrategy_Code/Content/Blueprints/Character/SkaldFactions/LizardFolk/DualWield/LizardFolk_DualWield__1011010656_texture.uasset" 2757
"D:/Skald_TurnBasedStrategy_Code/Content/Blueprints/Character/SkaldFactions/LizardFolk/DualWield/LizardFolk_DualWield__1011010656_texture.uexp" 2758
"D:/Skald_TurnBasedStrategy_Code/Content/Blueprints/Character/SkaldFactions/LizardFolk/DualWield/LizardFolk_DualWield__1011010656_texture_metallic.ubulk" 2759
"D:/Skald_TurnBasedStrategy_Code/Content/Blueprints/Character/SkaldFactions/LizardFolk/DualWield/LizardFolk_DualWield__1011010656_texture_metallic.uasset" 2760
"D:/Skald_TurnBasedStrategy_Code/Content/Blueprints/Character/SkaldFactions/LizardFolk/DualWield/LizardFolk_DualWield__1011010656_texture_metallic.uexp" 2761
"D:/Skald_TurnBasedStrategy_Code/Content/Blueprints/Character/SkaldFactions/LizardFolk/DualWield/LizardFolk_DualWield__1011010656_texture_roughness.ubulk" 2762
"D:/Skald_TurnBasedStrategy_Code/Content/Blueprints/Character/SkaldFactions/LizardFolk/DualWield/LizardFolk_DualWield__1011010656_texture_roughness.uasset" 2763
"D:/Skald_TurnBasedStrategy_Code/Content/Blueprints/Character/SkaldFactions/LizardFolk/DualWield/LizardFolk_DualWield__1011010656_texture_roughness.uexp" 2764
"D:/Skald_TurnBasedStrategy_Code/Content/Blueprints/Character/SkaldFactions/LizardFolk/DualWield/Material_009.uasset" 2765
"D:/Skald_TurnBasedStrategy_Code/Content/Blueprints/Character/SkaldFactions/LizardFolk/DualWield/Material_009.uexp" 2766
"D:/Skald_TurnBasedStrategy_Code/Content/Blueprints/Character/SkaldFactions/LizardFolk/DualWield/LizardFolk_DualWield_.ubulk" 2767
"D:/Skald_TurnBasedStrategy_Code/Content/Blueprints/Character/SkaldFactions/LizardFolk/DualWield/LizardFolk_DualWield_.uasset" 2768
"D:/Skald_TurnBasedStrategy_Code/Content/Blueprints/Character/SkaldFactions/LizardFolk/DualWield/LizardFolk_DualWield_.uexp" 2769
"D:/Skald_TurnBasedStrategy_Code/Content/Blueprints/Character/SkaldFactions/LizardFolk/SelectionDecal/Skald_LizardFolk_Selection_Decal.uasset" 2770
"D:/Skald_TurnBasedStrategy_Code/Content/Blueprints/Character/SkaldFactions/LizardFolk/SelectionDecal/Skald_LizardFolk_Selection_Decal.uexp" 2771
"D:/Skald_TurnBasedStrategy_Code/Content/Blueprints/Sounds/Movement/Medieval_knight_jogg__3-1760745137745.ubulk" 2772
"D:/Skald_TurnBasedStrategy_Code/Content/Blueprints/Sounds/Movement/Medieval_knight_jogg__3-1760745137745.uasset" 2773
"D:/Skald_TurnBasedStrategy_Code/Content/Blueprints/Sounds/Movement/Medieval_knight_jogg__3-1760745137745.uexp" 2774
"D:/Skald_TurnBasedStrategy_Code/Content/Blueprints/Character/SkaldFactions/LizardFolk/LizardFolk_DualWield.uasset" 2775
"D:/Skald_TurnBasedStrategy_Code/Content/Blueprints/Character/SkaldFactions/LizardFolk/LizardFolk_DualWield.uexp" 2776
"D:/Skald_TurnBasedStrategy_Code/Content/Blueprints/Character/SkaldFactions/Orcs/DualWield/Orc_DualWield_Skald_0926074415_texture_normal.ubulk" 2777
"D:/Skald_TurnBasedStrategy_Code/Content/Blueprints/Character/SkaldFactions/Orcs/DualWield/Orc_DualWield_Skald_0926074415_texture_normal.uasset" 2778
"D:/Skald_TurnBasedStrategy_Code/Content/Blueprints/Character/SkaldFactions/Orcs/DualWield/Orc_DualWield_Skald_0926074415_texture_normal.uexp" 2779
"D:/Skald_TurnBasedStrategy_Code/Content/Blueprints/Character/SkaldFactions/Orcs/DualWield/Orc_DualWield_Skald_0926074415_texture.ubulk" 2780
"D:/Skald_TurnBasedStrategy_Code/Content/Blueprints/Character/SkaldFactions/Orcs/DualWield/Orc_DualWield_Skald_0926074415_texture.uasset" 2781
"D:/Skald_TurnBasedStrategy_Code/Content/Blueprints/Character/SkaldFactions/Orcs/DualWield/Orc_DualWield_Skald_0926074415_texture.uexp" 2782
"D:/Skald_TurnBasedStrategy_Code/Content/Blueprints/Character/SkaldFactions/Orcs/DualWield/Orc_DualWield_Skald_0926074415_texture_roughness.ubulk" 2783
"D:/Skald_TurnBasedStrategy_Code/Content/Blueprints/Character/SkaldFactions/Orcs/DualWield/Orc_DualWield_Skald_0926074415_texture_roughness.uasset" 2784
"D:/Skald_TurnBasedStrategy_Code/Content/Blueprints/Character/SkaldFactions/Orcs/DualWield/Orc_DualWield_Skald_0926074415_texture_roughness.uexp" 2785
"D:/Skald_TurnBasedStrategy_Code/Content/Blueprints/Character/SkaldFactions/Orcs/DualWield/Orc_DualWield_Skald_0926074415_texture_metallic.ubulk" 2786
"D:/Skald_TurnBasedStrategy_Code/Content/Blueprints/Character/SkaldFactions/Orcs/DualWield/Orc_DualWield_Skald_0926074415_texture_metallic.uasset" 2787
"D:/Skald_TurnBasedStrategy_Code/Content/Blueprints/Character/SkaldFactions/Orcs/DualWield/Orc_DualWield_Skald_0926074415_texture_metallic.uexp" 2788
"D:/Skald_TurnBasedStrategy_Code/Content/Blueprints/Character/SkaldFactions/Orcs/DualWield/Material_014.uasset" 2789
"D:/Skald_TurnBasedStrategy_Code/Content/Blueprints/Character/SkaldFactions/Orcs/DualWield/Material_014.uexp" 2790
"D:/Skald_TurnBasedStrategy_Code/Content/Blueprints/Character/SkaldFactions/Orcs/DualWield/Orc_DualWield_Skald_0926074415.ubulk" 2791
"D:/Skald_TurnBasedStrategy_Code/Content/Blueprints/Character/SkaldFactions/Orcs/DualWield/Orc_DualWield_Skald_0926074415.uasset" 2792
"D:/Skald_TurnBasedStrategy_Code/Content/Blueprints/Character/SkaldFactions/Orcs/DualWield/Orc_DualWield_Skald_0926074415.uexp" 2793
"D:/Skald_TurnBasedStrategy_Code/Content/Blueprints/Character/SkaldFactions/Orcs/Orc_DualWield.uasset" 2794
"D:/Skald_TurnBasedStrategy_Code/Content/Blueprints/Character/SkaldFactions/Orcs/Orc_DualWield.uexp" 2795
"D:/Skald_TurnBasedStrategy_Code/Content/Blueprints/Character/SkaldFactions/Dwarves/Selection_Decal/Skald_Dwarf_Selection_Temp.ubulk" 2796
"D:/Skald_TurnBasedStrategy_Code/Content/Blueprints/Character/SkaldFactions/Dwarves/Selection_Decal/Skald_Dwarf_Selection_Temp.uasset" 2797
"D:/Skald_TurnBasedStrategy_Code/Content/Blueprints/Character/SkaldFactions/Dwarves/Selection_Decal/Skald_Dwarf_Selection_Temp.uexp" 2798
"D:/Skald_TurnBasedStrategy_Code/Content/Blueprints/Character/SkaldFactions/Dwarves/Selection_Decal/Skald_Dwarf_Selection_Decal.uasset" 2799
"D:/Skald_TurnBasedStrategy_Code/Content/Blueprints/Character/SkaldFactions/Dwarves/Selection_Decal/Skald_Dwarf_Selection_Decal.uexp" 2800
"D:/Skald_TurnBasedStrategy_Code/Content/Blueprints/Character/SkaldFactions/Dwarves/CrystalBeast/Crystal_Beast_0926073714_texture_metallic.ubulk" 2801
"D:/Skald_TurnBasedStrategy_Code/Content/Blueprints/Character/SkaldFactions/Dwarves/CrystalBeast/Crystal_Beast_0926073714_texture_metallic.uasset" 2802
"D:/Skald_TurnBasedStrategy_Code/Content/Blueprints/Character/SkaldFactions/Dwarves/CrystalBeast/Crystal_Beast_0926073714_texture_metallic.uexp" 2803
"D:/Skald_TurnBasedStrategy_Code/Content/Blueprints/Character/SkaldFactions/Dwarves/CrystalBeast/Crystal_Beast_0926073714_texture_roughness.ubulk" 2804
"D:/Skald_TurnBasedStrategy_Code/Content/Blueprints/Character/SkaldFactions/Dwarves/CrystalBeast/Crystal_Beast_0926073714_texture_roughness.uasset" 2805
"D:/Skald_TurnBasedStrategy_Code/Content/Blueprints/Character/SkaldFactions/Dwarves/CrystalBeast/Crystal_Beast_0926073714_texture_roughness.uexp" 2806
"D:/Skald_TurnBasedStrategy_Code/Content/Blueprints/Character/SkaldFactions/Dwarves/CrystalBeast/Crystal_Beast_0926073714_texture_normal.ubulk" 2807
"D:/Skald_TurnBasedStrategy_Code/Content/Blueprints/Character/SkaldFactions/Dwarves/CrystalBeast/Crystal_Beast_0926073714_texture_normal.uasset" 2808
"D:/Skald_TurnBasedStrategy_Code/Content/Blueprints/Character/SkaldFactions/Dwarves/CrystalBeast/Crystal_Beast_0926073714_texture_normal.uexp" 2809
"D:/Skald_TurnBasedStrategy_Code/Content/Blueprints/Character/SkaldFactions/Dwarves/CrystalBeast/Crystal_Beast_0926073714_texture.ubulk" 2810
"D:/Skald_TurnBasedStrategy_Code/Content/Blueprints/Character/SkaldFactions/Dwarves/CrystalBeast/Crystal_Beast_0926073714_texture.uasset" 2811
"D:/Skald_TurnBasedStrategy_Code/Content/Blueprints/Character/SkaldFactions/Dwarves/CrystalBeast/Crystal_Beast_0926073714_texture.uexp" 2812
"D:/Skald_TurnBasedStrategy_Code/Content/Blueprints/Character/SkaldFactions/Dwarves/CrystalBeast/Material_011.uasset" 2813
"D:/Skald_TurnBasedStrategy_Code/Content/Blueprints/Character/SkaldFactions/Dwarves/CrystalBeast/Material_011.uexp" 2814
"D:/Skald_TurnBasedStrategy_Code/Content/Blueprints/Character/SkaldFactions/Dwarves/CrystalBeast/Crystal_Beast_0926073714.ubulk" 2815
"D:/Skald_TurnBasedStrategy_Code/Content/Blueprints/Character/SkaldFactions/Dwarves/CrystalBeast/Crystal_Beast_0926073714.uasset" 2816
"D:/Skald_TurnBasedStrategy_Code/Content/Blueprints/Character/SkaldFactions/Dwarves/CrystalBeast/Crystal_Beast_0926073714.uexp" 2817
"D:/Skald_TurnBasedStrategy_Code/Content/Blueprints/Character/SkaldFactions/Dwarves/Selection_Decal/Skald_Dwarf_Selection_Decal1.uasset" 2818
"D:/Skald_TurnBasedStrategy_Code/Content/Blueprints/Character/SkaldFactions/Dwarves/Selection_Decal/Skald_Dwarf_Selection_Decal1.uexp" 2819
"D:/Skald_TurnBasedStrategy_Code/Content/Blueprints/Sounds/Movement/Giant_stomping__1-1760757130142.ubulk" 2820
"D:/Skald_TurnBasedStrategy_Code/Content/Blueprints/Sounds/Movement/Giant_stomping__1-1760757130142.uasset" 2821
"D:/Skald_TurnBasedStrategy_Code/Content/Blueprints/Sounds/Movement/Giant_stomping__1-1760757130142.uexp" 2822
"D:/Skald_TurnBasedStrategy_Code/Content/Blueprints/Sounds/Movement/Giant_stomping__3-1760757116985.ubulk" 2823
"D:/Skald_TurnBasedStrategy_Code/Content/Blueprints/Sounds/Movement/Giant_stomping__3-1760757116985.uasset" 2824
"D:/Skald_TurnBasedStrategy_Code/Content/Blueprints/Sounds/Movement/Giant_stomping__3-1760757116985.uexp" 2825
"D:/Skald_TurnBasedStrategy_Code/Content/Blueprints/Sounds/Movement/Giant_stomping__2-1760757125468.ubulk" 2826
"D:/Skald_TurnBasedStrategy_Code/Content/Blueprints/Sounds/Movement/Giant_stomping__2-1760757125468.uasset" 2827
"D:/Skald_TurnBasedStrategy_Code/Content/Blueprints/Sounds/Movement/Giant_stomping__2-1760757125468.uexp" 2828
"D:/Skald_TurnBasedStrategy_Code/Content/Blueprints/Sounds/Movement/Giant_stomping__3-1760757116985_Cue.uasset" 2829
"D:/Skald_TurnBasedStrategy_Code/Content/Blueprints/Sounds/Movement/Giant_stomping__3-1760757116985_Cue.uexp" 2830
"D:/Skald_TurnBasedStrategy_Code/Content/Blueprints/Character/SkaldFactions/Dwarves/Dwarf_CrystalBeast.uasset" 2831
"D:/Skald_TurnBasedStrategy_Code/Content/Blueprints/Character/SkaldFactions/Dwarves/Dwarf_CrystalBeast.uexp" 2832
"D:/Skald_TurnBasedStrategy_Code/Content/Blueprints/Character/SkaldFactions/Humans/SeletionDecal/Skald_Human_Selection.ubulk" 2833
"D:/Skald_TurnBasedStrategy_Code/Content/Blueprints/Character/SkaldFactions/Humans/SeletionDecal/Skald_Human_Selection.uasset" 2834
"D:/Skald_TurnBasedStrategy_Code/Content/Blueprints/Character/SkaldFactions/Humans/SeletionDecal/Skald_Human_Selection.uexp" 2835
"D:/Skald_TurnBasedStrategy_Code/Content/Blueprints/Character/SkaldFactions/Humans/SeletionDecal/Skald_Human_Attack_Decal.uasset" 2836
"D:/Skald_TurnBasedStrategy_Code/Content/Blueprints/Character/SkaldFactions/Humans/SeletionDecal/Skald_Human_Attack_Decal.uexp" 2837
"D:/Skald_TurnBasedStrategy_Code/Content/Blueprints/Sounds/Movement/Medieval_knight_jogg__1-1760745126512.ubulk" 2838
"D:/Skald_TurnBasedStrategy_Code/Content/Blueprints/Sounds/Movement/Medieval_knight_jogg__1-1760745126512.uasset" 2839
"D:/Skald_TurnBasedStrategy_Code/Content/Blueprints/Sounds/Movement/Medieval_knight_jogg__1-1760745126512.uexp" 2840
"D:/Skald_TurnBasedStrategy_Code/Content/Blueprints/Character/SkaldFactions/Humans/mage/HumanKnight_Mage_Skal_0926074725_texture_roughness.ubulk" 2841
"D:/Skald_TurnBasedStrategy_Code/Content/Blueprints/Character/SkaldFactions/Humans/mage/HumanKnight_Mage_Skal_0926074725_texture_roughness.uasset" 2842
"D:/Skald_TurnBasedStrategy_Code/Content/Blueprints/Character/SkaldFactions/Humans/mage/HumanKnight_Mage_Skal_0926074725_texture_roughness.uexp" 2843
"D:/Skald_TurnBasedStrategy_Code/Content/Blueprints/Character/SkaldFactions/Humans/mage/HumanKnight_Mage_Skal_0926074725_texture.ubulk" 2844
"D:/Skald_TurnBasedStrategy_Code/Content/Blueprints/Character/SkaldFactions/Humans/mage/HumanKnight_Mage_Skal_0926074725_texture.uasset" 2845
"D:/Skald_TurnBasedStrategy_Code/Content/Blueprints/Character/SkaldFactions/Humans/mage/HumanKnight_Mage_Skal_0926074725_texture.uexp" 2846
"D:/Skald_TurnBasedStrategy_Code/Content/Blueprints/Character/SkaldFactions/Humans/mage/HumanKnight_Mage_Skal_0926074725_texture_metallic.ubulk" 2847
"D:/Skald_TurnBasedStrategy_Code/Content/Blueprints/Character/SkaldFactions/Humans/mage/HumanKnight_Mage_Skal_0926074725_texture_metallic.uasset" 2848
"D:/Skald_TurnBasedStrategy_Code/Content/Blueprints/Character/SkaldFactions/Humans/mage/HumanKnight_Mage_Skal_0926074725_texture_metallic.uexp" 2849
"D:/Skald_TurnBasedStrategy_Code/Content/Blueprints/Character/SkaldFactions/Humans/mage/HumanKnight_Mage_Skal_0926074725_texture_normal.ubulk" 2850
"D:/Skald_TurnBasedStrategy_Code/Content/Blueprints/Character/SkaldFactions/Humans/mage/HumanKnight_Mage_Skal_0926074725_texture_normal.uasset" 2851
"D:/Skald_TurnBasedStrategy_Code/Content/Blueprints/Character/SkaldFactions/Humans/mage/HumanKnight_Mage_Skal_0926074725_texture_normal.uexp" 2852
"D:/Skald_TurnBasedStrategy_Code/Content/Blueprints/Character/SkaldFactions/Humans/mage/Material_022.uasset" 2853
"D:/Skald_TurnBasedStrategy_Code/Content/Blueprints/Character/SkaldFactions/Humans/mage/Material_022.uexp" 2854
"D:/Skald_TurnBasedStrategy_Code/Content/Blueprints/Character/SkaldFactions/Humans/mage/HumanKnight_Mage_Skal_0926074725.ubulk" 2855
"D:/Skald_TurnBasedStrategy_Code/Content/Blueprints/Character/SkaldFactions/Humans/mage/HumanKnight_Mage_Skal_0926074725.uasset" 2856
"D:/Skald_TurnBasedStrategy_Code/Content/Blueprints/Character/SkaldFactions/Humans/mage/HumanKnight_Mage_Skal_0926074725.uexp" 2857
"D:/Skald_TurnBasedStrategy_Code/Content/Blueprints/Character/SkaldFactions/Humans/SeletionDecal/Skald_Human_Selection_Decal.uasset" 2858
"D:/Skald_TurnBasedStrategy_Code/Content/Blueprints/Character/SkaldFactions/Humans/SeletionDecal/Skald_Human_Selection_Decal.uexp" 2859
"D:/Skald_TurnBasedStrategy_Code/Content/Blueprints/Character/SkaldFactions/Humans/Human_Mage.uasset" 2860
"D:/Skald_TurnBasedStrategy_Code/Content/Blueprints/Character/SkaldFactions/Humans/Human_Mage.uexp" 2861
"D:/Skald_TurnBasedStrategy_Code/Content/Blueprints/Character/SkaldFactions/Undead/CyclopeanHorror/Undead_CyclopeanHorro_0926074902_text.ubulk" 2862
"D:/Skald_TurnBasedStrategy_Code/Content/Blueprints/Character/SkaldFactions/Undead/CyclopeanHorror/Undead_CyclopeanHorro_0926074902_text.uasset" 2863
"D:/Skald_TurnBasedStrategy_Code/Content/Blueprints/Character/SkaldFactions/Undead/CyclopeanHorror/Undead_CyclopeanHorro_0926074902_text.uexp" 2864
"D:/Skald_TurnBasedStrategy_Code/Content/Blueprints/Character/SkaldFactions/Undead/CyclopeanHorror/Undead_CyclopeanHorro_0926074902_texture_metallic.ubulk" 2865
"D:/Skald_TurnBasedStrategy_Code/Content/Blueprints/Character/SkaldFactions/Undead/CyclopeanHorror/Undead_CyclopeanHorro_0926074902_texture_metallic.uasset" 2866
"D:/Skald_TurnBasedStrategy_Code/Content/Blueprints/Character/SkaldFactions/Undead/CyclopeanHorror/Undead_CyclopeanHorro_0926074902_texture_metallic.uexp" 2867
"D:/Skald_TurnBasedStrategy_Code/Content/Blueprints/Character/SkaldFactions/Undead/CyclopeanHorror/Undead_CyclopeanHorro_0926074902_texture_roughness.ubulk" 2868
"D:/Skald_TurnBasedStrategy_Code/Content/Blueprints/Character/SkaldFactions/Undead/CyclopeanHorror/Undead_CyclopeanHorro_0926074902_texture_roughness.uasset" 2869
"D:/Skald_TurnBasedStrategy_Code/Content/Blueprints/Character/SkaldFactions/Undead/CyclopeanHorror/Undead_CyclopeanHorro_0926074902_texture_roughness.uexp" 2870
"D:/Skald_TurnBasedStrategy_Code/Content/Blueprints/Character/SkaldFactions/Undead/CyclopeanHorror/Undead_CyclopeanHorro_0926074902_texture_normal.ubulk" 2871
"D:/Skald_TurnBasedStrategy_Code/Content/Blueprints/Character/SkaldFactions/Undead/CyclopeanHorror/Undead_CyclopeanHorro_0926074902_texture_normal.uasset" 2872
"D:/Skald_TurnBasedStrategy_Code/Content/Blueprints/Character/SkaldFactions/Undead/CyclopeanHorror/Undead_CyclopeanHorro_0926074902_texture_normal.uexp" 2873
"D:/Skald_TurnBasedStrategy_Code/Content/Blueprints/Character/SkaldFactions/Undead/CyclopeanHorror/Material_007.uasset" 2874
"D:/Skald_TurnBasedStrategy_Code/Content/Blueprints/Character/SkaldFactions/Undead/CyclopeanHorror/Material_007.uexp" 2875
"D:/Skald_TurnBasedStrategy_Code/Content/Blueprints/Character/SkaldFactions/Undead/CyclopeanHorror/Undead_CyclopeanHorro_0926074902_texture.ubulk" 2876
"D:/Skald_TurnBasedStrategy_Code/Content/Blueprints/Character/SkaldFactions/Undead/CyclopeanHorror/Undead_CyclopeanHorro_0926074902_texture.uasset" 2877
"D:/Skald_TurnBasedStrategy_Code/Content/Blueprints/Character/SkaldFactions/Undead/CyclopeanHorror/Undead_CyclopeanHorro_0926074902_texture.uexp" 2878
"D:/Skald_TurnBasedStrategy_Code/Content/Blueprints/Character/SkaldFactions/Undead/Undead_CyclopeanHorror.uasset" 2879
"D:/Skald_TurnBasedStrategy_Code/Content/Blueprints/Character/SkaldFactions/Undead/Undead_CyclopeanHorror.uexp" 2880
"D:/Skald_TurnBasedStrategy_Code/Content/Blueprints/Sounds/Movement/GaintQuadraped.ubulk" 2881
"D:/Skald_TurnBasedStrategy_Code/Content/Blueprints/Sounds/Movement/GaintQuadraped.uasset" 2882
"D:/Skald_TurnBasedStrategy_Code/Content/Blueprints/Sounds/Movement/GaintQuadraped.uexp" 2883
"D:/Skald_TurnBasedStrategy_Code/Content/Blueprints/Character/SkaldFactions/ToadFolk/SelectionDecal/Skald_ToadFolk_Selection.ubulk" 2884
"D:/Skald_TurnBasedStrategy_Code/Content/Blueprints/Character/SkaldFactions/ToadFolk/SelectionDecal/Skald_ToadFolk_Selection.uasset" 2885
"D:/Skald_TurnBasedStrategy_Code/Content/Blueprints/Character/SkaldFactions/ToadFolk/SelectionDecal/Skald_ToadFolk_Selection.uexp" 2886
"D:/Skald_TurnBasedStrategy_Code/Content/Blueprints/Character/SkaldFactions/ToadFolk/SelectionDecal/Skald_ToadFolk_Attack_Decal.uasset" 2887
"D:/Skald_TurnBasedStrategy_Code/Content/Blueprints/Character/SkaldFactions/ToadFolk/SelectionDecal/Skald_ToadFolk_Attack_Decal.uexp" 2888
"D:/Skald_TurnBasedStrategy_Code/Content/Blueprints/Character/SkaldFactions/ToadFolk/MountedSpear/Skald_ToadFolk_Mounte_0926075044_texture.ubulk" 2889
"D:/Skald_TurnBasedStrategy_Code/Content/Blueprints/Character/SkaldFactions/ToadFolk/MountedSpear/Skald_ToadFolk_Mounte_0926075044_texture.uasset" 2890
"D:/Skald_TurnBasedStrategy_Code/Content/Blueprints/Character/SkaldFactions/ToadFolk/MountedSpear/Skald_ToadFolk_Mounte_0926075044_texture.uexp" 2891
"D:/Skald_TurnBasedStrategy_Code/Content/Blueprints/Character/SkaldFactions/ToadFolk/MountedSpear/Skald_ToadFolk_Mounte_0926075044_texture_metallic.ubulk" 2892
"D:/Skald_TurnBasedStrategy_Code/Content/Blueprints/Character/SkaldFactions/ToadFolk/MountedSpear/Skald_ToadFolk_Mounte_0926075044_texture_metallic.uasset" 2893
"D:/Skald_TurnBasedStrategy_Code/Content/Blueprints/Character/SkaldFactions/ToadFolk/MountedSpear/Skald_ToadFolk_Mounte_0926075044_texture_metallic.uexp" 2894
"D:/Skald_TurnBasedStrategy_Code/Content/Blueprints/Character/SkaldFactions/ToadFolk/MountedSpear/Skald_ToadFolk_Mounte_0926075044_texture_roughness.ubulk" 2895
"D:/Skald_TurnBasedStrategy_Code/Content/Blueprints/Character/SkaldFactions/ToadFolk/MountedSpear/Skald_ToadFolk_Mounte_0926075044_texture_roughness.uasset" 2896
"D:/Skald_TurnBasedStrategy_Code/Content/Blueprints/Character/SkaldFactions/ToadFolk/MountedSpear/Skald_ToadFolk_Mounte_0926075044_texture_roughness.uexp" 2897
"D:/Skald_TurnBasedStrategy_Code/Content/Blueprints/Character/SkaldFactions/ToadFolk/MountedSpear/Skald_ToadFolk_Mounte_0926075044_texture_normal.ubulk" 2898
"D:/Skald_TurnBasedStrategy_Code/Content/Blueprints/Character/SkaldFactions/ToadFolk/MountedSpear/Skald_ToadFolk_Mounte_0926075044_texture_normal.uasset" 2899
"D:/Skald_TurnBasedStrategy_Code/Content/Blueprints/Character/SkaldFactions/ToadFolk/MountedSpear/Skald_ToadFolk_Mounte_0926075044_texture_normal.uexp" 2900
"D:/Skald_TurnBasedStrategy_Code/Content/Blueprints/Character/SkaldFactions/ToadFolk/MountedSpear/Material_019.uasset" 2901
"D:/Skald_TurnBasedStrategy_Code/Content/Blueprints/Character/SkaldFactions/ToadFolk/MountedSpear/Material_019.uexp" 2902
"D:/Skald_TurnBasedStrategy_Code/Content/Blueprints/Character/SkaldFactions/ToadFolk/MountedSpear/Skald_ToadFolk_Mounte_0926075044.ubulk" 2903
"D:/Skald_TurnBasedStrategy_Code/Content/Blueprints/Character/SkaldFactions/ToadFolk/MountedSpear/Skald_ToadFolk_Mounte_0926075044.uasset" 2904
"D:/Skald_TurnBasedStrategy_Code/Content/Blueprints/Character/SkaldFactions/ToadFolk/MountedSpear/Skald_ToadFolk_Mounte_0926075044.uexp" 2905
"D:/Skald_TurnBasedStrategy_Code/Content/Blueprints/Character/SkaldFactions/ToadFolk/SelectionDecal/Skald_ToadFolk_Selection_Decal.uasset" 2906
"D:/Skald_TurnBasedStrategy_Code/Content/Blueprints/Character/SkaldFactions/ToadFolk/SelectionDecal/Skald_ToadFolk_Selection_Decal.uexp" 2907
"D:/Skald_TurnBasedStrategy_Code/Content/Blueprints/Character/SkaldFactions/ToadFolk/FrogFolk_MountedSpear.uasset" 2908
"D:/Skald_TurnBasedStrategy_Code/Content/Blueprints/Character/SkaldFactions/ToadFolk/FrogFolk_MountedSpear.uexp" 2909
"D:/Skald_TurnBasedStrategy_Code/Content/Blueprints/Character/SkaldFactions/RavPack/SwordnShield/Skald_RavPack_SwordnS_1015210937_texture_metallic.ubulk" 2910
"D:/Skald_TurnBasedStrategy_Code/Content/Blueprints/Character/SkaldFactions/RavPack/SwordnShield/Skald_RavPack_SwordnS_1015210937_texture_metallic.uasset" 2911
"D:/Skald_TurnBasedStrategy_Code/Content/Blueprints/Character/SkaldFactions/RavPack/SwordnShield/Skald_RavPack_SwordnS_1015210937_texture_metallic.uexp" 2912
"D:/Skald_TurnBasedStrategy_Code/Content/Blueprints/Character/SkaldFactions/RavPack/SwordnShield/Skald_RavPack_SwordnS_1015210937_texture_roughness.ubulk" 2913
"D:/Skald_TurnBasedStrategy_Code/Content/Blueprints/Character/SkaldFactions/RavPack/SwordnShield/Skald_RavPack_SwordnS_1015210937_texture_roughness.uasset" 2914
"D:/Skald_TurnBasedStrategy_Code/Content/Blueprints/Character/SkaldFactions/RavPack/SwordnShield/Skald_RavPack_SwordnS_1015210937_texture_roughness.uexp" 2915
"D:/Skald_TurnBasedStrategy_Code/Content/Blueprints/Character/SkaldFactions/RavPack/SwordnShield/Skald_RavPack_SwordnS_1015210937_texture_normal.ubulk" 2916
"D:/Skald_TurnBasedStrategy_Code/Content/Blueprints/Character/SkaldFactions/RavPack/SwordnShield/Skald_RavPack_SwordnS_1015210937_texture_normal.uasset" 2917
"D:/Skald_TurnBasedStrategy_Code/Content/Blueprints/Character/SkaldFactions/RavPack/SwordnShield/Skald_RavPack_SwordnS_1015210937_texture_normal.uexp" 2918
"D:/Skald_TurnBasedStrategy_Code/Content/Blueprints/Character/SkaldFactions/RavPack/SwordnShield/Skald_RavPack_SwordnS_1015210937_texture.ubulk" 2919
"D:/Skald_TurnBasedStrategy_Code/Content/Blueprints/Character/SkaldFactions/RavPack/SwordnShield/Skald_RavPack_SwordnS_1015210937_texture.uasset" 2920
"D:/Skald_TurnBasedStrategy_Code/Content/Blueprints/Character/SkaldFactions/RavPack/SwordnShield/Skald_RavPack_SwordnS_1015210937_texture.uexp" 2921
"D:/Skald_TurnBasedStrategy_Code/Content/Blueprints/Character/SkaldFactions/RavPack/SwordnShield/Material_016.uasset" 2922
"D:/Skald_TurnBasedStrategy_Code/Content/Blueprints/Character/SkaldFactions/RavPack/SwordnShield/Material_016.uexp" 2923
"D:/Skald_TurnBasedStrategy_Code/Content/Blueprints/Character/SkaldFactions/RavPack/SwordnShield/Skald_RavPack_SwordnShield.ubulk" 2924
"D:/Skald_TurnBasedStrategy_Code/Content/Blueprints/Character/SkaldFactions/RavPack/SwordnShield/Skald_RavPack_SwordnShield.uasset" 2925
"D:/Skald_TurnBasedStrategy_Code/Content/Blueprints/Character/SkaldFactions/RavPack/SwordnShield/Skald_RavPack_SwordnShield.uexp" 2926
"D:/Skald_TurnBasedStrategy_Code/Content/Blueprints/Character/SkaldFactions/RavPack/RavPack_SwordnShield.uasset" 2927
"D:/Skald_TurnBasedStrategy_Code/Content/Blueprints/Character/SkaldFactions/RavPack/RavPack_SwordnShield.uexp" 2928
"D:/Skald_TurnBasedStrategy_Code/Content/Blueprints/Character/SkaldFactions/RavPack/MountedSpear/Skald_RavPack_Mounted_1016013546_texture_metallic.ubulk" 2929
"D:/Skald_TurnBasedStrategy_Code/Content/Blueprints/Character/SkaldFactions/RavPack/MountedSpear/Skald_RavPack_Mounted_1016013546_texture_metallic.uasset" 2930
"D:/Skald_TurnBasedStrategy_Code/Content/Blueprints/Character/SkaldFactions/RavPack/MountedSpear/Skald_RavPack_Mounted_1016013546_texture_metallic.uexp" 2931
"D:/Skald_TurnBasedStrategy_Code/Content/Blueprints/Character/SkaldFactions/RavPack/MountedSpear/Skald_RavPack_Mounted_1016013546_texture_normal.ubulk" 2932
"D:/Skald_TurnBasedStrategy_Code/Content/Blueprints/Character/SkaldFactions/RavPack/MountedSpear/Skald_RavPack_Mounted_1016013546_texture_normal.uasset" 2933
"D:/Skald_TurnBasedStrategy_Code/Content/Blueprints/Character/SkaldFactions/RavPack/MountedSpear/Skald_RavPack_Mounted_1016013546_texture_normal.uexp" 2934
"D:/Skald_TurnBasedStrategy_Code/Content/Blueprints/Character/SkaldFactions/RavPack/MountedSpear/Skald_RavPack_Mounted_1016013546_texture.ubulk" 2935
"D:/Skald_TurnBasedStrategy_Code/Content/Blueprints/Character/SkaldFactions/RavPack/MountedSpear/Skald_RavPack_Mounted_1016013546_texture.uasset" 2936
"D:/Skald_TurnBasedStrategy_Code/Content/Blueprints/Character/SkaldFactions/RavPack/MountedSpear/Skald_RavPack_Mounted_1016013546_texture.uexp" 2937
"D:/Skald_TurnBasedStrategy_Code/Content/Blueprints/Character/SkaldFactions/RavPack/MountedSpear/Skald_RavPack_Mounted_1016013546_texture_roughness.ubulk" 2938
"D:/Skald_TurnBasedStrategy_Code/Content/Blueprints/Character/SkaldFactions/RavPack/MountedSpear/Skald_RavPack_Mounted_1016013546_texture_roughness.uasset" 2939
"D:/Skald_TurnBasedStrategy_Code/Content/Blueprints/Character/SkaldFactions/RavPack/MountedSpear/Skald_RavPack_Mounted_1016013546_texture_roughness.uexp" 2940
"D:/Skald_TurnBasedStrategy_Code/Content/Blueprints/Character/SkaldFactions/RavPack/MountedSpear/Material_020.uasset" 2941
"D:/Skald_TurnBasedStrategy_Code/Content/Blueprints/Character/SkaldFactions/RavPack/MountedSpear/Material_020.uexp" 2942
"D:/Skald_TurnBasedStrategy_Code/Content/Blueprints/Character/SkaldFactions/RavPack/MountedSpear/Skald_RavPack_MountedSpear.ubulk" 2943
"D:/Skald_TurnBasedStrategy_Code/Content/Blueprints/Character/SkaldFactions/RavPack/MountedSpear/Skald_RavPack_MountedSpear.uasset" 2944
"D:/Skald_TurnBasedStrategy_Code/Content/Blueprints/Character/SkaldFactions/RavPack/MountedSpear/Skald_RavPack_MountedSpear.uexp" 2945
"D:/Skald_TurnBasedStrategy_Code/Content/Blueprints/Character/SkaldFactions/RavPack/RavPack_MountedSpear.uasset" 2946
"D:/Skald_TurnBasedStrategy_Code/Content/Blueprints/Character/SkaldFactions/RavPack/RavPack_MountedSpear.uexp" 2947
"D:/Skald_TurnBasedStrategy_Code/Content/Blueprints/Character/SkaldFactions/Ironlegion/SpearAndShield/IronLegion_SpearAndSh_0928134809_texture_metallic.ubulk" 2948
"D:/Skald_TurnBasedStrategy_Code/Content/Blueprints/Character/SkaldFactions/Ironlegion/SpearAndShield/IronLegion_SpearAndSh_0928134809_texture_metallic.uasset" 2949
"D:/Skald_TurnBasedStrategy_Code/Content/Blueprints/Character/SkaldFactions/Ironlegion/SpearAndShield/IronLegion_SpearAndSh_0928134809_texture_metallic.uexp" 2950
"D:/Skald_TurnBasedStrategy_Code/Content/Blueprints/Character/SkaldFactions/Ironlegion/SpearAndShield/IronLegion_SpearAndSh_0928134809_texture_roughness.ubulk" 2951
"D:/Skald_TurnBasedStrategy_Code/Content/Blueprints/Character/SkaldFactions/Ironlegion/SpearAndShield/IronLegion_SpearAndSh_0928134809_texture_roughness.uasset" 2952
"D:/Skald_TurnBasedStrategy_Code/Content/Blueprints/Character/SkaldFactions/Ironlegion/SpearAndShield/IronLegion_SpearAndSh_0928134809_texture_roughness.uexp" 2953
"D:/Skald_TurnBasedStrategy_Code/Content/Blueprints/Character/SkaldFactions/Ironlegion/SpearAndShield/IronLegion_SpearAndSh_0928134809_texture.ubulk" 2954
"D:/Skald_TurnBasedStrategy_Code/Content/Blueprints/Character/SkaldFactions/Ironlegion/SpearAndShield/IronLegion_SpearAndSh_0928134809_texture.uasset" 2955
"D:/Skald_TurnBasedStrategy_Code/Content/Blueprints/Character/SkaldFactions/Ironlegion/SpearAndShield/IronLegion_SpearAndSh_0928134809_texture.uexp" 2956
"D:/Skald_TurnBasedStrategy_Code/Content/Blueprints/Character/SkaldFactions/Ironlegion/SpearAndShield/IronLegion_SpearAndSh_0928134809_texture_normal.ubulk" 2957
"D:/Skald_TurnBasedStrategy_Code/Content/Blueprints/Character/SkaldFactions/Ironlegion/SpearAndShield/IronLegion_SpearAndSh_0928134809_texture_normal.uasset" 2958
"D:/Skald_TurnBasedStrategy_Code/Content/Blueprints/Character/SkaldFactions/Ironlegion/SpearAndShield/IronLegion_SpearAndSh_0928134809_texture_normal.uexp" 2959
"D:/Skald_TurnBasedStrategy_Code/Content/Blueprints/Character/SkaldFactions/Ironlegion/SpearAndShield/Material_011.uasset" 2960
"D:/Skald_TurnBasedStrategy_Code/Content/Blueprints/Character/SkaldFactions/Ironlegion/SpearAndShield/Material_011.uexp" 2961
"D:/Skald_TurnBasedStrategy_Code/Content/Blueprints/Character/SkaldFactions/Ironlegion/SpearAndShield/IronLegion_SpearAndSh_0928134809.ubulk" 2962
"D:/Skald_TurnBasedStrategy_Code/Content/Blueprints/Character/SkaldFactions/Ironlegion/SpearAndShield/IronLegion_SpearAndSh_0928134809.uasset" 2963
"D:/Skald_TurnBasedStrategy_Code/Content/Blueprints/Character/SkaldFactions/Ironlegion/SpearAndShield/IronLegion_SpearAndSh_0928134809.uexp" 2964
"D:/Skald_TurnBasedStrategy_Code/Content/Blueprints/Character/SkaldFactions/Ironlegion/SelectionDecal/Skald_Empite_Attack_Decal.uasset" 2965
"D:/Skald_TurnBasedStrategy_Code/Content/Blueprints/Character/SkaldFactions/Ironlegion/SelectionDecal/Skald_Empite_Attack_Decal.uexp" 2966
"D:/Skald_TurnBasedStrategy_Code/Content/Blueprints/Character/SkaldFactions/Ironlegion/SelectionDecal/Skald_Empite_Selection_Decal.uasset" 2967
"D:/Skald_TurnBasedStrategy_Code/Content/Blueprints/Character/SkaldFactions/Ironlegion/SelectionDecal/Skald_Empite_Selection_Decal.uexp" 2968
"D:/Skald_TurnBasedStrategy_Code/Content/Blueprints/Sounds/Movement/Medieval_knight_runn__2-1760745085664.ubulk" 2969
"D:/Skald_TurnBasedStrategy_Code/Content/Blueprints/Sounds/Movement/Medieval_knight_runn__2-1760745085664.uasset" 2970
"D:/Skald_TurnBasedStrategy_Code/Content/Blueprints/Sounds/Movement/Medieval_knight_runn__2-1760745085664.uexp" 2971
"D:/Skald_TurnBasedStrategy_Code/Content/Blueprints/Character/SkaldFactions/Ironlegion/IronLegion_SpearAndShield.uasset" 2972
"D:/Skald_TurnBasedStrategy_Code/Content/Blueprints/Character/SkaldFactions/Ironlegion/IronLegion_SpearAndShield.uexp" 2973
"D:/Skald_TurnBasedStrategy_Code/Content/Blueprints/Character/SkaldFactions/Gnolls/SelectionDecal/Skal_GnollSelection.ubulk" 2974
"D:/Skald_TurnBasedStrategy_Code/Content/Blueprints/Character/SkaldFactions/Gnolls/SelectionDecal/Skal_GnollSelection.uasset" 2975
"D:/Skald_TurnBasedStrategy_Code/Content/Blueprints/Character/SkaldFactions/Gnolls/SelectionDecal/Skal_GnollSelection.uexp" 2976
"D:/Skald_TurnBasedStrategy_Code/Content/Blueprints/Character/SkaldFactions/Gnolls/SelectionDecal/Skald_Gnoll_Attack_Decal.uasset" 2977
"D:/Skald_TurnBasedStrategy_Code/Content/Blueprints/Character/SkaldFactions/Gnolls/SelectionDecal/Skald_Gnoll_Attack_Decal.uexp" 2978
"D:/Skald_TurnBasedStrategy_Code/Content/Blueprints/Character/SkaldFactions/Gnolls/2hSpear/Gnoll_2hSpear_Skald_0926075438_texture_normal.ubulk" 2979
"D:/Skald_TurnBasedStrategy_Code/Content/Blueprints/Character/SkaldFactions/Gnolls/2hSpear/Gnoll_2hSpear_Skald_0926075438_texture_normal.uasset" 2980
"D:/Skald_TurnBasedStrategy_Code/Content/Blueprints/Character/SkaldFactions/Gnolls/2hSpear/Gnoll_2hSpear_Skald_0926075438_texture_normal.uexp" 2981
"D:/Skald_TurnBasedStrategy_Code/Content/Blueprints/Character/SkaldFactions/Gnolls/2hSpear/Gnoll_2hSpear_Skald_0926075438_texture_metallic.ubulk" 2982
"D:/Skald_TurnBasedStrategy_Code/Content/Blueprints/Character/SkaldFactions/Gnolls/2hSpear/Gnoll_2hSpear_Skald_0926075438_texture_metallic.uasset" 2983
"D:/Skald_TurnBasedStrategy_Code/Content/Blueprints/Character/SkaldFactions/Gnolls/2hSpear/Gnoll_2hSpear_Skald_0926075438_texture_metallic.uexp" 2984
"D:/Skald_TurnBasedStrategy_Code/Content/Blueprints/Character/SkaldFactions/Gnolls/2hSpear/Gnoll_2hSpear_Skald_0926075438_texture.ubulk" 2985
"D:/Skald_TurnBasedStrategy_Code/Content/Blueprints/Character/SkaldFactions/Gnolls/2hSpear/Gnoll_2hSpear_Skald_0926075438_texture.uasset" 2986
"D:/Skald_TurnBasedStrategy_Code/Content/Blueprints/Character/SkaldFactions/Gnolls/2hSpear/Gnoll_2hSpear_Skald_0926075438_texture.uexp" 2987
"D:/Skald_TurnBasedStrategy_Code/Content/Blueprints/Character/SkaldFactions/Gnolls/2hSpear/Gnoll_2hSpear_Skald_0926075438_texture_roughness.ubulk" 2988
"D:/Skald_TurnBasedStrategy_Code/Content/Blueprints/Character/SkaldFactions/Gnolls/2hSpear/Gnoll_2hSpear_Skald_0926075438_texture_roughness.uasset" 2989
"D:/Skald_TurnBasedStrategy_Code/Content/Blueprints/Character/SkaldFactions/Gnolls/2hSpear/Gnoll_2hSpear_Skald_0926075438_texture_roughness.uexp" 2990
"D:/Skald_TurnBasedStrategy_Code/Content/Blueprints/Character/SkaldFactions/Gnolls/2hSpear/Material_002.uasset" 2991
"D:/Skald_TurnBasedStrategy_Code/Content/Blueprints/Character/SkaldFactions/Gnolls/2hSpear/Material_002.uexp" 2992
"D:/Skald_TurnBasedStrategy_Code/Content/Blueprints/Character/SkaldFactions/Gnolls/2hSpear/Gnoll_2hSpear_Skald_0926075438.ubulk" 2993
"D:/Skald_TurnBasedStrategy_Code/Content/Blueprints/Character/SkaldFactions/Gnolls/2hSpear/Gnoll_2hSpear_Skald_0926075438.uasset" 2994
"D:/Skald_TurnBasedStrategy_Code/Content/Blueprints/Character/SkaldFactions/Gnolls/2hSpear/Gnoll_2hSpear_Skald_0926075438.uexp" 2995
"D:/Skald_TurnBasedStrategy_Code/Content/Blueprints/Character/SkaldFactions/Gnolls/SelectionDecal/Skald_Gnoll_Selection_Decal.uasset" 2996
"D:/Skald_TurnBasedStrategy_Code/Content/Blueprints/Character/SkaldFactions/Gnolls/SelectionDecal/Skald_Gnoll_Selection_Decal.uexp" 2997
"D:/Skald_TurnBasedStrategy_Code/Content/Blueprints/Character/SkaldFactions/Gnolls/Gnoll_2hSpear.uasset" 2998
"D:/Skald_TurnBasedStrategy_Code/Content/Blueprints/Character/SkaldFactions/Gnolls/Gnoll_2hSpear.uexp" 2999
"D:/Skald_TurnBasedStrategy_Code/Content/Blueprints/Character/SkaldFactions/Orcs/2hClub/Orc_2hClub_Skald_0926074223_texture_metallic.ubulk" 3000
"D:/Skald_TurnBasedStrategy_Code/Content/Blueprints/Character/SkaldFactions/Orcs/2hClub/Orc_2hClub_Skald_0926074223_texture_metallic.uasset" 3001
"D:/Skald_TurnBasedStrategy_Code/Content/Blueprints/Character/SkaldFactions/Orcs/2hClub/Orc_2hClub_Skald_0926074223_texture_metallic.uexp" 3002
"D:/Skald_TurnBasedStrategy_Code/Content/Blueprints/Character/SkaldFactions/Orcs/2hClub/Orc_2hClub_Skald_0926074223_texture_normal.ubulk" 3003
"D:/Skald_TurnBasedStrategy_Code/Content/Blueprints/Character/SkaldFactions/Orcs/2hClub/Orc_2hClub_Skald_0926074223_texture_normal.uasset" 3004
"D:/Skald_TurnBasedStrategy_Code/Content/Blueprints/Character/SkaldFactions/Orcs/2hClub/Orc_2hClub_Skald_0926074223_texture_normal.uexp" 3005
"D:/Skald_TurnBasedStrategy_Code/Content/Blueprints/Character/SkaldFactions/Orcs/2hClub/Orc_2hClub_Skald_0926074223_texture_roughness.ubulk" 3006
"D:/Skald_TurnBasedStrategy_Code/Content/Blueprints/Character/SkaldFactions/Orcs/2hClub/Orc_2hClub_Skald_0926074223_texture_roughness.uasset" 3007
"D:/Skald_TurnBasedStrategy_Code/Content/Blueprints/Character/SkaldFactions/Orcs/2hClub/Orc_2hClub_Skald_0926074223_texture_roughness.uexp" 3008
"D:/Skald_TurnBasedStrategy_Code/Content/Blueprints/Character/SkaldFactions/Orcs/2hClub/Orc_2hClub_Skald_0926074223_texture.ubulk" 3009
"D:/Skald_TurnBasedStrategy_Code/Content/Blueprints/Character/SkaldFactions/Orcs/2hClub/Orc_2hClub_Skald_0926074223_texture.uasset" 3010
"D:/Skald_TurnBasedStrategy_Code/Content/Blueprints/Character/SkaldFactions/Orcs/2hClub/Orc_2hClub_Skald_0926074223_texture.uexp" 3011
"D:/Skald_TurnBasedStrategy_Code/Content/Blueprints/Character/SkaldFactions/Orcs/2hClub/Material_017.uasset" 3012
"D:/Skald_TurnBasedStrategy_Code/Content/Blueprints/Character/SkaldFactions/Orcs/2hClub/Material_017.uexp" 3013
"D:/Skald_TurnBasedStrategy_Code/Content/Blueprints/Character/SkaldFactions/Orcs/2hClub/Orc_2hClub_Skald_0926074223.ubulk" 3014
"D:/Skald_TurnBasedStrategy_Code/Content/Blueprints/Character/SkaldFactions/Orcs/2hClub/Orc_2hClub_Skald_0926074223.uasset" 3015
"D:/Skald_TurnBasedStrategy_Code/Content/Blueprints/Character/SkaldFactions/Orcs/2hClub/Orc_2hClub_Skald_0926074223.uexp" 3016
"D:/Skald_TurnBasedStrategy_Code/Content/Blueprints/Character/SkaldFactions/Orcs/Orc_2hClub.uasset" 3017
"D:/Skald_TurnBasedStrategy_Code/Content/Blueprints/Character/SkaldFactions/Orcs/Orc_2hClub.uexp" 3018
"D:/Skald_TurnBasedStrategy_Code/Content/Blueprints/Sounds/Movement/Horse_gallop__1-1760744945611.ubulk" 3019
"D:/Skald_TurnBasedStrategy_Code/Content/Blueprints/Sounds/Movement/Horse_gallop__1-1760744945611.uasset" 3020
"D:/Skald_TurnBasedStrategy_Code/Content/Blueprints/Sounds/Movement/Horse_gallop__1-1760744945611.uexp" 3021
"D:/Skald_TurnBasedStrategy_Code/Content/Blueprints/Character/SkaldFactions/Undead/MountedMaceAndShield/Undead_MountedMacnShi_0926074842_text.ubulk" 3022
"D:/Skald_TurnBasedStrategy_Code/Content/Blueprints/Character/SkaldFactions/Undead/MountedMaceAndShield/Undead_MountedMacnShi_0926074842_text.uasset" 3023
"D:/Skald_TurnBasedStrategy_Code/Content/Blueprints/Character/SkaldFactions/Undead/MountedMaceAndShield/Undead_MountedMacnShi_0926074842_text.uexp" 3024
"D:/Skald_TurnBasedStrategy_Code/Content/Blueprints/Character/SkaldFactions/Undead/MountedMaceAndShield/Undead_MountedMacnShi_0926074842_texture_normal.ubulk" 3025
"D:/Skald_TurnBasedStrategy_Code/Content/Blueprints/Character/SkaldFactions/Undead/MountedMaceAndShield/Undead_MountedMacnShi_0926074842_texture_normal.uasset" 3026
"D:/Skald_TurnBasedStrategy_Code/Content/Blueprints/Character/SkaldFactions/Undead/MountedMaceAndShield/Undead_MountedMacnShi_0926074842_texture_normal.uexp" 3027
"D:/Skald_TurnBasedStrategy_Code/Content/Blueprints/Character/SkaldFactions/Undead/MountedMaceAndShield/Undead_MountedMacnShi_0926074842_texture_roughness.ubulk" 3028
"D:/Skald_TurnBasedStrategy_Code/Content/Blueprints/Character/SkaldFactions/Undead/MountedMaceAndShield/Undead_MountedMacnShi_0926074842_texture_roughness.uasset" 3029
"D:/Skald_TurnBasedStrategy_Code/Content/Blueprints/Character/SkaldFactions/Undead/MountedMaceAndShield/Undead_MountedMacnShi_0926074842_texture_roughness.uexp" 3030
"D:/Skald_TurnBasedStrategy_Code/Content/Blueprints/Character/SkaldFactions/Undead/MountedMaceAndShield/Undead_MountedMacnShi_0926074842_texture_metallic.ubulk" 3031
"D:/Skald_TurnBasedStrategy_Code/Content/Blueprints/Character/SkaldFactions/Undead/MountedMaceAndShield/Undead_MountedMacnShi_0926074842_texture_metallic.uasset" 3032
"D:/Skald_TurnBasedStrategy_Code/Content/Blueprints/Character/SkaldFactions/Undead/MountedMaceAndShield/Undead_MountedMacnShi_0926074842_texture_metallic.uexp" 3033
"D:/Skald_TurnBasedStrategy_Code/Content/Blueprints/Character/SkaldFactions/Undead/MountedMaceAndShield/Material_004.uasset" 3034
"D:/Skald_TurnBasedStrategy_Code/Content/Blueprints/Character/SkaldFactions/Undead/MountedMaceAndShield/Material_004.uexp" 3035
"D:/Skald_TurnBasedStrategy_Code/Content/Blueprints/Character/SkaldFactions/Undead/MountedMaceAndShield/Undead_MountedMacnShi_0926074842_texture.ubulk" 3036
"D:/Skald_TurnBasedStrategy_Code/Content/Blueprints/Character/SkaldFactions/Undead/MountedMaceAndShield/Undead_MountedMacnShi_0926074842_texture.uasset" 3037
"D:/Skald_TurnBasedStrategy_Code/Content/Blueprints/Character/SkaldFactions/Undead/MountedMaceAndShield/Undead_MountedMacnShi_0926074842_texture.uexp" 3038
"D:/Skald_TurnBasedStrategy_Code/Content/Blueprints/Character/SkaldFactions/Undead/Undead_MountedShield.uasset" 3039
"D:/Skald_TurnBasedStrategy_Code/Content/Blueprints/Character/SkaldFactions/Undead/Undead_MountedShield.uexp" 3040
"D:/Skald_TurnBasedStrategy_Code/Content/Blueprints/Character/SkaldFactions/RavPack/MutatedRavager/Skald_RavPack_Mutated_1016013624_texture_roughness.ubulk" 3041
"D:/Skald_TurnBasedStrategy_Code/Content/Blueprints/Character/SkaldFactions/RavPack/MutatedRavager/Skald_RavPack_Mutated_1016013624_texture_roughness.uasset" 3042
"D:/Skald_TurnBasedStrategy_Code/Content/Blueprints/Character/SkaldFactions/RavPack/MutatedRavager/Skald_RavPack_Mutated_1016013624_texture_roughness.uexp" 3043
"D:/Skald_TurnBasedStrategy_Code/Content/Blueprints/Character/SkaldFactions/RavPack/MutatedRavager/Skald_RavPack_Mutated_1016013624_texture_metallic.ubulk" 3044
"D:/Skald_TurnBasedStrategy_Code/Content/Blueprints/Character/SkaldFactions/RavPack/MutatedRavager/Skald_RavPack_Mutated_1016013624_texture_metallic.uasset" 3045
"D:/Skald_TurnBasedStrategy_Code/Content/Blueprints/Character/SkaldFactions/RavPack/MutatedRavager/Skald_RavPack_Mutated_1016013624_texture_metallic.uexp" 3046
"D:/Skald_TurnBasedStrategy_Code/Content/Blueprints/Character/SkaldFactions/RavPack/MutatedRavager/Skald_RavPack_Mutated_1016013624_texture_normal.ubulk" 3047
"D:/Skald_TurnBasedStrategy_Code/Content/Blueprints/Character/SkaldFactions/RavPack/MutatedRavager/Skald_RavPack_Mutated_1016013624_texture_normal.uasset" 3048
"D:/Skald_TurnBasedStrategy_Code/Content/Blueprints/Character/SkaldFactions/RavPack/MutatedRavager/Skald_RavPack_Mutated_1016013624_texture_normal.uexp" 3049
"D:/Skald_TurnBasedStrategy_Code/Content/Blueprints/Character/SkaldFactions/RavPack/MutatedRavager/Skald_RavPack_Mutated_1016013624_texture.ubulk" 3050
"D:/Skald_TurnBasedStrategy_Code/Content/Blueprints/Character/SkaldFactions/RavPack/MutatedRavager/Skald_RavPack_Mutated_1016013624_texture.uasset" 3051
"D:/Skald_TurnBasedStrategy_Code/Content/Blueprints/Character/SkaldFactions/RavPack/MutatedRavager/Skald_RavPack_Mutated_1016013624_texture.uexp" 3052
"D:/Skald_TurnBasedStrategy_Code/Content/Blueprints/Character/SkaldFactions/RavPack/MutatedRavager/Material_018.uasset" 3053
"D:/Skald_TurnBasedStrategy_Code/Content/Blueprints/Character/SkaldFactions/RavPack/MutatedRavager/Material_018.uexp" 3054
"D:/Skald_TurnBasedStrategy_Code/Content/Blueprints/Character/SkaldFactions/RavPack/MutatedRavager/Skald_RavPack_MutatedRavager.ubulk" 3055
"D:/Skald_TurnBasedStrategy_Code/Content/Blueprints/Character/SkaldFactions/RavPack/MutatedRavager/Skald_RavPack_MutatedRavager.uasset" 3056
"D:/Skald_TurnBasedStrategy_Code/Content/Blueprints/Character/SkaldFactions/RavPack/MutatedRavager/Skald_RavPack_MutatedRavager.uexp" 3057
"D:/Skald_TurnBasedStrategy_Code/Content/Blueprints/Character/SkaldFactions/RavPack/RavPack_MutatedRavager.uasset" 3058
"D:/Skald_TurnBasedStrategy_Code/Content/Blueprints/Character/SkaldFactions/RavPack/RavPack_MutatedRavager.uexp" 3059
"D:/Skald_TurnBasedStrategy_Code/Content/Blueprints/Character/SkaldFactions/Orcs/Mage/Orc_Mage_Skald_0926074505_texture_roughness.ubulk" 3060
"D:/Skald_TurnBasedStrategy_Code/Content/Blueprints/Character/SkaldFactions/Orcs/Mage/Orc_Mage_Skald_0926074505_texture_roughness.uasset" 3061
"D:/Skald_TurnBasedStrategy_Code/Content/Blueprints/Character/SkaldFactions/Orcs/Mage/Orc_Mage_Skald_0926074505_texture_roughness.uexp" 3062
"D:/Skald_TurnBasedStrategy_Code/Content/Blueprints/Character/SkaldFactions/Orcs/Mage/Orc_Mage_Skald_0926074505_texture_normal.ubulk" 3063
"D:/Skald_TurnBasedStrategy_Code/Content/Blueprints/Character/SkaldFactions/Orcs/Mage/Orc_Mage_Skald_0926074505_texture_normal.uasset" 3064
"D:/Skald_TurnBasedStrategy_Code/Content/Blueprints/Character/SkaldFactions/Orcs/Mage/Orc_Mage_Skald_0926074505_texture_normal.uexp" 3065
"D:/Skald_TurnBasedStrategy_Code/Content/Blueprints/Character/SkaldFactions/Orcs/Mage/Orc_Mage_Skald_0926074505_texture.ubulk" 3066
"D:/Skald_TurnBasedStrategy_Code/Content/Blueprints/Character/SkaldFactions/Orcs/Mage/Orc_Mage_Skald_0926074505_texture.uasset" 3067
"D:/Skald_TurnBasedStrategy_Code/Content/Blueprints/Character/SkaldFactions/Orcs/Mage/Orc_Mage_Skald_0926074505_texture.uexp" 3068
"D:/Skald_TurnBasedStrategy_Code/Content/Blueprints/Character/SkaldFactions/Orcs/Mage/Orc_Mage_Skald_0926074505_texture_metallic.ubulk" 3069
"D:/Skald_TurnBasedStrategy_Code/Content/Blueprints/Character/SkaldFactions/Orcs/Mage/Orc_Mage_Skald_0926074505_texture_metallic.uasset" 3070
"D:/Skald_TurnBasedStrategy_Code/Content/Blueprints/Character/SkaldFactions/Orcs/Mage/Orc_Mage_Skald_0926074505_texture_metallic.uexp" 3071
"D:/Skald_TurnBasedStrategy_Code/Content/Blueprints/Character/SkaldFactions/Orcs/Mage/Material_013.uasset" 3072
"D:/Skald_TurnBasedStrategy_Code/Content/Blueprints/Character/SkaldFactions/Orcs/Mage/Material_013.uexp" 3073
"D:/Skald_TurnBasedStrategy_Code/Content/Blueprints/Character/SkaldFactions/Orcs/Mage/Orc_Mage_Skald_0926074505.ubulk" 3074
"D:/Skald_TurnBasedStrategy_Code/Content/Blueprints/Character/SkaldFactions/Orcs/Mage/Orc_Mage_Skald_0926074505.uasset" 3075
"D:/Skald_TurnBasedStrategy_Code/Content/Blueprints/Character/SkaldFactions/Orcs/Mage/Orc_Mage_Skald_0926074505.uexp" 3076
"D:/Skald_TurnBasedStrategy_Code/Content/Blueprints/Character/SkaldFactions/Orcs/Orc_Mage.uasset" 3077
"D:/Skald_TurnBasedStrategy_Code/Content/Blueprints/Character/SkaldFactions/Orcs/Orc_Mage.uexp" 3078
"D:/Skald_TurnBasedStrategy_Code/Content/Blueprints/Character/SkaldFactions/Undead/Archer/Undead_Archer_Skald_0926074850_texture_metallic.ubulk" 3079
"D:/Skald_TurnBasedStrategy_Code/Content/Blueprints/Character/SkaldFactions/Undead/Archer/Undead_Archer_Skald_0926074850_texture_metallic.uasset" 3080
"D:/Skald_TurnBasedStrategy_Code/Content/Blueprints/Character/SkaldFactions/Undead/Archer/Undead_Archer_Skald_0926074850_texture_metallic.uexp" 3081
"D:/Skald_TurnBasedStrategy_Code/Content/Blueprints/Character/SkaldFactions/Undead/Archer/Undead_Archer_Skald_0926074850_texture_roughness.ubulk" 3082
"D:/Skald_TurnBasedStrategy_Code/Content/Blueprints/Character/SkaldFactions/Undead/Archer/Undead_Archer_Skald_0926074850_texture_roughness.uasset" 3083
"D:/Skald_TurnBasedStrategy_Code/Content/Blueprints/Character/SkaldFactions/Undead/Archer/Undead_Archer_Skald_0926074850_texture_roughness.uexp" 3084
"D:/Skald_TurnBasedStrategy_Code/Content/Blueprints/Character/SkaldFactions/Undead/Archer/Undead_Archer_Skald_0926074850_texture_normal.ubulk" 3085
"D:/Skald_TurnBasedStrategy_Code/Content/Blueprints/Character/SkaldFactions/Undead/Archer/Undead_Archer_Skald_0926074850_texture_normal.uasset" 3086
"D:/Skald_TurnBasedStrategy_Code/Content/Blueprints/Character/SkaldFactions/Undead/Archer/Undead_Archer_Skald_0926074850_texture_normal.uexp" 3087
"D:/Skald_TurnBasedStrategy_Code/Content/Blueprints/Character/SkaldFactions/Undead/Archer/Undead_Archer_Skald_0926074850_tex.ubulk" 3088
"D:/Skald_TurnBasedStrategy_Code/Content/Blueprints/Character/SkaldFactions/Undead/Archer/Undead_Archer_Skald_0926074850_tex.uasset" 3089
"D:/Skald_TurnBasedStrategy_Code/Content/Blueprints/Character/SkaldFactions/Undead/Archer/Undead_Archer_Skald_0926074850_tex.uexp" 3090
"D:/Skald_TurnBasedStrategy_Code/Content/Blueprints/Character/SkaldFactions/Undead/Archer/Material_008.uasset" 3091
"D:/Skald_TurnBasedStrategy_Code/Content/Blueprints/Character/SkaldFactions/Undead/Archer/Material_008.uexp" 3092
"D:/Skald_TurnBasedStrategy_Code/Content/Blueprints/Character/SkaldFactions/Undead/Archer/Undead_Archer_Skald_0926074850_texture.ubulk" 3093
"D:/Skald_TurnBasedStrategy_Code/Content/Blueprints/Character/SkaldFactions/Undead/Archer/Undead_Archer_Skald_0926074850_texture.uasset" 3094
"D:/Skald_TurnBasedStrategy_Code/Content/Blueprints/Character/SkaldFactions/Undead/Archer/Undead_Archer_Skald_0926074850_texture.uexp" 3095
"D:/Skald_TurnBasedStrategy_Code/Content/Blueprints/Character/SkaldFactions/Undead/Undead_Archer.uasset" 3096
"D:/Skald_TurnBasedStrategy_Code/Content/Blueprints/Character/SkaldFactions/Undead/Undead_Archer.uexp" 3097
"D:/Skald_TurnBasedStrategy_Code/Content/Blueprints/Character/SkaldFactions/Ironlegion/2hSpear/IronLegion_2hSpear_Sk_0927220753_texture_normal.ubulk" 3098
"D:/Skald_TurnBasedStrategy_Code/Content/Blueprints/Character/SkaldFactions/Ironlegion/2hSpear/IronLegion_2hSpear_Sk_0927220753_texture_normal.uasset" 3099
"D:/Skald_TurnBasedStrategy_Code/Content/Blueprints/Character/SkaldFactions/Ironlegion/2hSpear/IronLegion_2hSpear_Sk_0927220753_texture_normal.uexp" 3100
"D:/Skald_TurnBasedStrategy_Code/Content/Blueprints/Character/SkaldFactions/Ironlegion/2hSpear/IronLegion_2hSpear_Sk_0927220753_texture_metallic.ubulk" 3101
"D:/Skald_TurnBasedStrategy_Code/Content/Blueprints/Character/SkaldFactions/Ironlegion/2hSpear/IronLegion_2hSpear_Sk_0927220753_texture_metallic.uasset" 3102
"D:/Skald_TurnBasedStrategy_Code/Content/Blueprints/Character/SkaldFactions/Ironlegion/2hSpear/IronLegion_2hSpear_Sk_0927220753_texture_metallic.uexp" 3103
"D:/Skald_TurnBasedStrategy_Code/Content/Blueprints/Character/SkaldFactions/Ironlegion/2hSpear/IronLegion_2hSpear_Sk_0927220753_texture.ubulk" 3104
"D:/Skald_TurnBasedStrategy_Code/Content/Blueprints/Character/SkaldFactions/Ironlegion/2hSpear/IronLegion_2hSpear_Sk_0927220753_texture.uasset" 3105
"D:/Skald_TurnBasedStrategy_Code/Content/Blueprints/Character/SkaldFactions/Ironlegion/2hSpear/IronLegion_2hSpear_Sk_0927220753_texture.uexp" 3106
"D:/Skald_TurnBasedStrategy_Code/Content/Blueprints/Character/SkaldFactions/Ironlegion/2hSpear/IronLegion_2hSpear_Sk_0927220753_texture_roughness.ubulk" 3107
"D:/Skald_TurnBasedStrategy_Code/Content/Blueprints/Character/SkaldFactions/Ironlegion/2hSpear/IronLegion_2hSpear_Sk_0927220753_texture_roughness.uasset" 3108
"D:/Skald_TurnBasedStrategy_Code/Content/Blueprints/Character/SkaldFactions/Ironlegion/2hSpear/IronLegion_2hSpear_Sk_0927220753_texture_roughness.uexp" 3109
"D:/Skald_TurnBasedStrategy_Code/Content/Blueprints/Character/SkaldFactions/Ironlegion/2hSpear/Material_001.uasset" 3110
"D:/Skald_TurnBasedStrategy_Code/Content/Blueprints/Character/SkaldFactions/Ironlegion/2hSpear/Material_001.uexp" 3111
"D:/Skald_TurnBasedStrategy_Code/Content/Blueprints/Character/SkaldFactions/Ironlegion/2hSpear/IronLegion_2hSpear_Sk_0927220753.ubulk" 3112
"D:/Skald_TurnBasedStrategy_Code/Content/Blueprints/Character/SkaldFactions/Ironlegion/2hSpear/IronLegion_2hSpear_Sk_0927220753.uasset" 3113
"D:/Skald_TurnBasedStrategy_Code/Content/Blueprints/Character/SkaldFactions/Ironlegion/2hSpear/IronLegion_2hSpear_Sk_0927220753.uexp" 3114
"D:/Skald_TurnBasedStrategy_Code/Content/Blueprints/Character/SkaldFactions/Ironlegion/IronLegion_2hSpear.uasset" 3115
"D:/Skald_TurnBasedStrategy_Code/Content/Blueprints/Character/SkaldFactions/Ironlegion/IronLegion_2hSpear.uexp" 3116
"D:/Skald_TurnBasedStrategy_Code/Content/Blueprints/Character/SkaldFactions/ToadFolk/2hSword/Skald_ToadFolk_2hSwor_0926075107_texture_normal.ubulk" 3117
"D:/Skald_TurnBasedStrategy_Code/Content/Blueprints/Character/SkaldFactions/ToadFolk/2hSword/Skald_ToadFolk_2hSwor_0926075107_texture_normal.uasset" 3118
"D:/Skald_TurnBasedStrategy_Code/Content/Blueprints/Character/SkaldFactions/ToadFolk/2hSword/Skald_ToadFolk_2hSwor_0926075107_texture_normal.uexp" 3119
"D:/Skald_TurnBasedStrategy_Code/Content/Blueprints/Character/SkaldFactions/ToadFolk/2hSword/Skald_ToadFolk_2hSwor_0926075107_texture_metallic.ubulk" 3120
"D:/Skald_TurnBasedStrategy_Code/Content/Blueprints/Character/SkaldFactions/ToadFolk/2hSword/Skald_ToadFolk_2hSwor_0926075107_texture_metallic.uasset" 3121
"D:/Skald_TurnBasedStrategy_Code/Content/Blueprints/Character/SkaldFactions/ToadFolk/2hSword/Skald_ToadFolk_2hSwor_0926075107_texture_metallic.uexp" 3122
"D:/Skald_TurnBasedStrategy_Code/Content/Blueprints/Character/SkaldFactions/ToadFolk/2hSword/Skald_ToadFolk_2hSwor_0926075107_texture.ubulk" 3123
"D:/Skald_TurnBasedStrategy_Code/Content/Blueprints/Character/SkaldFactions/ToadFolk/2hSword/Skald_ToadFolk_2hSwor_0926075107_texture.uasset" 3124
"D:/Skald_TurnBasedStrategy_Code/Content/Blueprints/Character/SkaldFactions/ToadFolk/2hSword/Skald_ToadFolk_2hSwor_0926075107_texture.uexp" 3125
"D:/Skald_TurnBasedStrategy_Code/Content/Blueprints/Character/SkaldFactions/ToadFolk/2hSword/Skald_ToadFolk_2hSwor_0926075107_texture_roughness.ubulk" 3126
"D:/Skald_TurnBasedStrategy_Code/Content/Blueprints/Character/SkaldFactions/ToadFolk/2hSword/Skald_ToadFolk_2hSwor_0926075107_texture_roughness.uasset" 3127
"D:/Skald_TurnBasedStrategy_Code/Content/Blueprints/Character/SkaldFactions/ToadFolk/2hSword/Skald_ToadFolk_2hSwor_0926075107_texture_roughness.uexp" 3128
"D:/Skald_TurnBasedStrategy_Code/Content/Blueprints/Character/SkaldFactions/ToadFolk/2hSword/Material_016.uasset" 3129
"D:/Skald_TurnBasedStrategy_Code/Content/Blueprints/Character/SkaldFactions/ToadFolk/2hSword/Material_016.uexp" 3130
"D:/Skald_TurnBasedStrategy_Code/Content/Blueprints/Character/SkaldFactions/ToadFolk/2hSword/Skald_ToadFolk_2hSwor_0926075107.ubulk" 3131
"D:/Skald_TurnBasedStrategy_Code/Content/Blueprints/Character/SkaldFactions/ToadFolk/2hSword/Skald_ToadFolk_2hSwor_0926075107.uasset" 3132
"D:/Skald_TurnBasedStrategy_Code/Content/Blueprints/Character/SkaldFactions/ToadFolk/2hSword/Skald_ToadFolk_2hSwor_0926075107.uexp" 3133
"D:/Skald_TurnBasedStrategy_Code/Content/Blueprints/Character/SkaldFactions/ToadFolk/FrogFolk_2hSword.uasset" 3134
"D:/Skald_TurnBasedStrategy_Code/Content/Blueprints/Character/SkaldFactions/ToadFolk/FrogFolk_2hSword.uexp" 3135
"D:/Skald_TurnBasedStrategy_Code/Content/Blueprints/Character/SkaldFactions/Gnolls/Archer/Gnoll_Mounted_Archer__0926075625_texture_roughness.ubulk" 3136
"D:/Skald_TurnBasedStrategy_Code/Content/Blueprints/Character/SkaldFactions/Gnolls/Archer/Gnoll_Mounted_Archer__0926075625_texture_roughness.uasset" 3137
"D:/Skald_TurnBasedStrategy_Code/Content/Blueprints/Character/SkaldFactions/Gnolls/Archer/Gnoll_Mounted_Archer__0926075625_texture_roughness.uexp" 3138
"D:/Skald_TurnBasedStrategy_Code/Content/Blueprints/Character/SkaldFactions/Gnolls/Archer/Gnoll_Mounted_Archer__0926075625_texture_metallic.ubulk" 3139
"D:/Skald_TurnBasedStrategy_Code/Content/Blueprints/Character/SkaldFactions/Gnolls/Archer/Gnoll_Mounted_Archer__0926075625_texture_metallic.uasset" 3140
"D:/Skald_TurnBasedStrategy_Code/Content/Blueprints/Character/SkaldFactions/Gnolls/Archer/Gnoll_Mounted_Archer__0926075625_texture_metallic.uexp" 3141
"D:/Skald_TurnBasedStrategy_Code/Content/Blueprints/Character/SkaldFactions/Gnolls/Archer/Gnoll_Mounted_Archer__0926075625_texture.ubulk" 3142
"D:/Skald_TurnBasedStrategy_Code/Content/Blueprints/Character/SkaldFactions/Gnolls/Archer/Gnoll_Mounted_Archer__0926075625_texture.uasset" 3143
"D:/Skald_TurnBasedStrategy_Code/Content/Blueprints/Character/SkaldFactions/Gnolls/Archer/Gnoll_Mounted_Archer__0926075625_texture.uexp" 3144
"D:/Skald_TurnBasedStrategy_Code/Content/Blueprints/Character/SkaldFactions/Gnolls/Archer/Gnoll_Mounted_Archer__0926075625_texture_normal.ubulk" 3145
"D:/Skald_TurnBasedStrategy_Code/Content/Blueprints/Character/SkaldFactions/Gnolls/Archer/Gnoll_Mounted_Archer__0926075625_texture_normal.uasset" 3146
"D:/Skald_TurnBasedStrategy_Code/Content/Blueprints/Character/SkaldFactions/Gnolls/Archer/Gnoll_Mounted_Archer__0926075625_texture_normal.uexp" 3147
"D:/Skald_TurnBasedStrategy_Code/Content/Blueprints/Character/SkaldFactions/Gnolls/Archer/Material_006.uasset" 3148
"D:/Skald_TurnBasedStrategy_Code/Content/Blueprints/Character/SkaldFactions/Gnolls/Archer/Material_006.uexp" 3149
"D:/Skald_TurnBasedStrategy_Code/Content/Blueprints/Character/SkaldFactions/Gnolls/Archer/Gnoll_Archer_0926075625.ubulk" 3150
"D:/Skald_TurnBasedStrategy_Code/Content/Blueprints/Character/SkaldFactions/Gnolls/Archer/Gnoll_Archer_0926075625.uasset" 3151
"D:/Skald_TurnBasedStrategy_Code/Content/Blueprints/Character/SkaldFactions/Gnolls/Archer/Gnoll_Archer_0926075625.uexp" 3152
"D:/Skald_TurnBasedStrategy_Code/Content/Blueprints/Character/SkaldFactions/Gnolls/Gnoll_Archer.uasset" 3153
"D:/Skald_TurnBasedStrategy_Code/Content/Blueprints/Character/SkaldFactions/Gnolls/Gnoll_Archer.uexp" 3154
"D:/Skald_TurnBasedStrategy_Code/Content/Blueprints/Character/SkaldFactions/Undead/DualWield/Undead_DualWield_Skal_0926074825_text.ubulk" 3155
"D:/Skald_TurnBasedStrategy_Code/Content/Blueprints/Character/SkaldFactions/Undead/DualWield/Undead_DualWield_Skal_0926074825_text.uasset" 3156
"D:/Skald_TurnBasedStrategy_Code/Content/Blueprints/Character/SkaldFactions/Undead/DualWield/Undead_DualWield_Skal_0926074825_text.uexp" 3157
"D:/Skald_TurnBasedStrategy_Code/Content/Blueprints/Character/SkaldFactions/Undead/DualWield/Undead_DualWield_Skal_0926074825_texture_metallic.ubulk" 3158
"D:/Skald_TurnBasedStrategy_Code/Content/Blueprints/Character/SkaldFactions/Undead/DualWield/Undead_DualWield_Skal_0926074825_texture_metallic.uasset" 3159
"D:/Skald_TurnBasedStrategy_Code/Content/Blueprints/Character/SkaldFactions/Undead/DualWield/Undead_DualWield_Skal_0926074825_texture_metallic.uexp" 3160
"D:/Skald_TurnBasedStrategy_Code/Content/Blueprints/Character/SkaldFactions/Undead/DualWield/Undead_DualWield_Skal_0926074825_texture_normal.ubulk" 3161
"D:/Skald_TurnBasedStrategy_Code/Content/Blueprints/Character/SkaldFactions/Undead/DualWield/Undead_DualWield_Skal_0926074825_texture_normal.uasset" 3162
"D:/Skald_TurnBasedStrategy_Code/Content/Blueprints/Character/SkaldFactions/Undead/DualWield/Undead_DualWield_Skal_0926074825_texture_normal.uexp" 3163
"D:/Skald_TurnBasedStrategy_Code/Content/Blueprints/Character/SkaldFactions/Undead/DualWield/Undead_DualWield_Skal_0926074825_texture_roughness.ubulk" 3164
"D:/Skald_TurnBasedStrategy_Code/Content/Blueprints/Character/SkaldFactions/Undead/DualWield/Undead_DualWield_Skal_0926074825_texture_roughness.uasset" 3165
"D:/Skald_TurnBasedStrategy_Code/Content/Blueprints/Character/SkaldFactions/Undead/DualWield/Undead_DualWield_Skal_0926074825_texture_roughness.uexp" 3166
"D:/Skald_TurnBasedStrategy_Code/Content/Blueprints/Character/SkaldFactions/Undead/DualWield/Material_006.uasset" 3167
"D:/Skald_TurnBasedStrategy_Code/Content/Blueprints/Character/SkaldFactions/Undead/DualWield/Material_006.uexp" 3168
"D:/Skald_TurnBasedStrategy_Code/Content/Blueprints/Character/SkaldFactions/Undead/DualWield/Undead_DualWield_Skal_0926074825_texture.ubulk" 3169
"D:/Skald_TurnBasedStrategy_Code/Content/Blueprints/Character/SkaldFactions/Undead/DualWield/Undead_DualWield_Skal_0926074825_texture.uasset" 3170
"D:/Skald_TurnBasedStrategy_Code/Content/Blueprints/Character/SkaldFactions/Undead/DualWield/Undead_DualWield_Skal_0926074825_texture.uexp" 3171
"D:/Skald_TurnBasedStrategy_Code/Content/Blueprints/Character/SkaldFactions/Undead/Undead_DualWield.uasset" 3172
"D:/Skald_TurnBasedStrategy_Code/Content/Blueprints/Character/SkaldFactions/Undead/Undead_DualWield.uexp" 3173
"D:/Skald_TurnBasedStrategy_Code/Content/Blueprints/Character/SkaldFactions/Dwarves/Mage/Mystic_Dwarf_Magus_Sk_0926073656_texture_normal.ubulk" 3174
"D:/Skald_TurnBasedStrategy_Code/Content/Blueprints/Character/SkaldFactions/Dwarves/Mage/Mystic_Dwarf_Magus_Sk_0926073656_texture_normal.uasset" 3175
"D:/Skald_TurnBasedStrategy_Code/Content/Blueprints/Character/SkaldFactions/Dwarves/Mage/Mystic_Dwarf_Magus_Sk_0926073656_texture_normal.uexp" 3176
"D:/Skald_TurnBasedStrategy_Code/Content/Blueprints/Character/SkaldFactions/Dwarves/Mage/Mystic_Dwarf_Magus_Sk_0926073656_texture_metallic.ubulk" 3177
"D:/Skald_TurnBasedStrategy_Code/Content/Blueprints/Character/SkaldFactions/Dwarves/Mage/Mystic_Dwarf_Magus_Sk_0926073656_texture_metallic.uasset" 3178
"D:/Skald_TurnBasedStrategy_Code/Content/Blueprints/Character/SkaldFactions/Dwarves/Mage/Mystic_Dwarf_Magus_Sk_0926073656_texture_metallic.uexp" 3179
"D:/Skald_TurnBasedStrategy_Code/Content/Blueprints/Character/SkaldFactions/Dwarves/Mage/Mystic_Dwarf_Magus_Sk_0926073656_texture_roughness.ubulk" 3180
"D:/Skald_TurnBasedStrategy_Code/Content/Blueprints/Character/SkaldFactions/Dwarves/Mage/Mystic_Dwarf_Magus_Sk_0926073656_texture_roughness.uasset" 3181
"D:/Skald_TurnBasedStrategy_Code/Content/Blueprints/Character/SkaldFactions/Dwarves/Mage/Mystic_Dwarf_Magus_Sk_0926073656_texture_roughness.uexp" 3182
"D:/Skald_TurnBasedStrategy_Code/Content/Blueprints/Character/SkaldFactions/Dwarves/Mage/Mystic_Dwarf_Magus_Sk_0926073656_texture.ubulk" 3183
"D:/Skald_TurnBasedStrategy_Code/Content/Blueprints/Character/SkaldFactions/Dwarves/Mage/Mystic_Dwarf_Magus_Sk_0926073656_texture.uasset" 3184
"D:/Skald_TurnBasedStrategy_Code/Content/Blueprints/Character/SkaldFactions/Dwarves/Mage/Mystic_Dwarf_Magus_Sk_0926073656_texture.uexp" 3185
"D:/Skald_TurnBasedStrategy_Code/Content/Blueprints/Character/SkaldFactions/Dwarves/Mage/Material_022.uasset" 3186
"D:/Skald_TurnBasedStrategy_Code/Content/Blueprints/Character/SkaldFactions/Dwarves/Mage/Material_022.uexp" 3187
"D:/Skald_TurnBasedStrategy_Code/Content/Blueprints/Character/SkaldFactions/Dwarves/Mage/Mystic_Dwarf_Magus_Sk_0926073656.ubulk" 3188
"D:/Skald_TurnBasedStrategy_Code/Content/Blueprints/Character/SkaldFactions/Dwarves/Mage/Mystic_Dwarf_Magus_Sk_0926073656.uasset" 3189
"D:/Skald_TurnBasedStrategy_Code/Content/Blueprints/Character/SkaldFactions/Dwarves/Mage/Mystic_Dwarf_Magus_Sk_0926073656.uexp" 3190
"D:/Skald_TurnBasedStrategy_Code/Content/Blueprints/Sounds/Movement/Medieval_knight_jogg__2-1760745126512.ubulk" 3191
"D:/Skald_TurnBasedStrategy_Code/Content/Blueprints/Sounds/Movement/Medieval_knight_jogg__2-1760745126512.uasset" 3192
"D:/Skald_TurnBasedStrategy_Code/Content/Blueprints/Sounds/Movement/Medieval_knight_jogg__2-1760745126512.uexp" 3193
"D:/Skald_TurnBasedStrategy_Code/Content/Blueprints/Character/SkaldFactions/Dwarves/Dwarf_Mage.uasset" 3194
"D:/Skald_TurnBasedStrategy_Code/Content/Blueprints/Character/SkaldFactions/Dwarves/Dwarf_Mage.uexp" 3195
"D:/Skald_TurnBasedStrategy_Code/Content/Blueprints/Character/SkaldFactions/Orcs/2hAxe/Orc_2hAxe_Skald_0926074241_texture.ubulk" 3196
"D:/Skald_TurnBasedStrategy_Code/Content/Blueprints/Character/SkaldFactions/Orcs/2hAxe/Orc_2hAxe_Skald_0926074241_texture.uasset" 3197
"D:/Skald_TurnBasedStrategy_Code/Content/Blueprints/Character/SkaldFactions/Orcs/2hAxe/Orc_2hAxe_Skald_0926074241_texture.uexp" 3198
"D:/Skald_TurnBasedStrategy_Code/Content/Blueprints/Character/SkaldFactions/Orcs/2hAxe/Orc_2hAxe_Skald_0926074241_texture_normal.ubulk" 3199
"D:/Skald_TurnBasedStrategy_Code/Content/Blueprints/Character/SkaldFactions/Orcs/2hAxe/Orc_2hAxe_Skald_0926074241_texture_normal.uasset" 3200
"D:/Skald_TurnBasedStrategy_Code/Content/Blueprints/Character/SkaldFactions/Orcs/2hAxe/Orc_2hAxe_Skald_0926074241_texture_normal.uexp" 3201
"D:/Skald_TurnBasedStrategy_Code/Content/Blueprints/Character/SkaldFactions/Orcs/2hAxe/Orc_2hAxe_Skald_0926074241_texture_roughness.ubulk" 3202
"D:/Skald_TurnBasedStrategy_Code/Content/Blueprints/Character/SkaldFactions/Orcs/2hAxe/Orc_2hAxe_Skald_0926074241_texture_roughness.uasset" 3203
"D:/Skald_TurnBasedStrategy_Code/Content/Blueprints/Character/SkaldFactions/Orcs/2hAxe/Orc_2hAxe_Skald_0926074241_texture_roughness.uexp" 3204
"D:/Skald_TurnBasedStrategy_Code/Content/Blueprints/Character/SkaldFactions/Orcs/2hAxe/Orc_2hAxe_Skald_0926074241_texture_metallic.ubulk" 3205
"D:/Skald_TurnBasedStrategy_Code/Content/Blueprints/Character/SkaldFactions/Orcs/2hAxe/Orc_2hAxe_Skald_0926074241_texture_metallic.uasset" 3206
"D:/Skald_TurnBasedStrategy_Code/Content/Blueprints/Character/SkaldFactions/Orcs/2hAxe/Orc_2hAxe_Skald_0926074241_texture_metallic.uexp" 3207
"D:/Skald_TurnBasedStrategy_Code/Content/Blueprints/Character/SkaldFactions/Orcs/2hAxe/Material_018.uasset" 3208
"D:/Skald_TurnBasedStrategy_Code/Content/Blueprints/Character/SkaldFactions/Orcs/2hAxe/Material_018.uexp" 3209
"D:/Skald_TurnBasedStrategy_Code/Content/Blueprints/Character/SkaldFactions/Orcs/2hAxe/Orc_2hAxe_Skald_0926074241.ubulk" 3210
"D:/Skald_TurnBasedStrategy_Code/Content/Blueprints/Character/SkaldFactions/Orcs/2hAxe/Orc_2hAxe_Skald_0926074241.uasset" 3211
"D:/Skald_TurnBasedStrategy_Code/Content/Blueprints/Character/SkaldFactions/Orcs/2hAxe/Orc_2hAxe_Skald_0926074241.uexp" 3212
"D:/Skald_TurnBasedStrategy_Code/Content/Blueprints/Character/SkaldFactions/Orcs/Orc_2hAxe.uasset" 3213
"D:/Skald_TurnBasedStrategy_Code/Content/Blueprints/Character/SkaldFactions/Orcs/Orc_2hAxe.uexp" 3214
"D:/Skald_TurnBasedStrategy_Code/Content/Blueprints/Character/SkaldFactions/Elves/SelectionDecal/Skald_Elf_Attack_Decal.uasset" 3215
"D:/Skald_TurnBasedStrategy_Code/Content/Blueprints/Character/SkaldFactions/Elves/SelectionDecal/Skald_Elf_Attack_Decal.uexp" 3216
"D:/Skald_TurnBasedStrategy_Code/Content/Blueprints/Character/SkaldFactions/Elves/AncientEnt/Elf_AncientEnt_Skald_0926082425_texture.ubulk" 3217
"D:/Skald_TurnBasedStrategy_Code/Content/Blueprints/Character/SkaldFactions/Elves/AncientEnt/Elf_AncientEnt_Skald_0926082425_texture.uasset" 3218
"D:/Skald_TurnBasedStrategy_Code/Content/Blueprints/Character/SkaldFactions/Elves/AncientEnt/Elf_AncientEnt_Skald_0926082425_texture.uexp" 3219
"D:/Skald_TurnBasedStrategy_Code/Content/Blueprints/Character/SkaldFactions/Elves/AncientEnt/Elf_AncientEnt_Skald_0926082425_texture_metallic.ubulk" 3220
"D:/Skald_TurnBasedStrategy_Code/Content/Blueprints/Character/SkaldFactions/Elves/AncientEnt/Elf_AncientEnt_Skald_0926082425_texture_metallic.uasset" 3221
"D:/Skald_TurnBasedStrategy_Code/Content/Blueprints/Character/SkaldFactions/Elves/AncientEnt/Elf_AncientEnt_Skald_0926082425_texture_metallic.uexp" 3222
"D:/Skald_TurnBasedStrategy_Code/Content/Blueprints/Character/SkaldFactions/Elves/AncientEnt/Elf_AncientEnt_Skald_0926082425_texture_normal.ubulk" 3223
"D:/Skald_TurnBasedStrategy_Code/Content/Blueprints/Character/SkaldFactions/Elves/AncientEnt/Elf_AncientEnt_Skald_0926082425_texture_normal.uasset" 3224
"D:/Skald_TurnBasedStrategy_Code/Content/Blueprints/Character/SkaldFactions/Elves/AncientEnt/Elf_AncientEnt_Skald_0926082425_texture_normal.uexp" 3225
"D:/Skald_TurnBasedStrategy_Code/Content/Blueprints/Character/SkaldFactions/Elves/AncientEnt/Elf_AncientEnt_Skald_0926082425_texture_roughness.ubulk" 3226
"D:/Skald_TurnBasedStrategy_Code/Content/Blueprints/Character/SkaldFactions/Elves/AncientEnt/Elf_AncientEnt_Skald_0926082425_texture_roughness.uasset" 3227
"D:/Skald_TurnBasedStrategy_Code/Content/Blueprints/Character/SkaldFactions/Elves/AncientEnt/Elf_AncientEnt_Skald_0926082425_texture_roughness.uexp" 3228
"D:/Skald_TurnBasedStrategy_Code/Content/Blueprints/Character/SkaldFactions/Elves/AncientEnt/Material_003.uasset" 3229
"D:/Skald_TurnBasedStrategy_Code/Content/Blueprints/Character/SkaldFactions/Elves/AncientEnt/Material_003.uexp" 3230
"D:/Skald_TurnBasedStrategy_Code/Content/Blueprints/Character/SkaldFactions/Elves/AncientEnt/Elf_AncientEnt_Skald_0926082425.ubulk" 3231
"D:/Skald_TurnBasedStrategy_Code/Content/Blueprints/Character/SkaldFactions/Elves/AncientEnt/Elf_AncientEnt_Skald_0926082425.uasset" 3232
"D:/Skald_TurnBasedStrategy_Code/Content/Blueprints/Character/SkaldFactions/Elves/AncientEnt/Elf_AncientEnt_Skald_0926082425.uexp" 3233
"D:/Skald_TurnBasedStrategy_Code/Content/Blueprints/Character/SkaldFactions/Elves/SelectionDecal/Skald_Elf_Selection_Decal.uasset" 3234
"D:/Skald_TurnBasedStrategy_Code/Content/Blueprints/Character/SkaldFactions/Elves/SelectionDecal/Skald_Elf_Selection_Decal.uexp" 3235
"D:/Skald_TurnBasedStrategy_Code/Content/Blueprints/Character/SkaldFactions/Elves/Elf_AncientEnt.uasset" 3236
"D:/Skald_TurnBasedStrategy_Code/Content/Blueprints/Character/SkaldFactions/Elves/Elf_AncientEnt.uexp" 3237
"D:/Skald_TurnBasedStrategy_Code/Content/Blueprints/Character/SkaldFactions/Undead/SpearAndShield/Undead_SpearnShield_S_0926074817_texture_roughness.ubulk" 3238
"D:/Skald_TurnBasedStrategy_Code/Content/Blueprints/Character/SkaldFactions/Undead/SpearAndShield/Undead_SpearnShield_S_0926074817_texture_roughness.uasset" 3239
"D:/Skald_TurnBasedStrategy_Code/Content/Blueprints/Character/SkaldFactions/Undead/SpearAndShield/Undead_SpearnShield_S_0926074817_texture_roughness.uexp" 3240
"D:/Skald_TurnBasedStrategy_Code/Content/Blueprints/Character/SkaldFactions/Undead/SpearAndShield/Undead_SpearnShield_S_0926074817_texture_metallic.ubulk" 3241
"D:/Skald_TurnBasedStrategy_Code/Content/Blueprints/Character/SkaldFactions/Undead/SpearAndShield/Undead_SpearnShield_S_0926074817_texture_metallic.uasset" 3242
"D:/Skald_TurnBasedStrategy_Code/Content/Blueprints/Character/SkaldFactions/Undead/SpearAndShield/Undead_SpearnShield_S_0926074817_texture_metallic.uexp" 3243
"D:/Skald_TurnBasedStrategy_Code/Content/Blueprints/Character/SkaldFactions/Undead/SpearAndShield/Undead_SpearnShield_S_Texture.ubulk" 3244
"D:/Skald_TurnBasedStrategy_Code/Content/Blueprints/Character/SkaldFactions/Undead/SpearAndShield/Undead_SpearnShield_S_Texture.uasset" 3245
"D:/Skald_TurnBasedStrategy_Code/Content/Blueprints/Character/SkaldFactions/Undead/SpearAndShield/Undead_SpearnShield_S_Texture.uexp" 3246
"D:/Skald_TurnBasedStrategy_Code/Content/Blueprints/Character/SkaldFactions/Undead/SpearAndShield/Undead_SpearnShield_S_0926074817_texture_normal.ubulk" 3247
"D:/Skald_TurnBasedStrategy_Code/Content/Blueprints/Character/SkaldFactions/Undead/SpearAndShield/Undead_SpearnShield_S_0926074817_texture_normal.uasset" 3248
"D:/Skald_TurnBasedStrategy_Code/Content/Blueprints/Character/SkaldFactions/Undead/SpearAndShield/Undead_SpearnShield_S_0926074817_texture_normal.uexp" 3249
"D:/Skald_TurnBasedStrategy_Code/Content/Blueprints/Character/SkaldFactions/Undead/SpearAndShield/Material_002.uasset" 3250
"D:/Skald_TurnBasedStrategy_Code/Content/Blueprints/Character/SkaldFactions/Undead/SpearAndShield/Material_002.uexp" 3251
"D:/Skald_TurnBasedStrategy_Code/Content/Blueprints/Character/SkaldFactions/Undead/SpearAndShield/Undead_SpearnShield_S_0926074817_texture.ubulk" 3252
"D:/Skald_TurnBasedStrategy_Code/Content/Blueprints/Character/SkaldFactions/Undead/SpearAndShield/Undead_SpearnShield_S_0926074817_texture.uasset" 3253
"D:/Skald_TurnBasedStrategy_Code/Content/Blueprints/Character/SkaldFactions/Undead/SpearAndShield/Undead_SpearnShield_S_0926074817_texture.uexp" 3254
"D:/Skald_TurnBasedStrategy_Code/Content/Blueprints/Character/SkaldFactions/Undead/Undead_SpearAndShield.uasset" 3255
"D:/Skald_TurnBasedStrategy_Code/Content/Blueprints/Character/SkaldFactions/Undead/Undead_SpearAndShield.uexp" 3256
"D:/Skald_TurnBasedStrategy_Code/Content/Blueprints/Character/SkaldFactions/Humans/SpearnShield/HumanKnight_SpearnShi_0926074638_texture.ubulk" 3257
"D:/Skald_TurnBasedStrategy_Code/Content/Blueprints/Character/SkaldFactions/Humans/SpearnShield/HumanKnight_SpearnShi_0926074638_texture.uasset" 3258
"D:/Skald_TurnBasedStrategy_Code/Content/Blueprints/Character/SkaldFactions/Humans/SpearnShield/HumanKnight_SpearnShi_0926074638_texture.uexp" 3259
"D:/Skald_TurnBasedStrategy_Code/Content/Blueprints/Character/SkaldFactions/Humans/SpearnShield/HumanKnight_SpearnShi_0926074638_texture_metallic.ubulk" 3260
"D:/Skald_TurnBasedStrategy_Code/Content/Blueprints/Character/SkaldFactions/Humans/SpearnShield/HumanKnight_SpearnShi_0926074638_texture_metallic.uasset" 3261
"D:/Skald_TurnBasedStrategy_Code/Content/Blueprints/Character/SkaldFactions/Humans/SpearnShield/HumanKnight_SpearnShi_0926074638_texture_metallic.uexp" 3262
"D:/Skald_TurnBasedStrategy_Code/Content/Blueprints/Character/SkaldFactions/Humans/SpearnShield/HumanKnight_SpearnShi_0926074638_texture_roughness.ubulk" 3263
"D:/Skald_TurnBasedStrategy_Code/Content/Blueprints/Character/SkaldFactions/Humans/SpearnShield/HumanKnight_SpearnShi_0926074638_texture_roughness.uasset" 3264
"D:/Skald_TurnBasedStrategy_Code/Content/Blueprints/Character/SkaldFactions/Humans/SpearnShield/HumanKnight_SpearnShi_0926074638_texture_roughness.uexp" 3265
"D:/Skald_TurnBasedStrategy_Code/Content/Blueprints/Character/SkaldFactions/Humans/SpearnShield/HumanKnight_SpearnShi_0926074638_texture_normal.ubulk" 3266
"D:/Skald_TurnBasedStrategy_Code/Content/Blueprints/Character/SkaldFactions/Humans/SpearnShield/HumanKnight_SpearnShi_0926074638_texture_normal.uasset" 3267
"D:/Skald_TurnBasedStrategy_Code/Content/Blueprints/Character/SkaldFactions/Humans/SpearnShield/HumanKnight_SpearnShi_0926074638_texture_normal.uexp" 3268
"D:/Skald_TurnBasedStrategy_Code/Content/Blueprints/Character/SkaldFactions/Humans/SpearnShield/Material_021.uasset" 3269
"D:/Skald_TurnBasedStrategy_Code/Content/Blueprints/Character/SkaldFactions/Humans/SpearnShield/Material_021.uexp" 3270
"D:/Skald_TurnBasedStrategy_Code/Content/Blueprints/Character/SkaldFactions/Humans/SpearnShield/HumanKnight_SpearnShi.ubulk" 3271
"D:/Skald_TurnBasedStrategy_Code/Content/Blueprints/Character/SkaldFactions/Humans/SpearnShield/HumanKnight_SpearnShi.uasset" 3272
"D:/Skald_TurnBasedStrategy_Code/Content/Blueprints/Character/SkaldFactions/Humans/SpearnShield/HumanKnight_SpearnShi.uexp" 3273
"D:/Skald_TurnBasedStrategy_Code/Content/Blueprints/Character/SkaldFactions/Humans/Human_SpearandShield.uasset" 3274
"D:/Skald_TurnBasedStrategy_Code/Content/Blueprints/Character/SkaldFactions/Humans/Human_SpearandShield.uexp" 3275
"D:/Skald_TurnBasedStrategy_Code/Content/Blueprints/Character/SkaldFactions/Ironlegion/DualWield/IronLegion_DualWield__0927220733_texture_metallic.ubulk" 3276
"D:/Skald_TurnBasedStrategy_Code/Content/Blueprints/Character/SkaldFactions/Ironlegion/DualWield/IronLegion_DualWield__0927220733_texture_metallic.uasset" 3277
"D:/Skald_TurnBasedStrategy_Code/Content/Blueprints/Character/SkaldFactions/Ironlegion/DualWield/IronLegion_DualWield__0927220733_texture_metallic.uexp" 3278
"D:/Skald_TurnBasedStrategy_Code/Content/Blueprints/Character/SkaldFactions/Ironlegion/DualWield/IronLegion_DualWield__0927220733_texture.ubulk" 3279
"D:/Skald_TurnBasedStrategy_Code/Content/Blueprints/Character/SkaldFactions/Ironlegion/DualWield/IronLegion_DualWield__0927220733_texture.uasset" 3280
"D:/Skald_TurnBasedStrategy_Code/Content/Blueprints/Character/SkaldFactions/Ironlegion/DualWield/IronLegion_DualWield__0927220733_texture.uexp" 3281
"D:/Skald_TurnBasedStrategy_Code/Content/Blueprints/Character/SkaldFactions/Ironlegion/DualWield/IronLegion_DualWield__0927220733_texture_normal.ubulk" 3282
"D:/Skald_TurnBasedStrategy_Code/Content/Blueprints/Character/SkaldFactions/Ironlegion/DualWield/IronLegion_DualWield__0927220733_texture_normal.uasset" 3283
"D:/Skald_TurnBasedStrategy_Code/Content/Blueprints/Character/SkaldFactions/Ironlegion/DualWield/IronLegion_DualWield__0927220733_texture_normal.uexp" 3284
"D:/Skald_TurnBasedStrategy_Code/Content/Blueprints/Character/SkaldFactions/Ironlegion/DualWield/IronLegion_DualWield__0927220733_texture_roughness.ubulk" 3285
"D:/Skald_TurnBasedStrategy_Code/Content/Blueprints/Character/SkaldFactions/Ironlegion/DualWield/IronLegion_DualWield__0927220733_texture_roughness.uasset" 3286
"D:/Skald_TurnBasedStrategy_Code/Content/Blueprints/Character/SkaldFactions/Ironlegion/DualWield/IronLegion_DualWield__0927220733_texture_roughness.uexp" 3287
"D:/Skald_TurnBasedStrategy_Code/Content/Blueprints/Character/SkaldFactions/Ironlegion/DualWield/Material_004.uasset" 3288
"D:/Skald_TurnBasedStrategy_Code/Content/Blueprints/Character/SkaldFactions/Ironlegion/DualWield/Material_004.uexp" 3289
"D:/Skald_TurnBasedStrategy_Code/Content/Blueprints/Character/SkaldFactions/Ironlegion/DualWield/IronLegion_DualWield__0927220733.ubulk" 3290
"D:/Skald_TurnBasedStrategy_Code/Content/Blueprints/Character/SkaldFactions/Ironlegion/DualWield/IronLegion_DualWield__0927220733.uasset" 3291
"D:/Skald_TurnBasedStrategy_Code/Content/Blueprints/Character/SkaldFactions/Ironlegion/DualWield/IronLegion_DualWield__0927220733.uexp" 3292
"D:/Skald_TurnBasedStrategy_Code/Content/Blueprints/Character/SkaldFactions/Ironlegion/IronLegion_DualWield.uasset" 3293
"D:/Skald_TurnBasedStrategy_Code/Content/Blueprints/Character/SkaldFactions/Ironlegion/IronLegion_DualWield.uexp" 3294
"D:/Skald_TurnBasedStrategy_Code/Content/Blueprints/Character/SkaldFactions/Dwarves/AxeAndShield/Dwarf_AxenShield_Skal_0926073405_texture_metallic.ubulk" 3295
"D:/Skald_TurnBasedStrategy_Code/Content/Blueprints/Character/SkaldFactions/Dwarves/AxeAndShield/Dwarf_AxenShield_Skal_0926073405_texture_metallic.uasset" 3296
"D:/Skald_TurnBasedStrategy_Code/Content/Blueprints/Character/SkaldFactions/Dwarves/AxeAndShield/Dwarf_AxenShield_Skal_0926073405_texture_metallic.uexp" 3297
"D:/Skald_TurnBasedStrategy_Code/Content/Blueprints/Character/SkaldFactions/Dwarves/AxeAndShield/Dwarf_AxenShield_Skal_0926073405_texture_normal.ubulk" 3298
"D:/Skald_TurnBasedStrategy_Code/Content/Blueprints/Character/SkaldFactions/Dwarves/AxeAndShield/Dwarf_AxenShield_Skal_0926073405_texture_normal.uasset" 3299
"D:/Skald_TurnBasedStrategy_Code/Content/Blueprints/Character/SkaldFactions/Dwarves/AxeAndShield/Dwarf_AxenShield_Skal_0926073405_texture_normal.uexp" 3300
"D:/Skald_TurnBasedStrategy_Code/Content/Blueprints/Character/SkaldFactions/Dwarves/AxeAndShield/Dwarf_AxenShield_Skal_0926073405_texture_roughness.ubulk" 3301
"D:/Skald_TurnBasedStrategy_Code/Content/Blueprints/Character/SkaldFactions/Dwarves/AxeAndShield/Dwarf_AxenShield_Skal_0926073405_texture_roughness.uasset" 3302
"D:/Skald_TurnBasedStrategy_Code/Content/Blueprints/Character/SkaldFactions/Dwarves/AxeAndShield/Dwarf_AxenShield_Skal_0926073405_texture_roughness.uexp" 3303
"D:/Skald_TurnBasedStrategy_Code/Content/Blueprints/Character/SkaldFactions/Dwarves/AxeAndShield/Dwarf_AxenShield_Skal_0926073405_texture.ubulk" 3304
"D:/Skald_TurnBasedStrategy_Code/Content/Blueprints/Character/SkaldFactions/Dwarves/AxeAndShield/Dwarf_AxenShield_Skal_0926073405_texture.uasset" 3305
"D:/Skald_TurnBasedStrategy_Code/Content/Blueprints/Character/SkaldFactions/Dwarves/AxeAndShield/Dwarf_AxenShield_Skal_0926073405_texture.uexp" 3306
"D:/Skald_TurnBasedStrategy_Code/Content/Blueprints/Character/SkaldFactions/Dwarves/AxeAndShield/Material_014.uasset" 3307
"D:/Skald_TurnBasedStrategy_Code/Content/Blueprints/Character/SkaldFactions/Dwarves/AxeAndShield/Material_014.uexp" 3308
"D:/Skald_TurnBasedStrategy_Code/Content/Blueprints/Character/SkaldFactions/Dwarves/AxeAndShield/Dwarf_AxenShield_Skal_0926073405.ubulk" 3309
"D:/Skald_TurnBasedStrategy_Code/Content/Blueprints/Character/SkaldFactions/Dwarves/AxeAndShield/Dwarf_AxenShield_Skal_0926073405.uasset" 3310
"D:/Skald_TurnBasedStrategy_Code/Content/Blueprints/Character/SkaldFactions/Dwarves/AxeAndShield/Dwarf_AxenShield_Skal_0926073405.uexp" 3311
"D:/Skald_TurnBasedStrategy_Code/Content/Blueprints/Character/SkaldFactions/Dwarves/Dwarf_ShieldandAxe.uasset" 3312
"D:/Skald_TurnBasedStrategy_Code/Content/Blueprints/Character/SkaldFactions/Dwarves/Dwarf_ShieldandAxe.uexp" 3313
"D:/Skald_TurnBasedStrategy_Code/Content/Blueprints/Character/SkaldFactions/Dwarves/MountedShield/Dwarf_MountedAxenShie_0926073745_texture_normal.ubulk" 3314
"D:/Skald_TurnBasedStrategy_Code/Content/Blueprints/Character/SkaldFactions/Dwarves/MountedShield/Dwarf_MountedAxenShie_0926073745_texture_normal.uasset" 3315
"D:/Skald_TurnBasedStrategy_Code/Content/Blueprints/Character/SkaldFactions/Dwarves/MountedShield/Dwarf_MountedAxenShie_0926073745_texture_normal.uexp" 3316
"D:/Skald_TurnBasedStrategy_Code/Content/Blueprints/Character/SkaldFactions/Dwarves/MountedShield/Dwarf_MountedAxenShie_0926073745_texture.ubulk" 3317
"D:/Skald_TurnBasedStrategy_Code/Content/Blueprints/Character/SkaldFactions/Dwarves/MountedShield/Dwarf_MountedAxenShie_0926073745_texture.uasset" 3318
"D:/Skald_TurnBasedStrategy_Code/Content/Blueprints/Character/SkaldFactions/Dwarves/MountedShield/Dwarf_MountedAxenShie_0926073745_texture.uexp" 3319
"D:/Skald_TurnBasedStrategy_Code/Content/Blueprints/Character/SkaldFactions/Dwarves/MountedShield/Dwarf_MountedAxenShie_0926073745_texture_roughness.ubulk" 3320
"D:/Skald_TurnBasedStrategy_Code/Content/Blueprints/Character/SkaldFactions/Dwarves/MountedShield/Dwarf_MountedAxenShie_0926073745_texture_roughness.uasset" 3321
"D:/Skald_TurnBasedStrategy_Code/Content/Blueprints/Character/SkaldFactions/Dwarves/MountedShield/Dwarf_MountedAxenShie_0926073745_texture_roughness.uexp" 3322
"D:/Skald_TurnBasedStrategy_Code/Content/Blueprints/Character/SkaldFactions/Dwarves/MountedShield/Dwarf_MountedAxenShie_0926073745_texture_metallic.ubulk" 3323
"D:/Skald_TurnBasedStrategy_Code/Content/Blueprints/Character/SkaldFactions/Dwarves/MountedShield/Dwarf_MountedAxenShie_0926073745_texture_metallic.uasset" 3324
"D:/Skald_TurnBasedStrategy_Code/Content/Blueprints/Character/SkaldFactions/Dwarves/MountedShield/Dwarf_MountedAxenShie_0926073745_texture_metallic.uexp" 3325
"D:/Skald_TurnBasedStrategy_Code/Content/Blueprints/Character/SkaldFactions/Dwarves/MountedShield/Material_019.uasset" 3326
"D:/Skald_TurnBasedStrategy_Code/Content/Blueprints/Character/SkaldFactions/Dwarves/MountedShield/Material_019.uexp" 3327
"D:/Skald_TurnBasedStrategy_Code/Content/Blueprints/Character/SkaldFactions/Dwarves/MountedShield/Dwarf_MountedAxenShie_09260.ubulk" 3328
"D:/Skald_TurnBasedStrategy_Code/Content/Blueprints/Character/SkaldFactions/Dwarves/MountedShield/Dwarf_MountedAxenShie_09260.uasset" 3329
"D:/Skald_TurnBasedStrategy_Code/Content/Blueprints/Character/SkaldFactions/Dwarves/MountedShield/Dwarf_MountedAxenShie_09260.uexp" 3330
"D:/Skald_TurnBasedStrategy_Code/Content/Blueprints/Character/SkaldFactions/Dwarves/Dwarf_MountedShield.uasset" 3331
"D:/Skald_TurnBasedStrategy_Code/Content/Blueprints/Character/SkaldFactions/Dwarves/Dwarf_MountedShield.uexp" 3332
"D:/Skald_TurnBasedStrategy_Code/Content/Blueprints/Character/SkaldFactions/ToadFolk/ClubAndShield/Skald_ToadFolk_1hClub_0926075017_texture_metallic.ubulk" 3333
"D:/Skald_TurnBasedStrategy_Code/Content/Blueprints/Character/SkaldFactions/ToadFolk/ClubAndShield/Skald_ToadFolk_1hClub_0926075017_texture_metallic.uasset" 3334
"D:/Skald_TurnBasedStrategy_Code/Content/Blueprints/Character/SkaldFactions/ToadFolk/ClubAndShield/Skald_ToadFolk_1hClub_0926075017_texture_metallic.uexp" 3335
"D:/Skald_TurnBasedStrategy_Code/Content/Blueprints/Character/SkaldFactions/ToadFolk/ClubAndShield/Skald_ToadFolk_1hClub_0926075017_texture_roughness.ubulk" 3336
"D:/Skald_TurnBasedStrategy_Code/Content/Blueprints/Character/SkaldFactions/ToadFolk/ClubAndShield/Skald_ToadFolk_1hClub_0926075017_texture_roughness.uasset" 3337
"D:/Skald_TurnBasedStrategy_Code/Content/Blueprints/Character/SkaldFactions/ToadFolk/ClubAndShield/Skald_ToadFolk_1hClub_0926075017_texture_roughness.uexp" 3338
"D:/Skald_TurnBasedStrategy_Code/Content/Blueprints/Character/SkaldFactions/ToadFolk/ClubAndShield/Skald_ToadFolk_1hClub_0926075017_texture_normal.ubulk" 3339
"D:/Skald_TurnBasedStrategy_Code/Content/Blueprints/Character/SkaldFactions/ToadFolk/ClubAndShield/Skald_ToadFolk_1hClub_0926075017_texture_normal.uasset" 3340
"D:/Skald_TurnBasedStrategy_Code/Content/Blueprints/Character/SkaldFactions/ToadFolk/ClubAndShield/Skald_ToadFolk_1hClub_0926075017_texture_normal.uexp" 3341
"D:/Skald_TurnBasedStrategy_Code/Content/Blueprints/Character/SkaldFactions/ToadFolk/ClubAndShield/Skald_ToadFolk_1hClub_0926075017_texture.ubulk" 3342
"D:/Skald_TurnBasedStrategy_Code/Content/Blueprints/Character/SkaldFactions/ToadFolk/ClubAndShield/Skald_ToadFolk_1hClub_0926075017_texture.uasset" 3343
"D:/Skald_TurnBasedStrategy_Code/Content/Blueprints/Character/SkaldFactions/ToadFolk/ClubAndShield/Skald_ToadFolk_1hClub_0926075017_texture.uexp" 3344
"D:/Skald_TurnBasedStrategy_Code/Content/Blueprints/Character/SkaldFactions/ToadFolk/ClubAndShield/Material_013.uasset" 3345
"D:/Skald_TurnBasedStrategy_Code/Content/Blueprints/Character/SkaldFactions/ToadFolk/ClubAndShield/Material_013.uexp" 3346
"D:/Skald_TurnBasedStrategy_Code/Content/Blueprints/Character/SkaldFactions/ToadFolk/ClubAndShield/Skald_ToadFolk_1hClub_0926075017.ubulk" 3347
"D:/Skald_TurnBasedStrategy_Code/Content/Blueprints/Character/SkaldFactions/ToadFolk/ClubAndShield/Skald_ToadFolk_1hClub_0926075017.uasset" 3348
"D:/Skald_TurnBasedStrategy_Code/Content/Blueprints/Character/SkaldFactions/ToadFolk/ClubAndShield/Skald_ToadFolk_1hClub_0926075017.uexp" 3349
"D:/Skald_TurnBasedStrategy_Code/Content/Blueprints/Character/SkaldFactions/ToadFolk/FrogFolk_ClubAndShield.uasset" 3350
"D:/Skald_TurnBasedStrategy_Code/Content/Blueprints/Character/SkaldFactions/ToadFolk/FrogFolk_ClubAndShield.uexp" 3351
"D:/Skald_TurnBasedStrategy_Code/Content/Blueprints/Character/SkaldFactions/Undead/Mage/Lich_Homm_NewAge_0926074913_texture_roughness.ubulk" 3352
"D:/Skald_TurnBasedStrategy_Code/Content/Blueprints/Character/SkaldFactions/Undead/Mage/Lich_Homm_NewAge_0926074913_texture_roughness.uasset" 3353
"D:/Skald_TurnBasedStrategy_Code/Content/Blueprints/Character/SkaldFactions/Undead/Mage/Lich_Homm_NewAge_0926074913_texture_roughness.uexp" 3354
"D:/Skald_TurnBasedStrategy_Code/Content/Blueprints/Character/SkaldFactions/Undead/Mage/Lich_Homm_NewAge_0926074913_texture.ubulk" 3355
"D:/Skald_TurnBasedStrategy_Code/Content/Blueprints/Character/SkaldFactions/Undead/Mage/Lich_Homm_NewAge_0926074913_texture.uasset" 3356
"D:/Skald_TurnBasedStrategy_Code/Content/Blueprints/Character/SkaldFactions/Undead/Mage/Lich_Homm_NewAge_0926074913_texture.uexp" 3357
"D:/Skald_TurnBasedStrategy_Code/Content/Blueprints/Character/SkaldFactions/Undead/Mage/Lich_Homm_NewAge_0926074913_texture_normal.ubulk" 3358
"D:/Skald_TurnBasedStrategy_Code/Content/Blueprints/Character/SkaldFactions/Undead/Mage/Lich_Homm_NewAge_0926074913_texture_normal.uasset" 3359
"D:/Skald_TurnBasedStrategy_Code/Content/Blueprints/Character/SkaldFactions/Undead/Mage/Lich_Homm_NewAge_0926074913_texture_normal.uexp" 3360
"D:/Skald_TurnBasedStrategy_Code/Content/Blueprints/Character/SkaldFactions/Undead/Mage/Lich_Homm_NewAge_0926074913_texture_metallic.ubulk" 3361
"D:/Skald_TurnBasedStrategy_Code/Content/Blueprints/Character/SkaldFactions/Undead/Mage/Lich_Homm_NewAge_0926074913_texture_metallic.uasset" 3362
"D:/Skald_TurnBasedStrategy_Code/Content/Blueprints/Character/SkaldFactions/Undead/Mage/Lich_Homm_NewAge_0926074913_texture_metallic.uexp" 3363
"D:/Skald_TurnBasedStrategy_Code/Content/Blueprints/Character/SkaldFactions/Undead/Mage/Material_011.uasset" 3364
"D:/Skald_TurnBasedStrategy_Code/Content/Blueprints/Character/SkaldFactions/Undead/Mage/Material_011.uexp" 3365
"D:/Skald_TurnBasedStrategy_Code/Content/Blueprints/Character/SkaldFactions/Undead/Mage/Undead_Mage.ubulk" 3366
"D:/Skald_TurnBasedStrategy_Code/Content/Blueprints/Character/SkaldFactions/Undead/Mage/Undead_Mage.uasset" 3367
"D:/Skald_TurnBasedStrategy_Code/Content/Blueprints/Character/SkaldFactions/Undead/Mage/Undead_Mage.uexp" 3368
"D:/Skald_TurnBasedStrategy_Code/Content/Blueprints/Character/SkaldFactions/Undead/Undead_Mage.uasset" 3369
"D:/Skald_TurnBasedStrategy_Code/Content/Blueprints/Character/SkaldFactions/Undead/Undead_Mage.uexp" 3370
"D:/Skald_TurnBasedStrategy_Code/Content/Blueprints/Character/SkaldFactions/Dwarves/2hAxe/Dwarf_2hAxe_Skald_0926073606_texture.ubulk" 3371
"D:/Skald_TurnBasedStrategy_Code/Content/Blueprints/Character/SkaldFactions/Dwarves/2hAxe/Dwarf_2hAxe_Skald_0926073606_texture.uasset" 3372
"D:/Skald_TurnBasedStrategy_Code/Content/Blueprints/Character/SkaldFactions/Dwarves/2hAxe/Dwarf_2hAxe_Skald_0926073606_texture.uexp" 3373
"D:/Skald_TurnBasedStrategy_Code/Content/Blueprints/Character/SkaldFactions/Dwarves/2hAxe/Dwarf_2hAxe_Skald_0926073606_texture_roughness.ubulk" 3374
"D:/Skald_TurnBasedStrategy_Code/Content/Blueprints/Character/SkaldFactions/Dwarves/2hAxe/Dwarf_2hAxe_Skald_0926073606_texture_roughness.uasset" 3375
"D:/Skald_TurnBasedStrategy_Code/Content/Blueprints/Character/SkaldFactions/Dwarves/2hAxe/Dwarf_2hAxe_Skald_0926073606_texture_roughness.uexp" 3376
"D:/Skald_TurnBasedStrategy_Code/Content/Blueprints/Character/SkaldFactions/Dwarves/2hAxe/Dwarf_2hAxe_Skald_0926073606_texture_metallic.ubulk" 3377
"D:/Skald_TurnBasedStrategy_Code/Content/Blueprints/Character/SkaldFactions/Dwarves/2hAxe/Dwarf_2hAxe_Skald_0926073606_texture_metallic.uasset" 3378
"D:/Skald_TurnBasedStrategy_Code/Content/Blueprints/Character/SkaldFactions/Dwarves/2hAxe/Dwarf_2hAxe_Skald_0926073606_texture_metallic.uexp" 3379
"D:/Skald_TurnBasedStrategy_Code/Content/Blueprints/Character/SkaldFactions/Dwarves/2hAxe/Dwarf_2hAxe_Skald_0926073606_texture_normal.ubulk" 3380
"D:/Skald_TurnBasedStrategy_Code/Content/Blueprints/Character/SkaldFactions/Dwarves/2hAxe/Dwarf_2hAxe_Skald_0926073606_texture_normal.uasset" 3381
"D:/Skald_TurnBasedStrategy_Code/Content/Blueprints/Character/SkaldFactions/Dwarves/2hAxe/Dwarf_2hAxe_Skald_0926073606_texture_normal.uexp" 3382
"D:/Skald_TurnBasedStrategy_Code/Content/Blueprints/Character/SkaldFactions/Dwarves/2hAxe/Material_012.uasset" 3383
"D:/Skald_TurnBasedStrategy_Code/Content/Blueprints/Character/SkaldFactions/Dwarves/2hAxe/Material_012.uexp" 3384
"D:/Skald_TurnBasedStrategy_Code/Content/Blueprints/Character/SkaldFactions/Dwarves/2hAxe/Dwarf_2hAxe_Skald_0926073606.ubulk" 3385
"D:/Skald_TurnBasedStrategy_Code/Content/Blueprints/Character/SkaldFactions/Dwarves/2hAxe/Dwarf_2hAxe_Skald_0926073606.uasset" 3386
"D:/Skald_TurnBasedStrategy_Code/Content/Blueprints/Character/SkaldFactions/Dwarves/2hAxe/Dwarf_2hAxe_Skald_0926073606.uexp" 3387
"D:/Skald_TurnBasedStrategy_Code/Content/Blueprints/Character/SkaldFactions/Dwarves/Dwarf_2hAxe.uasset" 3388
"D:/Skald_TurnBasedStrategy_Code/Content/Blueprints/Character/SkaldFactions/Dwarves/Dwarf_2hAxe.uexp" 3389
"D:/Skald_TurnBasedStrategy_Code/Content/Blueprints/Sounds/Movement/Giant_bird_wings_fla__2-1760757064352.ubulk" 3390
"D:/Skald_TurnBasedStrategy_Code/Content/Blueprints/Sounds/Movement/Giant_bird_wings_fla__2-1760757064352.uasset" 3391
"D:/Skald_TurnBasedStrategy_Code/Content/Blueprints/Sounds/Movement/Giant_bird_wings_fla__2-1760757064352.uexp" 3392
"D:/Skald_TurnBasedStrategy_Code/Content/Blueprints/Character/SkaldFactions/Humans/Griffon/HumanKnight_Griffon_0926074751_texture_metallic.ubulk" 3393
"D:/Skald_TurnBasedStrategy_Code/Content/Blueprints/Character/SkaldFactions/Humans/Griffon/HumanKnight_Griffon_0926074751_texture_metallic.uasset" 3394
"D:/Skald_TurnBasedStrategy_Code/Content/Blueprints/Character/SkaldFactions/Humans/Griffon/HumanKnight_Griffon_0926074751_texture_metallic.uexp" 3395
"D:/Skald_TurnBasedStrategy_Code/Content/Blueprints/Character/SkaldFactions/Humans/Griffon/HumanKnight_Griffon_0926074751_texture_normal.ubulk" 3396
"D:/Skald_TurnBasedStrategy_Code/Content/Blueprints/Character/SkaldFactions/Humans/Griffon/HumanKnight_Griffon_0926074751_texture_normal.uasset" 3397
"D:/Skald_TurnBasedStrategy_Code/Content/Blueprints/Character/SkaldFactions/Humans/Griffon/HumanKnight_Griffon_0926074751_texture_normal.uexp" 3398
"D:/Skald_TurnBasedStrategy_Code/Content/Blueprints/Character/SkaldFactions/Humans/Griffon/HumanKnight_Griffon_0926074751_texture_roughness.ubulk" 3399
"D:/Skald_TurnBasedStrategy_Code/Content/Blueprints/Character/SkaldFactions/Humans/Griffon/HumanKnight_Griffon_0926074751_texture_roughness.uasset" 3400
"D:/Skald_TurnBasedStrategy_Code/Content/Blueprints/Character/SkaldFactions/Humans/Griffon/HumanKnight_Griffon_0926074751_texture_roughness.uexp" 3401
"D:/Skald_TurnBasedStrategy_Code/Content/Blueprints/Character/SkaldFactions/Humans/Griffon/HumanKnight_Griffon_0926074751_texture.ubulk" 3402
"D:/Skald_TurnBasedStrategy_Code/Content/Blueprints/Character/SkaldFactions/Humans/Griffon/HumanKnight_Griffon_0926074751_texture.uasset" 3403
"D:/Skald_TurnBasedStrategy_Code/Content/Blueprints/Character/SkaldFactions/Humans/Griffon/HumanKnight_Griffon_0926074751_texture.uexp" 3404
"D:/Skald_TurnBasedStrategy_Code/Content/Blueprints/Character/SkaldFactions/Humans/Griffon/Material_023.uasset" 3405
"D:/Skald_TurnBasedStrategy_Code/Content/Blueprints/Character/SkaldFactions/Humans/Griffon/Material_023.uexp" 3406
"D:/Skald_TurnBasedStrategy_Code/Content/Blueprints/Character/SkaldFactions/Humans/Griffon/HumanKnight_Griffon_092607.ubulk" 3407
"D:/Skald_TurnBasedStrategy_Code/Content/Blueprints/Character/SkaldFactions/Humans/Griffon/HumanKnight_Griffon_092607.uasset" 3408
"D:/Skald_TurnBasedStrategy_Code/Content/Blueprints/Character/SkaldFactions/Humans/Griffon/HumanKnight_Griffon_092607.uexp" 3409
"D:/Skald_TurnBasedStrategy_Code/Content/Blueprints/Character/SkaldFactions/Humans/Human_ArmoredGriffon.uasset" 3410
"D:/Skald_TurnBasedStrategy_Code/Content/Blueprints/Character/SkaldFactions/Humans/Human_ArmoredGriffon.uexp" 3411
"D:/Skald_TurnBasedStrategy_Code/Content/Blueprints/Character/SkaldFactions/Ironlegion/Mage/IronLegion_Mage_Skald_0927220940_texture_normal.ubulk" 3412
"D:/Skald_TurnBasedStrategy_Code/Content/Blueprints/Character/SkaldFactions/Ironlegion/Mage/IronLegion_Mage_Skald_0927220940_texture_normal.uasset" 3413
"D:/Skald_TurnBasedStrategy_Code/Content/Blueprints/Character/SkaldFactions/Ironlegion/Mage/IronLegion_Mage_Skald_0927220940_texture_normal.uexp" 3414
"D:/Skald_TurnBasedStrategy_Code/Content/Blueprints/Character/SkaldFactions/Ironlegion/Mage/IronLegion_Mage_Skald_0927220940_texture.ubulk" 3415
"D:/Skald_TurnBasedStrategy_Code/Content/Blueprints/Character/SkaldFactions/Ironlegion/Mage/IronLegion_Mage_Skald_0927220940_texture.uasset" 3416
"D:/Skald_TurnBasedStrategy_Code/Content/Blueprints/Character/SkaldFactions/Ironlegion/Mage/IronLegion_Mage_Skald_0927220940_texture.uexp" 3417
"D:/Skald_TurnBasedStrategy_Code/Content/Blueprints/Character/SkaldFactions/Ironlegion/Mage/IronLegion_Mage_Skald_0927220940_texture_metallic.ubulk" 3418
"D:/Skald_TurnBasedStrategy_Code/Content/Blueprints/Character/SkaldFactions/Ironlegion/Mage/IronLegion_Mage_Skald_0927220940_texture_metallic.uasset" 3419
"D:/Skald_TurnBasedStrategy_Code/Content/Blueprints/Character/SkaldFactions/Ironlegion/Mage/IronLegion_Mage_Skald_0927220940_texture_metallic.uexp" 3420
"D:/Skald_TurnBasedStrategy_Code/Content/Blueprints/Character/SkaldFactions/Ironlegion/Mage/IronLegion_Mage_Skald_0927220940_texture_roughness.ubulk" 3421
"D:/Skald_TurnBasedStrategy_Code/Content/Blueprints/Character/SkaldFactions/Ironlegion/Mage/IronLegion_Mage_Skald_0927220940_texture_roughness.uasset" 3422
"D:/Skald_TurnBasedStrategy_Code/Content/Blueprints/Character/SkaldFactions/Ironlegion/Mage/IronLegion_Mage_Skald_0927220940_texture_roughness.uexp" 3423
"D:/Skald_TurnBasedStrategy_Code/Content/Blueprints/Character/SkaldFactions/Ironlegion/Mage/Material_006.uasset" 3424
"D:/Skald_TurnBasedStrategy_Code/Content/Blueprints/Character/SkaldFactions/Ironlegion/Mage/Material_006.uexp" 3425
"D:/Skald_TurnBasedStrategy_Code/Content/Blueprints/Character/SkaldFactions/Ironlegion/Mage/IronLegion_Mage_Skald_0927220940.ubulk" 3426
"D:/Skald_TurnBasedStrategy_Code/Content/Blueprints/Character/SkaldFactions/Ironlegion/Mage/IronLegion_Mage_Skald_0927220940.uasset" 3427
"D:/Skald_TurnBasedStrategy_Code/Content/Blueprints/Character/SkaldFactions/Ironlegion/Mage/IronLegion_Mage_Skald_0927220940.uexp" 3428
"D:/Skald_TurnBasedStrategy_Code/Content/Blueprints/Character/SkaldFactions/Ironlegion/IronLegion_Mage.uasset" 3429
"D:/Skald_TurnBasedStrategy_Code/Content/Blueprints/Character/SkaldFactions/Ironlegion/IronLegion_Mage.uexp" 3430
"D:/Skald_TurnBasedStrategy_Code/Content/Blueprints/Character/SkaldFactions/Gnolls/AxenShield/Gnoll_AxenShield_Skal_0926075631_texture_roughness.ubulk" 3431
"D:/Skald_TurnBasedStrategy_Code/Content/Blueprints/Character/SkaldFactions/Gnolls/AxenShield/Gnoll_AxenShield_Skal_0926075631_texture_roughness.uasset" 3432
"D:/Skald_TurnBasedStrategy_Code/Content/Blueprints/Character/SkaldFactions/Gnolls/AxenShield/Gnoll_AxenShield_Skal_0926075631_texture_roughness.uexp" 3433
"D:/Skald_TurnBasedStrategy_Code/Content/Blueprints/Character/SkaldFactions/Gnolls/AxenShield/Gnoll_AxenShield_Skal_0926075631_texture_metallic.ubulk" 3434
"D:/Skald_TurnBasedStrategy_Code/Content/Blueprints/Character/SkaldFactions/Gnolls/AxenShield/Gnoll_AxenShield_Skal_0926075631_texture_metallic.uasset" 3435
"D:/Skald_TurnBasedStrategy_Code/Content/Blueprints/Character/SkaldFactions/Gnolls/AxenShield/Gnoll_AxenShield_Skal_0926075631_texture_metallic.uexp" 3436
"D:/Skald_TurnBasedStrategy_Code/Content/Blueprints/Character/SkaldFactions/Gnolls/AxenShield/Gnoll_AxenShield_Skal_0926075631_texture_normal.ubulk" 3437
"D:/Skald_TurnBasedStrategy_Code/Content/Blueprints/Character/SkaldFactions/Gnolls/AxenShield/Gnoll_AxenShield_Skal_0926075631_texture_normal.uasset" 3438
"D:/Skald_TurnBasedStrategy_Code/Content/Blueprints/Character/SkaldFactions/Gnolls/AxenShield/Gnoll_AxenShield_Skal_0926075631_texture_normal.uexp" 3439
"D:/Skald_TurnBasedStrategy_Code/Content/Blueprints/Character/SkaldFactions/Gnolls/AxenShield/Gnoll_AxenShield_Skal_0926075631_texture.ubulk" 3440
"D:/Skald_TurnBasedStrategy_Code/Content/Blueprints/Character/SkaldFactions/Gnolls/AxenShield/Gnoll_AxenShield_Skal_0926075631_texture.uasset" 3441
"D:/Skald_TurnBasedStrategy_Code/Content/Blueprints/Character/SkaldFactions/Gnolls/AxenShield/Gnoll_AxenShield_Skal_0926075631_texture.uexp" 3442
"D:/Skald_TurnBasedStrategy_Code/Content/Blueprints/Character/SkaldFactions/Gnolls/AxenShield/Material_003.uasset" 3443
"D:/Skald_TurnBasedStrategy_Code/Content/Blueprints/Character/SkaldFactions/Gnolls/AxenShield/Material_003.uexp" 3444
"D:/Skald_TurnBasedStrategy_Code/Content/Blueprints/Character/SkaldFactions/Gnolls/AxenShield/Gnoll_AxenShield_Skal_0926075631.ubulk" 3445
"D:/Skald_TurnBasedStrategy_Code/Content/Blueprints/Character/SkaldFactions/Gnolls/AxenShield/Gnoll_AxenShield_Skal_0926075631.uasset" 3446
"D:/Skald_TurnBasedStrategy_Code/Content/Blueprints/Character/SkaldFactions/Gnolls/AxenShield/Gnoll_AxenShield_Skal_0926075631.uexp" 3447
"D:/Skald_TurnBasedStrategy_Code/Content/Blueprints/Character/SkaldFactions/Gnolls/Gnoll_AxenShield.uasset" 3448
"D:/Skald_TurnBasedStrategy_Code/Content/Blueprints/Character/SkaldFactions/Gnolls/Gnoll_AxenShield.uexp" 3449
"D:/Skald_TurnBasedStrategy_Code/Content/Blueprints/Character/SkaldFactions/LizardFolk/MountedShield/LizardFolk_MountedShi_1011010944_texture_metallic.ubulk" 3450
"D:/Skald_TurnBasedStrategy_Code/Content/Blueprints/Character/SkaldFactions/LizardFolk/MountedShield/LizardFolk_MountedShi_1011010944_texture_metallic.uasset" 3451
"D:/Skald_TurnBasedStrategy_Code/Content/Blueprints/Character/SkaldFactions/LizardFolk/MountedShield/LizardFolk_MountedShi_1011010944_texture_metallic.uexp" 3452
"D:/Skald_TurnBasedStrategy_Code/Content/Blueprints/Character/SkaldFactions/LizardFolk/MountedShield/LizardFolk_MountedShi_1011010944_texture_normal.ubulk" 3453
"D:/Skald_TurnBasedStrategy_Code/Content/Blueprints/Character/SkaldFactions/LizardFolk/MountedShield/LizardFolk_MountedShi_1011010944_texture_normal.uasset" 3454
"D:/Skald_TurnBasedStrategy_Code/Content/Blueprints/Character/SkaldFactions/LizardFolk/MountedShield/LizardFolk_MountedShi_1011010944_texture_normal.uexp" 3455
"D:/Skald_TurnBasedStrategy_Code/Content/Blueprints/Character/SkaldFactions/LizardFolk/MountedShield/LizardFolk_MountedShi_1011010944_texture_roughness.ubulk" 3456
"D:/Skald_TurnBasedStrategy_Code/Content/Blueprints/Character/SkaldFactions/LizardFolk/MountedShield/LizardFolk_MountedShi_1011010944_texture_roughness.uasset" 3457
"D:/Skald_TurnBasedStrategy_Code/Content/Blueprints/Character/SkaldFactions/LizardFolk/MountedShield/LizardFolk_MountedShi_1011010944_texture_roughness.uexp" 3458
"D:/Skald_TurnBasedStrategy_Code/Content/Blueprints/Character/SkaldFactions/LizardFolk/MountedShield/LizardFolk_MountedShi_1011010944_texture.ubulk" 3459
"D:/Skald_TurnBasedStrategy_Code/Content/Blueprints/Character/SkaldFactions/LizardFolk/MountedShield/LizardFolk_MountedShi_1011010944_texture.uasset" 3460
"D:/Skald_TurnBasedStrategy_Code/Content/Blueprints/Character/SkaldFactions/LizardFolk/MountedShield/LizardFolk_MountedShi_1011010944_texture.uexp" 3461
"D:/Skald_TurnBasedStrategy_Code/Content/Blueprints/Character/SkaldFactions/LizardFolk/MountedShield/Material_011.uasset" 3462
"D:/Skald_TurnBasedStrategy_Code/Content/Blueprints/Character/SkaldFactions/LizardFolk/MountedShield/Material_011.uexp" 3463
"D:/Skald_TurnBasedStrategy_Code/Content/Blueprints/Character/SkaldFactions/LizardFolk/MountedShield/LizardFolk_MountedShield.ubulk" 3464
"D:/Skald_TurnBasedStrategy_Code/Content/Blueprints/Character/SkaldFactions/LizardFolk/MountedShield/LizardFolk_MountedShield.uasset" 3465
"D:/Skald_TurnBasedStrategy_Code/Content/Blueprints/Character/SkaldFactions/LizardFolk/MountedShield/LizardFolk_MountedShield.uexp" 3466
"D:/Skald_TurnBasedStrategy_Code/Content/Blueprints/Sounds/Movement/Horse_gallop__3-1760744951062.ubulk" 3467
"D:/Skald_TurnBasedStrategy_Code/Content/Blueprints/Sounds/Movement/Horse_gallop__3-1760744951062.uasset" 3468
"D:/Skald_TurnBasedStrategy_Code/Content/Blueprints/Sounds/Movement/Horse_gallop__3-1760744951062.uexp" 3469
"D:/Skald_TurnBasedStrategy_Code/Content/Blueprints/Character/SkaldFactions/LizardFolk/LizardFolk_MountedShield.uasset" 3470
"D:/Skald_TurnBasedStrategy_Code/Content/Blueprints/Character/SkaldFactions/LizardFolk/LizardFolk_MountedShield.uexp" 3471
"D:/Skald_TurnBasedStrategy_Code/Content/Blueprints/Character/SkaldFactions/ToadFolk/SpearAndShield/Skald_ToadFolk_1hSpea_0926075026_texture_metallic.ubulk" 3472
"D:/Skald_TurnBasedStrategy_Code/Content/Blueprints/Character/SkaldFactions/ToadFolk/SpearAndShield/Skald_ToadFolk_1hSpea_0926075026_texture_metallic.uasset" 3473
"D:/Skald_TurnBasedStrategy_Code/Content/Blueprints/Character/SkaldFactions/ToadFolk/SpearAndShield/Skald_ToadFolk_1hSpea_0926075026_texture_metallic.uexp" 3474
"D:/Skald_TurnBasedStrategy_Code/Content/Blueprints/Character/SkaldFactions/ToadFolk/SpearAndShield/Skald_ToadFolk_1hSpea_0926075026_texture_roughness.ubulk" 3475
"D:/Skald_TurnBasedStrategy_Code/Content/Blueprints/Character/SkaldFactions/ToadFolk/SpearAndShield/Skald_ToadFolk_1hSpea_0926075026_texture_roughness.uasset" 3476
"D:/Skald_TurnBasedStrategy_Code/Content/Blueprints/Character/SkaldFactions/ToadFolk/SpearAndShield/Skald_ToadFolk_1hSpea_0926075026_texture_roughness.uexp" 3477
"D:/Skald_TurnBasedStrategy_Code/Content/Blueprints/Character/SkaldFactions/ToadFolk/SpearAndShield/Skald_ToadFolk_1hSpea_0926075026_texture.ubulk" 3478
"D:/Skald_TurnBasedStrategy_Code/Content/Blueprints/Character/SkaldFactions/ToadFolk/SpearAndShield/Skald_ToadFolk_1hSpea_0926075026_texture.uasset" 3479
"D:/Skald_TurnBasedStrategy_Code/Content/Blueprints/Character/SkaldFactions/ToadFolk/SpearAndShield/Skald_ToadFolk_1hSpea_0926075026_texture.uexp" 3480
"D:/Skald_TurnBasedStrategy_Code/Content/Blueprints/Character/SkaldFactions/ToadFolk/SpearAndShield/Skald_ToadFolk_1hSpea_0926075026_texture_normal.ubulk" 3481
"D:/Skald_TurnBasedStrategy_Code/Content/Blueprints/Character/SkaldFactions/ToadFolk/SpearAndShield/Skald_ToadFolk_1hSpea_0926075026_texture_normal.uasset" 3482
"D:/Skald_TurnBasedStrategy_Code/Content/Blueprints/Character/SkaldFactions/ToadFolk/SpearAndShield/Skald_ToadFolk_1hSpea_0926075026_texture_normal.uexp" 3483
"D:/Skald_TurnBasedStrategy_Code/Content/Blueprints/Character/SkaldFactions/ToadFolk/SpearAndShield/Material_014.uasset" 3484
"D:/Skald_TurnBasedStrategy_Code/Content/Blueprints/Character/SkaldFactions/ToadFolk/SpearAndShield/Material_014.uexp" 3485
"D:/Skald_TurnBasedStrategy_Code/Content/Blueprints/Character/SkaldFactions/ToadFolk/SpearAndShield/Skald_ToadFolk_1hSpear.ubulk" 3486
"D:/Skald_TurnBasedStrategy_Code/Content/Blueprints/Character/SkaldFactions/ToadFolk/SpearAndShield/Skald_ToadFolk_1hSpear.uasset" 3487
"D:/Skald_TurnBasedStrategy_Code/Content/Blueprints/Character/SkaldFactions/ToadFolk/SpearAndShield/Skald_ToadFolk_1hSpear.uexp" 3488
"D:/Skald_TurnBasedStrategy_Code/Content/Blueprints/Character/SkaldFactions/ToadFolk/FrogFolk_SpearAndShield.uasset" 3489
"D:/Skald_TurnBasedStrategy_Code/Content/Blueprints/Character/SkaldFactions/ToadFolk/FrogFolk_SpearAndShield.uexp" 3490
"D:/Skald_TurnBasedStrategy_Code/Content/Blueprints/Character/SkaldFactions/Orcs/Archer/Orc_Archer_Skald_0926074452_texture_metallic.ubulk" 3491
"D:/Skald_TurnBasedStrategy_Code/Content/Blueprints/Character/SkaldFactions/Orcs/Archer/Orc_Archer_Skald_0926074452_texture_metallic.uasset" 3492
"D:/Skald_TurnBasedStrategy_Code/Content/Blueprints/Character/SkaldFactions/Orcs/Archer/Orc_Archer_Skald_0926074452_texture_metallic.uexp" 3493
"D:/Skald_TurnBasedStrategy_Code/Content/Blueprints/Character/SkaldFactions/Orcs/Archer/Orc_Archer_Skald_0926074452_texture.ubulk" 3494
"D:/Skald_TurnBasedStrategy_Code/Content/Blueprints/Character/SkaldFactions/Orcs/Archer/Orc_Archer_Skald_0926074452_texture.uasset" 3495
"D:/Skald_TurnBasedStrategy_Code/Content/Blueprints/Character/SkaldFactions/Orcs/Archer/Orc_Archer_Skald_0926074452_texture.uexp" 3496
"D:/Skald_TurnBasedStrategy_Code/Content/Blueprints/Character/SkaldFactions/Orcs/Archer/Orc_Archer_Skald_0926074452_texture_roughness.ubulk" 3497
"D:/Skald_TurnBasedStrategy_Code/Content/Blueprints/Character/SkaldFactions/Orcs/Archer/Orc_Archer_Skald_0926074452_texture_roughness.uasset" 3498
"D:/Skald_TurnBasedStrategy_Code/Content/Blueprints/Character/SkaldFactions/Orcs/Archer/Orc_Archer_Skald_0926074452_texture_roughness.uexp" 3499
"D:/Skald_TurnBasedStrategy_Code/Content/Blueprints/Character/SkaldFactions/Orcs/Archer/Orc_Archer_Skald_0926074452_texture_normal.ubulk" 3500
"D:/Skald_TurnBasedStrategy_Code/Content/Blueprints/Character/SkaldFactions/Orcs/Archer/Orc_Archer_Skald_0926074452_texture_normal.uasset" 3501
"D:/Skald_TurnBasedStrategy_Code/Content/Blueprints/Character/SkaldFactions/Orcs/Archer/Orc_Archer_Skald_0926074452_texture_normal.uexp" 3502
"D:/Skald_TurnBasedStrategy_Code/Content/Blueprints/Character/SkaldFactions/Orcs/Archer/Material_016.uasset" 3503
"D:/Skald_TurnBasedStrategy_Code/Content/Blueprints/Character/SkaldFactions/Orcs/Archer/Material_016.uexp" 3504
"D:/Skald_TurnBasedStrategy_Code/Content/Blueprints/Character/SkaldFactions/Orcs/Archer/Orc_Archer_Skald_0926074452.ubulk" 3505
"D:/Skald_TurnBasedStrategy_Code/Content/Blueprints/Character/SkaldFactions/Orcs/Archer/Orc_Archer_Skald_0926074452.uasset" 3506
"D:/Skald_TurnBasedStrategy_Code/Content/Blueprints/Character/SkaldFactions/Orcs/Archer/Orc_Archer_Skald_0926074452.uexp" 3507
"D:/Skald_TurnBasedStrategy_Code/Content/Blueprints/Character/SkaldFactions/Orcs/Orc_Archer.uasset" 3508
"D:/Skald_TurnBasedStrategy_Code/Content/Blueprints/Character/SkaldFactions/Orcs/Orc_Archer.uexp" 3509
"D:/Skald_TurnBasedStrategy_Code/Content/Blueprints/Character/SkaldFactions/Orcs/MountedSpear/Orc_Mounted_Spear_Ska_0927022730_texture.ubulk" 3510
"D:/Skald_TurnBasedStrategy_Code/Content/Blueprints/Character/SkaldFactions/Orcs/MountedSpear/Orc_Mounted_Spear_Ska_0927022730_texture.uasset" 3511
"D:/Skald_TurnBasedStrategy_Code/Content/Blueprints/Character/SkaldFactions/Orcs/MountedSpear/Orc_Mounted_Spear_Ska_0927022730_texture.uexp" 3512
"D:/Skald_TurnBasedStrategy_Code/Content/Blueprints/Character/SkaldFactions/Orcs/MountedSpear/Orc_Mounted_Spear_Ska_0927022730_texture_normal.ubulk" 3513
"D:/Skald_TurnBasedStrategy_Code/Content/Blueprints/Character/SkaldFactions/Orcs/MountedSpear/Orc_Mounted_Spear_Ska_0927022730_texture_normal.uasset" 3514
"D:/Skald_TurnBasedStrategy_Code/Content/Blueprints/Character/SkaldFactions/Orcs/MountedSpear/Orc_Mounted_Spear_Ska_0927022730_texture_normal.uexp" 3515
"D:/Skald_TurnBasedStrategy_Code/Content/Blueprints/Character/SkaldFactions/Orcs/MountedSpear/Orc_Mounted_Spear_Ska_0927022730_texture_metallic.ubulk" 3516
"D:/Skald_TurnBasedStrategy_Code/Content/Blueprints/Character/SkaldFactions/Orcs/MountedSpear/Orc_Mounted_Spear_Ska_0927022730_texture_metallic.uasset" 3517
"D:/Skald_TurnBasedStrategy_Code/Content/Blueprints/Character/SkaldFactions/Orcs/MountedSpear/Orc_Mounted_Spear_Ska_0927022730_texture_metallic.uexp" 3518
"D:/Skald_TurnBasedStrategy_Code/Content/Blueprints/Character/SkaldFactions/Orcs/MountedSpear/Orc_Mounted_Spear_Ska_0927022730_texture_roughness.ubulk" 3519
"D:/Skald_TurnBasedStrategy_Code/Content/Blueprints/Character/SkaldFactions/Orcs/MountedSpear/Orc_Mounted_Spear_Ska_0927022730_texture_roughness.uasset" 3520
"D:/Skald_TurnBasedStrategy_Code/Content/Blueprints/Character/SkaldFactions/Orcs/MountedSpear/Orc_Mounted_Spear_Ska_0927022730_texture_roughness.uexp" 3521
"D:/Skald_TurnBasedStrategy_Code/Content/Blueprints/Character/SkaldFactions/Orcs/MountedSpear/Material_004.uasset" 3522
"D:/Skald_TurnBasedStrategy_Code/Content/Blueprints/Character/SkaldFactions/Orcs/MountedSpear/Material_004.uexp" 3523
"D:/Skald_TurnBasedStrategy_Code/Content/Blueprints/Character/SkaldFactions/Orcs/MountedSpear/Orc_Mounted_Spear.ubulk" 3524
"D:/Skald_TurnBasedStrategy_Code/Content/Blueprints/Character/SkaldFactions/Orcs/MountedSpear/Orc_Mounted_Spear.uasset" 3525
"D:/Skald_TurnBasedStrategy_Code/Content/Blueprints/Character/SkaldFactions/Orcs/MountedSpear/Orc_Mounted_Spear.uexp" 3526
"D:/Skald_TurnBasedStrategy_Code/Content/Blueprints/Character/SkaldFactions/Orcs/Orc_MountedSpear.uasset" 3527
"D:/Skald_TurnBasedStrategy_Code/Content/Blueprints/Character/SkaldFactions/Orcs/Orc_MountedSpear.uexp" 3528
"D:/Skald_TurnBasedStrategy_Code/Content/Blueprints/Character/SkaldFactions/Inflicted/SwordnShield/Inflicted_SwordAndShi_1011005424_texture_roughness.ubulk" 3529
"D:/Skald_TurnBasedStrategy_Code/Content/Blueprints/Character/SkaldFactions/Inflicted/SwordnShield/Inflicted_SwordAndShi_1011005424_texture_roughness.uasset" 3530
"D:/Skald_TurnBasedStrategy_Code/Content/Blueprints/Character/SkaldFactions/Inflicted/SwordnShield/Inflicted_SwordAndShi_1011005424_texture_roughness.uexp" 3531
"D:/Skald_TurnBasedStrategy_Code/Content/Blueprints/Character/SkaldFactions/Inflicted/SwordnShield/Inflicted_SwordAndShi_1011005424_texture.ubulk" 3532
"D:/Skald_TurnBasedStrategy_Code/Content/Blueprints/Character/SkaldFactions/Inflicted/SwordnShield/Inflicted_SwordAndShi_1011005424_texture.uasset" 3533
"D:/Skald_TurnBasedStrategy_Code/Content/Blueprints/Character/SkaldFactions/Inflicted/SwordnShield/Inflicted_SwordAndShi_1011005424_texture.uexp" 3534
"D:/Skald_TurnBasedStrategy_Code/Content/Blueprints/Character/SkaldFactions/Inflicted/SwordnShield/Inflicted_SwordAndShi_1011005424_texture_normal.ubulk" 3535
"D:/Skald_TurnBasedStrategy_Code/Content/Blueprints/Character/SkaldFactions/Inflicted/SwordnShield/Inflicted_SwordAndShi_1011005424_texture_normal.uasset" 3536
"D:/Skald_TurnBasedStrategy_Code/Content/Blueprints/Character/SkaldFactions/Inflicted/SwordnShield/Inflicted_SwordAndShi_1011005424_texture_normal.uexp" 3537
"D:/Skald_TurnBasedStrategy_Code/Content/Blueprints/Character/SkaldFactions/Inflicted/SwordnShield/Inflicted_SwordAndShi_1011005424_texture_metallic.ubulk" 3538
"D:/Skald_TurnBasedStrategy_Code/Content/Blueprints/Character/SkaldFactions/Inflicted/SwordnShield/Inflicted_SwordAndShi_1011005424_texture_metallic.uasset" 3539
"D:/Skald_TurnBasedStrategy_Code/Content/Blueprints/Character/SkaldFactions/Inflicted/SwordnShield/Inflicted_SwordAndShi_1011005424_texture_metallic.uexp" 3540
"D:/Skald_TurnBasedStrategy_Code/Content/Blueprints/Character/SkaldFactions/Inflicted/SwordnShield/Material_015.uasset" 3541
"D:/Skald_TurnBasedStrategy_Code/Content/Blueprints/Character/SkaldFactions/Inflicted/SwordnShield/Material_015.uexp" 3542
"D:/Skald_TurnBasedStrategy_Code/Content/Blueprints/Character/SkaldFactions/Inflicted/SwordnShield/Inflicted_SwordAndShield.ubulk" 3543
"D:/Skald_TurnBasedStrategy_Code/Content/Blueprints/Character/SkaldFactions/Inflicted/SwordnShield/Inflicted_SwordAndShield.uasset" 3544
"D:/Skald_TurnBasedStrategy_Code/Content/Blueprints/Character/SkaldFactions/Inflicted/SwordnShield/Inflicted_SwordAndShield.uexp" 3545
"D:/Skald_TurnBasedStrategy_Code/Content/Blueprints/Character/SkaldFactions/Inflicted/Inflicted_SwordnShield.uasset" 3546
"D:/Skald_TurnBasedStrategy_Code/Content/Blueprints/Character/SkaldFactions/Inflicted/Inflicted_SwordnShield.uexp" 3547
"D:/Skald_TurnBasedStrategy_Code/Content/Blueprints/Character/SkaldFactions/LizardFolk/SwordnShield/LizardFolk_SwordAndSh_1011010833_texture.ubulk" 3548
"D:/Skald_TurnBasedStrategy_Code/Content/Blueprints/Character/SkaldFactions/LizardFolk/SwordnShield/LizardFolk_SwordAndSh_1011010833_texture.uasset" 3549
"D:/Skald_TurnBasedStrategy_Code/Content/Blueprints/Character/SkaldFactions/LizardFolk/SwordnShield/LizardFolk_SwordAndSh_1011010833_texture.uexp" 3550
"D:/Skald_TurnBasedStrategy_Code/Content/Blueprints/Character/SkaldFactions/LizardFolk/SwordnShield/LizardFolk_SwordAndSh_1011010833_texture_normal.ubulk" 3551
"D:/Skald_TurnBasedStrategy_Code/Content/Blueprints/Character/SkaldFactions/LizardFolk/SwordnShield/LizardFolk_SwordAndSh_1011010833_texture_normal.uasset" 3552
"D:/Skald_TurnBasedStrategy_Code/Content/Blueprints/Character/SkaldFactions/LizardFolk/SwordnShield/LizardFolk_SwordAndSh_1011010833_texture_normal.uexp" 3553
"D:/Skald_TurnBasedStrategy_Code/Content/Blueprints/Character/SkaldFactions/LizardFolk/SwordnShield/LizardFolk_SwordAndSh_1011010833_texture_roughness.ubulk" 3554
"D:/Skald_TurnBasedStrategy_Code/Content/Blueprints/Character/SkaldFactions/LizardFolk/SwordnShield/LizardFolk_SwordAndSh_1011010833_texture_roughness.uasset" 3555
"D:/Skald_TurnBasedStrategy_Code/Content/Blueprints/Character/SkaldFactions/LizardFolk/SwordnShield/LizardFolk_SwordAndSh_1011010833_texture_roughness.uexp" 3556
"D:/Skald_TurnBasedStrategy_Code/Content/Blueprints/Character/SkaldFactions/LizardFolk/SwordnShield/LizardFolk_SwordAndSh_1011010833_texture_metallic.ubulk" 3557
"D:/Skald_TurnBasedStrategy_Code/Content/Blueprints/Character/SkaldFactions/LizardFolk/SwordnShield/LizardFolk_SwordAndSh_1011010833_texture_metallic.uasset" 3558
"D:/Skald_TurnBasedStrategy_Code/Content/Blueprints/Character/SkaldFactions/LizardFolk/SwordnShield/LizardFolk_SwordAndSh_1011010833_texture_metallic.uexp" 3559
"D:/Skald_TurnBasedStrategy_Code/Content/Blueprints/Character/SkaldFactions/LizardFolk/SwordnShield/Material_014.uasset" 3560
"D:/Skald_TurnBasedStrategy_Code/Content/Blueprints/Character/SkaldFactions/LizardFolk/SwordnShield/Material_014.uexp" 3561
"D:/Skald_TurnBasedStrategy_Code/Content/Blueprints/Character/SkaldFactions/LizardFolk/SwordnShield/LizardFolk_SwordAndShield.ubulk" 3562
"D:/Skald_TurnBasedStrategy_Code/Content/Blueprints/Character/SkaldFactions/LizardFolk/SwordnShield/LizardFolk_SwordAndShield.uasset" 3563
"D:/Skald_TurnBasedStrategy_Code/Content/Blueprints/Character/SkaldFactions/LizardFolk/SwordnShield/LizardFolk_SwordAndShield.uexp" 3564
"D:/Skald_TurnBasedStrategy_Code/Content/Blueprints/Character/SkaldFactions/LizardFolk/LizardFolk_SwordnShield.uasset" 3565
"D:/Skald_TurnBasedStrategy_Code/Content/Blueprints/Character/SkaldFactions/LizardFolk/LizardFolk_SwordnShield.uexp" 3566
"D:/Skald_TurnBasedStrategy_Code/Content/Blueprints/Character/SkaldFactions/RavPack/MountedShield/Skald_RavPack_Mounted_1015210737_texture_roughness.ubulk" 3567
"D:/Skald_TurnBasedStrategy_Code/Content/Blueprints/Character/SkaldFactions/RavPack/MountedShield/Skald_RavPack_Mounted_1015210737_texture_roughness.uasset" 3568
"D:/Skald_TurnBasedStrategy_Code/Content/Blueprints/Character/SkaldFactions/RavPack/MountedShield/Skald_RavPack_Mounted_1015210737_texture_roughness.uexp" 3569
"D:/Skald_TurnBasedStrategy_Code/Content/Blueprints/Character/SkaldFactions/RavPack/MountedShield/Skald_RavPack_Mounted_1015210737_texture.ubulk" 3570
"D:/Skald_TurnBasedStrategy_Code/Content/Blueprints/Character/SkaldFactions/RavPack/MountedShield/Skald_RavPack_Mounted_1015210737_texture.uasset" 3571
"D:/Skald_TurnBasedStrategy_Code/Content/Blueprints/Character/SkaldFactions/RavPack/MountedShield/Skald_RavPack_Mounted_1015210737_texture.uexp" 3572
"D:/Skald_TurnBasedStrategy_Code/Content/Blueprints/Character/SkaldFactions/RavPack/MountedShield/Skald_RavPack_Mounted_1015210737_texture_metallic.ubulk" 3573
"D:/Skald_TurnBasedStrategy_Code/Content/Blueprints/Character/SkaldFactions/RavPack/MountedShield/Skald_RavPack_Mounted_1015210737_texture_metallic.uasset" 3574
"D:/Skald_TurnBasedStrategy_Code/Content/Blueprints/Character/SkaldFactions/RavPack/MountedShield/Skald_RavPack_Mounted_1015210737_texture_metallic.uexp" 3575
"D:/Skald_TurnBasedStrategy_Code/Content/Blueprints/Character/SkaldFactions/RavPack/MountedShield/Skald_RavPack_Mounted_1015210737_texture_normal.ubulk" 3576
"D:/Skald_TurnBasedStrategy_Code/Content/Blueprints/Character/SkaldFactions/RavPack/MountedShield/Skald_RavPack_Mounted_1015210737_texture_normal.uasset" 3577
"D:/Skald_TurnBasedStrategy_Code/Content/Blueprints/Character/SkaldFactions/RavPack/MountedShield/Skald_RavPack_Mounted_1015210737_texture_normal.uexp" 3578
"D:/Skald_TurnBasedStrategy_Code/Content/Blueprints/Character/SkaldFactions/RavPack/MountedShield/Material_019.uasset" 3579
"D:/Skald_TurnBasedStrategy_Code/Content/Blueprints/Character/SkaldFactions/RavPack/MountedShield/Material_019.uexp" 3580
"D:/Skald_TurnBasedStrategy_Code/Content/Blueprints/Character/SkaldFactions/RavPack/MountedShield/Skald_RavPack_MountedShield.ubulk" 3581
"D:/Skald_TurnBasedStrategy_Code/Content/Blueprints/Character/SkaldFactions/RavPack/MountedShield/Skald_RavPack_MountedShield.uasset" 3582
"D:/Skald_TurnBasedStrategy_Code/Content/Blueprints/Character/SkaldFactions/RavPack/MountedShield/Skald_RavPack_MountedShield.uexp" 3583
"D:/Skald_TurnBasedStrategy_Code/Content/Blueprints/Character/SkaldFactions/RavPack/RavPack_MountedShield.uasset" 3584
"D:/Skald_TurnBasedStrategy_Code/Content/Blueprints/Character/SkaldFactions/RavPack/RavPack_MountedShield.uexp" 3585
"D:/Skald_TurnBasedStrategy_Code/Content/Blueprints/Character/SkaldFactions/Ironlegion/Juggernaught/IronLegion_JuggerNaug_0927221000_texture.ubulk" 3586
"D:/Skald_TurnBasedStrategy_Code/Content/Blueprints/Character/SkaldFactions/Ironlegion/Juggernaught/IronLegion_JuggerNaug_0927221000_texture.uasset" 3587
"D:/Skald_TurnBasedStrategy_Code/Content/Blueprints/Character/SkaldFactions/Ironlegion/Juggernaught/IronLegion_JuggerNaug_0927221000_texture.uexp" 3588
"D:/Skald_TurnBasedStrategy_Code/Content/Blueprints/Character/SkaldFactions/Ironlegion/Juggernaught/IronLegion_JuggerNaug_0927221000_texture_metallic.ubulk" 3589
"D:/Skald_TurnBasedStrategy_Code/Content/Blueprints/Character/SkaldFactions/Ironlegion/Juggernaught/IronLegion_JuggerNaug_0927221000_texture_metallic.uasset" 3590
"D:/Skald_TurnBasedStrategy_Code/Content/Blueprints/Character/SkaldFactions/Ironlegion/Juggernaught/IronLegion_JuggerNaug_0927221000_texture_metallic.uexp" 3591
"D:/Skald_TurnBasedStrategy_Code/Content/Blueprints/Character/SkaldFactions/Ironlegion/Juggernaught/IronLegion_JuggerNaug_0927221000_texture_normal.ubulk" 3592
"D:/Skald_TurnBasedStrategy_Code/Content/Blueprints/Character/SkaldFactions/Ironlegion/Juggernaught/IronLegion_JuggerNaug_0927221000_texture_normal.uasset" 3593
"D:/Skald_TurnBasedStrategy_Code/Content/Blueprints/Character/SkaldFactions/Ironlegion/Juggernaught/IronLegion_JuggerNaug_0927221000_texture_normal.uexp" 3594
"D:/Skald_TurnBasedStrategy_Code/Content/Blueprints/Character/SkaldFactions/Ironlegion/Juggernaught/IronLegion_JuggerNaug_0927221000_texture_roughness.ubulk" 3595
"D:/Skald_TurnBasedStrategy_Code/Content/Blueprints/Character/SkaldFactions/Ironlegion/Juggernaught/IronLegion_JuggerNaug_0927221000_texture_roughness.uasset" 3596
"D:/Skald_TurnBasedStrategy_Code/Content/Blueprints/Character/SkaldFactions/Ironlegion/Juggernaught/IronLegion_JuggerNaug_0927221000_texture_roughness.uexp" 3597
"D:/Skald_TurnBasedStrategy_Code/Content/Blueprints/Character/SkaldFactions/Ironlegion/Juggernaught/Material_005.uasset" 3598
"D:/Skald_TurnBasedStrategy_Code/Content/Blueprints/Character/SkaldFactions/Ironlegion/Juggernaught/Material_005.uexp" 3599
"D:/Skald_TurnBasedStrategy_Code/Content/Blueprints/Character/SkaldFactions/Ironlegion/Juggernaught/IronLegion_JuggerNaug_0927221000.ubulk" 3600
"D:/Skald_TurnBasedStrategy_Code/Content/Blueprints/Character/SkaldFactions/Ironlegion/Juggernaught/IronLegion_JuggerNaug_0927221000.uasset" 3601
"D:/Skald_TurnBasedStrategy_Code/Content/Blueprints/Character/SkaldFactions/Ironlegion/Juggernaught/IronLegion_JuggerNaug_0927221000.uexp" 3602
"D:/Skald_TurnBasedStrategy_Code/Content/Blueprints/Character/SkaldFactions/Ironlegion/IronLegion_Juggernaught.uasset" 3603
"D:/Skald_TurnBasedStrategy_Code/Content/Blueprints/Character/SkaldFactions/Ironlegion/IronLegion_Juggernaught.uexp" 3604
"D:/Skald_TurnBasedStrategy_Code/Content/Blueprints/Character/SkaldFactions/ToadFolk/Mage/Amphibian_Sage_0926075037_texture.ubulk" 3605
"D:/Skald_TurnBasedStrategy_Code/Content/Blueprints/Character/SkaldFactions/ToadFolk/Mage/Amphibian_Sage_0926075037_texture.uasset" 3606
"D:/Skald_TurnBasedStrategy_Code/Content/Blueprints/Character/SkaldFactions/ToadFolk/Mage/Amphibian_Sage_0926075037_texture.uexp" 3607
"D:/Skald_TurnBasedStrategy_Code/Content/Blueprints/Character/SkaldFactions/ToadFolk/Mage/Amphibian_Sage_0926075037_texture_normal.ubulk" 3608
"D:/Skald_TurnBasedStrategy_Code/Content/Blueprints/Character/SkaldFactions/ToadFolk/Mage/Amphibian_Sage_0926075037_texture_normal.uasset" 3609
"D:/Skald_TurnBasedStrategy_Code/Content/Blueprints/Character/SkaldFactions/ToadFolk/Mage/Amphibian_Sage_0926075037_texture_normal.uexp" 3610
"D:/Skald_TurnBasedStrategy_Code/Content/Blueprints/Character/SkaldFactions/ToadFolk/Mage/Amphibian_Sage_0926075037_texture_metallic.ubulk" 3611
"D:/Skald_TurnBasedStrategy_Code/Content/Blueprints/Character/SkaldFactions/ToadFolk/Mage/Amphibian_Sage_0926075037_texture_metallic.uasset" 3612
"D:/Skald_TurnBasedStrategy_Code/Content/Blueprints/Character/SkaldFactions/ToadFolk/Mage/Amphibian_Sage_0926075037_texture_metallic.uexp" 3613
"D:/Skald_TurnBasedStrategy_Code/Content/Blueprints/Character/SkaldFactions/ToadFolk/Mage/Amphibian_Sage_0926075037_texture_roughness.ubulk" 3614
"D:/Skald_TurnBasedStrategy_Code/Content/Blueprints/Character/SkaldFactions/ToadFolk/Mage/Amphibian_Sage_0926075037_texture_roughness.uasset" 3615
"D:/Skald_TurnBasedStrategy_Code/Content/Blueprints/Character/SkaldFactions/ToadFolk/Mage/Amphibian_Sage_0926075037_texture_roughness.uexp" 3616
"D:/Skald_TurnBasedStrategy_Code/Content/Blueprints/Character/SkaldFactions/ToadFolk/Mage/Material_011.uasset" 3617
"D:/Skald_TurnBasedStrategy_Code/Content/Blueprints/Character/SkaldFactions/ToadFolk/Mage/Material_011.uexp" 3618
"D:/Skald_TurnBasedStrategy_Code/Content/Blueprints/Character/SkaldFactions/ToadFolk/Mage/Amphibian_Sage_0926075037.ubulk" 3619
"D:/Skald_TurnBasedStrategy_Code/Content/Blueprints/Character/SkaldFactions/ToadFolk/Mage/Amphibian_Sage_0926075037.uasset" 3620
"D:/Skald_TurnBasedStrategy_Code/Content/Blueprints/Character/SkaldFactions/ToadFolk/Mage/Amphibian_Sage_0926075037.uexp" 3621
"D:/Skald_TurnBasedStrategy_Code/Content/Blueprints/Character/SkaldFactions/ToadFolk/FrogFolk_Mage.uasset" 3622
"D:/Skald_TurnBasedStrategy_Code/Content/Blueprints/Character/SkaldFactions/ToadFolk/FrogFolk_Mage.uexp" 3623
"D:/Skald_TurnBasedStrategy_Code/Content/Blueprints/Sounds/Movement/Horse_gallop__2-1760744948533.ubulk" 3624
"D:/Skald_TurnBasedStrategy_Code/Content/Blueprints/Sounds/Movement/Horse_gallop__2-1760744948533.uasset" 3625
"D:/Skald_TurnBasedStrategy_Code/Content/Blueprints/Sounds/Movement/Horse_gallop__2-1760744948533.uexp" 3626
"D:/Skald_TurnBasedStrategy_Code/Content/Blueprints/Character/SkaldFactions/Humans/MountedShield/HumanKnight_Mounted_S_0927020550_texture_metallic.ubulk" 3627
"D:/Skald_TurnBasedStrategy_Code/Content/Blueprints/Character/SkaldFactions/Humans/MountedShield/HumanKnight_Mounted_S_0927020550_texture_metallic.uasset" 3628
"D:/Skald_TurnBasedStrategy_Code/Content/Blueprints/Character/SkaldFactions/Humans/MountedShield/HumanKnight_Mounted_S_0927020550_texture_metallic.uexp" 3629
"D:/Skald_TurnBasedStrategy_Code/Content/Blueprints/Character/SkaldFactions/Humans/MountedShield/HumanKnight_Mounted_S_0927020550_texture_roughness.ubulk" 3630
"D:/Skald_TurnBasedStrategy_Code/Content/Blueprints/Character/SkaldFactions/Humans/MountedShield/HumanKnight_Mounted_S_0927020550_texture_roughness.uasset" 3631
"D:/Skald_TurnBasedStrategy_Code/Content/Blueprints/Character/SkaldFactions/Humans/MountedShield/HumanKnight_Mounted_S_0927020550_texture_roughness.uexp" 3632
"D:/Skald_TurnBasedStrategy_Code/Content/Blueprints/Character/SkaldFactions/Humans/MountedShield/HumanKnight_Mounted_S_0927020550_texture_normal.ubulk" 3633
"D:/Skald_TurnBasedStrategy_Code/Content/Blueprints/Character/SkaldFactions/Humans/MountedShield/HumanKnight_Mounted_S_0927020550_texture_normal.uasset" 3634
"D:/Skald_TurnBasedStrategy_Code/Content/Blueprints/Character/SkaldFactions/Humans/MountedShield/HumanKnight_Mounted_S_0927020550_texture_normal.uexp" 3635
"D:/Skald_TurnBasedStrategy_Code/Content/Blueprints/Character/SkaldFactions/Humans/MountedShield/HumanKnight_Mounted_S_0927020550_texture.ubulk" 3636
"D:/Skald_TurnBasedStrategy_Code/Content/Blueprints/Character/SkaldFactions/Humans/MountedShield/HumanKnight_Mounted_S_0927020550_texture.uasset" 3637
"D:/Skald_TurnBasedStrategy_Code/Content/Blueprints/Character/SkaldFactions/Humans/MountedShield/HumanKnight_Mounted_S_0927020550_texture.uexp" 3638
"D:/Skald_TurnBasedStrategy_Code/Content/Blueprints/Character/SkaldFactions/Humans/MountedShield/Material_001.uasset" 3639
"D:/Skald_TurnBasedStrategy_Code/Content/Blueprints/Character/SkaldFactions/Humans/MountedShield/Material_001.uexp" 3640
"D:/Skald_TurnBasedStrategy_Code/Content/Blueprints/Character/SkaldFactions/Humans/MountedShield/HumanKnight_Mounted_Shield.ubulk" 3641
"D:/Skald_TurnBasedStrategy_Code/Content/Blueprints/Character/SkaldFactions/Humans/MountedShield/HumanKnight_Mounted_Shield.uasset" 3642
"D:/Skald_TurnBasedStrategy_Code/Content/Blueprints/Character/SkaldFactions/Humans/MountedShield/HumanKnight_Mounted_Shield.uexp" 3643
"D:/Skald_TurnBasedStrategy_Code/Content/Blueprints/Character/SkaldFactions/Humans/Human_MountedShield.uasset" 3644
"D:/Skald_TurnBasedStrategy_Code/Content/Blueprints/Character/SkaldFactions/Humans/Human_MountedShield.uexp" 3645
"D:/Skald_TurnBasedStrategy_Code/Content/Blueprints/Character/SkaldFactions/RavPack/SpearnShield/Skald_RavPack_SpearnS_1015211029_texture_metallic.ubulk" 3646
"D:/Skald_TurnBasedStrategy_Code/Content/Blueprints/Character/SkaldFactions/RavPack/SpearnShield/Skald_RavPack_SpearnS_1015211029_texture_metallic.uasset" 3647
"D:/Skald_TurnBasedStrategy_Code/Content/Blueprints/Character/SkaldFactions/RavPack/SpearnShield/Skald_RavPack_SpearnS_1015211029_texture_metallic.uexp" 3648
"D:/Skald_TurnBasedStrategy_Code/Content/Blueprints/Character/SkaldFactions/RavPack/SpearnShield/Skald_RavPack_SpearnS_1015211029_texture_roughness.ubulk" 3649
"D:/Skald_TurnBasedStrategy_Code/Content/Blueprints/Character/SkaldFactions/RavPack/SpearnShield/Skald_RavPack_SpearnS_1015211029_texture_roughness.uasset" 3650
"D:/Skald_TurnBasedStrategy_Code/Content/Blueprints/Character/SkaldFactions/RavPack/SpearnShield/Skald_RavPack_SpearnS_1015211029_texture_roughness.uexp" 3651
"D:/Skald_TurnBasedStrategy_Code/Content/Blueprints/Character/SkaldFactions/RavPack/SpearnShield/Skald_RavPack_SpearnS_1015211029_texture_normal.ubulk" 3652
"D:/Skald_TurnBasedStrategy_Code/Content/Blueprints/Character/SkaldFactions/RavPack/SpearnShield/Skald_RavPack_SpearnS_1015211029_texture_normal.uasset" 3653
"D:/Skald_TurnBasedStrategy_Code/Content/Blueprints/Character/SkaldFactions/RavPack/SpearnShield/Skald_RavPack_SpearnS_1015211029_texture_normal.uexp" 3654
"D:/Skald_TurnBasedStrategy_Code/Content/Blueprints/Character/SkaldFactions/RavPack/SpearnShield/Skald_RavPack_SpearnS_1015211029_texture.ubulk" 3655
"D:/Skald_TurnBasedStrategy_Code/Content/Blueprints/Character/SkaldFactions/RavPack/SpearnShield/Skald_RavPack_SpearnS_1015211029_texture.uasset" 3656
"D:/Skald_TurnBasedStrategy_Code/Content/Blueprints/Character/SkaldFactions/RavPack/SpearnShield/Skald_RavPack_SpearnS_1015211029_texture.uexp" 3657
"D:/Skald_TurnBasedStrategy_Code/Content/Blueprints/Character/SkaldFactions/RavPack/SpearnShield/Material_017.uasset" 3658
"D:/Skald_TurnBasedStrategy_Code/Content/Blueprints/Character/SkaldFactions/RavPack/SpearnShield/Material_017.uexp" 3659
"D:/Skald_TurnBasedStrategy_Code/Content/Blueprints/Character/SkaldFactions/RavPack/SpearnShield/Skald_RavPack_SpearnShield.ubulk" 3660
"D:/Skald_TurnBasedStrategy_Code/Content/Blueprints/Character/SkaldFactions/RavPack/SpearnShield/Skald_RavPack_SpearnShield.uasset" 3661
"D:/Skald_TurnBasedStrategy_Code/Content/Blueprints/Character/SkaldFactions/RavPack/SpearnShield/Skald_RavPack_SpearnShield.uexp" 3662
"D:/Skald_TurnBasedStrategy_Code/Content/Blueprints/Character/SkaldFactions/RavPack/RavPack_SpearnShield.uasset" 3663
"D:/Skald_TurnBasedStrategy_Code/Content/Blueprints/Character/SkaldFactions/RavPack/RavPack_SpearnShield.uexp" 3664
"D:/Skald_TurnBasedStrategy_Code/Content/Blueprints/Character/SkaldFactions/LizardFolk/2hClub/LizardFolk_2hClub_Ska_1011010858_texture_metallic.ubulk" 3665
"D:/Skald_TurnBasedStrategy_Code/Content/Blueprints/Character/SkaldFactions/LizardFolk/2hClub/LizardFolk_2hClub_Ska_1011010858_texture_metallic.uasset" 3666
"D:/Skald_TurnBasedStrategy_Code/Content/Blueprints/Character/SkaldFactions/LizardFolk/2hClub/LizardFolk_2hClub_Ska_1011010858_texture_metallic.uexp" 3667
"D:/Skald_TurnBasedStrategy_Code/Content/Blueprints/Character/SkaldFactions/LizardFolk/2hClub/LizardFolk_2hClub_Ska_1011010858_texture_normal.ubulk" 3668
"D:/Skald_TurnBasedStrategy_Code/Content/Blueprints/Character/SkaldFactions/LizardFolk/2hClub/LizardFolk_2hClub_Ska_1011010858_texture_normal.uasset" 3669
"D:/Skald_TurnBasedStrategy_Code/Content/Blueprints/Character/SkaldFactions/LizardFolk/2hClub/LizardFolk_2hClub_Ska_1011010858_texture_normal.uexp" 3670
"D:/Skald_TurnBasedStrategy_Code/Content/Blueprints/Character/SkaldFactions/LizardFolk/2hClub/LizardFolk_2hClub_Ska_1011010858_texture_roughness.ubulk" 3671
"D:/Skald_TurnBasedStrategy_Code/Content/Blueprints/Character/SkaldFactions/LizardFolk/2hClub/LizardFolk_2hClub_Ska_1011010858_texture_roughness.uasset" 3672
"D:/Skald_TurnBasedStrategy_Code/Content/Blueprints/Character/SkaldFactions/LizardFolk/2hClub/LizardFolk_2hClub_Ska_1011010858_texture_roughness.uexp" 3673
"D:/Skald_TurnBasedStrategy_Code/Content/Blueprints/Character/SkaldFactions/LizardFolk/2hClub/LizardFolk_2hClub_Ska_1011010858_texture.ubulk" 3674
"D:/Skald_TurnBasedStrategy_Code/Content/Blueprints/Character/SkaldFactions/LizardFolk/2hClub/LizardFolk_2hClub_Ska_1011010858_texture.uasset" 3675
"D:/Skald_TurnBasedStrategy_Code/Content/Blueprints/Character/SkaldFactions/LizardFolk/2hClub/LizardFolk_2hClub_Ska_1011010858_texture.uexp" 3676
"D:/Skald_TurnBasedStrategy_Code/Content/Blueprints/Character/SkaldFactions/LizardFolk/2hClub/Material_006.uasset" 3677
"D:/Skald_TurnBasedStrategy_Code/Content/Blueprints/Character/SkaldFactions/LizardFolk/2hClub/Material_006.uexp" 3678
"D:/Skald_TurnBasedStrategy_Code/Content/Blueprints/Character/SkaldFactions/LizardFolk/2hClub/LizardFolk_2hClub.ubulk" 3679
"D:/Skald_TurnBasedStrategy_Code/Content/Blueprints/Character/SkaldFactions/LizardFolk/2hClub/LizardFolk_2hClub.uasset" 3680
"D:/Skald_TurnBasedStrategy_Code/Content/Blueprints/Character/SkaldFactions/LizardFolk/2hClub/LizardFolk_2hClub.uexp" 3681
"D:/Skald_TurnBasedStrategy_Code/Content/Blueprints/Character/SkaldFactions/LizardFolk/LizardFolk_2hClub.uasset" 3682
"D:/Skald_TurnBasedStrategy_Code/Content/Blueprints/Character/SkaldFactions/LizardFolk/LizardFolk_2hClub.uexp" 3683
"D:/Skald_TurnBasedStrategy_Code/Content/Blueprints/Character/SkaldFactions/Humans/MountedSpear/HumanKnight_Mounted_S_0927020944_texture_normal.ubulk" 3684
"D:/Skald_TurnBasedStrategy_Code/Content/Blueprints/Character/SkaldFactions/Humans/MountedSpear/HumanKnight_Mounted_S_0927020944_texture_normal.uasset" 3685
"D:/Skald_TurnBasedStrategy_Code/Content/Blueprints/Character/SkaldFactions/Humans/MountedSpear/HumanKnight_Mounted_S_0927020944_texture_normal.uexp" 3686
"D:/Skald_TurnBasedStrategy_Code/Content/Blueprints/Character/SkaldFactions/Humans/MountedSpear/HumanKnight_Mounted_S_0927020944_texture.ubulk" 3687
"D:/Skald_TurnBasedStrategy_Code/Content/Blueprints/Character/SkaldFactions/Humans/MountedSpear/HumanKnight_Mounted_S_0927020944_texture.uasset" 3688
"D:/Skald_TurnBasedStrategy_Code/Content/Blueprints/Character/SkaldFactions/Humans/MountedSpear/HumanKnight_Mounted_S_0927020944_texture.uexp" 3689
"D:/Skald_TurnBasedStrategy_Code/Content/Blueprints/Character/SkaldFactions/Humans/MountedSpear/HumanKnight_Mounted_S_0927020944_texture_roughness.ubulk" 3690
"D:/Skald_TurnBasedStrategy_Code/Content/Blueprints/Character/SkaldFactions/Humans/MountedSpear/HumanKnight_Mounted_S_0927020944_texture_roughness.uasset" 3691
"D:/Skald_TurnBasedStrategy_Code/Content/Blueprints/Character/SkaldFactions/Humans/MountedSpear/HumanKnight_Mounted_S_0927020944_texture_roughness.uexp" 3692
"D:/Skald_TurnBasedStrategy_Code/Content/Blueprints/Character/SkaldFactions/Humans/MountedSpear/HumanKnight_Mounted_S_0927020944_texture_metallic.ubulk" 3693
"D:/Skald_TurnBasedStrategy_Code/Content/Blueprints/Character/SkaldFactions/Humans/MountedSpear/HumanKnight_Mounted_S_0927020944_texture_metallic.uasset" 3694
"D:/Skald_TurnBasedStrategy_Code/Content/Blueprints/Character/SkaldFactions/Humans/MountedSpear/HumanKnight_Mounted_S_0927020944_texture_metallic.uexp" 3695
"D:/Skald_TurnBasedStrategy_Code/Content/Blueprints/Character/SkaldFactions/Humans/MountedSpear/Material_002.uasset" 3696
"D:/Skald_TurnBasedStrategy_Code/Content/Blueprints/Character/SkaldFactions/Humans/MountedSpear/Material_002.uexp" 3697
"D:/Skald_TurnBasedStrategy_Code/Content/Blueprints/Character/SkaldFactions/Humans/MountedSpear/HumanKnight_Mounted_Spear.ubulk" 3698
"D:/Skald_TurnBasedStrategy_Code/Content/Blueprints/Character/SkaldFactions/Humans/MountedSpear/HumanKnight_Mounted_Spear.uasset" 3699
"D:/Skald_TurnBasedStrategy_Code/Content/Blueprints/Character/SkaldFactions/Humans/MountedSpear/HumanKnight_Mounted_Spear.uexp" 3700
"D:/Skald_TurnBasedStrategy_Code/Content/Blueprints/Character/SkaldFactions/Humans/Human_MountedSpear.uasset" 3701
"D:/Skald_TurnBasedStrategy_Code/Content/Blueprints/Character/SkaldFactions/Humans/Human_MountedSpear.uexp" 3702
"D:/Skald_TurnBasedStrategy_Code/Content/Blueprints/Character/SkaldFactions/RavPack/Archer/Skald_RavPack_Archer_1015210824_texture_metallic.ubulk" 3703
"D:/Skald_TurnBasedStrategy_Code/Content/Blueprints/Character/SkaldFactions/RavPack/Archer/Skald_RavPack_Archer_1015210824_texture_metallic.uasset" 3704
"D:/Skald_TurnBasedStrategy_Code/Content/Blueprints/Character/SkaldFactions/RavPack/Archer/Skald_RavPack_Archer_1015210824_texture_metallic.uexp" 3705
"D:/Skald_TurnBasedStrategy_Code/Content/Blueprints/Character/SkaldFactions/RavPack/Archer/Skald_RavPack_Archer_1015210824_texture_normal.ubulk" 3706
"D:/Skald_TurnBasedStrategy_Code/Content/Blueprints/Character/SkaldFactions/RavPack/Archer/Skald_RavPack_Archer_1015210824_texture_normal.uasset" 3707
"D:/Skald_TurnBasedStrategy_Code/Content/Blueprints/Character/SkaldFactions/RavPack/Archer/Skald_RavPack_Archer_1015210824_texture_normal.uexp" 3708
"D:/Skald_TurnBasedStrategy_Code/Content/Blueprints/Character/SkaldFactions/RavPack/Archer/Skald_RavPack_Archer_1015210824_texture_roughness.ubulk" 3709
"D:/Skald_TurnBasedStrategy_Code/Content/Blueprints/Character/SkaldFactions/RavPack/Archer/Skald_RavPack_Archer_1015210824_texture_roughness.uasset" 3710
"D:/Skald_TurnBasedStrategy_Code/Content/Blueprints/Character/SkaldFactions/RavPack/Archer/Skald_RavPack_Archer_1015210824_texture_roughness.uexp" 3711
"D:/Skald_TurnBasedStrategy_Code/Content/Blueprints/Character/SkaldFactions/RavPack/Archer/Skald_RavPack_Archer_1015210824_texture.ubulk" 3712
"D:/Skald_TurnBasedStrategy_Code/Content/Blueprints/Character/SkaldFactions/RavPack/Archer/Skald_RavPack_Archer_1015210824_texture.uasset" 3713
"D:/Skald_TurnBasedStrategy_Code/Content/Blueprints/Character/SkaldFactions/RavPack/Archer/Skald_RavPack_Archer_1015210824_texture.uexp" 3714
"D:/Skald_TurnBasedStrategy_Code/Content/Blueprints/Character/SkaldFactions/RavPack/Archer/Material_001.uasset" 3715
"D:/Skald_TurnBasedStrategy_Code/Content/Blueprints/Character/SkaldFactions/RavPack/Archer/Material_001.uexp" 3716
"D:/Skald_TurnBasedStrategy_Code/Content/Blueprints/Character/SkaldFactions/RavPack/Archer/Skald_RavPack_Archer.ubulk" 3717
"D:/Skald_TurnBasedStrategy_Code/Content/Blueprints/Character/SkaldFactions/RavPack/Archer/Skald_RavPack_Archer.uasset" 3718
"D:/Skald_TurnBasedStrategy_Code/Content/Blueprints/Character/SkaldFactions/RavPack/Archer/Skald_RavPack_Archer.uexp" 3719
"D:/Skald_TurnBasedStrategy_Code/Content/Blueprints/Character/SkaldFactions/RavPack/RavPack_Archer.uasset" 3720
"D:/Skald_TurnBasedStrategy_Code/Content/Blueprints/Character/SkaldFactions/RavPack/RavPack_Archer.uexp" 3721
"D:/Skald_TurnBasedStrategy_Code/Content/Blueprints/Character/SkaldFactions/Inflicted/Beholder/Beholder_Skald_1011011100_texture_metallic.ubulk" 3722
"D:/Skald_TurnBasedStrategy_Code/Content/Blueprints/Character/SkaldFactions/Inflicted/Beholder/Beholder_Skald_1011011100_texture_metallic.uasset" 3723
"D:/Skald_TurnBasedStrategy_Code/Content/Blueprints/Character/SkaldFactions/Inflicted/Beholder/Beholder_Skald_1011011100_texture_metallic.uexp" 3724
"D:/Skald_TurnBasedStrategy_Code/Content/Blueprints/Character/SkaldFactions/Inflicted/Beholder/Beholder_Skald_1011011100_texture_normal.ubulk" 3725
"D:/Skald_TurnBasedStrategy_Code/Content/Blueprints/Character/SkaldFactions/Inflicted/Beholder/Beholder_Skald_1011011100_texture_normal.uasset" 3726
"D:/Skald_TurnBasedStrategy_Code/Content/Blueprints/Character/SkaldFactions/Inflicted/Beholder/Beholder_Skald_1011011100_texture_normal.uexp" 3727
"D:/Skald_TurnBasedStrategy_Code/Content/Blueprints/Character/SkaldFactions/Inflicted/Beholder/Beholder_Skald_1011011100_texture_roughness.ubulk" 3728
"D:/Skald_TurnBasedStrategy_Code/Content/Blueprints/Character/SkaldFactions/Inflicted/Beholder/Beholder_Skald_1011011100_texture_roughness.uasset" 3729
"D:/Skald_TurnBasedStrategy_Code/Content/Blueprints/Character/SkaldFactions/Inflicted/Beholder/Beholder_Skald_1011011100_texture_roughness.uexp" 3730
"D:/Skald_TurnBasedStrategy_Code/Content/Blueprints/Character/SkaldFactions/Inflicted/Beholder/Beholder_Skald_1011011100_texture.ubulk" 3731
"D:/Skald_TurnBasedStrategy_Code/Content/Blueprints/Character/SkaldFactions/Inflicted/Beholder/Beholder_Skald_1011011100_texture.uasset" 3732
"D:/Skald_TurnBasedStrategy_Code/Content/Blueprints/Character/SkaldFactions/Inflicted/Beholder/Beholder_Skald_1011011100_texture.uexp" 3733
"D:/Skald_TurnBasedStrategy_Code/Content/Blueprints/Character/SkaldFactions/Inflicted/Beholder/Material_004.uasset" 3734
"D:/Skald_TurnBasedStrategy_Code/Content/Blueprints/Character/SkaldFactions/Inflicted/Beholder/Material_004.uexp" 3735
"D:/Skald_TurnBasedStrategy_Code/Content/Blueprints/Character/SkaldFactions/Inflicted/Beholder/Inflicted_Beholder_Skald.ubulk" 3736
"D:/Skald_TurnBasedStrategy_Code/Content/Blueprints/Character/SkaldFactions/Inflicted/Beholder/Inflicted_Beholder_Skald.uasset" 3737
"D:/Skald_TurnBasedStrategy_Code/Content/Blueprints/Character/SkaldFactions/Inflicted/Beholder/Inflicted_Beholder_Skald.uexp" 3738
"D:/Skald_TurnBasedStrategy_Code/Content/Blueprints/Character/SkaldFactions/Inflicted/Inflicted_Beholder.uasset" 3739
"D:/Skald_TurnBasedStrategy_Code/Content/Blueprints/Character/SkaldFactions/Inflicted/Inflicted_Beholder.uexp" 3740
"D:/Skald_TurnBasedStrategy_Code/Content/Blueprints/Character/SkaldFactions/LizardFolk/Archer/LizardFolk_Archer_Ska_1011010923_texture_normal.ubulk" 3741
"D:/Skald_TurnBasedStrategy_Code/Content/Blueprints/Character/SkaldFactions/LizardFolk/Archer/LizardFolk_Archer_Ska_1011010923_texture_normal.uasset" 3742
"D:/Skald_TurnBasedStrategy_Code/Content/Blueprints/Character/SkaldFactions/LizardFolk/Archer/LizardFolk_Archer_Ska_1011010923_texture_normal.uexp" 3743
"D:/Skald_TurnBasedStrategy_Code/Content/Blueprints/Character/SkaldFactions/LizardFolk/Archer/LizardFolk_Archer_Ska_1011010923_texture_roughness.ubulk" 3744
"D:/Skald_TurnBasedStrategy_Code/Content/Blueprints/Character/SkaldFactions/LizardFolk/Archer/LizardFolk_Archer_Ska_1011010923_texture_roughness.uasset" 3745
"D:/Skald_TurnBasedStrategy_Code/Content/Blueprints/Character/SkaldFactions/LizardFolk/Archer/LizardFolk_Archer_Ska_1011010923_texture_roughness.uexp" 3746
"D:/Skald_TurnBasedStrategy_Code/Content/Blueprints/Character/SkaldFactions/LizardFolk/Archer/LizardFolk_Archer_Ska_1011010923_texture.ubulk" 3747
"D:/Skald_TurnBasedStrategy_Code/Content/Blueprints/Character/SkaldFactions/LizardFolk/Archer/LizardFolk_Archer_Ska_1011010923_texture.uasset" 3748
"D:/Skald_TurnBasedStrategy_Code/Content/Blueprints/Character/SkaldFactions/LizardFolk/Archer/LizardFolk_Archer_Ska_1011010923_texture.uexp" 3749
"D:/Skald_TurnBasedStrategy_Code/Content/Blueprints/Character/SkaldFactions/LizardFolk/Archer/LizardFolk_Archer_Ska_1011010923_texture_metallic.ubulk" 3750
"D:/Skald_TurnBasedStrategy_Code/Content/Blueprints/Character/SkaldFactions/LizardFolk/Archer/LizardFolk_Archer_Ska_1011010923_texture_metallic.uasset" 3751
"D:/Skald_TurnBasedStrategy_Code/Content/Blueprints/Character/SkaldFactions/LizardFolk/Archer/LizardFolk_Archer_Ska_1011010923_texture_metallic.uexp" 3752
"D:/Skald_TurnBasedStrategy_Code/Content/Blueprints/Character/SkaldFactions/LizardFolk/Archer/Material_008.uasset" 3753
"D:/Skald_TurnBasedStrategy_Code/Content/Blueprints/Character/SkaldFactions/LizardFolk/Archer/Material_008.uexp" 3754
"D:/Skald_TurnBasedStrategy_Code/Content/Blueprints/Character/SkaldFactions/LizardFolk/Archer/LizardFolk_Archer.ubulk" 3755
"D:/Skald_TurnBasedStrategy_Code/Content/Blueprints/Character/SkaldFactions/LizardFolk/Archer/LizardFolk_Archer.uasset" 3756
"D:/Skald_TurnBasedStrategy_Code/Content/Blueprints/Character/SkaldFactions/LizardFolk/Archer/LizardFolk_Archer.uexp" 3757
"D:/Skald_TurnBasedStrategy_Code/Content/Blueprints/Character/SkaldFactions/LizardFolk/LizardFolk_Archer.uasset" 3758
"D:/Skald_TurnBasedStrategy_Code/Content/Blueprints/Character/SkaldFactions/LizardFolk/LizardFolk_Archer.uexp" 3759
"D:/Skald_TurnBasedStrategy_Code/Content/Blueprints/Character/SkaldFactions/Ironlegion/SwordAndShield/IronLegion_SwordAndSh_0927220913_texture_metallic.ubulk" 3760
"D:/Skald_TurnBasedStrategy_Code/Content/Blueprints/Character/SkaldFactions/Ironlegion/SwordAndShield/IronLegion_SwordAndSh_0927220913_texture_metallic.uasset" 3761
"D:/Skald_TurnBasedStrategy_Code/Content/Blueprints/Character/SkaldFactions/Ironlegion/SwordAndShield/IronLegion_SwordAndSh_0927220913_texture_metallic.uexp" 3762
"D:/Skald_TurnBasedStrategy_Code/Content/Blueprints/Character/SkaldFactions/Ironlegion/SwordAndShield/IronLegion_SwordAndSh_0927220913_texture_roughness.ubulk" 3763
"D:/Skald_TurnBasedStrategy_Code/Content/Blueprints/Character/SkaldFactions/Ironlegion/SwordAndShield/IronLegion_SwordAndSh_0927220913_texture_roughness.uasset" 3764
"D:/Skald_TurnBasedStrategy_Code/Content/Blueprints/Character/SkaldFactions/Ironlegion/SwordAndShield/IronLegion_SwordAndSh_0927220913_texture_roughness.uexp" 3765
"D:/Skald_TurnBasedStrategy_Code/Content/Blueprints/Character/SkaldFactions/Ironlegion/SwordAndShield/IronLegion_SwordAndSh_0927220913_texture.ubulk" 3766
"D:/Skald_TurnBasedStrategy_Code/Content/Blueprints/Character/SkaldFactions/Ironlegion/SwordAndShield/IronLegion_SwordAndSh_0927220913_texture.uasset" 3767
"D:/Skald_TurnBasedStrategy_Code/Content/Blueprints/Character/SkaldFactions/Ironlegion/SwordAndShield/IronLegion_SwordAndSh_0927220913_texture.uexp" 3768
"D:/Skald_TurnBasedStrategy_Code/Content/Blueprints/Character/SkaldFactions/Ironlegion/SwordAndShield/IronLegion_SwordAndSh_0927220913_texture_normal.ubulk" 3769
"D:/Skald_TurnBasedStrategy_Code/Content/Blueprints/Character/SkaldFactions/Ironlegion/SwordAndShield/IronLegion_SwordAndSh_0927220913_texture_normal.uasset" 3770
"D:/Skald_TurnBasedStrategy_Code/Content/Blueprints/Character/SkaldFactions/Ironlegion/SwordAndShield/IronLegion_SwordAndSh_0927220913_texture_normal.uexp" 3771
"D:/Skald_TurnBasedStrategy_Code/Content/Blueprints/Character/SkaldFactions/Ironlegion/SwordAndShield/Material_012.uasset" 3772
"D:/Skald_TurnBasedStrategy_Code/Content/Blueprints/Character/SkaldFactions/Ironlegion/SwordAndShield/Material_012.uexp" 3773
"D:/Skald_TurnBasedStrategy_Code/Content/Blueprints/Character/SkaldFactions/Ironlegion/SwordAndShield/IronLegion_SwordAndSh_0927220913.ubulk" 3774
"D:/Skald_TurnBasedStrategy_Code/Content/Blueprints/Character/SkaldFactions/Ironlegion/SwordAndShield/IronLegion_SwordAndSh_0927220913.uasset" 3775
"D:/Skald_TurnBasedStrategy_Code/Content/Blueprints/Character/SkaldFactions/Ironlegion/SwordAndShield/IronLegion_SwordAndSh_0927220913.uexp" 3776
"D:/Skald_TurnBasedStrategy_Code/Content/Blueprints/Character/SkaldFactions/Ironlegion/IronLegion_SwordAndShield.uasset" 3777
"D:/Skald_TurnBasedStrategy_Code/Content/Blueprints/Character/SkaldFactions/Ironlegion/IronLegion_SwordAndShield.uexp" 3778
"D:/Skald_TurnBasedStrategy_Code/Content/Blueprints/Character/SkaldFactions/Orcs/AxenShield/Orc_AxenShield_Skald_0926074423_texture_roughness.ubulk" 3779
"D:/Skald_TurnBasedStrategy_Code/Content/Blueprints/Character/SkaldFactions/Orcs/AxenShield/Orc_AxenShield_Skald_0926074423_texture_roughness.uasset" 3780
"D:/Skald_TurnBasedStrategy_Code/Content/Blueprints/Character/SkaldFactions/Orcs/AxenShield/Orc_AxenShield_Skald_0926074423_texture_roughness.uexp" 3781
"D:/Skald_TurnBasedStrategy_Code/Content/Blueprints/Character/SkaldFactions/Orcs/AxenShield/Orc_AxenShield_Skald_0926074423_texture.ubulk" 3782
"D:/Skald_TurnBasedStrategy_Code/Content/Blueprints/Character/SkaldFactions/Orcs/AxenShield/Orc_AxenShield_Skald_0926074423_texture.uasset" 3783
"D:/Skald_TurnBasedStrategy_Code/Content/Blueprints/Character/SkaldFactions/Orcs/AxenShield/Orc_AxenShield_Skald_0926074423_texture.uexp" 3784
"D:/Skald_TurnBasedStrategy_Code/Content/Blueprints/Character/SkaldFactions/Orcs/AxenShield/Orc_AxenShield_Skald_0926074423_texture_normal.ubulk" 3785
"D:/Skald_TurnBasedStrategy_Code/Content/Blueprints/Character/SkaldFactions/Orcs/AxenShield/Orc_AxenShield_Skald_0926074423_texture_normal.uasset" 3786
"D:/Skald_TurnBasedStrategy_Code/Content/Blueprints/Character/SkaldFactions/Orcs/AxenShield/Orc_AxenShield_Skald_0926074423_texture_normal.uexp" 3787
"D:/Skald_TurnBasedStrategy_Code/Content/Blueprints/Character/SkaldFactions/Orcs/AxenShield/Orc_AxenShield_Skald_0926074423_texture_metallic.ubulk" 3788
"D:/Skald_TurnBasedStrategy_Code/Content/Blueprints/Character/SkaldFactions/Orcs/AxenShield/Orc_AxenShield_Skald_0926074423_texture_metallic.uasset" 3789
"D:/Skald_TurnBasedStrategy_Code/Content/Blueprints/Character/SkaldFactions/Orcs/AxenShield/Orc_AxenShield_Skald_0926074423_texture_metallic.uexp" 3790
"D:/Skald_TurnBasedStrategy_Code/Content/Blueprints/Character/SkaldFactions/Orcs/AxenShield/Material_015.uasset" 3791
"D:/Skald_TurnBasedStrategy_Code/Content/Blueprints/Character/SkaldFactions/Orcs/AxenShield/Material_015.uexp" 3792
"D:/Skald_TurnBasedStrategy_Code/Content/Blueprints/Character/SkaldFactions/Orcs/AxenShield/Orc_AxenShield_Skald_0926074423.ubulk" 3793
"D:/Skald_TurnBasedStrategy_Code/Content/Blueprints/Character/SkaldFactions/Orcs/AxenShield/Orc_AxenShield_Skald_0926074423.uasset" 3794
"D:/Skald_TurnBasedStrategy_Code/Content/Blueprints/Character/SkaldFactions/Orcs/AxenShield/Orc_AxenShield_Skald_0926074423.uexp" 3795
"D:/Skald_TurnBasedStrategy_Code/Content/Blueprints/Character/SkaldFactions/Orcs/Orc_AxenShield.uasset" 3796
"D:/Skald_TurnBasedStrategy_Code/Content/Blueprints/Character/SkaldFactions/Orcs/Orc_AxenShield.uexp" 3797
"D:/Skald_TurnBasedStrategy_Code/Content/Blueprints/Character/SkaldFactions/LizardFolk/2hSpear/LizardFolk_2hSpear_Sk_1011010524_texture_metallic.ubulk" 3798
"D:/Skald_TurnBasedStrategy_Code/Content/Blueprints/Character/SkaldFactions/LizardFolk/2hSpear/LizardFolk_2hSpear_Sk_1011010524_texture_metallic.uasset" 3799
"D:/Skald_TurnBasedStrategy_Code/Content/Blueprints/Character/SkaldFactions/LizardFolk/2hSpear/LizardFolk_2hSpear_Sk_1011010524_texture_metallic.uexp" 3800
"D:/Skald_TurnBasedStrategy_Code/Content/Blueprints/Character/SkaldFactions/LizardFolk/2hSpear/LizardFolk_2hSpear_Sk_1011010524_texture_normal.ubulk" 3801
"D:/Skald_TurnBasedStrategy_Code/Content/Blueprints/Character/SkaldFactions/LizardFolk/2hSpear/LizardFolk_2hSpear_Sk_1011010524_texture_normal.uasset" 3802
"D:/Skald_TurnBasedStrategy_Code/Content/Blueprints/Character/SkaldFactions/LizardFolk/2hSpear/LizardFolk_2hSpear_Sk_1011010524_texture_normal.uexp" 3803
"D:/Skald_TurnBasedStrategy_Code/Content/Blueprints/Character/SkaldFactions/LizardFolk/2hSpear/LizardFolk_2hSpear_Sk_1011010524_texture.ubulk" 3804
"D:/Skald_TurnBasedStrategy_Code/Content/Blueprints/Character/SkaldFactions/LizardFolk/2hSpear/LizardFolk_2hSpear_Sk_1011010524_texture.uasset" 3805
"D:/Skald_TurnBasedStrategy_Code/Content/Blueprints/Character/SkaldFactions/LizardFolk/2hSpear/LizardFolk_2hSpear_Sk_1011010524_texture.uexp" 3806
"D:/Skald_TurnBasedStrategy_Code/Content/Blueprints/Character/SkaldFactions/LizardFolk/2hSpear/LizardFolk_2hSpear_Sk_1011010524_texture_roughness.ubulk" 3807
"D:/Skald_TurnBasedStrategy_Code/Content/Blueprints/Character/SkaldFactions/LizardFolk/2hSpear/LizardFolk_2hSpear_Sk_1011010524_texture_roughness.uasset" 3808
"D:/Skald_TurnBasedStrategy_Code/Content/Blueprints/Character/SkaldFactions/LizardFolk/2hSpear/LizardFolk_2hSpear_Sk_1011010524_texture_roughness.uexp" 3809
"D:/Skald_TurnBasedStrategy_Code/Content/Blueprints/Character/SkaldFactions/LizardFolk/2hSpear/Material_007.uasset" 3810
"D:/Skald_TurnBasedStrategy_Code/Content/Blueprints/Character/SkaldFactions/LizardFolk/2hSpear/Material_007.uexp" 3811
"D:/Skald_TurnBasedStrategy_Code/Content/Blueprints/Character/SkaldFactions/LizardFolk/2hSpear/LizardFolk_2hSpear.ubulk" 3812
"D:/Skald_TurnBasedStrategy_Code/Content/Blueprints/Character/SkaldFactions/LizardFolk/2hSpear/LizardFolk_2hSpear.uasset" 3813
"D:/Skald_TurnBasedStrategy_Code/Content/Blueprints/Character/SkaldFactions/LizardFolk/2hSpear/LizardFolk_2hSpear.uexp" 3814
"D:/Skald_TurnBasedStrategy_Code/Content/Blueprints/Character/SkaldFactions/LizardFolk/LizardFolk_2hSpear.uasset" 3815
"D:/Skald_TurnBasedStrategy_Code/Content/Blueprints/Character/SkaldFactions/LizardFolk/LizardFolk_2hSpear.uexp" 3816
"D:/Skald_TurnBasedStrategy_Code/Content/Blueprints/Character/SkaldFactions/Ironlegion/MountedShield/IronLegion_MountedShi_0927220709_texture_metallic.ubulk" 3817
"D:/Skald_TurnBasedStrategy_Code/Content/Blueprints/Character/SkaldFactions/Ironlegion/MountedShield/IronLegion_MountedShi_0927220709_texture_metallic.uasset" 3818
"D:/Skald_TurnBasedStrategy_Code/Content/Blueprints/Character/SkaldFactions/Ironlegion/MountedShield/IronLegion_MountedShi_0927220709_texture_metallic.uexp" 3819
"D:/Skald_TurnBasedStrategy_Code/Content/Blueprints/Character/SkaldFactions/Ironlegion/MountedShield/IronLegion_MountedShi_0927220709_texture_normal.ubulk" 3820
"D:/Skald_TurnBasedStrategy_Code/Content/Blueprints/Character/SkaldFactions/Ironlegion/MountedShield/IronLegion_MountedShi_0927220709_texture_normal.uasset" 3821
"D:/Skald_TurnBasedStrategy_Code/Content/Blueprints/Character/SkaldFactions/Ironlegion/MountedShield/IronLegion_MountedShi_0927220709_texture_normal.uexp" 3822
"D:/Skald_TurnBasedStrategy_Code/Content/Blueprints/Character/SkaldFactions/Ironlegion/MountedShield/IronLegion_MountedShi_0927220709_texture_roughness.ubulk" 3823
"D:/Skald_TurnBasedStrategy_Code/Content/Blueprints/Character/SkaldFactions/Ironlegion/MountedShield/IronLegion_MountedShi_0927220709_texture_roughness.uasset" 3824
"D:/Skald_TurnBasedStrategy_Code/Content/Blueprints/Character/SkaldFactions/Ironlegion/MountedShield/IronLegion_MountedShi_0927220709_texture_roughness.uexp" 3825
"D:/Skald_TurnBasedStrategy_Code/Content/Blueprints/Character/SkaldFactions/Ironlegion/MountedShield/IronLegion_MountedShi_0927220709_texture.ubulk" 3826
"D:/Skald_TurnBasedStrategy_Code/Content/Blueprints/Character/SkaldFactions/Ironlegion/MountedShield/IronLegion_MountedShi_0927220709_texture.uasset" 3827
"D:/Skald_TurnBasedStrategy_Code/Content/Blueprints/Character/SkaldFactions/Ironlegion/MountedShield/IronLegion_MountedShi_0927220709_texture.uexp" 3828
"D:/Skald_TurnBasedStrategy_Code/Content/Blueprints/Character/SkaldFactions/Ironlegion/MountedShield/Material_007.uasset" 3829
"D:/Skald_TurnBasedStrategy_Code/Content/Blueprints/Character/SkaldFactions/Ironlegion/MountedShield/Material_007.uexp" 3830
"D:/Skald_TurnBasedStrategy_Code/Content/Blueprints/Character/SkaldFactions/Ironlegion/MountedShield/IronLegion_MountedShi_0927220709.ubulk" 3831
"D:/Skald_TurnBasedStrategy_Code/Content/Blueprints/Character/SkaldFactions/Ironlegion/MountedShield/IronLegion_MountedShi_0927220709.uasset" 3832
"D:/Skald_TurnBasedStrategy_Code/Content/Blueprints/Character/SkaldFactions/Ironlegion/MountedShield/IronLegion_MountedShi_0927220709.uexp" 3833
"D:/Skald_TurnBasedStrategy_Code/Content/Blueprints/Character/SkaldFactions/Ironlegion/IronLegion_MountedShield.uasset" 3834
"D:/Skald_TurnBasedStrategy_Code/Content/Blueprints/Character/SkaldFactions/Ironlegion/IronLegion_MountedShield.uexp" 3835
"D:/Skald_TurnBasedStrategy_Code/Content/Blueprints/Character/SkaldFactions/LizardFolk/Ziller/LizardFolk_Ziller_Ska_1011010629_texture_normal.ubulk" 3836
"D:/Skald_TurnBasedStrategy_Code/Content/Blueprints/Character/SkaldFactions/LizardFolk/Ziller/LizardFolk_Ziller_Ska_1011010629_texture_normal.uasset" 3837
"D:/Skald_TurnBasedStrategy_Code/Content/Blueprints/Character/SkaldFactions/LizardFolk/Ziller/LizardFolk_Ziller_Ska_1011010629_texture_normal.uexp" 3838
"D:/Skald_TurnBasedStrategy_Code/Content/Blueprints/Character/SkaldFactions/LizardFolk/Ziller/LizardFolk_Ziller_Ska_1011010629_texture_metallic.ubulk" 3839
"D:/Skald_TurnBasedStrategy_Code/Content/Blueprints/Character/SkaldFactions/LizardFolk/Ziller/LizardFolk_Ziller_Ska_1011010629_texture_metallic.uasset" 3840
"D:/Skald_TurnBasedStrategy_Code/Content/Blueprints/Character/SkaldFactions/LizardFolk/Ziller/LizardFolk_Ziller_Ska_1011010629_texture_metallic.uexp" 3841
"D:/Skald_TurnBasedStrategy_Code/Content/Blueprints/Character/SkaldFactions/LizardFolk/Ziller/LizardFolk_Ziller_Ska_1011010629_texture.ubulk" 3842
"D:/Skald_TurnBasedStrategy_Code/Content/Blueprints/Character/SkaldFactions/LizardFolk/Ziller/LizardFolk_Ziller_Ska_1011010629_texture.uasset" 3843
"D:/Skald_TurnBasedStrategy_Code/Content/Blueprints/Character/SkaldFactions/LizardFolk/Ziller/LizardFolk_Ziller_Ska_1011010629_texture.uexp" 3844
"D:/Skald_TurnBasedStrategy_Code/Content/Blueprints/Character/SkaldFactions/LizardFolk/Ziller/LizardFolk_Ziller_Ska_1011010629_texture_roughness.ubulk" 3845
"D:/Skald_TurnBasedStrategy_Code/Content/Blueprints/Character/SkaldFactions/LizardFolk/Ziller/LizardFolk_Ziller_Ska_1011010629_texture_roughness.uasset" 3846
"D:/Skald_TurnBasedStrategy_Code/Content/Blueprints/Character/SkaldFactions/LizardFolk/Ziller/LizardFolk_Ziller_Ska_1011010629_texture_roughness.uexp" 3847
"D:/Skald_TurnBasedStrategy_Code/Content/Blueprints/Character/SkaldFactions/LizardFolk/Ziller/Material_015.uasset" 3848
"D:/Skald_TurnBasedStrategy_Code/Content/Blueprints/Character/SkaldFactions/LizardFolk/Ziller/Material_015.uexp" 3849
"D:/Skald_TurnBasedStrategy_Code/Content/Blueprints/Character/SkaldFactions/LizardFolk/Ziller/LizardFolk_Ziller.ubulk" 3850
"D:/Skald_TurnBasedStrategy_Code/Content/Blueprints/Character/SkaldFactions/LizardFolk/Ziller/LizardFolk_Ziller.uasset" 3851
"D:/Skald_TurnBasedStrategy_Code/Content/Blueprints/Character/SkaldFactions/LizardFolk/Ziller/LizardFolk_Ziller.uexp" 3852
"D:/Skald_TurnBasedStrategy_Code/Content/Blueprints/Character/SkaldFactions/LizardFolk/LizardFolk_Ziller.uasset" 3853
"D:/Skald_TurnBasedStrategy_Code/Content/Blueprints/Character/SkaldFactions/LizardFolk/LizardFolk_Ziller.uexp" 3854
"D:/Skald_TurnBasedStrategy_Code/Content/Blueprints/Character/SkaldFactions/Humans/2hAxe/HumanKnight_2hAxe_Ska_0926074653_texture.ubulk" 3855
"D:/Skald_TurnBasedStrategy_Code/Content/Blueprints/Character/SkaldFactions/Humans/2hAxe/HumanKnight_2hAxe_Ska_0926074653_texture.uasset" 3856
"D:/Skald_TurnBasedStrategy_Code/Content/Blueprints/Character/SkaldFactions/Humans/2hAxe/HumanKnight_2hAxe_Ska_0926074653_texture.uexp" 3857
"D:/Skald_TurnBasedStrategy_Code/Content/Blueprints/Character/SkaldFactions/Humans/2hAxe/HumanKnight_2hAxe_Ska_0926074653_texture_roughness.ubulk" 3858
"D:/Skald_TurnBasedStrategy_Code/Content/Blueprints/Character/SkaldFactions/Humans/2hAxe/HumanKnight_2hAxe_Ska_0926074653_texture_roughness.uasset" 3859
"D:/Skald_TurnBasedStrategy_Code/Content/Blueprints/Character/SkaldFactions/Humans/2hAxe/HumanKnight_2hAxe_Ska_0926074653_texture_roughness.uexp" 3860
"D:/Skald_TurnBasedStrategy_Code/Content/Blueprints/Character/SkaldFactions/Humans/2hAxe/HumanKnight_2hAxe_Ska_0926074653_texture_normal.ubulk" 3861
"D:/Skald_TurnBasedStrategy_Code/Content/Blueprints/Character/SkaldFactions/Humans/2hAxe/HumanKnight_2hAxe_Ska_0926074653_texture_normal.uasset" 3862
"D:/Skald_TurnBasedStrategy_Code/Content/Blueprints/Character/SkaldFactions/Humans/2hAxe/HumanKnight_2hAxe_Ska_0926074653_texture_normal.uexp" 3863
"D:/Skald_TurnBasedStrategy_Code/Content/Blueprints/Character/SkaldFactions/Humans/2hAxe/HumanKnight_2hAxe_Ska_0926074653_texture_metallic.ubulk" 3864
"D:/Skald_TurnBasedStrategy_Code/Content/Blueprints/Character/SkaldFactions/Humans/2hAxe/HumanKnight_2hAxe_Ska_0926074653_texture_metallic.uasset" 3865
"D:/Skald_TurnBasedStrategy_Code/Content/Blueprints/Character/SkaldFactions/Humans/2hAxe/HumanKnight_2hAxe_Ska_0926074653_texture_metallic.uexp" 3866
"D:/Skald_TurnBasedStrategy_Code/Content/Blueprints/Character/SkaldFactions/Humans/2hAxe/Material_027.uasset" 3867
"D:/Skald_TurnBasedStrategy_Code/Content/Blueprints/Character/SkaldFactions/Humans/2hAxe/Material_027.uexp" 3868
"D:/Skald_TurnBasedStrategy_Code/Content/Blueprints/Character/SkaldFactions/Humans/2hAxe/HumanKnight_2hAxe_Ska.ubulk" 3869
"D:/Skald_TurnBasedStrategy_Code/Content/Blueprints/Character/SkaldFactions/Humans/2hAxe/HumanKnight_2hAxe_Ska.uasset" 3870
"D:/Skald_TurnBasedStrategy_Code/Content/Blueprints/Character/SkaldFactions/Humans/2hAxe/HumanKnight_2hAxe_Ska.uexp" 3871
"D:/Skald_TurnBasedStrategy_Code/Content/Blueprints/Character/SkaldFactions/Humans/Human_2hAxe.uasset" 3872
"D:/Skald_TurnBasedStrategy_Code/Content/Blueprints/Character/SkaldFactions/Humans/Human_2hAxe.uexp" 3873
"D:/Skald_TurnBasedStrategy_Code/Content/Blueprints/Character/SkaldFactions/Undead/2hMace/Undead_2hFlail_Skald_0926074830_tex.ubulk" 3874
"D:/Skald_TurnBasedStrategy_Code/Content/Blueprints/Character/SkaldFactions/Undead/2hMace/Undead_2hFlail_Skald_0926074830_tex.uasset" 3875
"D:/Skald_TurnBasedStrategy_Code/Content/Blueprints/Character/SkaldFactions/Undead/2hMace/Undead_2hFlail_Skald_0926074830_tex.uexp" 3876
"D:/Skald_TurnBasedStrategy_Code/Content/Blueprints/Character/SkaldFactions/Undead/2hMace/Undead_2hFlail_Skald_0926074830_texture_metallic.ubulk" 3877
"D:/Skald_TurnBasedStrategy_Code/Content/Blueprints/Character/SkaldFactions/Undead/2hMace/Undead_2hFlail_Skald_0926074830_texture_metallic.uasset" 3878
"D:/Skald_TurnBasedStrategy_Code/Content/Blueprints/Character/SkaldFactions/Undead/2hMace/Undead_2hFlail_Skald_0926074830_texture_metallic.uexp" 3879
"D:/Skald_TurnBasedStrategy_Code/Content/Blueprints/Character/SkaldFactions/Undead/2hMace/Undead_2hFlail_Skald_0926074830_texture_normal.ubulk" 3880
"D:/Skald_TurnBasedStrategy_Code/Content/Blueprints/Character/SkaldFactions/Undead/2hMace/Undead_2hFlail_Skald_0926074830_texture_normal.uasset" 3881
"D:/Skald_TurnBasedStrategy_Code/Content/Blueprints/Character/SkaldFactions/Undead/2hMace/Undead_2hFlail_Skald_0926074830_texture_normal.uexp" 3882
"D:/Skald_TurnBasedStrategy_Code/Content/Blueprints/Character/SkaldFactions/Undead/2hMace/Undead_2hFlail_Skald_0926074830_texture_roughness.ubulk" 3883
"D:/Skald_TurnBasedStrategy_Code/Content/Blueprints/Character/SkaldFactions/Undead/2hMace/Undead_2hFlail_Skald_0926074830_texture_roughness.uasset" 3884
"D:/Skald_TurnBasedStrategy_Code/Content/Blueprints/Character/SkaldFactions/Undead/2hMace/Undead_2hFlail_Skald_0926074830_texture_roughness.uexp" 3885
"D:/Skald_TurnBasedStrategy_Code/Content/Blueprints/Character/SkaldFactions/Undead/2hMace/Material_009.uasset" 3886
"D:/Skald_TurnBasedStrategy_Code/Content/Blueprints/Character/SkaldFactions/Undead/2hMace/Material_009.uexp" 3887
"D:/Skald_TurnBasedStrategy_Code/Content/Blueprints/Character/SkaldFactions/Undead/2hMace/Undead_2hFlail_Skald_0926074830_texture.ubulk" 3888
"D:/Skald_TurnBasedStrategy_Code/Content/Blueprints/Character/SkaldFactions/Undead/2hMace/Undead_2hFlail_Skald_0926074830_texture.uasset" 3889
"D:/Skald_TurnBasedStrategy_Code/Content/Blueprints/Character/SkaldFactions/Undead/2hMace/Undead_2hFlail_Skald_0926074830_texture.uexp" 3890
"D:/Skald_TurnBasedStrategy_Code/Content/Blueprints/Character/SkaldFactions/Undead/Undead_2hMace.uasset" 3891
"D:/Skald_TurnBasedStrategy_Code/Content/Blueprints/Character/SkaldFactions/Undead/Undead_2hMace.uexp" 3892
"D:/Skald_TurnBasedStrategy_Code/Content/Blueprints/Character/SkaldFactions/RavPack/2hSword/Skald_RavPack_2hSword_1015210846_texture_normal.ubulk" 3893
"D:/Skald_TurnBasedStrategy_Code/Content/Blueprints/Character/SkaldFactions/RavPack/2hSword/Skald_RavPack_2hSword_1015210846_texture_normal.uasset" 3894
"D:/Skald_TurnBasedStrategy_Code/Content/Blueprints/Character/SkaldFactions/RavPack/2hSword/Skald_RavPack_2hSword_1015210846_texture_normal.uexp" 3895
"D:/Skald_TurnBasedStrategy_Code/Content/Blueprints/Character/SkaldFactions/RavPack/2hSword/Skald_RavPack_2hSword_1015210846_texture_roughness.ubulk" 3896
"D:/Skald_TurnBasedStrategy_Code/Content/Blueprints/Character/SkaldFactions/RavPack/2hSword/Skald_RavPack_2hSword_1015210846_texture_roughness.uasset" 3897
"D:/Skald_TurnBasedStrategy_Code/Content/Blueprints/Character/SkaldFactions/RavPack/2hSword/Skald_RavPack_2hSword_1015210846_texture_roughness.uexp" 3898
"D:/Skald_TurnBasedStrategy_Code/Content/Blueprints/Character/SkaldFactions/RavPack/2hSword/Skald_RavPack_2hSword_1015210846_texture.ubulk" 3899
"D:/Skald_TurnBasedStrategy_Code/Content/Blueprints/Character/SkaldFactions/RavPack/2hSword/Skald_RavPack_2hSword_1015210846_texture.uasset" 3900
"D:/Skald_TurnBasedStrategy_Code/Content/Blueprints/Character/SkaldFactions/RavPack/2hSword/Skald_RavPack_2hSword_1015210846_texture.uexp" 3901
"D:/Skald_TurnBasedStrategy_Code/Content/Blueprints/Character/SkaldFactions/RavPack/2hSword/Skald_RavPack_2hSword_1015210846_texture_metallic.ubulk" 3902
"D:/Skald_TurnBasedStrategy_Code/Content/Blueprints/Character/SkaldFactions/RavPack/2hSword/Skald_RavPack_2hSword_1015210846_texture_metallic.uasset" 3903
"D:/Skald_TurnBasedStrategy_Code/Content/Blueprints/Character/SkaldFactions/RavPack/2hSword/Skald_RavPack_2hSword_1015210846_texture_metallic.uexp" 3904
"D:/Skald_TurnBasedStrategy_Code/Content/Blueprints/Character/SkaldFactions/RavPack/2hSword/Material_002.uasset" 3905
"D:/Skald_TurnBasedStrategy_Code/Content/Blueprints/Character/SkaldFactions/RavPack/2hSword/Material_002.uexp" 3906
"D:/Skald_TurnBasedStrategy_Code/Content/Blueprints/Character/SkaldFactions/RavPack/2hSword/Skald_RavPack_2hSword.ubulk" 3907
"D:/Skald_TurnBasedStrategy_Code/Content/Blueprints/Character/SkaldFactions/RavPack/2hSword/Skald_RavPack_2hSword.uasset" 3908
"D:/Skald_TurnBasedStrategy_Code/Content/Blueprints/Character/SkaldFactions/RavPack/2hSword/Skald_RavPack_2hSword.uexp" 3909
"D:/Skald_TurnBasedStrategy_Code/Content/Blueprints/Character/SkaldFactions/RavPack/RavPack_2hSword.uasset" 3910
"D:/Skald_TurnBasedStrategy_Code/Content/Blueprints/Character/SkaldFactions/RavPack/RavPack_2hSword.uexp" 3911
"D:/Skald_TurnBasedStrategy_Code/Content/Blueprints/Character/SkaldFactions/Gnolls/MountedSpear/Gnoll_Mounted_Spear_S_0927022008_texture_roughness.ubulk" 3912
"D:/Skald_TurnBasedStrategy_Code/Content/Blueprints/Character/SkaldFactions/Gnolls/MountedSpear/Gnoll_Mounted_Spear_S_0927022008_texture_roughness.uasset" 3913
"D:/Skald_TurnBasedStrategy_Code/Content/Blueprints/Character/SkaldFactions/Gnolls/MountedSpear/Gnoll_Mounted_Spear_S_0927022008_texture_roughness.uexp" 3914
"D:/Skald_TurnBasedStrategy_Code/Content/Blueprints/Character/SkaldFactions/Gnolls/MountedSpear/Gnoll_Mounted_Spear_S_0927022008_texture.ubulk" 3915
"D:/Skald_TurnBasedStrategy_Code/Content/Blueprints/Character/SkaldFactions/Gnolls/MountedSpear/Gnoll_Mounted_Spear_S_0927022008_texture.uasset" 3916
"D:/Skald_TurnBasedStrategy_Code/Content/Blueprints/Character/SkaldFactions/Gnolls/MountedSpear/Gnoll_Mounted_Spear_S_0927022008_texture.uexp" 3917
"D:/Skald_TurnBasedStrategy_Code/Content/Blueprints/Character/SkaldFactions/Gnolls/MountedSpear/Gnoll_Mounted_Spear_S_0927022008_texture_metallic.ubulk" 3918
"D:/Skald_TurnBasedStrategy_Code/Content/Blueprints/Character/SkaldFactions/Gnolls/MountedSpear/Gnoll_Mounted_Spear_S_0927022008_texture_metallic.uasset" 3919
"D:/Skald_TurnBasedStrategy_Code/Content/Blueprints/Character/SkaldFactions/Gnolls/MountedSpear/Gnoll_Mounted_Spear_S_0927022008_texture_metallic.uexp" 3920
"D:/Skald_TurnBasedStrategy_Code/Content/Blueprints/Character/SkaldFactions/Gnolls/MountedSpear/Gnoll_Mounted_Spear_S_0927022008_texture_normal.ubulk" 3921
"D:/Skald_TurnBasedStrategy_Code/Content/Blueprints/Character/SkaldFactions/Gnolls/MountedSpear/Gnoll_Mounted_Spear_S_0927022008_texture_normal.uasset" 3922
"D:/Skald_TurnBasedStrategy_Code/Content/Blueprints/Character/SkaldFactions/Gnolls/MountedSpear/Gnoll_Mounted_Spear_S_0927022008_texture_normal.uexp" 3923
"D:/Skald_TurnBasedStrategy_Code/Content/Blueprints/Character/SkaldFactions/Gnolls/MountedSpear/Material_010.uasset" 3924
"D:/Skald_TurnBasedStrategy_Code/Content/Blueprints/Character/SkaldFactions/Gnolls/MountedSpear/Material_010.uexp" 3925
"D:/Skald_TurnBasedStrategy_Code/Content/Blueprints/Character/SkaldFactions/Gnolls/MountedSpear/Gnoll_Mounted_Spear_S.ubulk" 3926
"D:/Skald_TurnBasedStrategy_Code/Content/Blueprints/Character/SkaldFactions/Gnolls/MountedSpear/Gnoll_Mounted_Spear_S.uasset" 3927
"D:/Skald_TurnBasedStrategy_Code/Content/Blueprints/Character/SkaldFactions/Gnolls/MountedSpear/Gnoll_Mounted_Spear_S.uexp" 3928
"D:/Skald_TurnBasedStrategy_Code/Content/Blueprints/Character/SkaldFactions/Gnolls/Gnoll_MountedSpear.uasset" 3929
"D:/Skald_TurnBasedStrategy_Code/Content/Blueprints/Character/SkaldFactions/Gnolls/Gnoll_MountedSpear.uexp" 3930
"D:/Skald_TurnBasedStrategy_Code/Content/Blueprints/Character/SkaldFactions/Humans/Archer/HumanKnight_Archer_Sk_0926074713_texture_roughness.ubulk" 3931
"D:/Skald_TurnBasedStrategy_Code/Content/Blueprints/Character/SkaldFactions/Humans/Archer/HumanKnight_Archer_Sk_0926074713_texture_roughness.uasset" 3932
"D:/Skald_TurnBasedStrategy_Code/Content/Blueprints/Character/SkaldFactions/Humans/Archer/HumanKnight_Archer_Sk_0926074713_texture_roughness.uexp" 3933
"D:/Skald_TurnBasedStrategy_Code/Content/Blueprints/Character/SkaldFactions/Humans/Archer/HumanKnight_Archer_Sk_0926074713_texture_metallic.ubulk" 3934
"D:/Skald_TurnBasedStrategy_Code/Content/Blueprints/Character/SkaldFactions/Humans/Archer/HumanKnight_Archer_Sk_0926074713_texture_metallic.uasset" 3935
"D:/Skald_TurnBasedStrategy_Code/Content/Blueprints/Character/SkaldFactions/Humans/Archer/HumanKnight_Archer_Sk_0926074713_texture_metallic.uexp" 3936
"D:/Skald_TurnBasedStrategy_Code/Content/Blueprints/Character/SkaldFactions/Humans/Archer/HumanKnight_Archer_Sk_0926074713_texture.ubulk" 3937
"D:/Skald_TurnBasedStrategy_Code/Content/Blueprints/Character/SkaldFactions/Humans/Archer/HumanKnight_Archer_Sk_0926074713_texture.uasset" 3938
"D:/Skald_TurnBasedStrategy_Code/Content/Blueprints/Character/SkaldFactions/Humans/Archer/HumanKnight_Archer_Sk_0926074713_texture.uexp" 3939
"D:/Skald_TurnBasedStrategy_Code/Content/Blueprints/Character/SkaldFactions/Humans/Archer/HumanKnight_Archer_Sk_0926074713_texture_normal.ubulk" 3940
"D:/Skald_TurnBasedStrategy_Code/Content/Blueprints/Character/SkaldFactions/Humans/Archer/HumanKnight_Archer_Sk_0926074713_texture_normal.uasset" 3941
"D:/Skald_TurnBasedStrategy_Code/Content/Blueprints/Character/SkaldFactions/Humans/Archer/HumanKnight_Archer_Sk_0926074713_texture_normal.uexp" 3942
"D:/Skald_TurnBasedStrategy_Code/Content/Blueprints/Character/SkaldFactions/Humans/Archer/Material_025.uasset" 3943
"D:/Skald_TurnBasedStrategy_Code/Content/Blueprints/Character/SkaldFactions/Humans/Archer/Material_025.uexp" 3944
"D:/Skald_TurnBasedStrategy_Code/Content/Blueprints/Character/SkaldFactions/Humans/Archer/HumanKnight_Archer_Sk_.ubulk" 3945
"D:/Skald_TurnBasedStrategy_Code/Content/Blueprints/Character/SkaldFactions/Humans/Archer/HumanKnight_Archer_Sk_.uasset" 3946
"D:/Skald_TurnBasedStrategy_Code/Content/Blueprints/Character/SkaldFactions/Humans/Archer/HumanKnight_Archer_Sk_.uexp" 3947
"D:/Skald_TurnBasedStrategy_Code/Content/Blueprints/Character/SkaldFactions/Humans/Human_Archer.uasset" 3948
"D:/Skald_TurnBasedStrategy_Code/Content/Blueprints/Character/SkaldFactions/Humans/Human_Archer.uexp" 3949
"D:/Skald_TurnBasedStrategy_Code/Content/Blueprints/Character/SkaldFactions/Inflicted/Mage/Inflicted_Mage_Skald_1011005238_texture_normal.ubulk" 3950
"D:/Skald_TurnBasedStrategy_Code/Content/Blueprints/Character/SkaldFactions/Inflicted/Mage/Inflicted_Mage_Skald_1011005238_texture_normal.uasset" 3951
"D:/Skald_TurnBasedStrategy_Code/Content/Blueprints/Character/SkaldFactions/Inflicted/Mage/Inflicted_Mage_Skald_1011005238_texture_normal.uexp" 3952
"D:/Skald_TurnBasedStrategy_Code/Content/Blueprints/Character/SkaldFactions/Inflicted/Mage/Inflicted_Mage_Skald_1011005238_texture_roughness.ubulk" 3953
"D:/Skald_TurnBasedStrategy_Code/Content/Blueprints/Character/SkaldFactions/Inflicted/Mage/Inflicted_Mage_Skald_1011005238_texture_roughness.uasset" 3954
"D:/Skald_TurnBasedStrategy_Code/Content/Blueprints/Character/SkaldFactions/Inflicted/Mage/Inflicted_Mage_Skald_1011005238_texture_roughness.uexp" 3955
"D:/Skald_TurnBasedStrategy_Code/Content/Blueprints/Character/SkaldFactions/Inflicted/Mage/Inflicted_Mage_Skald_1011005238_texture_metallic.ubulk" 3956
"D:/Skald_TurnBasedStrategy_Code/Content/Blueprints/Character/SkaldFactions/Inflicted/Mage/Inflicted_Mage_Skald_1011005238_texture_metallic.uasset" 3957
"D:/Skald_TurnBasedStrategy_Code/Content/Blueprints/Character/SkaldFactions/Inflicted/Mage/Inflicted_Mage_Skald_1011005238_texture_metallic.uexp" 3958
"D:/Skald_TurnBasedStrategy_Code/Content/Blueprints/Character/SkaldFactions/Inflicted/Mage/Inflicted_Mage_Skald_1011005238_texture.ubulk" 3959
"D:/Skald_TurnBasedStrategy_Code/Content/Blueprints/Character/SkaldFactions/Inflicted/Mage/Inflicted_Mage_Skald_1011005238_texture.uasset" 3960
"D:/Skald_TurnBasedStrategy_Code/Content/Blueprints/Character/SkaldFactions/Inflicted/Mage/Inflicted_Mage_Skald_1011005238_texture.uexp" 3961
"D:/Skald_TurnBasedStrategy_Code/Content/Blueprints/Character/SkaldFactions/Inflicted/Mage/Material_013.uasset" 3962
"D:/Skald_TurnBasedStrategy_Code/Content/Blueprints/Character/SkaldFactions/Inflicted/Mage/Material_013.uexp" 3963
"D:/Skald_TurnBasedStrategy_Code/Content/Blueprints/Character/SkaldFactions/Inflicted/Mage/Inflicted_Mage_Skald.ubulk" 3964
"D:/Skald_TurnBasedStrategy_Code/Content/Blueprints/Character/SkaldFactions/Inflicted/Mage/Inflicted_Mage_Skald.uasset" 3965
"D:/Skald_TurnBasedStrategy_Code/Content/Blueprints/Character/SkaldFactions/Inflicted/Mage/Inflicted_Mage_Skald.uexp" 3966
"D:/Skald_TurnBasedStrategy_Code/Content/Blueprints/Character/SkaldFactions/Inflicted/Inflicted_Mage.uasset" 3967
"D:/Skald_TurnBasedStrategy_Code/Content/Blueprints/Character/SkaldFactions/Inflicted/Inflicted_Mage.uexp" 3968
"D:/Skald_TurnBasedStrategy_Code/Content/Blueprints/Character/SkaldFactions/RavPack/2hSpear/Skald_RavPack_2hSpear_1015211058_texture_normal.ubulk" 3969
"D:/Skald_TurnBasedStrategy_Code/Content/Blueprints/Character/SkaldFactions/RavPack/2hSpear/Skald_RavPack_2hSpear_1015211058_texture_normal.uasset" 3970
"D:/Skald_TurnBasedStrategy_Code/Content/Blueprints/Character/SkaldFactions/RavPack/2hSpear/Skald_RavPack_2hSpear_1015211058_texture_normal.uexp" 3971
"D:/Skald_TurnBasedStrategy_Code/Content/Blueprints/Character/SkaldFactions/RavPack/2hSpear/Skald_RavPack_2hSpear_1015211058_texture.ubulk" 3972
"D:/Skald_TurnBasedStrategy_Code/Content/Blueprints/Character/SkaldFactions/RavPack/2hSpear/Skald_RavPack_2hSpear_1015211058_texture.uasset" 3973
"D:/Skald_TurnBasedStrategy_Code/Content/Blueprints/Character/SkaldFactions/RavPack/2hSpear/Skald_RavPack_2hSpear_1015211058_texture.uexp" 3974
"D:/Skald_TurnBasedStrategy_Code/Content/Blueprints/Character/SkaldFactions/RavPack/2hSpear/Skald_RavPack_2hSpear_1015211058_texture_metallic.ubulk" 3975
"D:/Skald_TurnBasedStrategy_Code/Content/Blueprints/Character/SkaldFactions/RavPack/2hSpear/Skald_RavPack_2hSpear_1015211058_texture_metallic.uasset" 3976
"D:/Skald_TurnBasedStrategy_Code/Content/Blueprints/Character/SkaldFactions/RavPack/2hSpear/Skald_RavPack_2hSpear_1015211058_texture_metallic.uexp" 3977
"D:/Skald_TurnBasedStrategy_Code/Content/Blueprints/Character/SkaldFactions/RavPack/2hSpear/Skald_RavPack_2hSpear_1015211058_texture_roughness.ubulk" 3978
"D:/Skald_TurnBasedStrategy_Code/Content/Blueprints/Character/SkaldFactions/RavPack/2hSpear/Skald_RavPack_2hSpear_1015211058_texture_roughness.uasset" 3979
"D:/Skald_TurnBasedStrategy_Code/Content/Blueprints/Character/SkaldFactions/RavPack/2hSpear/Skald_RavPack_2hSpear_1015211058_texture_roughness.uexp" 3980
"D:/Skald_TurnBasedStrategy_Code/Content/Blueprints/Character/SkaldFactions/RavPack/2hSpear/Material_003.uasset" 3981
"D:/Skald_TurnBasedStrategy_Code/Content/Blueprints/Character/SkaldFactions/RavPack/2hSpear/Material_003.uexp" 3982
"D:/Skald_TurnBasedStrategy_Code/Content/Blueprints/Character/SkaldFactions/RavPack/2hSpear/Skald_RavPack_2hSpear.ubulk" 3983
"D:/Skald_TurnBasedStrategy_Code/Content/Blueprints/Character/SkaldFactions/RavPack/2hSpear/Skald_RavPack_2hSpear.uasset" 3984
"D:/Skald_TurnBasedStrategy_Code/Content/Blueprints/Character/SkaldFactions/RavPack/2hSpear/Skald_RavPack_2hSpear.uexp" 3985
"D:/Skald_TurnBasedStrategy_Code/Content/Blueprints/Character/SkaldFactions/RavPack/RavPack_2hSpear.uasset" 3986
"D:/Skald_TurnBasedStrategy_Code/Content/Blueprints/Character/SkaldFactions/RavPack/RavPack_2hSpear.uexp" 3987
"D:/Skald_TurnBasedStrategy_Code/Content/Blueprints/Character/SkaldFactions/Undead/SwordAndShield/Undead_SwordnShield_S_0926074808_texture_roughness.ubulk" 3988
"D:/Skald_TurnBasedStrategy_Code/Content/Blueprints/Character/SkaldFactions/Undead/SwordAndShield/Undead_SwordnShield_S_0926074808_texture_roughness.uasset" 3989
"D:/Skald_TurnBasedStrategy_Code/Content/Blueprints/Character/SkaldFactions/Undead/SwordAndShield/Undead_SwordnShield_S_0926074808_texture_roughness.uexp" 3990
"D:/Skald_TurnBasedStrategy_Code/Content/Blueprints/Character/SkaldFactions/Undead/SwordAndShield/Undead_SwordnShield_S_0926074808_texture_normal.ubulk" 3991
"D:/Skald_TurnBasedStrategy_Code/Content/Blueprints/Character/SkaldFactions/Undead/SwordAndShield/Undead_SwordnShield_S_0926074808_texture_normal.uasset" 3992
"D:/Skald_TurnBasedStrategy_Code/Content/Blueprints/Character/SkaldFactions/Undead/SwordAndShield/Undead_SwordnShield_S_0926074808_texture_normal.uexp" 3993
"D:/Skald_TurnBasedStrategy_Code/Content/Blueprints/Character/SkaldFactions/Undead/SwordAndShield/Undead_SwordnShield_S_0926074808_texture_metallic.ubulk" 3994
"D:/Skald_TurnBasedStrategy_Code/Content/Blueprints/Character/SkaldFactions/Undead/SwordAndShield/Undead_SwordnShield_S_0926074808_texture_metallic.uasset" 3995
"D:/Skald_TurnBasedStrategy_Code/Content/Blueprints/Character/SkaldFactions/Undead/SwordAndShield/Undead_SwordnShield_S_0926074808_texture_metallic.uexp" 3996
"D:/Skald_TurnBasedStrategy_Code/Content/Blueprints/Character/SkaldFactions/Undead/SwordAndShield/Undead_SwordnShield_S_Texture.ubulk" 3997
"D:/Skald_TurnBasedStrategy_Code/Content/Blueprints/Character/SkaldFactions/Undead/SwordAndShield/Undead_SwordnShield_S_Texture.uasset" 3998
"D:/Skald_TurnBasedStrategy_Code/Content/Blueprints/Character/SkaldFactions/Undead/SwordAndShield/Undead_SwordnShield_S_Texture.uexp" 3999
"D:/Skald_TurnBasedStrategy_Code/Content/Blueprints/Character/SkaldFactions/Undead/SwordAndShield/Material_001.uasset" 4000
"D:/Skald_TurnBasedStrategy_Code/Content/Blueprints/Character/SkaldFactions/Undead/SwordAndShield/Material_001.uexp" 4001
"D:/Skald_TurnBasedStrategy_Code/Content/Blueprints/Character/SkaldFactions/Undead/SwordAndShield/Undead_SwordnShield_S_0926074808_texture.ubulk" 4002
"D:/Skald_TurnBasedStrategy_Code/Content/Blueprints/Character/SkaldFactions/Undead/SwordAndShield/Undead_SwordnShield_S_0926074808_texture.uasset" 4003
"D:/Skald_TurnBasedStrategy_Code/Content/Blueprints/Character/SkaldFactions/Undead/SwordAndShield/Undead_SwordnShield_S_0926074808_texture.uexp" 4004
"D:/Skald_TurnBasedStrategy_Code/Content/Blueprints/Character/SkaldFactions/Undead/Undead_SwordAndShield.uasset" 4005
"D:/Skald_TurnBasedStrategy_Code/Content/Blueprints/Character/SkaldFactions/Undead/Undead_SwordAndShield.uexp" 4006
"D:/Skald_TurnBasedStrategy_Code/Content/Blueprints/Character/SkaldFactions/Dwarves/2hMace/Dwarf_2hHammer_Skald_0926073507_texture_normal.ubulk" 4007
"D:/Skald_TurnBasedStrategy_Code/Content/Blueprints/Character/SkaldFactions/Dwarves/2hMace/Dwarf_2hHammer_Skald_0926073507_texture_normal.uasset" 4008
"D:/Skald_TurnBasedStrategy_Code/Content/Blueprints/Character/SkaldFactions/Dwarves/2hMace/Dwarf_2hHammer_Skald_0926073507_texture_normal.uexp" 4009
"D:/Skald_TurnBasedStrategy_Code/Content/Blueprints/Character/SkaldFactions/Dwarves/2hMace/Dwarf_2hHammer_Skald_0926073507_texture_roughness.ubulk" 4010
"D:/Skald_TurnBasedStrategy_Code/Content/Blueprints/Character/SkaldFactions/Dwarves/2hMace/Dwarf_2hHammer_Skald_0926073507_texture_roughness.uasset" 4011
"D:/Skald_TurnBasedStrategy_Code/Content/Blueprints/Character/SkaldFactions/Dwarves/2hMace/Dwarf_2hHammer_Skald_0926073507_texture_roughness.uexp" 4012
"D:/Skald_TurnBasedStrategy_Code/Content/Blueprints/Character/SkaldFactions/Dwarves/2hMace/Dwarf_2hHammer_Skald_0926073507_texture.ubulk" 4013
"D:/Skald_TurnBasedStrategy_Code/Content/Blueprints/Character/SkaldFactions/Dwarves/2hMace/Dwarf_2hHammer_Skald_0926073507_texture.uasset" 4014
"D:/Skald_TurnBasedStrategy_Code/Content/Blueprints/Character/SkaldFactions/Dwarves/2hMace/Dwarf_2hHammer_Skald_0926073507_texture.uexp" 4015
"D:/Skald_TurnBasedStrategy_Code/Content/Blueprints/Character/SkaldFactions/Dwarves/2hMace/Dwarf_2hHammer_Skald_0926073507_texture_metallic.ubulk" 4016
"D:/Skald_TurnBasedStrategy_Code/Content/Blueprints/Character/SkaldFactions/Dwarves/2hMace/Dwarf_2hHammer_Skald_0926073507_texture_metallic.uasset" 4017
"D:/Skald_TurnBasedStrategy_Code/Content/Blueprints/Character/SkaldFactions/Dwarves/2hMace/Dwarf_2hHammer_Skald_0926073507_texture_metallic.uexp" 4018
"D:/Skald_TurnBasedStrategy_Code/Content/Blueprints/Character/SkaldFactions/Dwarves/2hMace/Material_013.uasset" 4019
"D:/Skald_TurnBasedStrategy_Code/Content/Blueprints/Character/SkaldFactions/Dwarves/2hMace/Material_013.uexp" 4020
"D:/Skald_TurnBasedStrategy_Code/Content/Blueprints/Character/SkaldFactions/Dwarves/2hMace/Dwarf_2hHammer_Skald_092607350.ubulk" 4021
"D:/Skald_TurnBasedStrategy_Code/Content/Blueprints/Character/SkaldFactions/Dwarves/2hMace/Dwarf_2hHammer_Skald_092607350.uasset" 4022
"D:/Skald_TurnBasedStrategy_Code/Content/Blueprints/Character/SkaldFactions/Dwarves/2hMace/Dwarf_2hHammer_Skald_092607350.uexp" 4023
"D:/Skald_TurnBasedStrategy_Code/Content/Blueprints/Character/SkaldFactions/Dwarves/Dwarf_2hMace.uasset" 4024
"D:/Skald_TurnBasedStrategy_Code/Content/Blueprints/Character/SkaldFactions/Dwarves/Dwarf_2hMace.uexp" 4025
"D:/Skald_TurnBasedStrategy_Code/Content/Blueprints/Character/SkaldFactions/Elves/Mage/Elf_Mage_Skald_0927023120_texture_normal.ubulk" 4026
"D:/Skald_TurnBasedStrategy_Code/Content/Blueprints/Character/SkaldFactions/Elves/Mage/Elf_Mage_Skald_0927023120_texture_normal.uasset" 4027
"D:/Skald_TurnBasedStrategy_Code/Content/Blueprints/Character/SkaldFactions/Elves/Mage/Elf_Mage_Skald_0927023120_texture_normal.uexp" 4028
"D:/Skald_TurnBasedStrategy_Code/Content/Blueprints/Character/SkaldFactions/Elves/Mage/Elf_Mage_Skald_0927023120_texture.ubulk" 4029
"D:/Skald_TurnBasedStrategy_Code/Content/Blueprints/Character/SkaldFactions/Elves/Mage/Elf_Mage_Skald_0927023120_texture.uasset" 4030
"D:/Skald_TurnBasedStrategy_Code/Content/Blueprints/Character/SkaldFactions/Elves/Mage/Elf_Mage_Skald_0927023120_texture.uexp" 4031
"D:/Skald_TurnBasedStrategy_Code/Content/Blueprints/Character/SkaldFactions/Elves/Mage/Elf_Mage_Skald_0927023120_texture_metallic.ubulk" 4032
"D:/Skald_TurnBasedStrategy_Code/Content/Blueprints/Character/SkaldFactions/Elves/Mage/Elf_Mage_Skald_0927023120_texture_metallic.uasset" 4033
"D:/Skald_TurnBasedStrategy_Code/Content/Blueprints/Character/SkaldFactions/Elves/Mage/Elf_Mage_Skald_0927023120_texture_metallic.uexp" 4034
"D:/Skald_TurnBasedStrategy_Code/Content/Blueprints/Character/SkaldFactions/Elves/Mage/Elf_Mage_Skald_0927023120_texture_roughness.ubulk" 4035
"D:/Skald_TurnBasedStrategy_Code/Content/Blueprints/Character/SkaldFactions/Elves/Mage/Elf_Mage_Skald_0927023120_texture_roughness.uasset" 4036
"D:/Skald_TurnBasedStrategy_Code/Content/Blueprints/Character/SkaldFactions/Elves/Mage/Elf_Mage_Skald_0927023120_texture_roughness.uexp" 4037
"D:/Skald_TurnBasedStrategy_Code/Content/Blueprints/Character/SkaldFactions/Elves/Mage/Material_006.uasset" 4038
"D:/Skald_TurnBasedStrategy_Code/Content/Blueprints/Character/SkaldFactions/Elves/Mage/Material_006.uexp" 4039
"D:/Skald_TurnBasedStrategy_Code/Content/Blueprints/Character/SkaldFactions/Elves/Mage/Elf_Mage_Skald_0927023120.ubulk" 4040
"D:/Skald_TurnBasedStrategy_Code/Content/Blueprints/Character/SkaldFactions/Elves/Mage/Elf_Mage_Skald_0927023120.uasset" 4041
"D:/Skald_TurnBasedStrategy_Code/Content/Blueprints/Character/SkaldFactions/Elves/Mage/Elf_Mage_Skald_0927023120.uexp" 4042
"D:/Skald_TurnBasedStrategy_Code/Content/Blueprints/Character/SkaldFactions/Elves/Elf_Mage.uasset" 4043
"D:/Skald_TurnBasedStrategy_Code/Content/Blueprints/Character/SkaldFactions/Elves/Elf_Mage.uexp" 4044
"D:/Skald_TurnBasedStrategy_Code/Content/Blueprints/Character/SkaldFactions/Inflicted/MountedShield/Inflicted_MountedShie_1011005622_texture_normal.ubulk" 4045
"D:/Skald_TurnBasedStrategy_Code/Content/Blueprints/Character/SkaldFactions/Inflicted/MountedShield/Inflicted_MountedShie_1011005622_texture_normal.uasset" 4046
"D:/Skald_TurnBasedStrategy_Code/Content/Blueprints/Character/SkaldFactions/Inflicted/MountedShield/Inflicted_MountedShie_1011005622_texture_normal.uexp" 4047
"D:/Skald_TurnBasedStrategy_Code/Content/Blueprints/Character/SkaldFactions/Inflicted/MountedShield/Inflicted_MountedShie_1011005622_texture.ubulk" 4048
"D:/Skald_TurnBasedStrategy_Code/Content/Blueprints/Character/SkaldFactions/Inflicted/MountedShield/Inflicted_MountedShie_1011005622_texture.uasset" 4049
"D:/Skald_TurnBasedStrategy_Code/Content/Blueprints/Character/SkaldFactions/Inflicted/MountedShield/Inflicted_MountedShie_1011005622_texture.uexp" 4050
"D:/Skald_TurnBasedStrategy_Code/Content/Blueprints/Character/SkaldFactions/Inflicted/MountedShield/Inflicted_MountedShie_1011005622_texture_roughness.ubulk" 4051
"D:/Skald_TurnBasedStrategy_Code/Content/Blueprints/Character/SkaldFactions/Inflicted/MountedShield/Inflicted_MountedShie_1011005622_texture_roughness.uasset" 4052
"D:/Skald_TurnBasedStrategy_Code/Content/Blueprints/Character/SkaldFactions/Inflicted/MountedShield/Inflicted_MountedShie_1011005622_texture_roughness.uexp" 4053
"D:/Skald_TurnBasedStrategy_Code/Content/Blueprints/Character/SkaldFactions/Inflicted/MountedShield/Inflicted_MountedShie_1011005622_texture_metallic.ubulk" 4054
"D:/Skald_TurnBasedStrategy_Code/Content/Blueprints/Character/SkaldFactions/Inflicted/MountedShield/Inflicted_MountedShie_1011005622_texture_metallic.uasset" 4055
"D:/Skald_TurnBasedStrategy_Code/Content/Blueprints/Character/SkaldFactions/Inflicted/MountedShield/Inflicted_MountedShie_1011005622_texture_metallic.uexp" 4056
"D:/Skald_TurnBasedStrategy_Code/Content/Blueprints/Character/SkaldFactions/Inflicted/MountedShield/Material_008.uasset" 4057
"D:/Skald_TurnBasedStrategy_Code/Content/Blueprints/Character/SkaldFactions/Inflicted/MountedShield/Material_008.uexp" 4058
"D:/Skald_TurnBasedStrategy_Code/Content/Blueprints/Character/SkaldFactions/Inflicted/MountedShield/Inflicted_MountedShield.ubulk" 4059
"D:/Skald_TurnBasedStrategy_Code/Content/Blueprints/Character/SkaldFactions/Inflicted/MountedShield/Inflicted_MountedShield.uasset" 4060
"D:/Skald_TurnBasedStrategy_Code/Content/Blueprints/Character/SkaldFactions/Inflicted/MountedShield/Inflicted_MountedShield.uexp" 4061
"D:/Skald_TurnBasedStrategy_Code/Content/Blueprints/Character/SkaldFactions/Inflicted/Inflicted_MountedShield.uasset" 4062
"D:/Skald_TurnBasedStrategy_Code/Content/Blueprints/Character/SkaldFactions/Inflicted/Inflicted_MountedShield.uexp" 4063
"D:/Skald_TurnBasedStrategy_Code/Content/Blueprints/Character/SkaldFactions/Elves/2hSword/Elf_2hSword_Skald_0926082119_texture_metallic.ubulk" 4064
"D:/Skald_TurnBasedStrategy_Code/Content/Blueprints/Character/SkaldFactions/Elves/2hSword/Elf_2hSword_Skald_0926082119_texture_metallic.uasset" 4065
"D:/Skald_TurnBasedStrategy_Code/Content/Blueprints/Character/SkaldFactions/Elves/2hSword/Elf_2hSword_Skald_0926082119_texture_metallic.uexp" 4066
"D:/Skald_TurnBasedStrategy_Code/Content/Blueprints/Character/SkaldFactions/Elves/2hSword/Elf_2hSword_Skald_0926082119_texture.ubulk" 4067
"D:/Skald_TurnBasedStrategy_Code/Content/Blueprints/Character/SkaldFactions/Elves/2hSword/Elf_2hSword_Skald_0926082119_texture.uasset" 4068
"D:/Skald_TurnBasedStrategy_Code/Content/Blueprints/Character/SkaldFactions/Elves/2hSword/Elf_2hSword_Skald_0926082119_texture.uexp" 4069
"D:/Skald_TurnBasedStrategy_Code/Content/Blueprints/Character/SkaldFactions/Elves/2hSword/Elf_2hSword_Skald_0926082119_texture_roughness.ubulk" 4070
"D:/Skald_TurnBasedStrategy_Code/Content/Blueprints/Character/SkaldFactions/Elves/2hSword/Elf_2hSword_Skald_0926082119_texture_roughness.uasset" 4071
"D:/Skald_TurnBasedStrategy_Code/Content/Blueprints/Character/SkaldFactions/Elves/2hSword/Elf_2hSword_Skald_0926082119_texture_roughness.uexp" 4072
"D:/Skald_TurnBasedStrategy_Code/Content/Blueprints/Character/SkaldFactions/Elves/2hSword/Elf_2hSword_Skald_0926082119_texture_normal.ubulk" 4073
"D:/Skald_TurnBasedStrategy_Code/Content/Blueprints/Character/SkaldFactions/Elves/2hSword/Elf_2hSword_Skald_0926082119_texture_normal.uasset" 4074
"D:/Skald_TurnBasedStrategy_Code/Content/Blueprints/Character/SkaldFactions/Elves/2hSword/Elf_2hSword_Skald_0926082119_texture_normal.uexp" 4075
"D:/Skald_TurnBasedStrategy_Code/Content/Blueprints/Character/SkaldFactions/Elves/2hSword/Material_002.uasset" 4076
"D:/Skald_TurnBasedStrategy_Code/Content/Blueprints/Character/SkaldFactions/Elves/2hSword/Material_002.uexp" 4077
"D:/Skald_TurnBasedStrategy_Code/Content/Blueprints/Character/SkaldFactions/Elves/2hSword/Elf_2hSword_Skald_0926082119.ubulk" 4078
"D:/Skald_TurnBasedStrategy_Code/Content/Blueprints/Character/SkaldFactions/Elves/2hSword/Elf_2hSword_Skald_0926082119.uasset" 4079
"D:/Skald_TurnBasedStrategy_Code/Content/Blueprints/Character/SkaldFactions/Elves/2hSword/Elf_2hSword_Skald_0926082119.uexp" 4080
"D:/Skald_TurnBasedStrategy_Code/Content/Blueprints/Character/SkaldFactions/Elves/Elf_2hSword.uasset" 4081
"D:/Skald_TurnBasedStrategy_Code/Content/Blueprints/Character/SkaldFactions/Elves/Elf_2hSword.uexp" 4082
"D:/Skald_TurnBasedStrategy_Code/Content/M4/SoundSystem/Audio/Dirt/Dirt_FootstepSound09.ubulk" 4083
"D:/Skald_TurnBasedStrategy_Code/Content/M4/SoundSystem/Audio/Dirt/Dirt_FootstepSound09.uasset" 4084
"D:/Skald_TurnBasedStrategy_Code/Content/M4/SoundSystem/Audio/Dirt/Dirt_FootstepSound09.uexp" 4085
"D:/Skald_TurnBasedStrategy_Code/Content/M4/SoundSystem/Audio/Dirt/Dirt_FootstepSound07.ubulk" 4086
"D:/Skald_TurnBasedStrategy_Code/Content/M4/SoundSystem/Audio/Dirt/Dirt_FootstepSound07.uasset" 4087
"D:/Skald_TurnBasedStrategy_Code/Content/M4/SoundSystem/Audio/Dirt/Dirt_FootstepSound07.uexp" 4088
"D:/Skald_TurnBasedStrategy_Code/Content/M4/SoundSystem/Audio/Rock/Rock_FootstepSound17.ubulk" 4089
"D:/Skald_TurnBasedStrategy_Code/Content/M4/SoundSystem/Audio/Rock/Rock_FootstepSound17.uasset" 4090
"D:/Skald_TurnBasedStrategy_Code/Content/M4/SoundSystem/Audio/Rock/Rock_FootstepSound17.uexp" 4091
"D:/Skald_TurnBasedStrategy_Code/Content/M4/SoundSystem/Audio/Dirt/Dirt_FootstepSound01.ubulk" 4092
"D:/Skald_TurnBasedStrategy_Code/Content/M4/SoundSystem/Audio/Dirt/Dirt_FootstepSound01.uasset" 4093
"D:/Skald_TurnBasedStrategy_Code/Content/M4/SoundSystem/Audio/Dirt/Dirt_FootstepSound01.uexp" 4094
"D:/Skald_TurnBasedStrategy_Code/Content/M4/SoundSystem/Audio/Rock/Rock_FootstepSound16.ubulk" 4095
"D:/Skald_TurnBasedStrategy_Code/Content/M4/SoundSystem/Audio/Rock/Rock_FootstepSound16.uasset" 4096
"D:/Skald_TurnBasedStrategy_Code/Content/M4/SoundSystem/Audio/Rock/Rock_FootstepSound16.uexp" 4097
"D:/Skald_TurnBasedStrategy_Code/Content/M4/SoundSystem/Audio/Dirt/Dirt_FootstepSound03.ubulk" 4098
"D:/Skald_TurnBasedStrategy_Code/Content/M4/SoundSystem/Audio/Dirt/Dirt_FootstepSound03.uasset" 4099
"D:/Skald_TurnBasedStrategy_Code/Content/M4/SoundSystem/Audio/Dirt/Dirt_FootstepSound03.uexp" 4100
"D:/Skald_TurnBasedStrategy_Code/Content/M4/SoundSystem/Audio/Rock/Rock_FootstepSound07.ubulk" 4101
"D:/Skald_TurnBasedStrategy_Code/Content/M4/SoundSystem/Audio/Rock/Rock_FootstepSound07.uasset" 4102
"D:/Skald_TurnBasedStrategy_Code/Content/M4/SoundSystem/Audio/Rock/Rock_FootstepSound07.uexp" 4103
"D:/Skald_TurnBasedStrategy_Code/Content/M4/SoundSystem/Audio/Rock/Rock_FootstepSound09.ubulk" 4104
"D:/Skald_TurnBasedStrategy_Code/Content/M4/SoundSystem/Audio/Rock/Rock_FootstepSound09.uasset" 4105
"D:/Skald_TurnBasedStrategy_Code/Content/M4/SoundSystem/Audio/Rock/Rock_FootstepSound09.uexp" 4106
"D:/Skald_TurnBasedStrategy_Code/Content/M4/SoundSystem/Audio/Rock/Rock_FootstepSound01.ubulk" 4107
"D:/Skald_TurnBasedStrategy_Code/Content/M4/SoundSystem/Audio/Rock/Rock_FootstepSound01.uasset" 4108
"D:/Skald_TurnBasedStrategy_Code/Content/M4/SoundSystem/Audio/Rock/Rock_FootstepSound01.uexp" 4109
"D:/Skald_TurnBasedStrategy_Code/Content/M4/SoundSystem/Audio/Dirt/Dirt_FootstepSound11.ubulk" 4110
"D:/Skald_TurnBasedStrategy_Code/Content/M4/SoundSystem/Audio/Dirt/Dirt_FootstepSound11.uasset" 4111
"D:/Skald_TurnBasedStrategy_Code/Content/M4/SoundSystem/Audio/Dirt/Dirt_FootstepSound11.uexp" 4112
"D:/Skald_TurnBasedStrategy_Code/Content/M4/SoundSystem/Audio/Dirt/Dirt_FootstepSound16.ubulk" 4113
"D:/Skald_TurnBasedStrategy_Code/Content/M4/SoundSystem/Audio/Dirt/Dirt_FootstepSound16.uasset" 4114
"D:/Skald_TurnBasedStrategy_Code/Content/M4/SoundSystem/Audio/Dirt/Dirt_FootstepSound16.uexp" 4115
"D:/Skald_TurnBasedStrategy_Code/Content/M4/SoundSystem/Audio/Rock/Rock_FootstepSound11.ubulk" 4116
"D:/Skald_TurnBasedStrategy_Code/Content/M4/SoundSystem/Audio/Rock/Rock_FootstepSound11.uasset" 4117
"D:/Skald_TurnBasedStrategy_Code/Content/M4/SoundSystem/Audio/Rock/Rock_FootstepSound11.uexp" 4118
"D:/Skald_TurnBasedStrategy_Code/Content/M4/SoundSystem/Audio/Rock/Rock_FootstepSound19.ubulk" 4119
"D:/Skald_TurnBasedStrategy_Code/Content/M4/SoundSystem/Audio/Rock/Rock_FootstepSound19.uasset" 4120
"D:/Skald_TurnBasedStrategy_Code/Content/M4/SoundSystem/Audio/Rock/Rock_FootstepSound19.uexp" 4121
"D:/Skald_TurnBasedStrategy_Code/Content/M4/SoundSystem/Audio/Dirt/Dirt_FootstepSound08.ubulk" 4122
"D:/Skald_TurnBasedStrategy_Code/Content/M4/SoundSystem/Audio/Dirt/Dirt_FootstepSound08.uasset" 4123
"D:/Skald_TurnBasedStrategy_Code/Content/M4/SoundSystem/Audio/Dirt/Dirt_FootstepSound08.uexp" 4124
"D:/Skald_TurnBasedStrategy_Code/Content/M4/SoundSystem/Audio/Rock/Rock_FootstepSound15.ubulk" 4125
"D:/Skald_TurnBasedStrategy_Code/Content/M4/SoundSystem/Audio/Rock/Rock_FootstepSound15.uasset" 4126
"D:/Skald_TurnBasedStrategy_Code/Content/M4/SoundSystem/Audio/Rock/Rock_FootstepSound15.uexp" 4127
"D:/Skald_TurnBasedStrategy_Code/Content/M4/SoundSystem/Audio/Rock/Rock_FootstepSound02.ubulk" 4128
"D:/Skald_TurnBasedStrategy_Code/Content/M4/SoundSystem/Audio/Rock/Rock_FootstepSound02.uasset" 4129
"D:/Skald_TurnBasedStrategy_Code/Content/M4/SoundSystem/Audio/Rock/Rock_FootstepSound02.uexp" 4130
"D:/Skald_TurnBasedStrategy_Code/Content/M4/SoundSystem/Audio/Dirt/Dirt_FootstepSound12.ubulk" 4131
"D:/Skald_TurnBasedStrategy_Code/Content/M4/SoundSystem/Audio/Dirt/Dirt_FootstepSound12.uasset" 4132
"D:/Skald_TurnBasedStrategy_Code/Content/M4/SoundSystem/Audio/Dirt/Dirt_FootstepSound12.uexp" 4133
"D:/Skald_TurnBasedStrategy_Code/Content/M4/SoundSystem/Audio/Rock/Rock_FootstepSound05.ubulk" 4134
"D:/Skald_TurnBasedStrategy_Code/Content/M4/SoundSystem/Audio/Rock/Rock_FootstepSound05.uasset" 4135
"D:/Skald_TurnBasedStrategy_Code/Content/M4/SoundSystem/Audio/Rock/Rock_FootstepSound05.uexp" 4136
"D:/Skald_TurnBasedStrategy_Code/Content/M4/SoundSystem/Audio/Dirt/Dirt_FootstepSound02.ubulk" 4137
"D:/Skald_TurnBasedStrategy_Code/Content/M4/SoundSystem/Audio/Dirt/Dirt_FootstepSound02.uasset" 4138
"D:/Skald_TurnBasedStrategy_Code/Content/M4/SoundSystem/Audio/Dirt/Dirt_FootstepSound02.uexp" 4139
"D:/Skald_TurnBasedStrategy_Code/Content/M4/SoundSystem/Audio/Dirt/Dirt_FootstepSound05.ubulk" 4140
"D:/Skald_TurnBasedStrategy_Code/Content/M4/SoundSystem/Audio/Dirt/Dirt_FootstepSound05.uasset" 4141
"D:/Skald_TurnBasedStrategy_Code/Content/M4/SoundSystem/Audio/Dirt/Dirt_FootstepSound05.uexp" 4142
"D:/Skald_TurnBasedStrategy_Code/Content/M4/SoundSystem/Audio/Rock/Rock_FootstepSound13.ubulk" 4143
"D:/Skald_TurnBasedStrategy_Code/Content/M4/SoundSystem/Audio/Rock/Rock_FootstepSound13.uasset" 4144
"D:/Skald_TurnBasedStrategy_Code/Content/M4/SoundSystem/Audio/Rock/Rock_FootstepSound13.uexp" 4145
"D:/Skald_TurnBasedStrategy_Code/Content/M4/SoundSystem/Audio/Rock/Rock_FootstepSound14.ubulk" 4146
"D:/Skald_TurnBasedStrategy_Code/Content/M4/SoundSystem/Audio/Rock/Rock_FootstepSound14.uasset" 4147
"D:/Skald_TurnBasedStrategy_Code/Content/M4/SoundSystem/Audio/Rock/Rock_FootstepSound14.uexp" 4148
"D:/Skald_TurnBasedStrategy_Code/Content/M4/SoundSystem/Audio/Dirt/Dirt_FootstepSound15.ubulk" 4149
"D:/Skald_TurnBasedStrategy_Code/Content/M4/SoundSystem/Audio/Dirt/Dirt_FootstepSound15.uasset" 4150
"D:/Skald_TurnBasedStrategy_Code/Content/M4/SoundSystem/Audio/Dirt/Dirt_FootstepSound15.uexp" 4151
"D:/Skald_TurnBasedStrategy_Code/Content/M4/SoundSystem/Audio/Dirt/Dirt_FootstepSound06.ubulk" 4152
"D:/Skald_TurnBasedStrategy_Code/Content/M4/SoundSystem/Audio/Dirt/Dirt_FootstepSound06.uasset" 4153
"D:/Skald_TurnBasedStrategy_Code/Content/M4/SoundSystem/Audio/Dirt/Dirt_FootstepSound06.uexp" 4154
"D:/Skald_TurnBasedStrategy_Code/Content/M4/SoundSystem/Audio/Dirt/Dirt_FootstepSound10.ubulk" 4155
"D:/Skald_TurnBasedStrategy_Code/Content/M4/SoundSystem/Audio/Dirt/Dirt_FootstepSound10.uasset" 4156
"D:/Skald_TurnBasedStrategy_Code/Content/M4/SoundSystem/Audio/Dirt/Dirt_FootstepSound10.uexp" 4157
"D:/Skald_TurnBasedStrategy_Code/Content/M4/SoundSystem/Audio/Dirt/Dirt_FootstepSound13.ubulk" 4158
"D:/Skald_TurnBasedStrategy_Code/Content/M4/SoundSystem/Audio/Dirt/Dirt_FootstepSound13.uasset" 4159
"D:/Skald_TurnBasedStrategy_Code/Content/M4/SoundSystem/Audio/Dirt/Dirt_FootstepSound13.uexp" 4160
"D:/Skald_TurnBasedStrategy_Code/Content/M4/SoundSystem/Audio/Rock/Rock_FootstepSound12.ubulk" 4161
"D:/Skald_TurnBasedStrategy_Code/Content/M4/SoundSystem/Audio/Rock/Rock_FootstepSound12.uasset" 4162
"D:/Skald_TurnBasedStrategy_Code/Content/M4/SoundSystem/Audio/Rock/Rock_FootstepSound12.uexp" 4163
"D:/Skald_TurnBasedStrategy_Code/Content/M4/SoundSystem/Audio/Rock/Rock_FootstepSound08.ubulk" 4164
"D:/Skald_TurnBasedStrategy_Code/Content/M4/SoundSystem/Audio/Rock/Rock_FootstepSound08.uasset" 4165
"D:/Skald_TurnBasedStrategy_Code/Content/M4/SoundSystem/Audio/Rock/Rock_FootstepSound08.uexp" 4166
"D:/Skald_TurnBasedStrategy_Code/Content/M4/SoundSystem/Audio/Rock/Rock_FootstepSound10.ubulk" 4167
"D:/Skald_TurnBasedStrategy_Code/Content/M4/SoundSystem/Audio/Rock/Rock_FootstepSound10.uasset" 4168
"D:/Skald_TurnBasedStrategy_Code/Content/M4/SoundSystem/Audio/Rock/Rock_FootstepSound10.uexp" 4169
"D:/Skald_TurnBasedStrategy_Code/Content/M4/SoundSystem/Audio/Rock/Rock_FootstepSound20.ubulk" 4170
"D:/Skald_TurnBasedStrategy_Code/Content/M4/SoundSystem/Audio/Rock/Rock_FootstepSound20.uasset" 4171
"D:/Skald_TurnBasedStrategy_Code/Content/M4/SoundSystem/Audio/Rock/Rock_FootstepSound20.uexp" 4172
"D:/Skald_TurnBasedStrategy_Code/Content/M4/SoundSystem/Audio/Rock/Rock_FootstepSound03.ubulk" 4173
"D:/Skald_TurnBasedStrategy_Code/Content/M4/SoundSystem/Audio/Rock/Rock_FootstepSound03.uasset" 4174
"D:/Skald_TurnBasedStrategy_Code/Content/M4/SoundSystem/Audio/Rock/Rock_FootstepSound03.uexp" 4175
"D:/Skald_TurnBasedStrategy_Code/Content/M4/SoundSystem/Audio/Dirt/Dirt_FootstepSound17.ubulk" 4176
"D:/Skald_TurnBasedStrategy_Code/Content/M4/SoundSystem/Audio/Dirt/Dirt_FootstepSound17.uasset" 4177
"D:/Skald_TurnBasedStrategy_Code/Content/M4/SoundSystem/Audio/Dirt/Dirt_FootstepSound17.uexp" 4178
"D:/Skald_TurnBasedStrategy_Code/Content/M4/SoundSystem/Audio/Dirt/Dirt_FootstepSound18.ubulk" 4179
"D:/Skald_TurnBasedStrategy_Code/Content/M4/SoundSystem/Audio/Dirt/Dirt_FootstepSound18.uasset" 4180
"D:/Skald_TurnBasedStrategy_Code/Content/M4/SoundSystem/Audio/Dirt/Dirt_FootstepSound18.uexp" 4181
"D:/Skald_TurnBasedStrategy_Code/Content/M4/SoundSystem/Audio/Rock/Rock_FootstepSound18.ubulk" 4182
"D:/Skald_TurnBasedStrategy_Code/Content/M4/SoundSystem/Audio/Rock/Rock_FootstepSound18.uasset" 4183
"D:/Skald_TurnBasedStrategy_Code/Content/M4/SoundSystem/Audio/Rock/Rock_FootstepSound18.uexp" 4184
"D:/Skald_TurnBasedStrategy_Code/Content/M4/SoundSystem/Audio/Rock/Rock_FootstepSound21.ubulk" 4185
"D:/Skald_TurnBasedStrategy_Code/Content/M4/SoundSystem/Audio/Rock/Rock_FootstepSound21.uasset" 4186
"D:/Skald_TurnBasedStrategy_Code/Content/M4/SoundSystem/Audio/Rock/Rock_FootstepSound21.uexp" 4187
"D:/Skald_TurnBasedStrategy_Code/Content/M4/SoundSystem/Audio/Rock/Rock_FootstepSound06.ubulk" 4188
"D:/Skald_TurnBasedStrategy_Code/Content/M4/SoundSystem/Audio/Rock/Rock_FootstepSound06.uasset" 4189
"D:/Skald_TurnBasedStrategy_Code/Content/M4/SoundSystem/Audio/Rock/Rock_FootstepSound06.uexp" 4190
"D:/Skald_TurnBasedStrategy_Code/Content/M4/SoundSystem/Audio/Rock/Rock_FootstepSound04.ubulk" 4191
"D:/Skald_TurnBasedStrategy_Code/Content/M4/SoundSystem/Audio/Rock/Rock_FootstepSound04.uasset" 4192
"D:/Skald_TurnBasedStrategy_Code/Content/M4/SoundSystem/Audio/Rock/Rock_FootstepSound04.uexp" 4193
"D:/Skald_TurnBasedStrategy_Code/Content/M4/SoundSystem/Audio/Dirt/Cues/Dirt_FootSoundCue.uasset" 4194
"D:/Skald_TurnBasedStrategy_Code/Content/M4/SoundSystem/Audio/Dirt/Cues/Dirt_FootSoundCue.uexp" 4195
"D:/Skald_TurnBasedStrategy_Code/Content/Blueprints/Character/SkaldFactions/Elves/SpearAndShield/Elf_SpearnShield_Skal_0926082235_texture_roughness.ubulk" 4196
"D:/Skald_TurnBasedStrategy_Code/Content/Blueprints/Character/SkaldFactions/Elves/SpearAndShield/Elf_SpearnShield_Skal_0926082235_texture_roughness.uasset" 4197
"D:/Skald_TurnBasedStrategy_Code/Content/Blueprints/Character/SkaldFactions/Elves/SpearAndShield/Elf_SpearnShield_Skal_0926082235_texture_roughness.uexp" 4198
"D:/Skald_TurnBasedStrategy_Code/Content/Blueprints/Character/SkaldFactions/Elves/SpearAndShield/Elf_SpearnShield_Skal_0926082235_texture_normal.ubulk" 4199
"D:/Skald_TurnBasedStrategy_Code/Content/Blueprints/Character/SkaldFactions/Elves/SpearAndShield/Elf_SpearnShield_Skal_0926082235_texture_normal.uasset" 4200
"D:/Skald_TurnBasedStrategy_Code/Content/Blueprints/Character/SkaldFactions/Elves/SpearAndShield/Elf_SpearnShield_Skal_0926082235_texture_normal.uexp" 4201
"D:/Skald_TurnBasedStrategy_Code/Content/Blueprints/Character/SkaldFactions/Elves/SpearAndShield/Elf_SpearnShield_Skal_0926082235_texture_metallic.ubulk" 4202
"D:/Skald_TurnBasedStrategy_Code/Content/Blueprints/Character/SkaldFactions/Elves/SpearAndShield/Elf_SpearnShield_Skal_0926082235_texture_metallic.uasset" 4203
"D:/Skald_TurnBasedStrategy_Code/Content/Blueprints/Character/SkaldFactions/Elves/SpearAndShield/Elf_SpearnShield_Skal_0926082235_texture_metallic.uexp" 4204
"D:/Skald_TurnBasedStrategy_Code/Content/Blueprints/Character/SkaldFactions/Elves/SpearAndShield/Elf_SpearnShield_Skal_0926082235_texture.ubulk" 4205
"D:/Skald_TurnBasedStrategy_Code/Content/Blueprints/Character/SkaldFactions/Elves/SpearAndShield/Elf_SpearnShield_Skal_0926082235_texture.uasset" 4206
"D:/Skald_TurnBasedStrategy_Code/Content/Blueprints/Character/SkaldFactions/Elves/SpearAndShield/Elf_SpearnShield_Skal_0926082235_texture.uexp" 4207
"D:/Skald_TurnBasedStrategy_Code/Content/Blueprints/Character/SkaldFactions/Elves/SpearAndShield/Material_009.uasset" 4208
"D:/Skald_TurnBasedStrategy_Code/Content/Blueprints/Character/SkaldFactions/Elves/SpearAndShield/Material_009.uexp" 4209
"D:/Skald_TurnBasedStrategy_Code/Content/Blueprints/Character/SkaldFactions/Elves/SpearAndShield/Elf_SpearnShield_Skal_0926082235.ubulk" 4210
"D:/Skald_TurnBasedStrategy_Code/Content/Blueprints/Character/SkaldFactions/Elves/SpearAndShield/Elf_SpearnShield_Skal_0926082235.uasset" 4211
"D:/Skald_TurnBasedStrategy_Code/Content/Blueprints/Character/SkaldFactions/Elves/SpearAndShield/Elf_SpearnShield_Skal_0926082235.uexp" 4212
"D:/Skald_TurnBasedStrategy_Code/Content/Blueprints/Character/SkaldFactions/Elves/Elf_SpearAndShield.uasset" 4213
"D:/Skald_TurnBasedStrategy_Code/Content/Blueprints/Character/SkaldFactions/Elves/Elf_SpearAndShield.uexp" 4214
"D:/Skald_TurnBasedStrategy_Code/Content/Blueprints/Character/SkaldFactions/Gnolls/Mage/Gnoll_Mounted_Mage_Sk_0926075355_texture_metallic.ubulk" 4215
"D:/Skald_TurnBasedStrategy_Code/Content/Blueprints/Character/SkaldFactions/Gnolls/Mage/Gnoll_Mounted_Mage_Sk_0926075355_texture_metallic.uasset" 4216
"D:/Skald_TurnBasedStrategy_Code/Content/Blueprints/Character/SkaldFactions/Gnolls/Mage/Gnoll_Mounted_Mage_Sk_0926075355_texture_metallic.uexp" 4217
"D:/Skald_TurnBasedStrategy_Code/Content/Blueprints/Character/SkaldFactions/Gnolls/Mage/Gnoll_Mounted_Mage_Sk_0926075355_texture_roughness.ubulk" 4218
"D:/Skald_TurnBasedStrategy_Code/Content/Blueprints/Character/SkaldFactions/Gnolls/Mage/Gnoll_Mounted_Mage_Sk_0926075355_texture_roughness.uasset" 4219
"D:/Skald_TurnBasedStrategy_Code/Content/Blueprints/Character/SkaldFactions/Gnolls/Mage/Gnoll_Mounted_Mage_Sk_0926075355_texture_roughness.uexp" 4220
"D:/Skald_TurnBasedStrategy_Code/Content/Blueprints/Character/SkaldFactions/Gnolls/Mage/Gnoll_Mounted_Mage_Sk_0926075355_texture_normal.ubulk" 4221
"D:/Skald_TurnBasedStrategy_Code/Content/Blueprints/Character/SkaldFactions/Gnolls/Mage/Gnoll_Mounted_Mage_Sk_0926075355_texture_normal.uasset" 4222
"D:/Skald_TurnBasedStrategy_Code/Content/Blueprints/Character/SkaldFactions/Gnolls/Mage/Gnoll_Mounted_Mage_Sk_0926075355_texture_normal.uexp" 4223
"D:/Skald_TurnBasedStrategy_Code/Content/Blueprints/Character/SkaldFactions/Gnolls/Mage/Gnoll_Mounted_Mage_Sk_0926075355_texture.ubulk" 4224
"D:/Skald_TurnBasedStrategy_Code/Content/Blueprints/Character/SkaldFactions/Gnolls/Mage/Gnoll_Mounted_Mage_Sk_0926075355_texture.uasset" 4225
"D:/Skald_TurnBasedStrategy_Code/Content/Blueprints/Character/SkaldFactions/Gnolls/Mage/Gnoll_Mounted_Mage_Sk_0926075355_texture.uexp" 4226
"D:/Skald_TurnBasedStrategy_Code/Content/Blueprints/Character/SkaldFactions/Gnolls/Mage/texture_0.ubulk" 4227
"D:/Skald_TurnBasedStrategy_Code/Content/Blueprints/Character/SkaldFactions/Gnolls/Mage/texture_0.uasset" 4228
"D:/Skald_TurnBasedStrategy_Code/Content/Blueprints/Character/SkaldFactions/Gnolls/Mage/texture_0.uexp" 4229
"D:/Skald_TurnBasedStrategy_Code/Content/Blueprints/Character/SkaldFactions/Gnolls/Mage/Material_001.uasset" 4230
"D:/Skald_TurnBasedStrategy_Code/Content/Blueprints/Character/SkaldFactions/Gnolls/Mage/Material_001.uexp" 4231
"D:/Skald_TurnBasedStrategy_Code/Content/Blueprints/Character/SkaldFactions/Gnolls/Mage/Gnoll_Mage_Sk_0926075355.ubulk" 4232
"D:/Skald_TurnBasedStrategy_Code/Content/Blueprints/Character/SkaldFactions/Gnolls/Mage/Gnoll_Mage_Sk_0926075355.uasset" 4233
"D:/Skald_TurnBasedStrategy_Code/Content/Blueprints/Character/SkaldFactions/Gnolls/Mage/Gnoll_Mage_Sk_0926075355.uexp" 4234
"D:/Skald_TurnBasedStrategy_Code/Content/Blueprints/Character/SkaldFactions/Gnolls/Gnoll_Mage.uasset" 4235
"D:/Skald_TurnBasedStrategy_Code/Content/Blueprints/Character/SkaldFactions/Gnolls/Gnoll_Mage.uexp" 4236
"D:/Skald_TurnBasedStrategy_Code/Content/Blueprints/Character/SkaldFactions/Gnolls/2hHammer/Gnoll_2hHammer_Skald_0926075618_texture_normal.ubulk" 4237
"D:/Skald_TurnBasedStrategy_Code/Content/Blueprints/Character/SkaldFactions/Gnolls/2hHammer/Gnoll_2hHammer_Skald_0926075618_texture_normal.uasset" 4238
"D:/Skald_TurnBasedStrategy_Code/Content/Blueprints/Character/SkaldFactions/Gnolls/2hHammer/Gnoll_2hHammer_Skald_0926075618_texture_normal.uexp" 4239
"D:/Skald_TurnBasedStrategy_Code/Content/Blueprints/Character/SkaldFactions/Gnolls/2hHammer/Gnoll_2hHammer_Skald_0926075618_texture_metallic.ubulk" 4240
"D:/Skald_TurnBasedStrategy_Code/Content/Blueprints/Character/SkaldFactions/Gnolls/2hHammer/Gnoll_2hHammer_Skald_0926075618_texture_metallic.uasset" 4241
"D:/Skald_TurnBasedStrategy_Code/Content/Blueprints/Character/SkaldFactions/Gnolls/2hHammer/Gnoll_2hHammer_Skald_0926075618_texture_metallic.uexp" 4242
"D:/Skald_TurnBasedStrategy_Code/Content/Blueprints/Character/SkaldFactions/Gnolls/2hHammer/Gnoll_2hHammer_Skald_0926075618_texture.ubulk" 4243
"D:/Skald_TurnBasedStrategy_Code/Content/Blueprints/Character/SkaldFactions/Gnolls/2hHammer/Gnoll_2hHammer_Skald_0926075618_texture.uasset" 4244
"D:/Skald_TurnBasedStrategy_Code/Content/Blueprints/Character/SkaldFactions/Gnolls/2hHammer/Gnoll_2hHammer_Skald_0926075618_texture.uexp" 4245
"D:/Skald_TurnBasedStrategy_Code/Content/Blueprints/Character/SkaldFactions/Gnolls/2hHammer/Gnoll_2hHammer_Skald_0926075618_texture_roughness.ubulk" 4246
"D:/Skald_TurnBasedStrategy_Code/Content/Blueprints/Character/SkaldFactions/Gnolls/2hHammer/Gnoll_2hHammer_Skald_0926075618_texture_roughness.uasset" 4247
"D:/Skald_TurnBasedStrategy_Code/Content/Blueprints/Character/SkaldFactions/Gnolls/2hHammer/Gnoll_2hHammer_Skald_0926075618_texture_roughness.uexp" 4248
"D:/Skald_TurnBasedStrategy_Code/Content/Blueprints/Character/SkaldFactions/Gnolls/2hHammer/Material_001.uasset" 4249
"D:/Skald_TurnBasedStrategy_Code/Content/Blueprints/Character/SkaldFactions/Gnolls/2hHammer/Material_001.uexp" 4250
"D:/Skald_TurnBasedStrategy_Code/Content/Blueprints/Character/SkaldFactions/Gnolls/2hHammer/Gnoll_2hHammer_Skald_0926075618.ubulk" 4251
"D:/Skald_TurnBasedStrategy_Code/Content/Blueprints/Character/SkaldFactions/Gnolls/2hHammer/Gnoll_2hHammer_Skald_0926075618.uasset" 4252
"D:/Skald_TurnBasedStrategy_Code/Content/Blueprints/Character/SkaldFactions/Gnolls/2hHammer/Gnoll_2hHammer_Skald_0926075618.uexp" 4253
"D:/Skald_TurnBasedStrategy_Code/Content/Blueprints/Character/SkaldFactions/Gnolls/Gnoll_2hHammer.uasset" 4254
"D:/Skald_TurnBasedStrategy_Code/Content/Blueprints/Character/SkaldFactions/Gnolls/Gnoll_2hHammer.uexp" 4255
"D:/Skald_TurnBasedStrategy_Code/Content/Blueprints/Character/SkaldFactions/Orcs/Hydra/Hydra_s_Awakening_0926074602_texture_normal.ubulk" 4256
"D:/Skald_TurnBasedStrategy_Code/Content/Blueprints/Character/SkaldFactions/Orcs/Hydra/Hydra_s_Awakening_0926074602_texture_normal.uasset" 4257
"D:/Skald_TurnBasedStrategy_Code/Content/Blueprints/Character/SkaldFactions/Orcs/Hydra/Hydra_s_Awakening_0926074602_texture_normal.uexp" 4258
"D:/Skald_TurnBasedStrategy_Code/Content/Blueprints/Character/SkaldFactions/Orcs/Hydra/Hydra_s_Awakening_0926074602_texture_metallic.ubulk" 4259
"D:/Skald_TurnBasedStrategy_Code/Content/Blueprints/Character/SkaldFactions/Orcs/Hydra/Hydra_s_Awakening_0926074602_texture_metallic.uasset" 4260
"D:/Skald_TurnBasedStrategy_Code/Content/Blueprints/Character/SkaldFactions/Orcs/Hydra/Hydra_s_Awakening_0926074602_texture_metallic.uexp" 4261
"D:/Skald_TurnBasedStrategy_Code/Content/Blueprints/Character/SkaldFactions/Orcs/Hydra/Hydra_s_Awakening_0926074602_texture_roughness.ubulk" 4262
"D:/Skald_TurnBasedStrategy_Code/Content/Blueprints/Character/SkaldFactions/Orcs/Hydra/Hydra_s_Awakening_0926074602_texture_roughness.uasset" 4263
"D:/Skald_TurnBasedStrategy_Code/Content/Blueprints/Character/SkaldFactions/Orcs/Hydra/Hydra_s_Awakening_0926074602_texture_roughness.uexp" 4264
"D:/Skald_TurnBasedStrategy_Code/Content/Blueprints/Character/SkaldFactions/Orcs/Hydra/Hydra_s_Awakening_0926074602_texture.ubulk" 4265
"D:/Skald_TurnBasedStrategy_Code/Content/Blueprints/Character/SkaldFactions/Orcs/Hydra/Hydra_s_Awakening_0926074602_texture.uasset" 4266
"D:/Skald_TurnBasedStrategy_Code/Content/Blueprints/Character/SkaldFactions/Orcs/Hydra/Hydra_s_Awakening_0926074602_texture.uexp" 4267
"D:/Skald_TurnBasedStrategy_Code/Content/Blueprints/Character/SkaldFactions/Orcs/Hydra/Material_019.uasset" 4268
"D:/Skald_TurnBasedStrategy_Code/Content/Blueprints/Character/SkaldFactions/Orcs/Hydra/Material_019.uexp" 4269
"D:/Skald_TurnBasedStrategy_Code/Content/Blueprints/Character/SkaldFactions/Orcs/Hydra/Hydra_s_Awakening_0926074602.ubulk" 4270
"D:/Skald_TurnBasedStrategy_Code/Content/Blueprints/Character/SkaldFactions/Orcs/Hydra/Hydra_s_Awakening_0926074602.uasset" 4271
"D:/Skald_TurnBasedStrategy_Code/Content/Blueprints/Character/SkaldFactions/Orcs/Hydra/Hydra_s_Awakening_0926074602.uexp" 4272
"D:/Skald_TurnBasedStrategy_Code/Content/Blueprints/Sounds/Movement/GaintQuadraped_LARGE.ubulk" 4273
"D:/Skald_TurnBasedStrategy_Code/Content/Blueprints/Sounds/Movement/GaintQuadraped_LARGE.uasset" 4274
"D:/Skald_TurnBasedStrategy_Code/Content/Blueprints/Sounds/Movement/GaintQuadraped_LARGE.uexp" 4275
"D:/Skald_TurnBasedStrategy_Code/Content/Blueprints/Character/SkaldFactions/Orcs/Orc_Hydra.uasset" 4276
"D:/Skald_TurnBasedStrategy_Code/Content/Blueprints/Character/SkaldFactions/Orcs/Orc_Hydra.uexp" 4277
"D:/Skald_TurnBasedStrategy_Code/Content/Blueprints/Character/SkaldFactions/Humans/2hSword/HumanKnight_2hSword_S_0926074702_texture_normal.ubulk" 4278
"D:/Skald_TurnBasedStrategy_Code/Content/Blueprints/Character/SkaldFactions/Humans/2hSword/HumanKnight_2hSword_S_0926074702_texture_normal.uasset" 4279
"D:/Skald_TurnBasedStrategy_Code/Content/Blueprints/Character/SkaldFactions/Humans/2hSword/HumanKnight_2hSword_S_0926074702_texture_normal.uexp" 4280
"D:/Skald_TurnBasedStrategy_Code/Content/Blueprints/Character/SkaldFactions/Humans/2hSword/HumanKnight_2hSword_S_0926074702_texture_roughness.ubulk" 4281
"D:/Skald_TurnBasedStrategy_Code/Content/Blueprints/Character/SkaldFactions/Humans/2hSword/HumanKnight_2hSword_S_0926074702_texture_roughness.uasset" 4282
"D:/Skald_TurnBasedStrategy_Code/Content/Blueprints/Character/SkaldFactions/Humans/2hSword/HumanKnight_2hSword_S_0926074702_texture_roughness.uexp" 4283
"D:/Skald_TurnBasedStrategy_Code/Content/Blueprints/Character/SkaldFactions/Humans/2hSword/HumanKnight_2hSword_S_0926074702_texture.ubulk" 4284
"D:/Skald_TurnBasedStrategy_Code/Content/Blueprints/Character/SkaldFactions/Humans/2hSword/HumanKnight_2hSword_S_0926074702_texture.uasset" 4285
"D:/Skald_TurnBasedStrategy_Code/Content/Blueprints/Character/SkaldFactions/Humans/2hSword/HumanKnight_2hSword_S_0926074702_texture.uexp" 4286
"D:/Skald_TurnBasedStrategy_Code/Content/Blueprints/Character/SkaldFactions/Humans/2hSword/HumanKnight_2hSword_S_0926074702_texture_metallic.ubulk" 4287
"D:/Skald_TurnBasedStrategy_Code/Content/Blueprints/Character/SkaldFactions/Humans/2hSword/HumanKnight_2hSword_S_0926074702_texture_metallic.uasset" 4288
"D:/Skald_TurnBasedStrategy_Code/Content/Blueprints/Character/SkaldFactions/Humans/2hSword/HumanKnight_2hSword_S_0926074702_texture_metallic.uexp" 4289
"D:/Skald_TurnBasedStrategy_Code/Content/Blueprints/Character/SkaldFactions/Humans/2hSword/Material_026.uasset" 4290
"D:/Skald_TurnBasedStrategy_Code/Content/Blueprints/Character/SkaldFactions/Humans/2hSword/Material_026.uexp" 4291
"D:/Skald_TurnBasedStrategy_Code/Content/Blueprints/Character/SkaldFactions/Humans/2hSword/HumanKnight_2hSword_S.ubulk" 4292
"D:/Skald_TurnBasedStrategy_Code/Content/Blueprints/Character/SkaldFactions/Humans/2hSword/HumanKnight_2hSword_S.uasset" 4293
"D:/Skald_TurnBasedStrategy_Code/Content/Blueprints/Character/SkaldFactions/Humans/2hSword/HumanKnight_2hSword_S.uexp" 4294
"D:/Skald_TurnBasedStrategy_Code/Content/Blueprints/Character/SkaldFactions/Humans/Human_2hSword.uasset" 4295
"D:/Skald_TurnBasedStrategy_Code/Content/Blueprints/Character/SkaldFactions/Humans/Human_2hSword.uexp" 4296
"D:/Skald_TurnBasedStrategy_Code/Content/Blueprints/Character/SkaldFactions/Dwarves/DualWield/Dwarf_DualWield_Skald_0926073442_texture_normal.ubulk" 4297
"D:/Skald_TurnBasedStrategy_Code/Content/Blueprints/Character/SkaldFactions/Dwarves/DualWield/Dwarf_DualWield_Skald_0926073442_texture_normal.uasset" 4298
"D:/Skald_TurnBasedStrategy_Code/Content/Blueprints/Character/SkaldFactions/Dwarves/DualWield/Dwarf_DualWield_Skald_0926073442_texture_normal.uexp" 4299
"D:/Skald_TurnBasedStrategy_Code/Content/Blueprints/Character/SkaldFactions/Dwarves/DualWield/Dwarf_DualWield_Skald_0926073442_texture.ubulk" 4300
"D:/Skald_TurnBasedStrategy_Code/Content/Blueprints/Character/SkaldFactions/Dwarves/DualWield/Dwarf_DualWield_Skald_0926073442_texture.uasset" 4301
"D:/Skald_TurnBasedStrategy_Code/Content/Blueprints/Character/SkaldFactions/Dwarves/DualWield/Dwarf_DualWield_Skald_0926073442_texture.uexp" 4302
"D:/Skald_TurnBasedStrategy_Code/Content/Blueprints/Character/SkaldFactions/Dwarves/DualWield/Dwarf_DualWield_Skald_0926073442_texture_metallic.ubulk" 4303
"D:/Skald_TurnBasedStrategy_Code/Content/Blueprints/Character/SkaldFactions/Dwarves/DualWield/Dwarf_DualWield_Skald_0926073442_texture_metallic.uasset" 4304
"D:/Skald_TurnBasedStrategy_Code/Content/Blueprints/Character/SkaldFactions/Dwarves/DualWield/Dwarf_DualWield_Skald_0926073442_texture_metallic.uexp" 4305
"D:/Skald_TurnBasedStrategy_Code/Content/Blueprints/Character/SkaldFactions/Dwarves/DualWield/Dwarf_DualWield_Skald_0926073442_texture_roughness.ubulk" 4306
"D:/Skald_TurnBasedStrategy_Code/Content/Blueprints/Character/SkaldFactions/Dwarves/DualWield/Dwarf_DualWield_Skald_0926073442_texture_roughness.uasset" 4307
"D:/Skald_TurnBasedStrategy_Code/Content/Blueprints/Character/SkaldFactions/Dwarves/DualWield/Dwarf_DualWield_Skald_0926073442_texture_roughness.uexp" 4308
"D:/Skald_TurnBasedStrategy_Code/Content/Blueprints/Character/SkaldFactions/Dwarves/DualWield/Material_015.uasset" 4309
"D:/Skald_TurnBasedStrategy_Code/Content/Blueprints/Character/SkaldFactions/Dwarves/DualWield/Material_015.uexp" 4310
"D:/Skald_TurnBasedStrategy_Code/Content/Blueprints/Character/SkaldFactions/Dwarves/DualWield/Dwarf_DualWield_Skald_0926073442.ubulk" 4311
"D:/Skald_TurnBasedStrategy_Code/Content/Blueprints/Character/SkaldFactions/Dwarves/DualWield/Dwarf_DualWield_Skald_0926073442.uasset" 4312
"D:/Skald_TurnBasedStrategy_Code/Content/Blueprints/Character/SkaldFactions/Dwarves/DualWield/Dwarf_DualWield_Skald_0926073442.uexp" 4313
"D:/Skald_TurnBasedStrategy_Code/Content/Blueprints/Character/SkaldFactions/Dwarves/Dwarf_DualWield.uasset" 4314
"D:/Skald_TurnBasedStrategy_Code/Content/Blueprints/Character/SkaldFactions/Dwarves/Dwarf_DualWield.uexp" 4315
"D:/Skald_TurnBasedStrategy_Code/Content/Blueprints/Character/SkaldFactions/Elves/2hSpear/Elf_2hSpear_Skald_0926082100_texture.ubulk" 4316
"D:/Skald_TurnBasedStrategy_Code/Content/Blueprints/Character/SkaldFactions/Elves/2hSpear/Elf_2hSpear_Skald_0926082100_texture.uasset" 4317
"D:/Skald_TurnBasedStrategy_Code/Content/Blueprints/Character/SkaldFactions/Elves/2hSpear/Elf_2hSpear_Skald_0926082100_texture.uexp" 4318
"D:/Skald_TurnBasedStrategy_Code/Content/Blueprints/Character/SkaldFactions/Elves/2hSpear/Elf_2hSpear_Skald_0926082100_texture_metallic.ubulk" 4319
"D:/Skald_TurnBasedStrategy_Code/Content/Blueprints/Character/SkaldFactions/Elves/2hSpear/Elf_2hSpear_Skald_0926082100_texture_metallic.uasset" 4320
"D:/Skald_TurnBasedStrategy_Code/Content/Blueprints/Character/SkaldFactions/Elves/2hSpear/Elf_2hSpear_Skald_0926082100_texture_metallic.uexp" 4321
"D:/Skald_TurnBasedStrategy_Code/Content/Blueprints/Character/SkaldFactions/Elves/2hSpear/Elf_2hSpear_Skald_0926082100_texture_normal.ubulk" 4322
"D:/Skald_TurnBasedStrategy_Code/Content/Blueprints/Character/SkaldFactions/Elves/2hSpear/Elf_2hSpear_Skald_0926082100_texture_normal.uasset" 4323
"D:/Skald_TurnBasedStrategy_Code/Content/Blueprints/Character/SkaldFactions/Elves/2hSpear/Elf_2hSpear_Skald_0926082100_texture_normal.uexp" 4324
"D:/Skald_TurnBasedStrategy_Code/Content/Blueprints/Character/SkaldFactions/Elves/2hSpear/Elf_2hSpear_Skald_0926082100_texture_roughness.ubulk" 4325
"D:/Skald_TurnBasedStrategy_Code/Content/Blueprints/Character/SkaldFactions/Elves/2hSpear/Elf_2hSpear_Skald_0926082100_texture_roughness.uasset" 4326
"D:/Skald_TurnBasedStrategy_Code/Content/Blueprints/Character/SkaldFactions/Elves/2hSpear/Elf_2hSpear_Skald_0926082100_texture_roughness.uexp" 4327
"D:/Skald_TurnBasedStrategy_Code/Content/Blueprints/Character/SkaldFactions/Elves/2hSpear/Material_001.uasset" 4328
"D:/Skald_TurnBasedStrategy_Code/Content/Blueprints/Character/SkaldFactions/Elves/2hSpear/Material_001.uexp" 4329
"D:/Skald_TurnBasedStrategy_Code/Content/Blueprints/Character/SkaldFactions/Elves/2hSpear/Elf_2hSpear_Skald_0926082100.ubulk" 4330
"D:/Skald_TurnBasedStrategy_Code/Content/Blueprints/Character/SkaldFactions/Elves/2hSpear/Elf_2hSpear_Skald_0926082100.uasset" 4331
"D:/Skald_TurnBasedStrategy_Code/Content/Blueprints/Character/SkaldFactions/Elves/2hSpear/Elf_2hSpear_Skald_0926082100.uexp" 4332
"D:/Skald_TurnBasedStrategy_Code/Content/Blueprints/Character/SkaldFactions/Elves/Elf_2hSpear.uasset" 4333
"D:/Skald_TurnBasedStrategy_Code/Content/Blueprints/Character/SkaldFactions/Elves/Elf_2hSpear.uexp" 4334
"D:/Skald_TurnBasedStrategy_Code/Content/Blueprints/Character/SkaldFactions/LizardFolk/Mage/LizardFolk_Mage_Skald_1011010457_texture_normal.ubulk" 4335
"D:/Skald_TurnBasedStrategy_Code/Content/Blueprints/Character/SkaldFactions/LizardFolk/Mage/LizardFolk_Mage_Skald_1011010457_texture_normal.uasset" 4336
"D:/Skald_TurnBasedStrategy_Code/Content/Blueprints/Character/SkaldFactions/LizardFolk/Mage/LizardFolk_Mage_Skald_1011010457_texture_normal.uexp" 4337
"D:/Skald_TurnBasedStrategy_Code/Content/Blueprints/Character/SkaldFactions/LizardFolk/Mage/LizardFolk_Mage_Skald_1011010457_texture.ubulk" 4338
"D:/Skald_TurnBasedStrategy_Code/Content/Blueprints/Character/SkaldFactions/LizardFolk/Mage/LizardFolk_Mage_Skald_1011010457_texture.uasset" 4339
"D:/Skald_TurnBasedStrategy_Code/Content/Blueprints/Character/SkaldFactions/LizardFolk/Mage/LizardFolk_Mage_Skald_1011010457_texture.uexp" 4340
"D:/Skald_TurnBasedStrategy_Code/Content/Blueprints/Character/SkaldFactions/LizardFolk/Mage/LizardFolk_Mage_Skald_1011010457_texture_roughness.ubulk" 4341
"D:/Skald_TurnBasedStrategy_Code/Content/Blueprints/Character/SkaldFactions/LizardFolk/Mage/LizardFolk_Mage_Skald_1011010457_texture_roughness.uasset" 4342
"D:/Skald_TurnBasedStrategy_Code/Content/Blueprints/Character/SkaldFactions/LizardFolk/Mage/LizardFolk_Mage_Skald_1011010457_texture_roughness.uexp" 4343
"D:/Skald_TurnBasedStrategy_Code/Content/Blueprints/Character/SkaldFactions/LizardFolk/Mage/LizardFolk_Mage_Skald_1011010457_texture_metallic.ubulk" 4344
"D:/Skald_TurnBasedStrategy_Code/Content/Blueprints/Character/SkaldFactions/LizardFolk/Mage/LizardFolk_Mage_Skald_1011010457_texture_metallic.uasset" 4345
"D:/Skald_TurnBasedStrategy_Code/Content/Blueprints/Character/SkaldFactions/LizardFolk/Mage/LizardFolk_Mage_Skald_1011010457_texture_metallic.uexp" 4346
"D:/Skald_TurnBasedStrategy_Code/Content/Blueprints/Character/SkaldFactions/LizardFolk/Mage/Material_010.uasset" 4347
"D:/Skald_TurnBasedStrategy_Code/Content/Blueprints/Character/SkaldFactions/LizardFolk/Mage/Material_010.uexp" 4348
"D:/Skald_TurnBasedStrategy_Code/Content/Blueprints/Character/SkaldFactions/LizardFolk/Mage/LizardFolk_Mage.ubulk" 4349
"D:/Skald_TurnBasedStrategy_Code/Content/Blueprints/Character/SkaldFactions/LizardFolk/Mage/LizardFolk_Mage.uasset" 4350
"D:/Skald_TurnBasedStrategy_Code/Content/Blueprints/Character/SkaldFactions/LizardFolk/Mage/LizardFolk_Mage.uexp" 4351
"D:/Skald_TurnBasedStrategy_Code/Content/Blueprints/Character/SkaldFactions/LizardFolk/LizardFolk_Mage.uasset" 4352
"D:/Skald_TurnBasedStrategy_Code/Content/Blueprints/Character/SkaldFactions/LizardFolk/LizardFolk_Mage.uexp" 4353
"D:/Skald_TurnBasedStrategy_Code/Content/Blueprints/Character/SkaldFactions/Ironlegion/2hSword/IronLegion_2hSword_Sk_0927220844_texture_normal.ubulk" 4354
"D:/Skald_TurnBasedStrategy_Code/Content/Blueprints/Character/SkaldFactions/Ironlegion/2hSword/IronLegion_2hSword_Sk_0927220844_texture_normal.uasset" 4355
"D:/Skald_TurnBasedStrategy_Code/Content/Blueprints/Character/SkaldFactions/Ironlegion/2hSword/IronLegion_2hSword_Sk_0927220844_texture_normal.uexp" 4356
"D:/Skald_TurnBasedStrategy_Code/Content/Blueprints/Character/SkaldFactions/Ironlegion/2hSword/IronLegion_2hSword_Sk_0927220844_texture.ubulk" 4357
"D:/Skald_TurnBasedStrategy_Code/Content/Blueprints/Character/SkaldFactions/Ironlegion/2hSword/IronLegion_2hSword_Sk_0927220844_texture.uasset" 4358
"D:/Skald_TurnBasedStrategy_Code/Content/Blueprints/Character/SkaldFactions/Ironlegion/2hSword/IronLegion_2hSword_Sk_0927220844_texture.uexp" 4359
"D:/Skald_TurnBasedStrategy_Code/Content/Blueprints/Character/SkaldFactions/Ironlegion/2hSword/IronLegion_2hSword_Sk_0927220844_texture_roughness.ubulk" 4360
"D:/Skald_TurnBasedStrategy_Code/Content/Blueprints/Character/SkaldFactions/Ironlegion/2hSword/IronLegion_2hSword_Sk_0927220844_texture_roughness.uasset" 4361
"D:/Skald_TurnBasedStrategy_Code/Content/Blueprints/Character/SkaldFactions/Ironlegion/2hSword/IronLegion_2hSword_Sk_0927220844_texture_roughness.uexp" 4362
"D:/Skald_TurnBasedStrategy_Code/Content/Blueprints/Character/SkaldFactions/Ironlegion/2hSword/IronLegion_2hSword_Sk_0927220844_texture_metallic.ubulk" 4363
"D:/Skald_TurnBasedStrategy_Code/Content/Blueprints/Character/SkaldFactions/Ironlegion/2hSword/IronLegion_2hSword_Sk_0927220844_texture_metallic.uasset" 4364
"D:/Skald_TurnBasedStrategy_Code/Content/Blueprints/Character/SkaldFactions/Ironlegion/2hSword/IronLegion_2hSword_Sk_0927220844_texture_metallic.uexp" 4365
"D:/Skald_TurnBasedStrategy_Code/Content/Blueprints/Character/SkaldFactions/Ironlegion/2hSword/Material_002.uasset" 4366
"D:/Skald_TurnBasedStrategy_Code/Content/Blueprints/Character/SkaldFactions/Ironlegion/2hSword/Material_002.uexp" 4367
"D:/Skald_TurnBasedStrategy_Code/Content/Blueprints/Character/SkaldFactions/Ironlegion/2hSword/IronLegion_2hSword_Sk_0927220844.ubulk" 4368
"D:/Skald_TurnBasedStrategy_Code/Content/Blueprints/Character/SkaldFactions/Ironlegion/2hSword/IronLegion_2hSword_Sk_0927220844.uasset" 4369
"D:/Skald_TurnBasedStrategy_Code/Content/Blueprints/Character/SkaldFactions/Ironlegion/2hSword/IronLegion_2hSword_Sk_0927220844.uexp" 4370
"D:/Skald_TurnBasedStrategy_Code/Content/Blueprints/Character/SkaldFactions/Ironlegion/IronLegion_2hSword.uasset" 4371
"D:/Skald_TurnBasedStrategy_Code/Content/Blueprints/Character/SkaldFactions/Ironlegion/IronLegion_2hSword.uexp" 4372
"D:/Skald_TurnBasedStrategy_Code/Content/Blueprints/Character/SkaldFactions/Elves/SwordandShield/Elf_SwordnShield_Skal_0926082130_texture_normal.ubulk" 4373
"D:/Skald_TurnBasedStrategy_Code/Content/Blueprints/Character/SkaldFactions/Elves/SwordandShield/Elf_SwordnShield_Skal_0926082130_texture_normal.uasset" 4374
"D:/Skald_TurnBasedStrategy_Code/Content/Blueprints/Character/SkaldFactions/Elves/SwordandShield/Elf_SwordnShield_Skal_0926082130_texture_normal.uexp" 4375
"D:/Skald_TurnBasedStrategy_Code/Content/Blueprints/Character/SkaldFactions/Elves/SwordandShield/Elf_SwordnShield_Skal_0926082130_texture_roughness.ubulk" 4376
"D:/Skald_TurnBasedStrategy_Code/Content/Blueprints/Character/SkaldFactions/Elves/SwordandShield/Elf_SwordnShield_Skal_0926082130_texture_roughness.uasset" 4377
"D:/Skald_TurnBasedStrategy_Code/Content/Blueprints/Character/SkaldFactions/Elves/SwordandShield/Elf_SwordnShield_Skal_0926082130_texture_roughness.uexp" 4378
"D:/Skald_TurnBasedStrategy_Code/Content/Blueprints/Character/SkaldFactions/Elves/SwordandShield/Elf_SwordnShield_Skal_0926082130_texture.ubulk" 4379
"D:/Skald_TurnBasedStrategy_Code/Content/Blueprints/Character/SkaldFactions/Elves/SwordandShield/Elf_SwordnShield_Skal_0926082130_texture.uasset" 4380
"D:/Skald_TurnBasedStrategy_Code/Content/Blueprints/Character/SkaldFactions/Elves/SwordandShield/Elf_SwordnShield_Skal_0926082130_texture.uexp" 4381
"D:/Skald_TurnBasedStrategy_Code/Content/Blueprints/Character/SkaldFactions/Elves/SwordandShield/Elf_SwordnShield_Skal_0926082130_texture_metallic.ubulk" 4382
"D:/Skald_TurnBasedStrategy_Code/Content/Blueprints/Character/SkaldFactions/Elves/SwordandShield/Elf_SwordnShield_Skal_0926082130_texture_metallic.uasset" 4383
"D:/Skald_TurnBasedStrategy_Code/Content/Blueprints/Character/SkaldFactions/Elves/SwordandShield/Elf_SwordnShield_Skal_0926082130_texture_metallic.uexp" 4384
"D:/Skald_TurnBasedStrategy_Code/Content/Blueprints/Character/SkaldFactions/Elves/SwordandShield/Material_010.uasset" 4385
"D:/Skald_TurnBasedStrategy_Code/Content/Blueprints/Character/SkaldFactions/Elves/SwordandShield/Material_010.uexp" 4386
"D:/Skald_TurnBasedStrategy_Code/Content/Blueprints/Character/SkaldFactions/Elves/SwordandShield/Elf_SwordnShield_Skal_0926082130.ubulk" 4387
"D:/Skald_TurnBasedStrategy_Code/Content/Blueprints/Character/SkaldFactions/Elves/SwordandShield/Elf_SwordnShield_Skal_0926082130.uasset" 4388
"D:/Skald_TurnBasedStrategy_Code/Content/Blueprints/Character/SkaldFactions/Elves/SwordandShield/Elf_SwordnShield_Skal_0926082130.uexp" 4389
"D:/Skald_TurnBasedStrategy_Code/Content/Blueprints/Character/SkaldFactions/Elves/Elf_SwordAndShield.uasset" 4390
"D:/Skald_TurnBasedStrategy_Code/Content/Blueprints/Character/SkaldFactions/Elves/Elf_SwordAndShield.uexp" 4391
"D:/Skald_TurnBasedStrategy_Code/Content/Blueprints/Sounds/Movement/Horse_trot__loopable-1760744810752.ubulk" 4392
"D:/Skald_TurnBasedStrategy_Code/Content/Blueprints/Sounds/Movement/Horse_trot__loopable-1760744810752.uasset" 4393
"D:/Skald_TurnBasedStrategy_Code/Content/Blueprints/Sounds/Movement/Horse_trot__loopable-1760744810752.uexp" 4394
"D:/Skald_TurnBasedStrategy_Code/Content/Blueprints/Character/SkaldFactions/Elves/MountedShield/Elf_MountedSwordnShie_0926082253_texture_normal.ubulk" 4395
"D:/Skald_TurnBasedStrategy_Code/Content/Blueprints/Character/SkaldFactions/Elves/MountedShield/Elf_MountedSwordnShie_0926082253_texture_normal.uasset" 4396
"D:/Skald_TurnBasedStrategy_Code/Content/Blueprints/Character/SkaldFactions/Elves/MountedShield/Elf_MountedSwordnShie_0926082253_texture_normal.uexp" 4397
"D:/Skald_TurnBasedStrategy_Code/Content/Blueprints/Character/SkaldFactions/Elves/MountedShield/Elf_MountedSwordnShie_0926082253_texture_metallic.ubulk" 4398
"D:/Skald_TurnBasedStrategy_Code/Content/Blueprints/Character/SkaldFactions/Elves/MountedShield/Elf_MountedSwordnShie_0926082253_texture_metallic.uasset" 4399
"D:/Skald_TurnBasedStrategy_Code/Content/Blueprints/Character/SkaldFactions/Elves/MountedShield/Elf_MountedSwordnShie_0926082253_texture_metallic.uexp" 4400
"D:/Skald_TurnBasedStrategy_Code/Content/Blueprints/Character/SkaldFactions/Elves/MountedShield/Elf_MountedSwordnShie_0926082253_texture.ubulk" 4401
"D:/Skald_TurnBasedStrategy_Code/Content/Blueprints/Character/SkaldFactions/Elves/MountedShield/Elf_MountedSwordnShie_0926082253_texture.uasset" 4402
"D:/Skald_TurnBasedStrategy_Code/Content/Blueprints/Character/SkaldFactions/Elves/MountedShield/Elf_MountedSwordnShie_0926082253_texture.uexp" 4403
"D:/Skald_TurnBasedStrategy_Code/Content/Blueprints/Character/SkaldFactions/Elves/MountedShield/Elf_MountedSwordnShie_0926082253_texture_roughness.ubulk" 4404
"D:/Skald_TurnBasedStrategy_Code/Content/Blueprints/Character/SkaldFactions/Elves/MountedShield/Elf_MountedSwordnShie_0926082253_texture_roughness.uasset" 4405
"D:/Skald_TurnBasedStrategy_Code/Content/Blueprints/Character/SkaldFactions/Elves/MountedShield/Elf_MountedSwordnShie_0926082253_texture_roughness.uexp" 4406
"D:/Skald_TurnBasedStrategy_Code/Content/Blueprints/Character/SkaldFactions/Elves/MountedShield/Material_008.uasset" 4407
"D:/Skald_TurnBasedStrategy_Code/Content/Blueprints/Character/SkaldFactions/Elves/MountedShield/Material_008.uexp" 4408
"D:/Skald_TurnBasedStrategy_Code/Content/Blueprints/Character/SkaldFactions/Elves/MountedShield/Elf_MountedSwordnShie_0926082253.ubulk" 4409
"D:/Skald_TurnBasedStrategy_Code/Content/Blueprints/Character/SkaldFactions/Elves/MountedShield/Elf_MountedSwordnShie_0926082253.uasset" 4410
"D:/Skald_TurnBasedStrategy_Code/Content/Blueprints/Character/SkaldFactions/Elves/MountedShield/Elf_MountedSwordnShie_0926082253.uexp" 4411
"D:/Skald_TurnBasedStrategy_Code/Content/Blueprints/Character/SkaldFactions/Elves/Elf_Mounted_Shield.uasset" 4412
"D:/Skald_TurnBasedStrategy_Code/Content/Blueprints/Character/SkaldFactions/Elves/Elf_Mounted_Shield.uexp" 4413
"D:/Skald_TurnBasedStrategy_Code/Content/Blueprints/Character/SkaldFactions/Dwarves/MountedSpear/Dwarf_MountedSpearnSh_0926074142_texture_roughness.ubulk" 4414
"D:/Skald_TurnBasedStrategy_Code/Content/Blueprints/Character/SkaldFactions/Dwarves/MountedSpear/Dwarf_MountedSpearnSh_0926074142_texture_roughness.uasset" 4415
"D:/Skald_TurnBasedStrategy_Code/Content/Blueprints/Character/SkaldFactions/Dwarves/MountedSpear/Dwarf_MountedSpearnSh_0926074142_texture_roughness.uexp" 4416
"D:/Skald_TurnBasedStrategy_Code/Content/Blueprints/Character/SkaldFactions/Dwarves/MountedSpear/Dwarf_MountedSpearnSh_0926074142_texture_normal.ubulk" 4417
"D:/Skald_TurnBasedStrategy_Code/Content/Blueprints/Character/SkaldFactions/Dwarves/MountedSpear/Dwarf_MountedSpearnSh_0926074142_texture_normal.uasset" 4418
"D:/Skald_TurnBasedStrategy_Code/Content/Blueprints/Character/SkaldFactions/Dwarves/MountedSpear/Dwarf_MountedSpearnSh_0926074142_texture_normal.uexp" 4419
"D:/Skald_TurnBasedStrategy_Code/Content/Blueprints/Character/SkaldFactions/Dwarves/MountedSpear/Dwarf_MountedSpearnSh_0926074142_texture.ubulk" 4420
"D:/Skald_TurnBasedStrategy_Code/Content/Blueprints/Character/SkaldFactions/Dwarves/MountedSpear/Dwarf_MountedSpearnSh_0926074142_texture.uasset" 4421
"D:/Skald_TurnBasedStrategy_Code/Content/Blueprints/Character/SkaldFactions/Dwarves/MountedSpear/Dwarf_MountedSpearnSh_0926074142_texture.uexp" 4422
"D:/Skald_TurnBasedStrategy_Code/Content/Blueprints/Character/SkaldFactions/Dwarves/MountedSpear/Dwarf_MountedSpearnSh_0926074142_texture_metallic.ubulk" 4423
"D:/Skald_TurnBasedStrategy_Code/Content/Blueprints/Character/SkaldFactions/Dwarves/MountedSpear/Dwarf_MountedSpearnSh_0926074142_texture_metallic.uasset" 4424
"D:/Skald_TurnBasedStrategy_Code/Content/Blueprints/Character/SkaldFactions/Dwarves/MountedSpear/Dwarf_MountedSpearnSh_0926074142_texture_metallic.uexp" 4425
"D:/Skald_TurnBasedStrategy_Code/Content/Blueprints/Character/SkaldFactions/Dwarves/MountedSpear/Material_016.uasset" 4426
"D:/Skald_TurnBasedStrategy_Code/Content/Blueprints/Character/SkaldFactions/Dwarves/MountedSpear/Material_016.uexp" 4427
"D:/Skald_TurnBasedStrategy_Code/Content/Blueprints/Character/SkaldFactions/Dwarves/MountedSpear/Dwarf_MountedSpearnSh_0926074142.ubulk" 4428
"D:/Skald_TurnBasedStrategy_Code/Content/Blueprints/Character/SkaldFactions/Dwarves/MountedSpear/Dwarf_MountedSpearnSh_0926074142.uasset" 4429
"D:/Skald_TurnBasedStrategy_Code/Content/Blueprints/Character/SkaldFactions/Dwarves/MountedSpear/Dwarf_MountedSpearnSh_0926074142.uexp" 4430
"D:/Skald_TurnBasedStrategy_Code/Content/Blueprints/Character/SkaldFactions/Dwarves/Dwarf_MountedSpear.uasset" 4431
"D:/Skald_TurnBasedStrategy_Code/Content/Blueprints/Character/SkaldFactions/Dwarves/Dwarf_MountedSpear.uexp" 4432
"D:/Skald_TurnBasedStrategy_Code/Content/Blueprints/Character/SkaldFactions/Humans/DualWield/HumanKnight_Dualwield_0926074631_texture_roughness.ubulk" 4433
"D:/Skald_TurnBasedStrategy_Code/Content/Blueprints/Character/SkaldFactions/Humans/DualWield/HumanKnight_Dualwield_0926074631_texture_roughness.uasset" 4434
"D:/Skald_TurnBasedStrategy_Code/Content/Blueprints/Character/SkaldFactions/Humans/DualWield/HumanKnight_Dualwield_0926074631_texture_roughness.uexp" 4435
"D:/Skald_TurnBasedStrategy_Code/Content/Blueprints/Character/SkaldFactions/Humans/DualWield/HumanKnight_Dualwield_0926074631_texture_normal.ubulk" 4436
"D:/Skald_TurnBasedStrategy_Code/Content/Blueprints/Character/SkaldFactions/Humans/DualWield/HumanKnight_Dualwield_0926074631_texture_normal.uasset" 4437
"D:/Skald_TurnBasedStrategy_Code/Content/Blueprints/Character/SkaldFactions/Humans/DualWield/HumanKnight_Dualwield_0926074631_texture_normal.uexp" 4438
"D:/Skald_TurnBasedStrategy_Code/Content/Blueprints/Character/SkaldFactions/Humans/DualWield/HumanKnight_Dualwield_0926074631_texture.ubulk" 4439
"D:/Skald_TurnBasedStrategy_Code/Content/Blueprints/Character/SkaldFactions/Humans/DualWield/HumanKnight_Dualwield_0926074631_texture.uasset" 4440
"D:/Skald_TurnBasedStrategy_Code/Content/Blueprints/Character/SkaldFactions/Humans/DualWield/HumanKnight_Dualwield_0926074631_texture.uexp" 4441
"D:/Skald_TurnBasedStrategy_Code/Content/Blueprints/Character/SkaldFactions/Humans/DualWield/HumanKnight_Dualwield_0926074631_texture_metallic.ubulk" 4442
"D:/Skald_TurnBasedStrategy_Code/Content/Blueprints/Character/SkaldFactions/Humans/DualWield/HumanKnight_Dualwield_0926074631_texture_metallic.uasset" 4443
"D:/Skald_TurnBasedStrategy_Code/Content/Blueprints/Character/SkaldFactions/Humans/DualWield/HumanKnight_Dualwield_0926074631_texture_metallic.uexp" 4444
"D:/Skald_TurnBasedStrategy_Code/Content/Blueprints/Character/SkaldFactions/Humans/DualWield/Material_024.uasset" 4445
"D:/Skald_TurnBasedStrategy_Code/Content/Blueprints/Character/SkaldFactions/Humans/DualWield/Material_024.uexp" 4446
"D:/Skald_TurnBasedStrategy_Code/Content/Blueprints/Character/SkaldFactions/Humans/DualWield/HumanKnight_Dualwield.ubulk" 4447
"D:/Skald_TurnBasedStrategy_Code/Content/Blueprints/Character/SkaldFactions/Humans/DualWield/HumanKnight_Dualwield.uasset" 4448
"D:/Skald_TurnBasedStrategy_Code/Content/Blueprints/Character/SkaldFactions/Humans/DualWield/HumanKnight_Dualwield.uexp" 4449
"D:/Skald_TurnBasedStrategy_Code/Content/Blueprints/Character/SkaldFactions/Humans/Human_DualWield.uasset" 4450
"D:/Skald_TurnBasedStrategy_Code/Content/Blueprints/Character/SkaldFactions/Humans/Human_DualWield.uexp" 4451
"D:/Skald_TurnBasedStrategy_Code/Content/Blueprints/Character/SkaldFactions/Orcs/MountedShield/Orc_Mounted_Axenshiel_0927020525_texture_normal.ubulk" 4452
"D:/Skald_TurnBasedStrategy_Code/Content/Blueprints/Character/SkaldFactions/Orcs/MountedShield/Orc_Mounted_Axenshiel_0927020525_texture_normal.uasset" 4453
"D:/Skald_TurnBasedStrategy_Code/Content/Blueprints/Character/SkaldFactions/Orcs/MountedShield/Orc_Mounted_Axenshiel_0927020525_texture_normal.uexp" 4454
"D:/Skald_TurnBasedStrategy_Code/Content/Blueprints/Character/SkaldFactions/Orcs/MountedShield/Orc_Mounted_Axenshiel_0927020525_texture_metallic.ubulk" 4455
"D:/Skald_TurnBasedStrategy_Code/Content/Blueprints/Character/SkaldFactions/Orcs/MountedShield/Orc_Mounted_Axenshiel_0927020525_texture_metallic.uasset" 4456
"D:/Skald_TurnBasedStrategy_Code/Content/Blueprints/Character/SkaldFactions/Orcs/MountedShield/Orc_Mounted_Axenshiel_0927020525_texture_metallic.uexp" 4457
"D:/Skald_TurnBasedStrategy_Code/Content/Blueprints/Character/SkaldFactions/Orcs/MountedShield/Orc_Mounted_Axenshiel_0927020525_texture_roughness.ubulk" 4458
"D:/Skald_TurnBasedStrategy_Code/Content/Blueprints/Character/SkaldFactions/Orcs/MountedShield/Orc_Mounted_Axenshiel_0927020525_texture_roughness.uasset" 4459
"D:/Skald_TurnBasedStrategy_Code/Content/Blueprints/Character/SkaldFactions/Orcs/MountedShield/Orc_Mounted_Axenshiel_0927020525_texture_roughness.uexp" 4460
"D:/Skald_TurnBasedStrategy_Code/Content/Blueprints/Character/SkaldFactions/Orcs/MountedShield/Orc_Mounted_Axenshiel_0927020525_texture.ubulk" 4461
"D:/Skald_TurnBasedStrategy_Code/Content/Blueprints/Character/SkaldFactions/Orcs/MountedShield/Orc_Mounted_Axenshiel_0927020525_texture.uasset" 4462
"D:/Skald_TurnBasedStrategy_Code/Content/Blueprints/Character/SkaldFactions/Orcs/MountedShield/Orc_Mounted_Axenshiel_0927020525_texture.uexp" 4463
"D:/Skald_TurnBasedStrategy_Code/Content/Blueprints/Character/SkaldFactions/Orcs/MountedShield/Material_003.uasset" 4464
"D:/Skald_TurnBasedStrategy_Code/Content/Blueprints/Character/SkaldFactions/Orcs/MountedShield/Material_003.uexp" 4465
"D:/Skald_TurnBasedStrategy_Code/Content/Blueprints/Character/SkaldFactions/Orcs/MountedShield/Orc_Mounted_Axenshield.ubulk" 4466
"D:/Skald_TurnBasedStrategy_Code/Content/Blueprints/Character/SkaldFactions/Orcs/MountedShield/Orc_Mounted_Axenshield.uasset" 4467
"D:/Skald_TurnBasedStrategy_Code/Content/Blueprints/Character/SkaldFactions/Orcs/MountedShield/Orc_Mounted_Axenshield.uexp" 4468
"D:/Skald_TurnBasedStrategy_Code/Content/Blueprints/Character/SkaldFactions/Orcs/Orc_MountedShield.uasset" 4469
"D:/Skald_TurnBasedStrategy_Code/Content/Blueprints/Character/SkaldFactions/Orcs/Orc_MountedShield.uexp" 4470
"D:/Skald_TurnBasedStrategy_Code/Content/Blueprints/Character/SkaldFactions/Gnolls/Cerebane/Gnoll_Cerebane_0927020407_texture_metallic.ubulk" 4471
"D:/Skald_TurnBasedStrategy_Code/Content/Blueprints/Character/SkaldFactions/Gnolls/Cerebane/Gnoll_Cerebane_0927020407_texture_metallic.uasset" 4472
"D:/Skald_TurnBasedStrategy_Code/Content/Blueprints/Character/SkaldFactions/Gnolls/Cerebane/Gnoll_Cerebane_0927020407_texture_metallic.uexp" 4473
"D:/Skald_TurnBasedStrategy_Code/Content/Blueprints/Character/SkaldFactions/Gnolls/Cerebane/Gnoll_Cerebane_0927020407_texture_roughness.ubulk" 4474
"D:/Skald_TurnBasedStrategy_Code/Content/Blueprints/Character/SkaldFactions/Gnolls/Cerebane/Gnoll_Cerebane_0927020407_texture_roughness.uasset" 4475
"D:/Skald_TurnBasedStrategy_Code/Content/Blueprints/Character/SkaldFactions/Gnolls/Cerebane/Gnoll_Cerebane_0927020407_texture_roughness.uexp" 4476
"D:/Skald_TurnBasedStrategy_Code/Content/Blueprints/Character/SkaldFactions/Gnolls/Cerebane/Gnoll_Cerebane_0927020407_texture.ubulk" 4477
"D:/Skald_TurnBasedStrategy_Code/Content/Blueprints/Character/SkaldFactions/Gnolls/Cerebane/Gnoll_Cerebane_0927020407_texture.uasset" 4478
"D:/Skald_TurnBasedStrategy_Code/Content/Blueprints/Character/SkaldFactions/Gnolls/Cerebane/Gnoll_Cerebane_0927020407_texture.uexp" 4479
"D:/Skald_TurnBasedStrategy_Code/Content/Blueprints/Character/SkaldFactions/Gnolls/Cerebane/Gnoll_Cerebane_0927020407_texture_normal.ubulk" 4480
"D:/Skald_TurnBasedStrategy_Code/Content/Blueprints/Character/SkaldFactions/Gnolls/Cerebane/Gnoll_Cerebane_0927020407_texture_normal.uasset" 4481
"D:/Skald_TurnBasedStrategy_Code/Content/Blueprints/Character/SkaldFactions/Gnolls/Cerebane/Gnoll_Cerebane_0927020407_texture_normal.uexp" 4482
"D:/Skald_TurnBasedStrategy_Code/Content/Blueprints/Character/SkaldFactions/Gnolls/Cerebane/Material_005.uasset" 4483
"D:/Skald_TurnBasedStrategy_Code/Content/Blueprints/Character/SkaldFactions/Gnolls/Cerebane/Material_005.uexp" 4484
"D:/Skald_TurnBasedStrategy_Code/Content/Blueprints/Character/SkaldFactions/Gnolls/Cerebane/Gnoll_Cerebane_0927020407.ubulk" 4485
"D:/Skald_TurnBasedStrategy_Code/Content/Blueprints/Character/SkaldFactions/Gnolls/Cerebane/Gnoll_Cerebane_0927020407.uasset" 4486
"D:/Skald_TurnBasedStrategy_Code/Content/Blueprints/Character/SkaldFactions/Gnolls/Cerebane/Gnoll_Cerebane_0927020407.uexp" 4487
"D:/Skald_TurnBasedStrategy_Code/Content/Blueprints/Character/SkaldFactions/Gnolls/Gnoll_Cerebane.uasset" 4488
"D:/Skald_TurnBasedStrategy_Code/Content/Blueprints/Character/SkaldFactions/Gnolls/Gnoll_Cerebane.uexp" 4489
"D:/Skald_TurnBasedStrategy_Code/Content/Blueprints/Character/SkaldFactions/ToadFolk/MountedShield/Skald_ToadFolk_Mounte_0926075059_texture.ubulk" 4490
"D:/Skald_TurnBasedStrategy_Code/Content/Blueprints/Character/SkaldFactions/ToadFolk/MountedShield/Skald_ToadFolk_Mounte_0926075059_texture.uasset" 4491
"D:/Skald_TurnBasedStrategy_Code/Content/Blueprints/Character/SkaldFactions/ToadFolk/MountedShield/Skald_ToadFolk_Mounte_0926075059_texture.uexp" 4492
"D:/Skald_TurnBasedStrategy_Code/Content/Blueprints/Character/SkaldFactions/ToadFolk/MountedShield/Skald_ToadFolk_Mounte_0926075059_texture_normal.ubulk" 4493
"D:/Skald_TurnBasedStrategy_Code/Content/Blueprints/Character/SkaldFactions/ToadFolk/MountedShield/Skald_ToadFolk_Mounte_0926075059_texture_normal.uasset" 4494
"D:/Skald_TurnBasedStrategy_Code/Content/Blueprints/Character/SkaldFactions/ToadFolk/MountedShield/Skald_ToadFolk_Mounte_0926075059_texture_normal.uexp" 4495
"D:/Skald_TurnBasedStrategy_Code/Content/Blueprints/Character/SkaldFactions/ToadFolk/MountedShield/Skald_ToadFolk_Mounte_0926075059_texture_roughness.ubulk" 4496
"D:/Skald_TurnBasedStrategy_Code/Content/Blueprints/Character/SkaldFactions/ToadFolk/MountedShield/Skald_ToadFolk_Mounte_0926075059_texture_roughness.uasset" 4497
"D:/Skald_TurnBasedStrategy_Code/Content/Blueprints/Character/SkaldFactions/ToadFolk/MountedShield/Skald_ToadFolk_Mounte_0926075059_texture_roughness.uexp" 4498
"D:/Skald_TurnBasedStrategy_Code/Content/Blueprints/Character/SkaldFactions/ToadFolk/MountedShield/Skald_ToadFolk_Mounte_0926075059_texture_metallic.ubulk" 4499
"D:/Skald_TurnBasedStrategy_Code/Content/Blueprints/Character/SkaldFactions/ToadFolk/MountedShield/Skald_ToadFolk_Mounte_0926075059_texture_metallic.uasset" 4500
"D:/Skald_TurnBasedStrategy_Code/Content/Blueprints/Character/SkaldFactions/ToadFolk/MountedShield/Skald_ToadFolk_Mounte_0926075059_texture_metallic.uexp" 4501
"D:/Skald_TurnBasedStrategy_Code/Content/Blueprints/Character/SkaldFactions/ToadFolk/MountedShield/Material_020.uasset" 4502
"D:/Skald_TurnBasedStrategy_Code/Content/Blueprints/Character/SkaldFactions/ToadFolk/MountedShield/Material_020.uexp" 4503
"D:/Skald_TurnBasedStrategy_Code/Content/Blueprints/Character/SkaldFactions/ToadFolk/MountedShield/Skald_ToadFolk_Mounte_0926075059.ubulk" 4504
"D:/Skald_TurnBasedStrategy_Code/Content/Blueprints/Character/SkaldFactions/ToadFolk/MountedShield/Skald_ToadFolk_Mounte_0926075059.uasset" 4505
"D:/Skald_TurnBasedStrategy_Code/Content/Blueprints/Character/SkaldFactions/ToadFolk/MountedShield/Skald_ToadFolk_Mounte_0926075059.uexp" 4506
"D:/Skald_TurnBasedStrategy_Code/Content/Blueprints/Character/SkaldFactions/ToadFolk/FrogFolk_MountedShield.uasset" 4507
"D:/Skald_TurnBasedStrategy_Code/Content/Blueprints/Character/SkaldFactions/ToadFolk/FrogFolk_MountedShield.uexp" 4508
"D:/Skald_TurnBasedStrategy_Code/Content/Blueprints/Character/SkaldFactions/Elves/MountedSpear/Elf_MountedSpear_Skal_0926082358_texture_metallic.ubulk" 4509
"D:/Skald_TurnBasedStrategy_Code/Content/Blueprints/Character/SkaldFactions/Elves/MountedSpear/Elf_MountedSpear_Skal_0926082358_texture_metallic.uasset" 4510
"D:/Skald_TurnBasedStrategy_Code/Content/Blueprints/Character/SkaldFactions/Elves/MountedSpear/Elf_MountedSpear_Skal_0926082358_texture_metallic.uexp" 4511
"D:/Skald_TurnBasedStrategy_Code/Content/Blueprints/Character/SkaldFactions/Elves/MountedSpear/Elf_MountedSpear_Skal_0926082358_texture_normal.ubulk" 4512
"D:/Skald_TurnBasedStrategy_Code/Content/Blueprints/Character/SkaldFactions/Elves/MountedSpear/Elf_MountedSpear_Skal_0926082358_texture_normal.uasset" 4513
"D:/Skald_TurnBasedStrategy_Code/Content/Blueprints/Character/SkaldFactions/Elves/MountedSpear/Elf_MountedSpear_Skal_0926082358_texture_normal.uexp" 4514
"D:/Skald_TurnBasedStrategy_Code/Content/Blueprints/Character/SkaldFactions/Elves/MountedSpear/Elf_MountedSpear_Skal_0926082358_texture_roughness.ubulk" 4515
"D:/Skald_TurnBasedStrategy_Code/Content/Blueprints/Character/SkaldFactions/Elves/MountedSpear/Elf_MountedSpear_Skal_0926082358_texture_roughness.uasset" 4516
"D:/Skald_TurnBasedStrategy_Code/Content/Blueprints/Character/SkaldFactions/Elves/MountedSpear/Elf_MountedSpear_Skal_0926082358_texture_roughness.uexp" 4517
"D:/Skald_TurnBasedStrategy_Code/Content/Blueprints/Character/SkaldFactions/Elves/MountedSpear/Elf_MountedSpear_Skal_0926082358_texture.ubulk" 4518
"D:/Skald_TurnBasedStrategy_Code/Content/Blueprints/Character/SkaldFactions/Elves/MountedSpear/Elf_MountedSpear_Skal_0926082358_texture.uasset" 4519
"D:/Skald_TurnBasedStrategy_Code/Content/Blueprints/Character/SkaldFactions/Elves/MountedSpear/Elf_MountedSpear_Skal_0926082358_texture.uexp" 4520
"D:/Skald_TurnBasedStrategy_Code/Content/Blueprints/Character/SkaldFactions/Elves/MountedSpear/Material_007.uasset" 4521
"D:/Skald_TurnBasedStrategy_Code/Content/Blueprints/Character/SkaldFactions/Elves/MountedSpear/Material_007.uexp" 4522
"D:/Skald_TurnBasedStrategy_Code/Content/Blueprints/Character/SkaldFactions/Elves/MountedSpear/Elf_MountedSpear_Skal_0926082358.ubulk" 4523
"D:/Skald_TurnBasedStrategy_Code/Content/Blueprints/Character/SkaldFactions/Elves/MountedSpear/Elf_MountedSpear_Skal_0926082358.uasset" 4524
"D:/Skald_TurnBasedStrategy_Code/Content/Blueprints/Character/SkaldFactions/Elves/MountedSpear/Elf_MountedSpear_Skal_0926082358.uexp" 4525
"D:/Skald_TurnBasedStrategy_Code/Content/Blueprints/Character/SkaldFactions/Elves/Elf_Mounted_Spear.uasset" 4526
"D:/Skald_TurnBasedStrategy_Code/Content/Blueprints/Character/SkaldFactions/Elves/Elf_Mounted_Spear.uexp" 4527
"D:/Skald_TurnBasedStrategy_Code/Content/Blueprints/Character/SkaldFactions/Dwarves/Archer/Dwarven_Marksman_0926073627_texture_roughness.ubulk" 4528
"D:/Skald_TurnBasedStrategy_Code/Content/Blueprints/Character/SkaldFactions/Dwarves/Archer/Dwarven_Marksman_0926073627_texture_roughness.uasset" 4529
"D:/Skald_TurnBasedStrategy_Code/Content/Blueprints/Character/SkaldFactions/Dwarves/Archer/Dwarven_Marksman_0926073627_texture_roughness.uexp" 4530
"D:/Skald_TurnBasedStrategy_Code/Content/Blueprints/Character/SkaldFactions/Dwarves/Archer/Dwarven_Marksman_0926073627_texture.ubulk" 4531
"D:/Skald_TurnBasedStrategy_Code/Content/Blueprints/Character/SkaldFactions/Dwarves/Archer/Dwarven_Marksman_0926073627_texture.uasset" 4532
"D:/Skald_TurnBasedStrategy_Code/Content/Blueprints/Character/SkaldFactions/Dwarves/Archer/Dwarven_Marksman_0926073627_texture.uexp" 4533
"D:/Skald_TurnBasedStrategy_Code/Content/Blueprints/Character/SkaldFactions/Dwarves/Archer/Dwarven_Marksman_0926073627_texture_metallic.ubulk" 4534
"D:/Skald_TurnBasedStrategy_Code/Content/Blueprints/Character/SkaldFactions/Dwarves/Archer/Dwarven_Marksman_0926073627_texture_metallic.uasset" 4535
"D:/Skald_TurnBasedStrategy_Code/Content/Blueprints/Character/SkaldFactions/Dwarves/Archer/Dwarven_Marksman_0926073627_texture_metallic.uexp" 4536
"D:/Skald_TurnBasedStrategy_Code/Content/Blueprints/Character/SkaldFactions/Dwarves/Archer/Dwarven_Marksman_0926073627_texture_normal.ubulk" 4537
"D:/Skald_TurnBasedStrategy_Code/Content/Blueprints/Character/SkaldFactions/Dwarves/Archer/Dwarven_Marksman_0926073627_texture_normal.uasset" 4538
"D:/Skald_TurnBasedStrategy_Code/Content/Blueprints/Character/SkaldFactions/Dwarves/Archer/Dwarven_Marksman_0926073627_texture_normal.uexp" 4539
"D:/Skald_TurnBasedStrategy_Code/Content/Blueprints/Character/SkaldFactions/Dwarves/Archer/Material_021.uasset" 4540
"D:/Skald_TurnBasedStrategy_Code/Content/Blueprints/Character/SkaldFactions/Dwarves/Archer/Material_021.uexp" 4541
"D:/Skald_TurnBasedStrategy_Code/Content/Blueprints/Character/SkaldFactions/Dwarves/Archer/Dwarven_Marksman_0926073627.ubulk" 4542
"D:/Skald_TurnBasedStrategy_Code/Content/Blueprints/Character/SkaldFactions/Dwarves/Archer/Dwarven_Marksman_0926073627.uasset" 4543
"D:/Skald_TurnBasedStrategy_Code/Content/Blueprints/Character/SkaldFactions/Dwarves/Archer/Dwarven_Marksman_0926073627.uexp" 4544
"D:/Skald_TurnBasedStrategy_Code/Content/Blueprints/Character/SkaldFactions/Dwarves/Dwarf_Archer.uasset" 4545
"D:/Skald_TurnBasedStrategy_Code/Content/Blueprints/Character/SkaldFactions/Dwarves/Dwarf_Archer.uexp" 4546
"D:/Skald_TurnBasedStrategy_Code/Content/Blueprints/Character/SkaldFactions/LizardFolk/SpearnShield/LizardFolk_SpearAndSh_1011010547_texture_metallic.ubulk" 4547
"D:/Skald_TurnBasedStrategy_Code/Content/Blueprints/Character/SkaldFactions/LizardFolk/SpearnShield/LizardFolk_SpearAndSh_1011010547_texture_metallic.uasset" 4548
"D:/Skald_TurnBasedStrategy_Code/Content/Blueprints/Character/SkaldFactions/LizardFolk/SpearnShield/LizardFolk_SpearAndSh_1011010547_texture_metallic.uexp" 4549
"D:/Skald_TurnBasedStrategy_Code/Content/Blueprints/Character/SkaldFactions/LizardFolk/SpearnShield/LizardFolk_SpearAndSh_1011010547_texture_normal.ubulk" 4550
"D:/Skald_TurnBasedStrategy_Code/Content/Blueprints/Character/SkaldFactions/LizardFolk/SpearnShield/LizardFolk_SpearAndSh_1011010547_texture_normal.uasset" 4551
"D:/Skald_TurnBasedStrategy_Code/Content/Blueprints/Character/SkaldFactions/LizardFolk/SpearnShield/LizardFolk_SpearAndSh_1011010547_texture_normal.uexp" 4552
"D:/Skald_TurnBasedStrategy_Code/Content/Blueprints/Character/SkaldFactions/LizardFolk/SpearnShield/LizardFolk_SpearAndSh_1011010547_texture_roughness.ubulk" 4553
"D:/Skald_TurnBasedStrategy_Code/Content/Blueprints/Character/SkaldFactions/LizardFolk/SpearnShield/LizardFolk_SpearAndSh_1011010547_texture_roughness.uasset" 4554
"D:/Skald_TurnBasedStrategy_Code/Content/Blueprints/Character/SkaldFactions/LizardFolk/SpearnShield/LizardFolk_SpearAndSh_1011010547_texture_roughness.uexp" 4555
"D:/Skald_TurnBasedStrategy_Code/Content/Blueprints/Character/SkaldFactions/LizardFolk/SpearnShield/LizardFolk_SpearAndSh_1011010547_texture.ubulk" 4556
"D:/Skald_TurnBasedStrategy_Code/Content/Blueprints/Character/SkaldFactions/LizardFolk/SpearnShield/LizardFolk_SpearAndSh_1011010547_texture.uasset" 4557
"D:/Skald_TurnBasedStrategy_Code/Content/Blueprints/Character/SkaldFactions/LizardFolk/SpearnShield/LizardFolk_SpearAndSh_1011010547_texture.uexp" 4558
"D:/Skald_TurnBasedStrategy_Code/Content/Blueprints/Character/SkaldFactions/LizardFolk/SpearnShield/Material_013.uasset" 4559
"D:/Skald_TurnBasedStrategy_Code/Content/Blueprints/Character/SkaldFactions/LizardFolk/SpearnShield/Material_013.uexp" 4560
"D:/Skald_TurnBasedStrategy_Code/Content/Blueprints/Character/SkaldFactions/LizardFolk/SpearnShield/LizardFolk_SpearAndShield.ubulk" 4561
"D:/Skald_TurnBasedStrategy_Code/Content/Blueprints/Character/SkaldFactions/LizardFolk/SpearnShield/LizardFolk_SpearAndShield.uasset" 4562
"D:/Skald_TurnBasedStrategy_Code/Content/Blueprints/Character/SkaldFactions/LizardFolk/SpearnShield/LizardFolk_SpearAndShield.uexp" 4563
"D:/Skald_TurnBasedStrategy_Code/Content/Blueprints/Character/SkaldFactions/LizardFolk/LizardFolk_SpearnShield.uasset" 4564
"D:/Skald_TurnBasedStrategy_Code/Content/Blueprints/Character/SkaldFactions/LizardFolk/LizardFolk_SpearnShield.uexp" 4565
"D:/Skald_TurnBasedStrategy_Code/Content/Blueprints/Character/SkaldFactions/Humans/SwordnShield/HumanKnight_SwordnShi_0926074643_texture.ubulk" 4566
"D:/Skald_TurnBasedStrategy_Code/Content/Blueprints/Character/SkaldFactions/Humans/SwordnShield/HumanKnight_SwordnShi_0926074643_texture.uasset" 4567
"D:/Skald_TurnBasedStrategy_Code/Content/Blueprints/Character/SkaldFactions/Humans/SwordnShield/HumanKnight_SwordnShi_0926074643_texture.uexp" 4568
"D:/Skald_TurnBasedStrategy_Code/Content/Blueprints/Character/SkaldFactions/Humans/SwordnShield/HumanKnight_SwordnShi_0926074643_texture_roughness.ubulk" 4569
"D:/Skald_TurnBasedStrategy_Code/Content/Blueprints/Character/SkaldFactions/Humans/SwordnShield/HumanKnight_SwordnShi_0926074643_texture_roughness.uasset" 4570
"D:/Skald_TurnBasedStrategy_Code/Content/Blueprints/Character/SkaldFactions/Humans/SwordnShield/HumanKnight_SwordnShi_0926074643_texture_roughness.uexp" 4571
"D:/Skald_TurnBasedStrategy_Code/Content/Blueprints/Character/SkaldFactions/Humans/SwordnShield/HumanKnight_SwordnShi_0926074643_texture_metallic.ubulk" 4572
"D:/Skald_TurnBasedStrategy_Code/Content/Blueprints/Character/SkaldFactions/Humans/SwordnShield/HumanKnight_SwordnShi_0926074643_texture_metallic.uasset" 4573
"D:/Skald_TurnBasedStrategy_Code/Content/Blueprints/Character/SkaldFactions/Humans/SwordnShield/HumanKnight_SwordnShi_0926074643_texture_metallic.uexp" 4574
"D:/Skald_TurnBasedStrategy_Code/Content/Blueprints/Character/SkaldFactions/Humans/SwordnShield/HumanKnight_SwordnShi_0926074643_texture_normal.ubulk" 4575
"D:/Skald_TurnBasedStrategy_Code/Content/Blueprints/Character/SkaldFactions/Humans/SwordnShield/HumanKnight_SwordnShi_0926074643_texture_normal.uasset" 4576
"D:/Skald_TurnBasedStrategy_Code/Content/Blueprints/Character/SkaldFactions/Humans/SwordnShield/HumanKnight_SwordnShi_0926074643_texture_normal.uexp" 4577
"D:/Skald_TurnBasedStrategy_Code/Content/Blueprints/Character/SkaldFactions/Humans/SwordnShield/Material_020.uasset" 4578
"D:/Skald_TurnBasedStrategy_Code/Content/Blueprints/Character/SkaldFactions/Humans/SwordnShield/Material_020.uexp" 4579
"D:/Skald_TurnBasedStrategy_Code/Content/Blueprints/Character/SkaldFactions/Humans/SwordnShield/HumanKnight_SwordnShi.ubulk" 4580
"D:/Skald_TurnBasedStrategy_Code/Content/Blueprints/Character/SkaldFactions/Humans/SwordnShield/HumanKnight_SwordnShi.uasset" 4581
"D:/Skald_TurnBasedStrategy_Code/Content/Blueprints/Character/SkaldFactions/Humans/SwordnShield/HumanKnight_SwordnShi.uexp" 4582
"D:/Skald_TurnBasedStrategy_Code/Content/Blueprints/Character/SkaldFactions/Humans/Human_SwordandShield.uasset" 4583
"D:/Skald_TurnBasedStrategy_Code/Content/Blueprints/Character/SkaldFactions/Humans/Human_SwordandShield.uexp" 4584
"D:/Skald_TurnBasedStrategy_Code/Content/Blueprints/Character/SkaldFactions/ToadFolk/DualWield/Skald_ToadFolk_DualWi_0926075050_texture.ubulk" 4585
"D:/Skald_TurnBasedStrategy_Code/Content/Blueprints/Character/SkaldFactions/ToadFolk/DualWield/Skald_ToadFolk_DualWi_0926075050_texture.uasset" 4586
"D:/Skald_TurnBasedStrategy_Code/Content/Blueprints/Character/SkaldFactions/ToadFolk/DualWield/Skald_ToadFolk_DualWi_0926075050_texture.uexp" 4587
"D:/Skald_TurnBasedStrategy_Code/Content/Blueprints/Character/SkaldFactions/ToadFolk/DualWield/Skald_ToadFolk_DualWi_0926075050_texture_normal.ubulk" 4588
"D:/Skald_TurnBasedStrategy_Code/Content/Blueprints/Character/SkaldFactions/ToadFolk/DualWield/Skald_ToadFolk_DualWi_0926075050_texture_normal.uasset" 4589
"D:/Skald_TurnBasedStrategy_Code/Content/Blueprints/Character/SkaldFactions/ToadFolk/DualWield/Skald_ToadFolk_DualWi_0926075050_texture_normal.uexp" 4590
"D:/Skald_TurnBasedStrategy_Code/Content/Blueprints/Character/SkaldFactions/ToadFolk/DualWield/Skald_ToadFolk_DualWi_0926075050_texture_metallic.ubulk" 4591
"D:/Skald_TurnBasedStrategy_Code/Content/Blueprints/Character/SkaldFactions/ToadFolk/DualWield/Skald_ToadFolk_DualWi_0926075050_texture_metallic.uasset" 4592
"D:/Skald_TurnBasedStrategy_Code/Content/Blueprints/Character/SkaldFactions/ToadFolk/DualWield/Skald_ToadFolk_DualWi_0926075050_texture_metallic.uexp" 4593
"D:/Skald_TurnBasedStrategy_Code/Content/Blueprints/Character/SkaldFactions/ToadFolk/DualWield/Skald_ToadFolk_DualWi_0926075050_texture_roughness.ubulk" 4594
"D:/Skald_TurnBasedStrategy_Code/Content/Blueprints/Character/SkaldFactions/ToadFolk/DualWield/Skald_ToadFolk_DualWi_0926075050_texture_roughness.uasset" 4595
"D:/Skald_TurnBasedStrategy_Code/Content/Blueprints/Character/SkaldFactions/ToadFolk/DualWield/Skald_ToadFolk_DualWi_0926075050_texture_roughness.uexp" 4596
"D:/Skald_TurnBasedStrategy_Code/Content/Blueprints/Character/SkaldFactions/ToadFolk/DualWield/Material_018.uasset" 4597
"D:/Skald_TurnBasedStrategy_Code/Content/Blueprints/Character/SkaldFactions/ToadFolk/DualWield/Material_018.uexp" 4598
"D:/Skald_TurnBasedStrategy_Code/Content/Blueprints/Character/SkaldFactions/ToadFolk/DualWield/Skald_ToadFolk_DualWi_0926075050.ubulk" 4599
"D:/Skald_TurnBasedStrategy_Code/Content/Blueprints/Character/SkaldFactions/ToadFolk/DualWield/Skald_ToadFolk_DualWi_0926075050.uasset" 4600
"D:/Skald_TurnBasedStrategy_Code/Content/Blueprints/Character/SkaldFactions/ToadFolk/DualWield/Skald_ToadFolk_DualWi_0926075050.uexp" 4601
"D:/Skald_TurnBasedStrategy_Code/Content/Blueprints/Character/SkaldFactions/ToadFolk/FrogFolk_DualWield.uasset" 4602
"D:/Skald_TurnBasedStrategy_Code/Content/Blueprints/Character/SkaldFactions/ToadFolk/FrogFolk_DualWield.uexp" 4603
"D:/Skald_TurnBasedStrategy_Code/Content/Blueprints/Character/SkaldFactions/Inflicted/Archer/Inflicted_Archer_Skal_1011005207_texture_roughness.ubulk" 4604
"D:/Skald_TurnBasedStrategy_Code/Content/Blueprints/Character/SkaldFactions/Inflicted/Archer/Inflicted_Archer_Skal_1011005207_texture_roughness.uasset" 4605
"D:/Skald_TurnBasedStrategy_Code/Content/Blueprints/Character/SkaldFactions/Inflicted/Archer/Inflicted_Archer_Skal_1011005207_texture_roughness.uexp" 4606
"D:/Skald_TurnBasedStrategy_Code/Content/Blueprints/Character/SkaldFactions/Inflicted/Archer/Inflicted_Archer_Skal_1011005207_texture_metallic.ubulk" 4607
"D:/Skald_TurnBasedStrategy_Code/Content/Blueprints/Character/SkaldFactions/Inflicted/Archer/Inflicted_Archer_Skal_1011005207_texture_metallic.uasset" 4608
"D:/Skald_TurnBasedStrategy_Code/Content/Blueprints/Character/SkaldFactions/Inflicted/Archer/Inflicted_Archer_Skal_1011005207_texture_metallic.uexp" 4609
"D:/Skald_TurnBasedStrategy_Code/Content/Blueprints/Character/SkaldFactions/Inflicted/Archer/Inflicted_Archer_Skal_1011005207_texture.ubulk" 4610
"D:/Skald_TurnBasedStrategy_Code/Content/Blueprints/Character/SkaldFactions/Inflicted/Archer/Inflicted_Archer_Skal_1011005207_texture.uasset" 4611
"D:/Skald_TurnBasedStrategy_Code/Content/Blueprints/Character/SkaldFactions/Inflicted/Archer/Inflicted_Archer_Skal_1011005207_texture.uexp" 4612
"D:/Skald_TurnBasedStrategy_Code/Content/Blueprints/Character/SkaldFactions/Inflicted/Archer/Inflicted_Archer_Skal_1011005207_texture_normal.ubulk" 4613
"D:/Skald_TurnBasedStrategy_Code/Content/Blueprints/Character/SkaldFactions/Inflicted/Archer/Inflicted_Archer_Skal_1011005207_texture_normal.uasset" 4614
"D:/Skald_TurnBasedStrategy_Code/Content/Blueprints/Character/SkaldFactions/Inflicted/Archer/Inflicted_Archer_Skal_1011005207_texture_normal.uexp" 4615
"D:/Skald_TurnBasedStrategy_Code/Content/Blueprints/Character/SkaldFactions/Inflicted/Archer/Material_011.uasset" 4616
"D:/Skald_TurnBasedStrategy_Code/Content/Blueprints/Character/SkaldFactions/Inflicted/Archer/Material_011.uexp" 4617
"D:/Skald_TurnBasedStrategy_Code/Content/Blueprints/Character/SkaldFactions/Inflicted/Archer/Inflicted_Archer.ubulk" 4618
"D:/Skald_TurnBasedStrategy_Code/Content/Blueprints/Character/SkaldFactions/Inflicted/Archer/Inflicted_Archer.uasset" 4619
"D:/Skald_TurnBasedStrategy_Code/Content/Blueprints/Character/SkaldFactions/Inflicted/Archer/Inflicted_Archer.uexp" 4620
"D:/Skald_TurnBasedStrategy_Code/Content/Blueprints/Character/SkaldFactions/Inflicted/Inflicted_Archer.uasset" 4621
"D:/Skald_TurnBasedStrategy_Code/Content/Blueprints/Character/SkaldFactions/Inflicted/Inflicted_Archer.uexp" 4622
"D:/Skald_TurnBasedStrategy_Code/Content/Blueprints/Character/SkaldFactions/ToadFolk/Archer/Skald_ToadFolk_Archer_0926075032_texture_normal.ubulk" 4623
"D:/Skald_TurnBasedStrategy_Code/Content/Blueprints/Character/SkaldFactions/ToadFolk/Archer/Skald_ToadFolk_Archer_0926075032_texture_normal.uasset" 4624
"D:/Skald_TurnBasedStrategy_Code/Content/Blueprints/Character/SkaldFactions/ToadFolk/Archer/Skald_ToadFolk_Archer_0926075032_texture_normal.uexp" 4625
"D:/Skald_TurnBasedStrategy_Code/Content/Blueprints/Character/SkaldFactions/ToadFolk/Archer/Skald_ToadFolk_Archer_0926075032_texture_metallic.ubulk" 4626
"D:/Skald_TurnBasedStrategy_Code/Content/Blueprints/Character/SkaldFactions/ToadFolk/Archer/Skald_ToadFolk_Archer_0926075032_texture_metallic.uasset" 4627
"D:/Skald_TurnBasedStrategy_Code/Content/Blueprints/Character/SkaldFactions/ToadFolk/Archer/Skald_ToadFolk_Archer_0926075032_texture_metallic.uexp" 4628
"D:/Skald_TurnBasedStrategy_Code/Content/Blueprints/Character/SkaldFactions/ToadFolk/Archer/Skald_ToadFolk_Archer_0926075032_texture.ubulk" 4629
"D:/Skald_TurnBasedStrategy_Code/Content/Blueprints/Character/SkaldFactions/ToadFolk/Archer/Skald_ToadFolk_Archer_0926075032_texture.uasset" 4630
"D:/Skald_TurnBasedStrategy_Code/Content/Blueprints/Character/SkaldFactions/ToadFolk/Archer/Skald_ToadFolk_Archer_0926075032_texture.uexp" 4631
"D:/Skald_TurnBasedStrategy_Code/Content/Blueprints/Character/SkaldFactions/ToadFolk/Archer/Skald_ToadFolk_Archer_0926075032_texture_roughness.ubulk" 4632
"D:/Skald_TurnBasedStrategy_Code/Content/Blueprints/Character/SkaldFactions/ToadFolk/Archer/Skald_ToadFolk_Archer_0926075032_texture_roughness.uasset" 4633
"D:/Skald_TurnBasedStrategy_Code/Content/Blueprints/Character/SkaldFactions/ToadFolk/Archer/Skald_ToadFolk_Archer_0926075032_texture_roughness.uexp" 4634
"D:/Skald_TurnBasedStrategy_Code/Content/Blueprints/Character/SkaldFactions/ToadFolk/Archer/Material_017.uasset" 4635
"D:/Skald_TurnBasedStrategy_Code/Content/Blueprints/Character/SkaldFactions/ToadFolk/Archer/Material_017.uexp" 4636
"D:/Skald_TurnBasedStrategy_Code/Content/Blueprints/Character/SkaldFactions/ToadFolk/Archer/Skald_ToadFolk_Archer_0926075032.ubulk" 4637
"D:/Skald_TurnBasedStrategy_Code/Content/Blueprints/Character/SkaldFactions/ToadFolk/Archer/Skald_ToadFolk_Archer_0926075032.uasset" 4638
"D:/Skald_TurnBasedStrategy_Code/Content/Blueprints/Character/SkaldFactions/ToadFolk/Archer/Skald_ToadFolk_Archer_0926075032.uexp" 4639
"D:/Skald_TurnBasedStrategy_Code/Content/Blueprints/Character/SkaldFactions/ToadFolk/FrogFolk_Archer.uasset" 4640
"D:/Skald_TurnBasedStrategy_Code/Content/Blueprints/Character/SkaldFactions/ToadFolk/FrogFolk_Archer.uexp" 4641
"D:/Skald_TurnBasedStrategy_Code/Content/Blueprints/Character/SkaldFactions/Inflicted/2hSpear/Inflicted_2hSpear_Ska_1011005125_texture.ubulk" 4642
"D:/Skald_TurnBasedStrategy_Code/Content/Blueprints/Character/SkaldFactions/Inflicted/2hSpear/Inflicted_2hSpear_Ska_1011005125_texture.uasset" 4643
"D:/Skald_TurnBasedStrategy_Code/Content/Blueprints/Character/SkaldFactions/Inflicted/2hSpear/Inflicted_2hSpear_Ska_1011005125_texture.uexp" 4644
"D:/Skald_TurnBasedStrategy_Code/Content/Blueprints/Character/SkaldFactions/Inflicted/2hSpear/Inflicted_2hSpear_Ska_1011005125_texture_metallic.ubulk" 4645
"D:/Skald_TurnBasedStrategy_Code/Content/Blueprints/Character/SkaldFactions/Inflicted/2hSpear/Inflicted_2hSpear_Ska_1011005125_texture_metallic.uasset" 4646
"D:/Skald_TurnBasedStrategy_Code/Content/Blueprints/Character/SkaldFactions/Inflicted/2hSpear/Inflicted_2hSpear_Ska_1011005125_texture_metallic.uexp" 4647
"D:/Skald_TurnBasedStrategy_Code/Content/Blueprints/Character/SkaldFactions/Inflicted/2hSpear/Inflicted_2hSpear_Ska_1011005125_texture_roughness.ubulk" 4648
"D:/Skald_TurnBasedStrategy_Code/Content/Blueprints/Character/SkaldFactions/Inflicted/2hSpear/Inflicted_2hSpear_Ska_1011005125_texture_roughness.uasset" 4649
"D:/Skald_TurnBasedStrategy_Code/Content/Blueprints/Character/SkaldFactions/Inflicted/2hSpear/Inflicted_2hSpear_Ska_1011005125_texture_roughness.uexp" 4650
"D:/Skald_TurnBasedStrategy_Code/Content/Blueprints/Character/SkaldFactions/Inflicted/2hSpear/Inflicted_2hSpear_Ska_1011005125_texture_normal.ubulk" 4651
"D:/Skald_TurnBasedStrategy_Code/Content/Blueprints/Character/SkaldFactions/Inflicted/2hSpear/Inflicted_2hSpear_Ska_1011005125_texture_normal.uasset" 4652
"D:/Skald_TurnBasedStrategy_Code/Content/Blueprints/Character/SkaldFactions/Inflicted/2hSpear/Inflicted_2hSpear_Ska_1011005125_texture_normal.uexp" 4653
"D:/Skald_TurnBasedStrategy_Code/Content/Blueprints/Character/SkaldFactions/Inflicted/2hSpear/Material_005.uasset" 4654
"D:/Skald_TurnBasedStrategy_Code/Content/Blueprints/Character/SkaldFactions/Inflicted/2hSpear/Material_005.uexp" 4655
"D:/Skald_TurnBasedStrategy_Code/Content/Blueprints/Character/SkaldFactions/Inflicted/2hSpear/Inflicted_2hSpear.ubulk" 4656
"D:/Skald_TurnBasedStrategy_Code/Content/Blueprints/Character/SkaldFactions/Inflicted/2hSpear/Inflicted_2hSpear.uasset" 4657
"D:/Skald_TurnBasedStrategy_Code/Content/Blueprints/Character/SkaldFactions/Inflicted/2hSpear/Inflicted_2hSpear.uexp" 4658
"D:/Skald_TurnBasedStrategy_Code/Content/Blueprints/Character/SkaldFactions/Inflicted/Inflicted_2hSpear.uasset" 4659
"D:/Skald_TurnBasedStrategy_Code/Content/Blueprints/Character/SkaldFactions/Inflicted/Inflicted_2hSpear.uexp" 4660
"D:/Skald_TurnBasedStrategy_Code/Content/Blueprints/Character/SkaldFactions/RavPack/DualWield/Skald_RavPack_DualWie_1015210914_texture_normal.ubulk" 4661
"D:/Skald_TurnBasedStrategy_Code/Content/Blueprints/Character/SkaldFactions/RavPack/DualWield/Skald_RavPack_DualWie_1015210914_texture_normal.uasset" 4662
"D:/Skald_TurnBasedStrategy_Code/Content/Blueprints/Character/SkaldFactions/RavPack/DualWield/Skald_RavPack_DualWie_1015210914_texture_normal.uexp" 4663
"D:/Skald_TurnBasedStrategy_Code/Content/Blueprints/Character/SkaldFactions/RavPack/DualWield/Skald_RavPack_DualWie_1015210914_texture.ubulk" 4664
"D:/Skald_TurnBasedStrategy_Code/Content/Blueprints/Character/SkaldFactions/RavPack/DualWield/Skald_RavPack_DualWie_1015210914_texture.uasset" 4665
"D:/Skald_TurnBasedStrategy_Code/Content/Blueprints/Character/SkaldFactions/RavPack/DualWield/Skald_RavPack_DualWie_1015210914_texture.uexp" 4666
"D:/Skald_TurnBasedStrategy_Code/Content/Blueprints/Character/SkaldFactions/RavPack/DualWield/Skald_RavPack_DualWie_1015210914_texture_metallic.ubulk" 4667
"D:/Skald_TurnBasedStrategy_Code/Content/Blueprints/Character/SkaldFactions/RavPack/DualWield/Skald_RavPack_DualWie_1015210914_texture_metallic.uasset" 4668
"D:/Skald_TurnBasedStrategy_Code/Content/Blueprints/Character/SkaldFactions/RavPack/DualWield/Skald_RavPack_DualWie_1015210914_texture_metallic.uexp" 4669
"D:/Skald_TurnBasedStrategy_Code/Content/Blueprints/Character/SkaldFactions/RavPack/DualWield/Skald_RavPack_DualWie_1015210914_texture_roughness.ubulk" 4670
"D:/Skald_TurnBasedStrategy_Code/Content/Blueprints/Character/SkaldFactions/RavPack/DualWield/Skald_RavPack_DualWie_1015210914_texture_roughness.uasset" 4671
"D:/Skald_TurnBasedStrategy_Code/Content/Blueprints/Character/SkaldFactions/RavPack/DualWield/Skald_RavPack_DualWie_1015210914_texture_roughness.uexp" 4672
"D:/Skald_TurnBasedStrategy_Code/Content/Blueprints/Character/SkaldFactions/RavPack/DualWield/Material_022.uasset" 4673
"D:/Skald_TurnBasedStrategy_Code/Content/Blueprints/Character/SkaldFactions/RavPack/DualWield/Material_022.uexp" 4674
"D:/Skald_TurnBasedStrategy_Code/Content/Blueprints/Character/SkaldFactions/RavPack/DualWield/Skald_RavPack_DualWield.ubulk" 4675
"D:/Skald_TurnBasedStrategy_Code/Content/Blueprints/Character/SkaldFactions/RavPack/DualWield/Skald_RavPack_DualWield.uasset" 4676
"D:/Skald_TurnBasedStrategy_Code/Content/Blueprints/Character/SkaldFactions/RavPack/DualWield/Skald_RavPack_DualWield.uexp" 4677
"D:/Skald_TurnBasedStrategy_Code/Content/Blueprints/Character/SkaldFactions/RavPack/RavPack_DualWield.uasset" 4678
"D:/Skald_TurnBasedStrategy_Code/Content/Blueprints/Character/SkaldFactions/RavPack/RavPack_DualWield.uexp" 4679
"D:/Skald_TurnBasedStrategy_Code/Content/Blueprints/Character/SkaldFactions/Ironlegion/MountedSpear/IronLegion_MountedSpe_0927220651_texture.ubulk" 4680
"D:/Skald_TurnBasedStrategy_Code/Content/Blueprints/Character/SkaldFactions/Ironlegion/MountedSpear/IronLegion_MountedSpe_0927220651_texture.uasset" 4681
"D:/Skald_TurnBasedStrategy_Code/Content/Blueprints/Character/SkaldFactions/Ironlegion/MountedSpear/IronLegion_MountedSpe_0927220651_texture.uexp" 4682
"D:/Skald_TurnBasedStrategy_Code/Content/Blueprints/Character/SkaldFactions/Ironlegion/MountedSpear/IronLegion_MountedSpe_0927220651_texture_roughness.ubulk" 4683
"D:/Skald_TurnBasedStrategy_Code/Content/Blueprints/Character/SkaldFactions/Ironlegion/MountedSpear/IronLegion_MountedSpe_0927220651_texture_roughness.uasset" 4684
"D:/Skald_TurnBasedStrategy_Code/Content/Blueprints/Character/SkaldFactions/Ironlegion/MountedSpear/IronLegion_MountedSpe_0927220651_texture_roughness.uexp" 4685
"D:/Skald_TurnBasedStrategy_Code/Content/Blueprints/Character/SkaldFactions/Ironlegion/MountedSpear/IronLegion_MountedSpe_0927220651_texture_metallic.ubulk" 4686
"D:/Skald_TurnBasedStrategy_Code/Content/Blueprints/Character/SkaldFactions/Ironlegion/MountedSpear/IronLegion_MountedSpe_0927220651_texture_metallic.uasset" 4687
"D:/Skald_TurnBasedStrategy_Code/Content/Blueprints/Character/SkaldFactions/Ironlegion/MountedSpear/IronLegion_MountedSpe_0927220651_texture_metallic.uexp" 4688
"D:/Skald_TurnBasedStrategy_Code/Content/Blueprints/Character/SkaldFactions/Ironlegion/MountedSpear/IronLegion_MountedSpe_0927220651_texture_normal.ubulk" 4689
"D:/Skald_TurnBasedStrategy_Code/Content/Blueprints/Character/SkaldFactions/Ironlegion/MountedSpear/IronLegion_MountedSpe_0927220651_texture_normal.uasset" 4690
"D:/Skald_TurnBasedStrategy_Code/Content/Blueprints/Character/SkaldFactions/Ironlegion/MountedSpear/IronLegion_MountedSpe_0927220651_texture_normal.uexp" 4691
"D:/Skald_TurnBasedStrategy_Code/Content/Blueprints/Character/SkaldFactions/Ironlegion/MountedSpear/Material_009.uasset" 4692
"D:/Skald_TurnBasedStrategy_Code/Content/Blueprints/Character/SkaldFactions/Ironlegion/MountedSpear/Material_009.uexp" 4693
"D:/Skald_TurnBasedStrategy_Code/Content/Blueprints/Character/SkaldFactions/Ironlegion/MountedSpear/IronLegion_MountedSpe_0927220651.ubulk" 4694
"D:/Skald_TurnBasedStrategy_Code/Content/Blueprints/Character/SkaldFactions/Ironlegion/MountedSpear/IronLegion_MountedSpe_0927220651.uasset" 4695
"D:/Skald_TurnBasedStrategy_Code/Content/Blueprints/Character/SkaldFactions/Ironlegion/MountedSpear/IronLegion_MountedSpe_0927220651.uexp" 4696
"D:/Skald_TurnBasedStrategy_Code/Content/Blueprints/Character/SkaldFactions/Ironlegion/IronLegion_MountedSpear.uasset" 4697
"D:/Skald_TurnBasedStrategy_Code/Content/Blueprints/Character/SkaldFactions/Ironlegion/IronLegion_MountedSpear.uexp" 4698
"D:/Skald_TurnBasedStrategy_Code/Content/Blueprints/Character/SkaldFactions/Elves/Archer/Elf_Archer_Skald_0927023306_texture_normal.ubulk" 4699
"D:/Skald_TurnBasedStrategy_Code/Content/Blueprints/Character/SkaldFactions/Elves/Archer/Elf_Archer_Skald_0927023306_texture_normal.uasset" 4700
"D:/Skald_TurnBasedStrategy_Code/Content/Blueprints/Character/SkaldFactions/Elves/Archer/Elf_Archer_Skald_0927023306_texture_normal.uexp" 4701
"D:/Skald_TurnBasedStrategy_Code/Content/Blueprints/Character/SkaldFactions/Elves/Archer/Elf_Archer_Skald_0927023306_texture_metallic.ubulk" 4702
"D:/Skald_TurnBasedStrategy_Code/Content/Blueprints/Character/SkaldFactions/Elves/Archer/Elf_Archer_Skald_0927023306_texture_metallic.uasset" 4703
"D:/Skald_TurnBasedStrategy_Code/Content/Blueprints/Character/SkaldFactions/Elves/Archer/Elf_Archer_Skald_0927023306_texture_metallic.uexp" 4704
"D:/Skald_TurnBasedStrategy_Code/Content/Blueprints/Character/SkaldFactions/Elves/Archer/Elf_Archer_Skald_0927023306_texture_roughness.ubulk" 4705
"D:/Skald_TurnBasedStrategy_Code/Content/Blueprints/Character/SkaldFactions/Elves/Archer/Elf_Archer_Skald_0927023306_texture_roughness.uasset" 4706
"D:/Skald_TurnBasedStrategy_Code/Content/Blueprints/Character/SkaldFactions/Elves/Archer/Elf_Archer_Skald_0927023306_texture_roughness.uexp" 4707
"D:/Skald_TurnBasedStrategy_Code/Content/Blueprints/Character/SkaldFactions/Elves/Archer/Elf_Archer_Skald_0927023306_texture.ubulk" 4708
"D:/Skald_TurnBasedStrategy_Code/Content/Blueprints/Character/SkaldFactions/Elves/Archer/Elf_Archer_Skald_0927023306_texture.uasset" 4709
"D:/Skald_TurnBasedStrategy_Code/Content/Blueprints/Character/SkaldFactions/Elves/Archer/Elf_Archer_Skald_0927023306_texture.uexp" 4710
"D:/Skald_TurnBasedStrategy_Code/Content/Blueprints/Character/SkaldFactions/Elves/Archer/Material_004.uasset" 4711
"D:/Skald_TurnBasedStrategy_Code/Content/Blueprints/Character/SkaldFactions/Elves/Archer/Material_004.uexp" 4712
"D:/Skald_TurnBasedStrategy_Code/Content/Blueprints/Character/SkaldFactions/Elves/Archer/Elf_Archer_Skald_0927023306.ubulk" 4713
"D:/Skald_TurnBasedStrategy_Code/Content/Blueprints/Character/SkaldFactions/Elves/Archer/Elf_Archer_Skald_0927023306.uasset" 4714
"D:/Skald_TurnBasedStrategy_Code/Content/Blueprints/Character/SkaldFactions/Elves/Archer/Elf_Archer_Skald_0927023306.uexp" 4715
"D:/Skald_TurnBasedStrategy_Code/Content/Blueprints/Character/SkaldFactions/Elves/Elf_Archer.uasset" 4716
"D:/Skald_TurnBasedStrategy_Code/Content/Blueprints/Character/SkaldFactions/Elves/Elf_Archer.uexp" 4717
"D:/Skald_TurnBasedStrategy_Code/Content/Blueprints/Character/SkaldFactions/Inflicted/MountedSpear/Inflicted_MountedSpea_1011005329_texture_roughness.ubulk" 4718
"D:/Skald_TurnBasedStrategy_Code/Content/Blueprints/Character/SkaldFactions/Inflicted/MountedSpear/Inflicted_MountedSpea_1011005329_texture_roughness.uasset" 4719
"D:/Skald_TurnBasedStrategy_Code/Content/Blueprints/Character/SkaldFactions/Inflicted/MountedSpear/Inflicted_MountedSpea_1011005329_texture_roughness.uexp" 4720
"D:/Skald_TurnBasedStrategy_Code/Content/Blueprints/Character/SkaldFactions/Inflicted/MountedSpear/Inflicted_MountedSpea_1011005329_texture_normal.ubulk" 4721
"D:/Skald_TurnBasedStrategy_Code/Content/Blueprints/Character/SkaldFactions/Inflicted/MountedSpear/Inflicted_MountedSpea_1011005329_texture_normal.uasset" 4722
"D:/Skald_TurnBasedStrategy_Code/Content/Blueprints/Character/SkaldFactions/Inflicted/MountedSpear/Inflicted_MountedSpea_1011005329_texture_normal.uexp" 4723
"D:/Skald_TurnBasedStrategy_Code/Content/Blueprints/Character/SkaldFactions/Inflicted/MountedSpear/Inflicted_MountedSpea_1011005329_texture_metallic.ubulk" 4724
"D:/Skald_TurnBasedStrategy_Code/Content/Blueprints/Character/SkaldFactions/Inflicted/MountedSpear/Inflicted_MountedSpea_1011005329_texture_metallic.uasset" 4725
"D:/Skald_TurnBasedStrategy_Code/Content/Blueprints/Character/SkaldFactions/Inflicted/MountedSpear/Inflicted_MountedSpea_1011005329_texture_metallic.uexp" 4726
"D:/Skald_TurnBasedStrategy_Code/Content/Blueprints/Character/SkaldFactions/Inflicted/MountedSpear/Inflicted_MountedSpea_1011005329_texture.ubulk" 4727
"D:/Skald_TurnBasedStrategy_Code/Content/Blueprints/Character/SkaldFactions/Inflicted/MountedSpear/Inflicted_MountedSpea_1011005329_texture.uasset" 4728
"D:/Skald_TurnBasedStrategy_Code/Content/Blueprints/Character/SkaldFactions/Inflicted/MountedSpear/Inflicted_MountedSpea_1011005329_texture.uexp" 4729
"D:/Skald_TurnBasedStrategy_Code/Content/Blueprints/Character/SkaldFactions/Inflicted/MountedSpear/Material_007.uasset" 4730
"D:/Skald_TurnBasedStrategy_Code/Content/Blueprints/Character/SkaldFactions/Inflicted/MountedSpear/Material_007.uexp" 4731
"D:/Skald_TurnBasedStrategy_Code/Content/Blueprints/Character/SkaldFactions/Inflicted/MountedSpear/Inflicted_MountedSpear.ubulk" 4732
"D:/Skald_TurnBasedStrategy_Code/Content/Blueprints/Character/SkaldFactions/Inflicted/MountedSpear/Inflicted_MountedSpear.uasset" 4733
"D:/Skald_TurnBasedStrategy_Code/Content/Blueprints/Character/SkaldFactions/Inflicted/MountedSpear/Inflicted_MountedSpear.uexp" 4734
"D:/Skald_TurnBasedStrategy_Code/Content/Blueprints/Character/SkaldFactions/Inflicted/Inflicted_MountedSpear.uasset" 4735
"D:/Skald_TurnBasedStrategy_Code/Content/Blueprints/Character/SkaldFactions/Inflicted/Inflicted_MountedSpear.uexp" 4736
"D:/Skald_TurnBasedStrategy_Code/Content/Blueprints/Character/SkaldFactions/Ironlegion/Archer/IronLegion_Archer_Ska_0927221008_texture_metallic.ubulk" 4737
"D:/Skald_TurnBasedStrategy_Code/Content/Blueprints/Character/SkaldFactions/Ironlegion/Archer/IronLegion_Archer_Ska_0927221008_texture_metallic.uasset" 4738
"D:/Skald_TurnBasedStrategy_Code/Content/Blueprints/Character/SkaldFactions/Ironlegion/Archer/IronLegion_Archer_Ska_0927221008_texture_metallic.uexp" 4739
"D:/Skald_TurnBasedStrategy_Code/Content/Blueprints/Character/SkaldFactions/Ironlegion/Archer/IronLegion_Archer_Ska_0927221008_texture_normal.ubulk" 4740
"D:/Skald_TurnBasedStrategy_Code/Content/Blueprints/Character/SkaldFactions/Ironlegion/Archer/IronLegion_Archer_Ska_0927221008_texture_normal.uasset" 4741
"D:/Skald_TurnBasedStrategy_Code/Content/Blueprints/Character/SkaldFactions/Ironlegion/Archer/IronLegion_Archer_Ska_0927221008_texture_normal.uexp" 4742
"D:/Skald_TurnBasedStrategy_Code/Content/Blueprints/Character/SkaldFactions/Ironlegion/Archer/IronLegion_Archer_Ska_0927221008_texture_roughness.ubulk" 4743
"D:/Skald_TurnBasedStrategy_Code/Content/Blueprints/Character/SkaldFactions/Ironlegion/Archer/IronLegion_Archer_Ska_0927221008_texture_roughness.uasset" 4744
"D:/Skald_TurnBasedStrategy_Code/Content/Blueprints/Character/SkaldFactions/Ironlegion/Archer/IronLegion_Archer_Ska_0927221008_texture_roughness.uexp" 4745
"D:/Skald_TurnBasedStrategy_Code/Content/Blueprints/Character/SkaldFactions/Ironlegion/Archer/IronLegion_Archer_Ska_0927221008_texture.ubulk" 4746
"D:/Skald_TurnBasedStrategy_Code/Content/Blueprints/Character/SkaldFactions/Ironlegion/Archer/IronLegion_Archer_Ska_0927221008_texture.uasset" 4747
"D:/Skald_TurnBasedStrategy_Code/Content/Blueprints/Character/SkaldFactions/Ironlegion/Archer/IronLegion_Archer_Ska_0927221008_texture.uexp" 4748
"D:/Skald_TurnBasedStrategy_Code/Content/Blueprints/Character/SkaldFactions/Ironlegion/Archer/Material_003.uasset" 4749
"D:/Skald_TurnBasedStrategy_Code/Content/Blueprints/Character/SkaldFactions/Ironlegion/Archer/Material_003.uexp" 4750
"D:/Skald_TurnBasedStrategy_Code/Content/Blueprints/Character/SkaldFactions/Ironlegion/Archer/IronLegion_Archer_Ska_0927221008.ubulk" 4751
"D:/Skald_TurnBasedStrategy_Code/Content/Blueprints/Character/SkaldFactions/Ironlegion/Archer/IronLegion_Archer_Ska_0927221008.uasset" 4752
"D:/Skald_TurnBasedStrategy_Code/Content/Blueprints/Character/SkaldFactions/Ironlegion/Archer/IronLegion_Archer_Ska_0927221008.uexp" 4753
"D:/Skald_TurnBasedStrategy_Code/Content/Blueprints/Character/SkaldFactions/Ironlegion/IronLegion_Archer.uasset" 4754
"D:/Skald_TurnBasedStrategy_Code/Content/Blueprints/Character/SkaldFactions/Ironlegion/IronLegion_Archer.uexp" 4755
"D:/Skald_TurnBasedStrategy_Code/Content/Blueprints/Character/SkaldFactions/Undead/MountedSpear/Undead_MountedSpear_S_0926074837_texture_metallic.ubulk" 4756
"D:/Skald_TurnBasedStrategy_Code/Content/Blueprints/Character/SkaldFactions/Undead/MountedSpear/Undead_MountedSpear_S_0926074837_texture_metallic.uasset" 4757
"D:/Skald_TurnBasedStrategy_Code/Content/Blueprints/Character/SkaldFactions/Undead/MountedSpear/Undead_MountedSpear_S_0926074837_texture_metallic.uexp" 4758
"D:/Skald_TurnBasedStrategy_Code/Content/Blueprints/Character/SkaldFactions/Undead/MountedSpear/Undead_MountedSpear_S_0926074837_texture_normal.ubulk" 4759
"D:/Skald_TurnBasedStrategy_Code/Content/Blueprints/Character/SkaldFactions/Undead/MountedSpear/Undead_MountedSpear_S_0926074837_texture_normal.uasset" 4760
"D:/Skald_TurnBasedStrategy_Code/Content/Blueprints/Character/SkaldFactions/Undead/MountedSpear/Undead_MountedSpear_S_0926074837_texture_normal.uexp" 4761
"D:/Skald_TurnBasedStrategy_Code/Content/Blueprints/Character/SkaldFactions/Undead/MountedSpear/Undead_MountedSpear_S_0926074837_texture_roughness.ubulk" 4762
"D:/Skald_TurnBasedStrategy_Code/Content/Blueprints/Character/SkaldFactions/Undead/MountedSpear/Undead_MountedSpear_S_0926074837_texture_roughness.uasset" 4763
"D:/Skald_TurnBasedStrategy_Code/Content/Blueprints/Character/SkaldFactions/Undead/MountedSpear/Undead_MountedSpear_S_0926074837_texture_roughness.uexp" 4764
"D:/Skald_TurnBasedStrategy_Code/Content/Blueprints/Character/SkaldFactions/Undead/MountedSpear/texture_0.ubulk" 4765
"D:/Skald_TurnBasedStrategy_Code/Content/Blueprints/Character/SkaldFactions/Undead/MountedSpear/texture_0.uasset" 4766
"D:/Skald_TurnBasedStrategy_Code/Content/Blueprints/Character/SkaldFactions/Undead/MountedSpear/texture_0.uexp" 4767
"D:/Skald_TurnBasedStrategy_Code/Content/Blueprints/Character/SkaldFactions/Undead/MountedSpear/Material_003.uasset" 4768
"D:/Skald_TurnBasedStrategy_Code/Content/Blueprints/Character/SkaldFactions/Undead/MountedSpear/Material_003.uexp" 4769
"D:/Skald_TurnBasedStrategy_Code/Content/Blueprints/Character/SkaldFactions/Undead/MountedSpear/Undead_MountedSpear_S_0926074837_texture.ubulk" 4770
"D:/Skald_TurnBasedStrategy_Code/Content/Blueprints/Character/SkaldFactions/Undead/MountedSpear/Undead_MountedSpear_S_0926074837_texture.uasset" 4771
"D:/Skald_TurnBasedStrategy_Code/Content/Blueprints/Character/SkaldFactions/Undead/MountedSpear/Undead_MountedSpear_S_0926074837_texture.uexp" 4772
"D:/Skald_TurnBasedStrategy_Code/Content/Blueprints/Character/SkaldFactions/Undead/Undead_MountedSpear.uasset" 4773
"D:/Skald_TurnBasedStrategy_Code/Content/Blueprints/Character/SkaldFactions/Undead/Undead_MountedSpear.uexp" 4774
"D:/Skald_TurnBasedStrategy_Code/Content/Blueprints/Character/SkaldFactions/Elves/Dualwield/Elf_DualWield_Skald_0926082125_texture.ubulk" 4775
"D:/Skald_TurnBasedStrategy_Code/Content/Blueprints/Character/SkaldFactions/Elves/Dualwield/Elf_DualWield_Skald_0926082125_texture.uasset" 4776
"D:/Skald_TurnBasedStrategy_Code/Content/Blueprints/Character/SkaldFactions/Elves/Dualwield/Elf_DualWield_Skald_0926082125_texture.uexp" 4777
"D:/Skald_TurnBasedStrategy_Code/Content/Blueprints/Character/SkaldFactions/Elves/Dualwield/Elf_DualWield_Skald_0926082125_texture_normal.ubulk" 4778
"D:/Skald_TurnBasedStrategy_Code/Content/Blueprints/Character/SkaldFactions/Elves/Dualwield/Elf_DualWield_Skald_0926082125_texture_normal.uasset" 4779
"D:/Skald_TurnBasedStrategy_Code/Content/Blueprints/Character/SkaldFactions/Elves/Dualwield/Elf_DualWield_Skald_0926082125_texture_normal.uexp" 4780
"D:/Skald_TurnBasedStrategy_Code/Content/Blueprints/Character/SkaldFactions/Elves/Dualwield/Elf_DualWield_Skald_0926082125_texture_roughness.ubulk" 4781
"D:/Skald_TurnBasedStrategy_Code/Content/Blueprints/Character/SkaldFactions/Elves/Dualwield/Elf_DualWield_Skald_0926082125_texture_roughness.uasset" 4782
"D:/Skald_TurnBasedStrategy_Code/Content/Blueprints/Character/SkaldFactions/Elves/Dualwield/Elf_DualWield_Skald_0926082125_texture_roughness.uexp" 4783
"D:/Skald_TurnBasedStrategy_Code/Content/Blueprints/Character/SkaldFactions/Elves/Dualwield/Elf_DualWield_Skald_0926082125_texture_metallic.ubulk" 4784
"D:/Skald_TurnBasedStrategy_Code/Content/Blueprints/Character/SkaldFactions/Elves/Dualwield/Elf_DualWield_Skald_0926082125_texture_metallic.uasset" 4785
"D:/Skald_TurnBasedStrategy_Code/Content/Blueprints/Character/SkaldFactions/Elves/Dualwield/Elf_DualWield_Skald_0926082125_texture_metallic.uexp" 4786
"D:/Skald_TurnBasedStrategy_Code/Content/Blueprints/Character/SkaldFactions/Elves/Dualwield/Material_005.uasset" 4787
"D:/Skald_TurnBasedStrategy_Code/Content/Blueprints/Character/SkaldFactions/Elves/Dualwield/Material_005.uexp" 4788
"D:/Skald_TurnBasedStrategy_Code/Content/Blueprints/Character/SkaldFactions/Elves/Dualwield/Elf_DualWield_Skald_0926082125.ubulk" 4789
"D:/Skald_TurnBasedStrategy_Code/Content/Blueprints/Character/SkaldFactions/Elves/Dualwield/Elf_DualWield_Skald_0926082125.uasset" 4790
"D:/Skald_TurnBasedStrategy_Code/Content/Blueprints/Character/SkaldFactions/Elves/Dualwield/Elf_DualWield_Skald_0926082125.uexp" 4791
"D:/Skald_TurnBasedStrategy_Code/Content/Blueprints/Character/SkaldFactions/Elves/Elf_DualWield.uasset" 4792
"D:/Skald_TurnBasedStrategy_Code/Content/Blueprints/Character/SkaldFactions/Elves/Elf_DualWield.uexp" 4793
"D:/Skald_TurnBasedStrategy_Code/Content/Blueprints/Character/SkaldFactions/Gnolls/DualWield/Gnoll_DualWield_Skald_0927021125_texture_metallic.ubulk" 4794
"D:/Skald_TurnBasedStrategy_Code/Content/Blueprints/Character/SkaldFactions/Gnolls/DualWield/Gnoll_DualWield_Skald_0927021125_texture_metallic.uasset" 4795
"D:/Skald_TurnBasedStrategy_Code/Content/Blueprints/Character/SkaldFactions/Gnolls/DualWield/Gnoll_DualWield_Skald_0927021125_texture_metallic.uexp" 4796
"D:/Skald_TurnBasedStrategy_Code/Content/Blueprints/Character/SkaldFactions/Gnolls/DualWield/Gnoll_DualWield_Skald_0927021125_texture.ubulk" 4797
"D:/Skald_TurnBasedStrategy_Code/Content/Blueprints/Character/SkaldFactions/Gnolls/DualWield/Gnoll_DualWield_Skald_0927021125_texture.uasset" 4798
"D:/Skald_TurnBasedStrategy_Code/Content/Blueprints/Character/SkaldFactions/Gnolls/DualWield/Gnoll_DualWield_Skald_0927021125_texture.uexp" 4799
"D:/Skald_TurnBasedStrategy_Code/Content/Blueprints/Character/SkaldFactions/Gnolls/DualWield/Gnoll_DualWield_Skald_0927021125_texture_roughness.ubulk" 4800
"D:/Skald_TurnBasedStrategy_Code/Content/Blueprints/Character/SkaldFactions/Gnolls/DualWield/Gnoll_DualWield_Skald_0927021125_texture_roughness.uasset" 4801
"D:/Skald_TurnBasedStrategy_Code/Content/Blueprints/Character/SkaldFactions/Gnolls/DualWield/Gnoll_DualWield_Skald_0927021125_texture_roughness.uexp" 4802
"D:/Skald_TurnBasedStrategy_Code/Content/Blueprints/Character/SkaldFactions/Gnolls/DualWield/Gnoll_DualWield_Skald_0927021125_texture_normal.ubulk" 4803
"D:/Skald_TurnBasedStrategy_Code/Content/Blueprints/Character/SkaldFactions/Gnolls/DualWield/Gnoll_DualWield_Skald_0927021125_texture_normal.uasset" 4804
"D:/Skald_TurnBasedStrategy_Code/Content/Blueprints/Character/SkaldFactions/Gnolls/DualWield/Gnoll_DualWield_Skald_0927021125_texture_normal.uexp" 4805
"D:/Skald_TurnBasedStrategy_Code/Content/Blueprints/Character/SkaldFactions/Gnolls/DualWield/Material_007.uasset" 4806
"D:/Skald_TurnBasedStrategy_Code/Content/Blueprints/Character/SkaldFactions/Gnolls/DualWield/Material_007.uexp" 4807
"D:/Skald_TurnBasedStrategy_Code/Content/Blueprints/Character/SkaldFactions/Gnolls/DualWield/Gnoll_DualWield_Skald_0927021125.ubulk" 4808
"D:/Skald_TurnBasedStrategy_Code/Content/Blueprints/Character/SkaldFactions/Gnolls/DualWield/Gnoll_DualWield_Skald_0927021125.uasset" 4809
"D:/Skald_TurnBasedStrategy_Code/Content/Blueprints/Character/SkaldFactions/Gnolls/DualWield/Gnoll_DualWield_Skald_0927021125.uexp" 4810
"D:/Skald_TurnBasedStrategy_Code/Content/Blueprints/Character/SkaldFactions/Gnolls/Gnoll_DualWield.uasset" 4811
"D:/Skald_TurnBasedStrategy_Code/Content/Blueprints/Character/SkaldFactions/Gnolls/Gnoll_DualWield.uexp" 4812
"D:/Skald_TurnBasedStrategy_Code/Content/Blueprints/Character/SkaldFactions/LizardFolk/MountedSpear/LizardFolk_MountedSpe_1011010805_texture.ubulk" 4813
"D:/Skald_TurnBasedStrategy_Code/Content/Blueprints/Character/SkaldFactions/LizardFolk/MountedSpear/LizardFolk_MountedSpe_1011010805_texture.uasset" 4814
"D:/Skald_TurnBasedStrategy_Code/Content/Blueprints/Character/SkaldFactions/LizardFolk/MountedSpear/LizardFolk_MountedSpe_1011010805_texture.uexp" 4815
"D:/Skald_TurnBasedStrategy_Code/Content/Blueprints/Character/SkaldFactions/LizardFolk/MountedSpear/LizardFolk_MountedSpe_1011010805_texture_roughness.ubulk" 4816
"D:/Skald_TurnBasedStrategy_Code/Content/Blueprints/Character/SkaldFactions/LizardFolk/MountedSpear/LizardFolk_MountedSpe_1011010805_texture_roughness.uasset" 4817
"D:/Skald_TurnBasedStrategy_Code/Content/Blueprints/Character/SkaldFactions/LizardFolk/MountedSpear/LizardFolk_MountedSpe_1011010805_texture_roughness.uexp" 4818
"D:/Skald_TurnBasedStrategy_Code/Content/Blueprints/Character/SkaldFactions/LizardFolk/MountedSpear/LizardFolk_MountedSpe_1011010805_texture_normal.ubulk" 4819
"D:/Skald_TurnBasedStrategy_Code/Content/Blueprints/Character/SkaldFactions/LizardFolk/MountedSpear/LizardFolk_MountedSpe_1011010805_texture_normal.uasset" 4820
"D:/Skald_TurnBasedStrategy_Code/Content/Blueprints/Character/SkaldFactions/LizardFolk/MountedSpear/LizardFolk_MountedSpe_1011010805_texture_normal.uexp" 4821
"D:/Skald_TurnBasedStrategy_Code/Content/Blueprints/Character/SkaldFactions/LizardFolk/MountedSpear/LizardFolk_MountedSpe_1011010805_texture_metallic.ubulk" 4822
"D:/Skald_TurnBasedStrategy_Code/Content/Blueprints/Character/SkaldFactions/LizardFolk/MountedSpear/LizardFolk_MountedSpe_1011010805_texture_metallic.uasset" 4823
"D:/Skald_TurnBasedStrategy_Code/Content/Blueprints/Character/SkaldFactions/LizardFolk/MountedSpear/LizardFolk_MountedSpe_1011010805_texture_metallic.uexp" 4824
"D:/Skald_TurnBasedStrategy_Code/Content/Blueprints/Character/SkaldFactions/LizardFolk/MountedSpear/Material_012.uasset" 4825
"D:/Skald_TurnBasedStrategy_Code/Content/Blueprints/Character/SkaldFactions/LizardFolk/MountedSpear/Material_012.uexp" 4826
"D:/Skald_TurnBasedStrategy_Code/Content/Blueprints/Character/SkaldFactions/LizardFolk/MountedSpear/LizardFolk_MountedSpear.ubulk" 4827
"D:/Skald_TurnBasedStrategy_Code/Content/Blueprints/Character/SkaldFactions/LizardFolk/MountedSpear/LizardFolk_MountedSpear.uasset" 4828
"D:/Skald_TurnBasedStrategy_Code/Content/Blueprints/Character/SkaldFactions/LizardFolk/MountedSpear/LizardFolk_MountedSpear.uexp" 4829
"D:/Skald_TurnBasedStrategy_Code/Content/Blueprints/Character/SkaldFactions/LizardFolk/LizardFolk_MountedSpear.uasset" 4830
"D:/Skald_TurnBasedStrategy_Code/Content/Blueprints/Character/SkaldFactions/LizardFolk/LizardFolk_MountedSpear.uexp" 4831
"D:/Skald_TurnBasedStrategy_Code/Content/Blueprints/Character/SkaldFactions/Dwarves/SpearAndShield/Dwarf_SpearnShield_Sk_0926073342_texture_roughness.ubulk" 4832
"D:/Skald_TurnBasedStrategy_Code/Content/Blueprints/Character/SkaldFactions/Dwarves/SpearAndShield/Dwarf_SpearnShield_Sk_0926073342_texture_roughness.uasset" 4833
"D:/Skald_TurnBasedStrategy_Code/Content/Blueprints/Character/SkaldFactions/Dwarves/SpearAndShield/Dwarf_SpearnShield_Sk_0926073342_texture_roughness.uexp" 4834
"D:/Skald_TurnBasedStrategy_Code/Content/Blueprints/Character/SkaldFactions/Dwarves/SpearAndShield/Dwarf_SpearnShield_Sk_0926073342_texture.ubulk" 4835
"D:/Skald_TurnBasedStrategy_Code/Content/Blueprints/Character/SkaldFactions/Dwarves/SpearAndShield/Dwarf_SpearnShield_Sk_0926073342_texture.uasset" 4836
"D:/Skald_TurnBasedStrategy_Code/Content/Blueprints/Character/SkaldFactions/Dwarves/SpearAndShield/Dwarf_SpearnShield_Sk_0926073342_texture.uexp" 4837
"D:/Skald_TurnBasedStrategy_Code/Content/Blueprints/Character/SkaldFactions/Dwarves/SpearAndShield/Dwarf_SpearnShield_Sk_0926073342_texture_metallic.ubulk" 4838
"D:/Skald_TurnBasedStrategy_Code/Content/Blueprints/Character/SkaldFactions/Dwarves/SpearAndShield/Dwarf_SpearnShield_Sk_0926073342_texture_metallic.uasset" 4839
"D:/Skald_TurnBasedStrategy_Code/Content/Blueprints/Character/SkaldFactions/Dwarves/SpearAndShield/Dwarf_SpearnShield_Sk_0926073342_texture_metallic.uexp" 4840
"D:/Skald_TurnBasedStrategy_Code/Content/Blueprints/Character/SkaldFactions/Dwarves/SpearAndShield/Dwarf_SpearnShield_Sk_0926073342_texture_normal.ubulk" 4841
"D:/Skald_TurnBasedStrategy_Code/Content/Blueprints/Character/SkaldFactions/Dwarves/SpearAndShield/Dwarf_SpearnShield_Sk_0926073342_texture_normal.uasset" 4842
"D:/Skald_TurnBasedStrategy_Code/Content/Blueprints/Character/SkaldFactions/Dwarves/SpearAndShield/Dwarf_SpearnShield_Sk_0926073342_texture_normal.uexp" 4843
"D:/Skald_TurnBasedStrategy_Code/Content/Blueprints/Character/SkaldFactions/Dwarves/SpearAndShield/Material_017.uasset" 4844
"D:/Skald_TurnBasedStrategy_Code/Content/Blueprints/Character/SkaldFactions/Dwarves/SpearAndShield/Material_017.uexp" 4845
"D:/Skald_TurnBasedStrategy_Code/Content/Blueprints/Character/SkaldFactions/Dwarves/SpearAndShield/Dwarf_SpearnShield_Sk_0926073342_.ubulk" 4846
"D:/Skald_TurnBasedStrategy_Code/Content/Blueprints/Character/SkaldFactions/Dwarves/SpearAndShield/Dwarf_SpearnShield_Sk_0926073342_.uasset" 4847
"D:/Skald_TurnBasedStrategy_Code/Content/Blueprints/Character/SkaldFactions/Dwarves/SpearAndShield/Dwarf_SpearnShield_Sk_0926073342_.uexp" 4848
"D:/Skald_TurnBasedStrategy_Code/Content/Blueprints/Character/SkaldFactions/Dwarves/Dwarf_ShieldandSpear.uasset" 4849
"D:/Skald_TurnBasedStrategy_Code/Content/Blueprints/Character/SkaldFactions/Dwarves/Dwarf_ShieldandSpear.uexp" 4850
"D:/Skald_TurnBasedStrategy_Code/Content/Blueprints/Character/SkaldFactions/ToadFolk/Titanoad/FrogFolk_Titanoad_Ska_0926074935_texture_normal.ubulk" 4851
"D:/Skald_TurnBasedStrategy_Code/Content/Blueprints/Character/SkaldFactions/ToadFolk/Titanoad/FrogFolk_Titanoad_Ska_0926074935_texture_normal.uasset" 4852
"D:/Skald_TurnBasedStrategy_Code/Content/Blueprints/Character/SkaldFactions/ToadFolk/Titanoad/FrogFolk_Titanoad_Ska_0926074935_texture_normal.uexp" 4853
"D:/Skald_TurnBasedStrategy_Code/Content/Blueprints/Character/SkaldFactions/ToadFolk/Titanoad/FrogFolk_Titanoad_Ska_0926074935_texture_metallic.ubulk" 4854
"D:/Skald_TurnBasedStrategy_Code/Content/Blueprints/Character/SkaldFactions/ToadFolk/Titanoad/FrogFolk_Titanoad_Ska_0926074935_texture_metallic.uasset" 4855
"D:/Skald_TurnBasedStrategy_Code/Content/Blueprints/Character/SkaldFactions/ToadFolk/Titanoad/FrogFolk_Titanoad_Ska_0926074935_texture_metallic.uexp" 4856
"D:/Skald_TurnBasedStrategy_Code/Content/Blueprints/Character/SkaldFactions/ToadFolk/Titanoad/FrogFolk_Titanoad_Ska_0926074935_texture_roughness.ubulk" 4857
"D:/Skald_TurnBasedStrategy_Code/Content/Blueprints/Character/SkaldFactions/ToadFolk/Titanoad/FrogFolk_Titanoad_Ska_0926074935_texture_roughness.uasset" 4858
"D:/Skald_TurnBasedStrategy_Code/Content/Blueprints/Character/SkaldFactions/ToadFolk/Titanoad/FrogFolk_Titanoad_Ska_0926074935_texture_roughness.uexp" 4859
"D:/Skald_TurnBasedStrategy_Code/Content/Blueprints/Character/SkaldFactions/ToadFolk/Titanoad/FrogFolk_Titanoad_Ska_0926074935_texture.ubulk" 4860
"D:/Skald_TurnBasedStrategy_Code/Content/Blueprints/Character/SkaldFactions/ToadFolk/Titanoad/FrogFolk_Titanoad_Ska_0926074935_texture.uasset" 4861
"D:/Skald_TurnBasedStrategy_Code/Content/Blueprints/Character/SkaldFactions/ToadFolk/Titanoad/FrogFolk_Titanoad_Ska_0926074935_texture.uexp" 4862
"D:/Skald_TurnBasedStrategy_Code/Content/Blueprints/Character/SkaldFactions/ToadFolk/Titanoad/Material_012.uasset" 4863
"D:/Skald_TurnBasedStrategy_Code/Content/Blueprints/Character/SkaldFactions/ToadFolk/Titanoad/Material_012.uexp" 4864
"D:/Skald_TurnBasedStrategy_Code/Content/Blueprints/Character/SkaldFactions/ToadFolk/Titanoad/FrogFolk_Titanoad_Ska_09260749.ubulk" 4865
"D:/Skald_TurnBasedStrategy_Code/Content/Blueprints/Character/SkaldFactions/ToadFolk/Titanoad/FrogFolk_Titanoad_Ska_09260749.uasset" 4866
"D:/Skald_TurnBasedStrategy_Code/Content/Blueprints/Character/SkaldFactions/ToadFolk/Titanoad/FrogFolk_Titanoad_Ska_09260749.uexp" 4867
"D:/Skald_TurnBasedStrategy_Code/Content/Blueprints/Character/SkaldFactions/ToadFolk/FrogFolk_Titantoad.uasset" 4868
"D:/Skald_TurnBasedStrategy_Code/Content/Blueprints/Character/SkaldFactions/ToadFolk/FrogFolk_Titantoad.uexp" 4869
"D:/Skald_TurnBasedStrategy_Code/Content/Blueprints/Character/SkaldFactions/Gnolls/SpearnShield/Gnoll_SpearnShield_Sk_0927021848_texture.ubulk" 4870
"D:/Skald_TurnBasedStrategy_Code/Content/Blueprints/Character/SkaldFactions/Gnolls/SpearnShield/Gnoll_SpearnShield_Sk_0927021848_texture.uasset" 4871
"D:/Skald_TurnBasedStrategy_Code/Content/Blueprints/Character/SkaldFactions/Gnolls/SpearnShield/Gnoll_SpearnShield_Sk_0927021848_texture.uexp" 4872
"D:/Skald_TurnBasedStrategy_Code/Content/Blueprints/Character/SkaldFactions/Gnolls/SpearnShield/Gnoll_SpearnShield_Sk_0927021848_texture_roughness.ubulk" 4873
"D:/Skald_TurnBasedStrategy_Code/Content/Blueprints/Character/SkaldFactions/Gnolls/SpearnShield/Gnoll_SpearnShield_Sk_0927021848_texture_roughness.uasset" 4874
"D:/Skald_TurnBasedStrategy_Code/Content/Blueprints/Character/SkaldFactions/Gnolls/SpearnShield/Gnoll_SpearnShield_Sk_0927021848_texture_roughness.uexp" 4875
"D:/Skald_TurnBasedStrategy_Code/Content/Blueprints/Character/SkaldFactions/Gnolls/SpearnShield/Gnoll_SpearnShield_Sk_0927021848_texture_metallic.ubulk" 4876
"D:/Skald_TurnBasedStrategy_Code/Content/Blueprints/Character/SkaldFactions/Gnolls/SpearnShield/Gnoll_SpearnShield_Sk_0927021848_texture_metallic.uasset" 4877
"D:/Skald_TurnBasedStrategy_Code/Content/Blueprints/Character/SkaldFactions/Gnolls/SpearnShield/Gnoll_SpearnShield_Sk_0927021848_texture_metallic.uexp" 4878
"D:/Skald_TurnBasedStrategy_Code/Content/Blueprints/Character/SkaldFactions/Gnolls/SpearnShield/Gnoll_SpearnShield_Sk_0927021848_texture_normal.ubulk" 4879
"D:/Skald_TurnBasedStrategy_Code/Content/Blueprints/Character/SkaldFactions/Gnolls/SpearnShield/Gnoll_SpearnShield_Sk_0927021848_texture_normal.uasset" 4880
"D:/Skald_TurnBasedStrategy_Code/Content/Blueprints/Character/SkaldFactions/Gnolls/SpearnShield/Gnoll_SpearnShield_Sk_0927021848_texture_normal.uexp" 4881
"D:/Skald_TurnBasedStrategy_Code/Content/Blueprints/Character/SkaldFactions/Gnolls/SpearnShield/Material_009.uasset" 4882
"D:/Skald_TurnBasedStrategy_Code/Content/Blueprints/Character/SkaldFactions/Gnolls/SpearnShield/Material_009.uexp" 4883
"D:/Skald_TurnBasedStrategy_Code/Content/Blueprints/Character/SkaldFactions/Gnolls/SpearnShield/Gnoll_SpearnShield_Sk_0927021848.ubulk" 4884
"D:/Skald_TurnBasedStrategy_Code/Content/Blueprints/Character/SkaldFactions/Gnolls/SpearnShield/Gnoll_SpearnShield_Sk_0927021848.uasset" 4885
"D:/Skald_TurnBasedStrategy_Code/Content/Blueprints/Character/SkaldFactions/Gnolls/SpearnShield/Gnoll_SpearnShield_Sk_0927021848.uexp" 4886
"D:/Skald_TurnBasedStrategy_Code/Content/Blueprints/Character/SkaldFactions/Gnolls/Gnoll_SpearShield.uasset" 4887
"D:/Skald_TurnBasedStrategy_Code/Content/Blueprints/Character/SkaldFactions/Gnolls/Gnoll_SpearShield.uexp" 4888
"D:/Skald_TurnBasedStrategy_Code/Content/Blueprints/Character/SkaldFactions/Gnolls/MountedShield/Gnoll_Mounted_AxenShi_0926075202_texture_normal.ubulk" 4889
"D:/Skald_TurnBasedStrategy_Code/Content/Blueprints/Character/SkaldFactions/Gnolls/MountedShield/Gnoll_Mounted_AxenShi_0926075202_texture_normal.uasset" 4890
"D:/Skald_TurnBasedStrategy_Code/Content/Blueprints/Character/SkaldFactions/Gnolls/MountedShield/Gnoll_Mounted_AxenShi_0926075202_texture_normal.uexp" 4891
"D:/Skald_TurnBasedStrategy_Code/Content/Blueprints/Character/SkaldFactions/Gnolls/MountedShield/Gnoll_Mounted_AxenShi_0926075202_texture_roughness.ubulk" 4892
"D:/Skald_TurnBasedStrategy_Code/Content/Blueprints/Character/SkaldFactions/Gnolls/MountedShield/Gnoll_Mounted_AxenShi_0926075202_texture_roughness.uasset" 4893
"D:/Skald_TurnBasedStrategy_Code/Content/Blueprints/Character/SkaldFactions/Gnolls/MountedShield/Gnoll_Mounted_AxenShi_0926075202_texture_roughness.uexp" 4894
"D:/Skald_TurnBasedStrategy_Code/Content/Blueprints/Character/SkaldFactions/Gnolls/MountedShield/Gnoll_Mounted_AxenShi_0926075202_texture.ubulk" 4895
"D:/Skald_TurnBasedStrategy_Code/Content/Blueprints/Character/SkaldFactions/Gnolls/MountedShield/Gnoll_Mounted_AxenShi_0926075202_texture.uasset" 4896
"D:/Skald_TurnBasedStrategy_Code/Content/Blueprints/Character/SkaldFactions/Gnolls/MountedShield/Gnoll_Mounted_AxenShi_0926075202_texture.uexp" 4897
"D:/Skald_TurnBasedStrategy_Code/Content/Blueprints/Character/SkaldFactions/Gnolls/MountedShield/Gnoll_Mounted_AxenShi_0926075202_texture_metallic.ubulk" 4898
"D:/Skald_TurnBasedStrategy_Code/Content/Blueprints/Character/SkaldFactions/Gnolls/MountedShield/Gnoll_Mounted_AxenShi_0926075202_texture_metallic.uasset" 4899
"D:/Skald_TurnBasedStrategy_Code/Content/Blueprints/Character/SkaldFactions/Gnolls/MountedShield/Gnoll_Mounted_AxenShi_0926075202_texture_metallic.uexp" 4900
"D:/Skald_TurnBasedStrategy_Code/Content/Blueprints/Character/SkaldFactions/Gnolls/MountedShield/Material_008.uasset" 4901
"D:/Skald_TurnBasedStrategy_Code/Content/Blueprints/Character/SkaldFactions/Gnolls/MountedShield/Material_008.uexp" 4902
"D:/Skald_TurnBasedStrategy_Code/Content/Blueprints/Character/SkaldFactions/Gnolls/MountedShield/Gnoll_Mounted_AxenShi_092607520.ubulk" 4903
"D:/Skald_TurnBasedStrategy_Code/Content/Blueprints/Character/SkaldFactions/Gnolls/MountedShield/Gnoll_Mounted_AxenShi_092607520.uasset" 4904
"D:/Skald_TurnBasedStrategy_Code/Content/Blueprints/Character/SkaldFactions/Gnolls/MountedShield/Gnoll_Mounted_AxenShi_092607520.uexp" 4905
"D:/Skald_TurnBasedStrategy_Code/Content/Blueprints/Character/SkaldFactions/Gnolls/Gnoll_MountedShield.uasset" 4906
"D:/Skald_TurnBasedStrategy_Code/Content/Blueprints/Character/SkaldFactions/Gnolls/Gnoll_MountedShield.uexp" 4907
"D:/Skald_TurnBasedStrategy_Code/Content/Blueprints/Character/SkaldFactions/ToadFolk/2hMace/Skald_ToadFolk_2hMaul_0926075010_texture_normal.ubulk" 4908
"D:/Skald_TurnBasedStrategy_Code/Content/Blueprints/Character/SkaldFactions/ToadFolk/2hMace/Skald_ToadFolk_2hMaul_0926075010_texture_normal.uasset" 4909
"D:/Skald_TurnBasedStrategy_Code/Content/Blueprints/Character/SkaldFactions/ToadFolk/2hMace/Skald_ToadFolk_2hMaul_0926075010_texture_normal.uexp" 4910
"D:/Skald_TurnBasedStrategy_Code/Content/Blueprints/Character/SkaldFactions/ToadFolk/2hMace/Skald_ToadFolk_2hMaul_0926075010_texture_roughness.ubulk" 4911
"D:/Skald_TurnBasedStrategy_Code/Content/Blueprints/Character/SkaldFactions/ToadFolk/2hMace/Skald_ToadFolk_2hMaul_0926075010_texture_roughness.uasset" 4912
"D:/Skald_TurnBasedStrategy_Code/Content/Blueprints/Character/SkaldFactions/ToadFolk/2hMace/Skald_ToadFolk_2hMaul_0926075010_texture_roughness.uexp" 4913
"D:/Skald_TurnBasedStrategy_Code/Content/Blueprints/Character/SkaldFactions/ToadFolk/2hMace/Skald_ToadFolk_2hMaul_0926075010_texture_metallic.ubulk" 4914
"D:/Skald_TurnBasedStrategy_Code/Content/Blueprints/Character/SkaldFactions/ToadFolk/2hMace/Skald_ToadFolk_2hMaul_0926075010_texture_metallic.uasset" 4915
"D:/Skald_TurnBasedStrategy_Code/Content/Blueprints/Character/SkaldFactions/ToadFolk/2hMace/Skald_ToadFolk_2hMaul_0926075010_texture_metallic.uexp" 4916
"D:/Skald_TurnBasedStrategy_Code/Content/Blueprints/Character/SkaldFactions/ToadFolk/2hMace/Skald_ToadFolk_2hMaul_0926075010_texture.ubulk" 4917
"D:/Skald_TurnBasedStrategy_Code/Content/Blueprints/Character/SkaldFactions/ToadFolk/2hMace/Skald_ToadFolk_2hMaul_0926075010_texture.uasset" 4918
"D:/Skald_TurnBasedStrategy_Code/Content/Blueprints/Character/SkaldFactions/ToadFolk/2hMace/Skald_ToadFolk_2hMaul_0926075010_texture.uexp" 4919
"D:/Skald_TurnBasedStrategy_Code/Content/Blueprints/Character/SkaldFactions/ToadFolk/2hMace/Material_015.uasset" 4920
"D:/Skald_TurnBasedStrategy_Code/Content/Blueprints/Character/SkaldFactions/ToadFolk/2hMace/Material_015.uexp" 4921
"D:/Skald_TurnBasedStrategy_Code/Content/Blueprints/Character/SkaldFactions/ToadFolk/2hMace/Skald_ToadFolk_2hMaul_0926075010.ubulk" 4922
"D:/Skald_TurnBasedStrategy_Code/Content/Blueprints/Character/SkaldFactions/ToadFolk/2hMace/Skald_ToadFolk_2hMaul_0926075010.uasset" 4923
"D:/Skald_TurnBasedStrategy_Code/Content/Blueprints/Character/SkaldFactions/ToadFolk/2hMace/Skald_ToadFolk_2hMaul_0926075010.uexp" 4924
"D:/Skald_TurnBasedStrategy_Code/Content/Blueprints/Character/SkaldFactions/ToadFolk/FrogFolk_2hCLub.uasset" 4925
"D:/Skald_TurnBasedStrategy_Code/Content/Blueprints/Character/SkaldFactions/ToadFolk/FrogFolk_2hCLub.uexp" 4926
"D:/Skald_TurnBasedStrategy_Code/Content/DataTables/FighterTable.uasset" 4927
"D:/Skald_TurnBasedStrategy_Code/Content/DataTables/FighterTable.uexp" 4928
"D:/Skald_TurnBasedStrategy_Code/Content/C++_BPs/Skald_GridBattleManager.uasset" 4929
"D:/Skald_TurnBasedStrategy_Code/Content/C++_BPs/Skald_GridBattleManager.uexp" 4930
"D:/Skald_TurnBasedStrategy_Code/Content/C++_BPs/Skald_GM.uasset" 4931
"D:/Skald_TurnBasedStrategy_Code/Content/C++_BPs/Skald_GM.uexp" 4932
"D:/Skald_TurnBasedStrategy_Code/Content/C++_BPs/Skald_MainHUDBP.uasset" 4933
"D:/Skald_TurnBasedStrategy_Code/Content/C++_BPs/Skald_MainHUDBP.uexp" 4934
"D:/Skald_TurnBasedStrategy_Code/Content/C++_BPs/Skald_AiController.uasset" 4935
"D:/Skald_TurnBasedStrategy_Code/Content/C++_BPs/Skald_AiController.uexp" 4936
"D:/Skald_TurnBasedStrategy_Code/Content/C++_BPs/Skald_BatlleGameMode_SC.uasset" 4937
"D:/Skald_TurnBasedStrategy_Code/Content/C++_BPs/Skald_BatlleGameMode_SC.uexp" 4938
"D:/Skald_TurnBasedStrategy_Code/Content/M4/Maps/PaintWeights/Tundra_Demo_sharedassets/Forest_LayerInfo.uasset" 4939
"D:/Skald_TurnBasedStrategy_Code/Content/M4/Maps/PaintWeights/Tundra_Demo_sharedassets/Forest_LayerInfo.uexp" 4940
"D:/Skald_TurnBasedStrategy_Code/Content/M4/Maps/PaintWeights/Tundra_Demo_sharedassets/Remove_Flatland_A_LayerInfo.uasset" 4941
"D:/Skald_TurnBasedStrategy_Code/Content/M4/Maps/PaintWeights/Tundra_Demo_sharedassets/Remove_Flatland_A_LayerInfo.uexp" 4942
"D:/Skald_TurnBasedStrategy_Code/Content/M4/Materials/PresetInstances/Tundra/HF/HF_ProxyMat_Tundra_Inst.uasset" 4943
"D:/Skald_TurnBasedStrategy_Code/Content/M4/Materials/PresetInstances/Tundra/HF/HF_ProxyMat_Tundra_Inst.uexp" 4944
"../../../Engine/Content/BasicShapes/Cube.ubulk" 4945
"../../../Engine/Content/BasicShapes/Cube.uasset" 4946
"../../../Engine/Content/BasicShapes/Cube.uexp" 4947
"D:/Skald_TurnBasedStrategy_Code/Content/M4/Blueprints/SystemResources/Env/Lighting/CloudSSProfile.uasset" 4948
"D:/Skald_TurnBasedStrategy_Code/Content/M4/Blueprints/SystemResources/Env/Lighting/CloudSSProfile.uexp" 4949
"D:/Skald_TurnBasedStrategy_Code/Content/M4/Blueprints/SystemResources/Env/Lighting/LightingBPMat.uasset" 4950
"D:/Skald_TurnBasedStrategy_Code/Content/M4/Blueprints/SystemResources/Env/Lighting/LightingBPMat.uexp" 4951
"D:/Skald_TurnBasedStrategy_Code/Content/M4/Blueprints/SystemResources/Env/Lighting/LightingBPMat_Inst.uasset" 4952
"D:/Skald_TurnBasedStrategy_Code/Content/M4/Blueprints/SystemResources/Env/Lighting/LightingBPMat_Inst.uexp" 4953
"D:/Skald_TurnBasedStrategy_Code/Content/M4/Blueprints/SystemResources/General/Experimental_WIP/m_SimpleVolumetricCloud_Inst1.uasset" 4954
"D:/Skald_TurnBasedStrategy_Code/Content/M4/Blueprints/SystemResources/General/Experimental_WIP/m_SimpleVolumetricCloud_Inst1.uexp" 4955
"D:/Skald_TurnBasedStrategy_Code/Content/M4/Blueprints/SystemResources/Env/Lighting/LightingBPMatSUN_Inst.uasset" 4956
"D:/Skald_TurnBasedStrategy_Code/Content/M4/Blueprints/SystemResources/Env/Lighting/LightingBPMatSUN_Inst.uexp" 4957
"D:/Skald_TurnBasedStrategy_Code/Content/M4/Blueprints/SystemResources/Env/Mats/UnrealLogoMat.uasset" 4958
"D:/Skald_TurnBasedStrategy_Code/Content/M4/Blueprints/SystemResources/Env/Mats/UnrealLogoMat.uexp" 4959
"D:/Skald_TurnBasedStrategy_Code/Content/M4/Blueprints/SystemResources/MagicMapMaterialBP/Mats/UnrealLogoMat_Inst.uasset" 4960
"D:/Skald_TurnBasedStrategy_Code/Content/M4/Blueprints/SystemResources/MagicMapMaterialBP/Mats/UnrealLogoMat_Inst.uexp" 4961
"D:/Skald_TurnBasedStrategy_Code/Content/M4/Blueprints/SystemResources/Env/Lighting/LightingBPIcon.uasset" 4962
"D:/Skald_TurnBasedStrategy_Code/Content/M4/Blueprints/SystemResources/Env/Lighting/LightingBPIcon.uexp" 4963
"D:/Skald_TurnBasedStrategy_Code/Content/M4/Blueprints/WorldLightingBP.uasset" 4964
"D:/Skald_TurnBasedStrategy_Code/Content/M4/Blueprints/WorldLightingBP.uexp" 4965
"D:/Skald_TurnBasedStrategy_Code/Content/Medieval_Tents/Meshes/CampProps/SM_PikeLog_03.ubulk" 4966
"D:/Skald_TurnBasedStrategy_Code/Content/Medieval_Tents/Meshes/CampProps/SM_PikeLog_03.uasset" 4967
"D:/Skald_TurnBasedStrategy_Code/Content/Medieval_Tents/Meshes/CampProps/SM_PikeLog_03.uexp" 4968
"D:/Skald_TurnBasedStrategy_Code/Content/Blueprints/Obstacles/Tents/GridObstacle_CampFire_01.uasset" 4969
"D:/Skald_TurnBasedStrategy_Code/Content/Blueprints/Obstacles/Tents/GridObstacle_CampFire_01.uexp" 4970
"D:/Skald_TurnBasedStrategy_Code/Content/GothicTemple/Environment/Props/Cliff/SM_Cliff_Rock_01.ubulk" 4971
"D:/Skald_TurnBasedStrategy_Code/Content/GothicTemple/Environment/Props/Cliff/SM_Cliff_Rock_01.uasset" 4972
"D:/Skald_TurnBasedStrategy_Code/Content/GothicTemple/Environment/Props/Cliff/SM_Cliff_Rock_01.uexp" 4973
"D:/Skald_TurnBasedStrategy_Code/Content/Blueprints/Obstacles/WinterEnviroment/Winer_Cliff_01.uasset" 4974
"D:/Skald_TurnBasedStrategy_Code/Content/Blueprints/Obstacles/WinterEnviroment/Winer_Cliff_01.uexp" 4975
"D:/Skald_TurnBasedStrategy_Code/Content/Blueprints/Music/Skald_BattleMusic_Dwarven_.ubulk" 4976
"D:/Skald_TurnBasedStrategy_Code/Content/Blueprints/Music/Skald_BattleMusic_Dwarven_.uasset" 4977
"D:/Skald_TurnBasedStrategy_Code/Content/Blueprints/Music/Skald_BattleMusic_Dwarven_.uexp" 4978
"D:/Skald_TurnBasedStrategy_Code/Content/Blueprints/Maps/Skald_BM_Tundra_01.uexp" 4979
"D:/Skald_TurnBasedStrategy_Code/Content/Blueprints/Maps/Skald_BM_Tundra_01.ubulk" 4980
"D:/Skald_TurnBasedStrategy_Code/Content/Blueprints/Maps/Skald_BM_Tundra_01.umap" 4981
"D:/Skald_TurnBasedStrategy_Code/Content/Medieval_Tents/Textures/Tents/BigTents/T_BigTentsVar1_Normal.ubulk" 4982
"D:/Skald_TurnBasedStrategy_Code/Content/Medieval_Tents/Textures/Tents/BigTents/T_BigTentsVar1_Normal.uasset" 4983
"D:/Skald_TurnBasedStrategy_Code/Content/Medieval_Tents/Textures/Tents/BigTents/T_BigTentsVar1_Normal.uexp" 4984
"D:/Skald_TurnBasedStrategy_Code/Content/Medieval_Tents/Textures/Tents/BigTents/T_BigTentsVar1_BaseColor.ubulk" 4985
"D:/Skald_TurnBasedStrategy_Code/Content/Medieval_Tents/Textures/Tents/BigTents/T_BigTentsVar1_BaseColor.uasset" 4986
"D:/Skald_TurnBasedStrategy_Code/Content/Medieval_Tents/Textures/Tents/BigTents/T_BigTentsVar1_BaseColor.uexp" 4987
"D:/Skald_TurnBasedStrategy_Code/Content/Medieval_Tents/Textures/Tents/BigTents/T_BigTentsVar1_OcclusionRoughnessMetallic.ubulk" 4988
"D:/Skald_TurnBasedStrategy_Code/Content/Medieval_Tents/Textures/Tents/BigTents/T_BigTentsVar1_OcclusionRoughnessMetallic.uasset" 4989
"D:/Skald_TurnBasedStrategy_Code/Content/Medieval_Tents/Textures/Tents/BigTents/T_BigTentsVar1_OcclusionRoughnessMetallic.uexp" 4990
"D:/Skald_TurnBasedStrategy_Code/Content/Medieval_Tents/Materials/MaterialInstances/MI_BigTentsVar1.uasset" 4991
"D:/Skald_TurnBasedStrategy_Code/Content/Medieval_Tents/Materials/MaterialInstances/MI_BigTentsVar1.uexp" 4992
"D:/Skald_TurnBasedStrategy_Code/Content/Medieval_Tents/Meshes/Tents/SM_BigTent_02.ubulk" 4993
"D:/Skald_TurnBasedStrategy_Code/Content/Medieval_Tents/Meshes/Tents/SM_BigTent_02.uasset" 4994
"D:/Skald_TurnBasedStrategy_Code/Content/Medieval_Tents/Meshes/Tents/SM_BigTent_02.uexp" 4995
"D:/Skald_TurnBasedStrategy_Code/Content/Blueprints/Obstacles/Tents/GridObstacle_TenStriped_01.uasset" 4996
"D:/Skald_TurnBasedStrategy_Code/Content/Blueprints/Obstacles/Tents/GridObstacle_TenStriped_01.uexp" 4997
"D:/Skald_TurnBasedStrategy_Code/Content/Medieval_Env/Nature/Cliffs_Rocks/Textures/T_Cliff_02_BCR.ubulk" 4998
"D:/Skald_TurnBasedStrategy_Code/Content/Medieval_Env/Nature/Cliffs_Rocks/Textures/T_Cliff_02_BCR.uasset" 4999
"D:/Skald_TurnBasedStrategy_Code/Content/Medieval_Env/Nature/Cliffs_Rocks/Textures/T_Cliff_02_BCR.uexp" 5000
"D:/Skald_TurnBasedStrategy_Code/Content/Medieval_Env/Nature/Cliffs_Rocks/Textures/T_Cliff_02_NSD.ubulk" 5001
"D:/Skald_TurnBasedStrategy_Code/Content/Medieval_Env/Nature/Cliffs_Rocks/Textures/T_Cliff_02_NSD.uasset" 5002
"D:/Skald_TurnBasedStrategy_Code/Content/Medieval_Env/Nature/Cliffs_Rocks/Textures/T_Cliff_02_NSD.uexp" 5003
"D:/Skald_TurnBasedStrategy_Code/Content/Medieval_Env/Landscape/LandscapeMaterial/LandscapeTextures/T_Moss_BCR.ubulk" 5004
"D:/Skald_TurnBasedStrategy_Code/Content/Medieval_Env/Landscape/LandscapeMaterial/LandscapeTextures/T_Moss_BCR.uasset" 5005
"D:/Skald_TurnBasedStrategy_Code/Content/Medieval_Env/Landscape/LandscapeMaterial/LandscapeTextures/T_Moss_BCR.uexp" 5006
"D:/Skald_TurnBasedStrategy_Code/Content/Medieval_Env/Landscape/LandscapeMaterial/LandscapeTextures/T_DetailCliff_2_NAOR.ubulk" 5007
"D:/Skald_TurnBasedStrategy_Code/Content/Medieval_Env/Landscape/LandscapeMaterial/LandscapeTextures/T_DetailCliff_2_NAOR.uasset" 5008
"D:/Skald_TurnBasedStrategy_Code/Content/Medieval_Env/Landscape/LandscapeMaterial/LandscapeTextures/T_DetailCliff_2_NAOR.uexp" 5009
"D:/Skald_TurnBasedStrategy_Code/Content/Medieval_Env/Landscape/LandscapeMaterial/LandscapeTextures/T_GrassGround_1_NSD.ubulk" 5010
"D:/Skald_TurnBasedStrategy_Code/Content/Medieval_Env/Landscape/LandscapeMaterial/LandscapeTextures/T_GrassGround_1_NSD.uasset" 5011
"D:/Skald_TurnBasedStrategy_Code/Content/Medieval_Env/Landscape/LandscapeMaterial/LandscapeTextures/T_GrassGround_1_NSD.uexp" 5012
"D:/Skald_TurnBasedStrategy_Code/Content/Medieval_Env/Nature/Cliffs_Rocks/Textures/T_GrassVariation.ubulk" 5013
"D:/Skald_TurnBasedStrategy_Code/Content/Medieval_Env/Nature/Cliffs_Rocks/Textures/T_GrassVariation.uasset" 5014
"D:/Skald_TurnBasedStrategy_Code/Content/Medieval_Env/Nature/Cliffs_Rocks/Textures/T_GrassVariation.uexp" 5015
"D:/Skald_TurnBasedStrategy_Code/Content/Medieval_Env/Nature/MaterialFunctions/MF_ReconstructZ.uasset" 5016
"D:/Skald_TurnBasedStrategy_Code/Content/Medieval_Env/Nature/MaterialFunctions/MF_ReconstructZ.uexp" 5017
"D:/Skald_TurnBasedStrategy_Code/Content/Medieval_Env/Landscape/LandscapeMaterial/LandscapeTextures/T_GrassGround_1_BCR.ubulk" 5018
"D:/Skald_TurnBasedStrategy_Code/Content/Medieval_Env/Landscape/LandscapeMaterial/LandscapeTextures/T_GrassGround_1_BCR.uasset" 5019
"D:/Skald_TurnBasedStrategy_Code/Content/Medieval_Env/Landscape/LandscapeMaterial/LandscapeTextures/T_GrassGround_1_BCR.uexp" 5020
"D:/Skald_TurnBasedStrategy_Code/Content/Medieval_Env/Nature/MaterialFunctions/MF_NormalStrength.uasset" 5021
"D:/Skald_TurnBasedStrategy_Code/Content/Medieval_Env/Nature/MaterialFunctions/MF_NormalStrength.uexp" 5022
"D:/Skald_TurnBasedStrategy_Code/Content/Medieval_Env/Nature/MaterialFunctions/MF_Landscape_Ground_1.uasset" 5023
"D:/Skald_TurnBasedStrategy_Code/Content/Medieval_Env/Nature/MaterialFunctions/MF_Landscape_Ground_1.uexp" 5024
"D:/Skald_TurnBasedStrategy_Code/Content/Medieval_Env/Landscape/LandscapeMaterial/LandscapeTextures/T_DetailCliff.ubulk" 5025
"D:/Skald_TurnBasedStrategy_Code/Content/Medieval_Env/Landscape/LandscapeMaterial/LandscapeTextures/T_DetailCliff.uasset" 5026
"D:/Skald_TurnBasedStrategy_Code/Content/Medieval_Env/Landscape/LandscapeMaterial/LandscapeTextures/T_DetailCliff.uexp" 5027
"D:/Skald_TurnBasedStrategy_Code/Content/Medieval_Env/MaterialFunctions/MF_DetailTexture.uasset" 5028
"D:/Skald_TurnBasedStrategy_Code/Content/Medieval_Env/MaterialFunctions/MF_DetailTexture.uexp" 5029
"D:/Skald_TurnBasedStrategy_Code/Content/Medieval_Env/Nature/Cliffs_Rocks/Textures/T_BaseTextures_BC.ubulk" 5030
"D:/Skald_TurnBasedStrategy_Code/Content/Medieval_Env/Nature/Cliffs_Rocks/Textures/T_BaseTextures_BC.uasset" 5031
"D:/Skald_TurnBasedStrategy_Code/Content/Medieval_Env/Nature/Cliffs_Rocks/Textures/T_BaseTextures_BC.uexp" 5032
"D:/Skald_TurnBasedStrategy_Code/Content/Medieval_Env/Nature/Cliffs_Rocks/Textures/T_Leakage_BC.ubulk" 5033
"D:/Skald_TurnBasedStrategy_Code/Content/Medieval_Env/Nature/Cliffs_Rocks/Textures/T_Leakage_BC.uasset" 5034
"D:/Skald_TurnBasedStrategy_Code/Content/Medieval_Env/Nature/Cliffs_Rocks/Textures/T_Leakage_BC.uexp" 5035
"D:/Skald_TurnBasedStrategy_Code/Content/Medieval_Env/Nature/Cliffs_Rocks/Textures/T_Cliff_01_NSD.ubulk" 5036
"D:/Skald_TurnBasedStrategy_Code/Content/Medieval_Env/Nature/Cliffs_Rocks/Textures/T_Cliff_01_NSD.uasset" 5037
"D:/Skald_TurnBasedStrategy_Code/Content/Medieval_Env/Nature/Cliffs_Rocks/Textures/T_Cliff_01_NSD.uexp" 5038
"D:/Skald_TurnBasedStrategy_Code/Content/Medieval_Env/Nature/MaterialFunctions/MF_Moss.uasset" 5039
"D:/Skald_TurnBasedStrategy_Code/Content/Medieval_Env/Nature/MaterialFunctions/MF_Moss.uexp" 5040
"D:/Skald_TurnBasedStrategy_Code/Content/Medieval_Env/Nature/MaterialFunctions/MF_Leakage.uasset" 5041
"D:/Skald_TurnBasedStrategy_Code/Content/Medieval_Env/Nature/MaterialFunctions/MF_Leakage.uexp" 5042
"D:/Skald_TurnBasedStrategy_Code/Content/Medieval_Env/Nature/Cliffs_Rocks/Materials/M_Master_Cliff.uasset" 5043
"D:/Skald_TurnBasedStrategy_Code/Content/Medieval_Env/Nature/Cliffs_Rocks/Materials/M_Master_Cliff.uexp" 5044
"D:/Skald_TurnBasedStrategy_Code/Content/Medieval_Env/Nature/Cliffs_Rocks/Textures/T_GrassGround_1_NSD.ubulk" 5045
"D:/Skald_TurnBasedStrategy_Code/Content/Medieval_Env/Nature/Cliffs_Rocks/Textures/T_GrassGround_1_NSD.uasset" 5046
"D:/Skald_TurnBasedStrategy_Code/Content/Medieval_Env/Nature/Cliffs_Rocks/Textures/T_GrassGround_1_NSD.uexp" 5047
"D:/Skald_TurnBasedStrategy_Code/Content/Medieval_Env/Nature/Cliffs_Rocks/Materials/MI_Cliff_02.uasset" 5048
"D:/Skald_TurnBasedStrategy_Code/Content/Medieval_Env/Nature/Cliffs_Rocks/Materials/MI_Cliff_02.uexp" 5049
"D:/Skald_TurnBasedStrategy_Code/Content/Medieval_Env/Nature/Cliffs_Rocks/SM_Cliff_02.ubulk" 5050
"D:/Skald_TurnBasedStrategy_Code/Content/Medieval_Env/Nature/Cliffs_Rocks/SM_Cliff_02.uasset" 5051
"D:/Skald_TurnBasedStrategy_Code/Content/Medieval_Env/Nature/Cliffs_Rocks/SM_Cliff_02.uexp" 5052
"../../../Engine/Content/Functions/Engine_MaterialFunctions02/WorldPositionOffset/RotateAboutWorldAxis_cheap.uasset" 5053
"../../../Engine/Content/Functions/Engine_MaterialFunctions02/WorldPositionOffset/RotateAboutWorldAxis_cheap.uexp" 5054
"D:/Skald_TurnBasedStrategy_Code/Content/Medieval_Env/Nature/WindParameters/MPC_WindParameters_Tree.uasset" 5055
"D:/Skald_TurnBasedStrategy_Code/Content/Medieval_Env/Nature/WindParameters/MPC_WindParameters_Tree.uexp" 5056
"D:/Skald_TurnBasedStrategy_Code/Content/Medieval_Env/MaterialFunctions/MF_Wind_Tree.uasset" 5057
"D:/Skald_TurnBasedStrategy_Code/Content/Medieval_Env/MaterialFunctions/MF_Wind_Tree.uexp" 5058
"D:/Skald_TurnBasedStrategy_Code/Content/Medieval_Env/Nature/ElmTree/Textures/T_ElmTree_R_AO_SS.ubulk" 5059
"D:/Skald_TurnBasedStrategy_Code/Content/Medieval_Env/Nature/ElmTree/Textures/T_ElmTree_R_AO_SS.uasset" 5060
"D:/Skald_TurnBasedStrategy_Code/Content/Medieval_Env/Nature/ElmTree/Textures/T_ElmTree_R_AO_SS.uexp" 5061
"D:/Skald_TurnBasedStrategy_Code/Content/Medieval_Env/MaterialFunctions/MF_NormalStrength.uasset" 5062
"D:/Skald_TurnBasedStrategy_Code/Content/Medieval_Env/MaterialFunctions/MF_NormalStrength.uexp" 5063
"D:/Skald_TurnBasedStrategy_Code/Content/Medieval_Env/Nature/ElmTree/Textures/T_ElmTree_BC_O.ubulk" 5064
"D:/Skald_TurnBasedStrategy_Code/Content/Medieval_Env/Nature/ElmTree/Textures/T_ElmTree_BC_O.uasset" 5065
"D:/Skald_TurnBasedStrategy_Code/Content/Medieval_Env/Nature/ElmTree/Textures/T_ElmTree_BC_O.uexp" 5066
"D:/Skald_TurnBasedStrategy_Code/Content/Medieval_Env/Nature/ElmTree/Textures/T_ElmTree_N.ubulk" 5067
"D:/Skald_TurnBasedStrategy_Code/Content/Medieval_Env/Nature/ElmTree/Textures/T_ElmTree_N.uasset" 5068
"D:/Skald_TurnBasedStrategy_Code/Content/Medieval_Env/Nature/ElmTree/Textures/T_ElmTree_N.uexp" 5069
"D:/Skald_TurnBasedStrategy_Code/Content/Medieval_Env/Nature/ElmTree/Materials/M_Master_Tree.uasset" 5070
"D:/Skald_TurnBasedStrategy_Code/Content/Medieval_Env/Nature/ElmTree/Materials/M_Master_Tree.uexp" 5071
"D:/Skald_TurnBasedStrategy_Code/Content/Medieval_Env/Nature/ElmTree/Materials/MI_ElmTree.uasset" 5072
"D:/Skald_TurnBasedStrategy_Code/Content/Medieval_Env/Nature/ElmTree/Materials/MI_ElmTree.uexp" 5073
"D:/Skald_TurnBasedStrategy_Code/Content/Medieval_Env/Nature/ElmTree/Textures/T_ElmTree_1_BCN.ubulk" 5074
"D:/Skald_TurnBasedStrategy_Code/Content/Medieval_Env/Nature/ElmTree/Textures/T_ElmTree_1_BCN.uasset" 5075
"D:/Skald_TurnBasedStrategy_Code/Content/Medieval_Env/Nature/ElmTree/Textures/T_ElmTree_1_BCN.uexp" 5076
"D:/Skald_TurnBasedStrategy_Code/Content/Medieval_Env/Nature/ElmTree/Textures/T_ElmTree_2_BC_O.ubulk" 5077
"D:/Skald_TurnBasedStrategy_Code/Content/Medieval_Env/Nature/ElmTree/Textures/T_ElmTree_2_BC_O.uasset" 5078
"D:/Skald_TurnBasedStrategy_Code/Content/Medieval_Env/Nature/ElmTree/Textures/T_ElmTree_2_BC_O.uexp" 5079
"D:/Skald_TurnBasedStrategy_Code/Content/Medieval_Env/Nature/ElmTree/Textures/T_ElmTree_1_N.ubulk" 5080
"D:/Skald_TurnBasedStrategy_Code/Content/Medieval_Env/Nature/ElmTree/Textures/T_ElmTree_1_N.uasset" 5081
"D:/Skald_TurnBasedStrategy_Code/Content/Medieval_Env/Nature/ElmTree/Textures/T_ElmTree_1_N.uexp" 5082
"D:/Skald_TurnBasedStrategy_Code/Content/Medieval_Env/Nature/ElmTree/Textures/T_ElmTree_1_BC_O.ubulk" 5083
"D:/Skald_TurnBasedStrategy_Code/Content/Medieval_Env/Nature/ElmTree/Textures/T_ElmTree_1_BC_O.uasset" 5084
"D:/Skald_TurnBasedStrategy_Code/Content/Medieval_Env/Nature/ElmTree/Textures/T_ElmTree_1_BC_O.uexp" 5085
"D:/Skald_TurnBasedStrategy_Code/Content/Medieval_Env/Nature/ElmTree/Materials/M_MasterBillboard.uasset" 5086
"D:/Skald_TurnBasedStrategy_Code/Content/Medieval_Env/Nature/ElmTree/Materials/M_MasterBillboard.uexp" 5087
"D:/Skald_TurnBasedStrategy_Code/Content/Medieval_Env/Nature/ElmTree/Materials/MI_ElmTree_2_3_4.uasset" 5088
"D:/Skald_TurnBasedStrategy_Code/Content/Medieval_Env/Nature/ElmTree/Materials/MI_ElmTree_2_3_4.uexp" 5089
"D:/Skald_TurnBasedStrategy_Code/Content/Medieval_Env/Nature/ElmTree/SM_ElmTree_2.ubulk" 5090
"D:/Skald_TurnBasedStrategy_Code/Content/Medieval_Env/Nature/ElmTree/SM_ElmTree_2.uasset" 5091
"D:/Skald_TurnBasedStrategy_Code/Content/Medieval_Env/Nature/ElmTree/SM_ElmTree_2.uexp" 5092
"D:/Skald_TurnBasedStrategy_Code/Content/Blueprints/Obstacles/ForestEnviroment/Forest_tree_02.uasset" 5093
"D:/Skald_TurnBasedStrategy_Code/Content/Blueprints/Obstacles/ForestEnviroment/Forest_tree_02.uexp" 5094
"D:/Skald_TurnBasedStrategy_Code/Content/Medieval_Env/Nature/Cliffs_Rocks/Textures/T_Cliff_03_NSD.ubulk" 5095
"D:/Skald_TurnBasedStrategy_Code/Content/Medieval_Env/Nature/Cliffs_Rocks/Textures/T_Cliff_03_NSD.uasset" 5096
"D:/Skald_TurnBasedStrategy_Code/Content/Medieval_Env/Nature/Cliffs_Rocks/Textures/T_Cliff_03_NSD.uexp" 5097
"D:/Skald_TurnBasedStrategy_Code/Content/Medieval_Env/Nature/Cliffs_Rocks/Textures/T_Cliff_03_BCR.ubulk" 5098
"D:/Skald_TurnBasedStrategy_Code/Content/Medieval_Env/Nature/Cliffs_Rocks/Textures/T_Cliff_03_BCR.uasset" 5099
"D:/Skald_TurnBasedStrategy_Code/Content/Medieval_Env/Nature/Cliffs_Rocks/Textures/T_Cliff_03_BCR.uexp" 5100
"D:/Skald_TurnBasedStrategy_Code/Content/Medieval_Env/Nature/Cliffs_Rocks/Materials/MI_Cliff_04.uasset" 5101
"D:/Skald_TurnBasedStrategy_Code/Content/Medieval_Env/Nature/Cliffs_Rocks/Materials/MI_Cliff_04.uexp" 5102
"D:/Skald_TurnBasedStrategy_Code/Content/Medieval_Env/Nature/Cliffs_Rocks/SM_Cliff_04.ubulk" 5103
"D:/Skald_TurnBasedStrategy_Code/Content/Medieval_Env/Nature/Cliffs_Rocks/SM_Cliff_04.uasset" 5104
"D:/Skald_TurnBasedStrategy_Code/Content/Medieval_Env/Nature/Cliffs_Rocks/SM_Cliff_04.uexp" 5105
"D:/Skald_TurnBasedStrategy_Code/Content/Blueprints/Obstacles/ForestEnviroment/Forest_Cliff_04.uasset" 5106
"D:/Skald_TurnBasedStrategy_Code/Content/Blueprints/Obstacles/ForestEnviroment/Forest_Cliff_04.uexp" 5107
"D:/Skald_TurnBasedStrategy_Code/Content/Medieval_Env/Nature/Cliffs_Rocks/Textures/T_Cliff_01_BCR.ubulk" 5108
"D:/Skald_TurnBasedStrategy_Code/Content/Medieval_Env/Nature/Cliffs_Rocks/Textures/T_Cliff_01_BCR.uasset" 5109
"D:/Skald_TurnBasedStrategy_Code/Content/Medieval_Env/Nature/Cliffs_Rocks/Textures/T_Cliff_01_BCR.uexp" 5110
"D:/Skald_TurnBasedStrategy_Code/Content/Medieval_Env/Nature/Cliffs_Rocks/Materials/MI_Cliff_01.uasset" 5111
"D:/Skald_TurnBasedStrategy_Code/Content/Medieval_Env/Nature/Cliffs_Rocks/Materials/MI_Cliff_01.uexp" 5112
"D:/Skald_TurnBasedStrategy_Code/Content/Medieval_Env/Nature/Cliffs_Rocks/SM_Cliff_01.ubulk" 5113
"D:/Skald_TurnBasedStrategy_Code/Content/Medieval_Env/Nature/Cliffs_Rocks/SM_Cliff_01.uasset" 5114
"D:/Skald_TurnBasedStrategy_Code/Content/Medieval_Env/Nature/Cliffs_Rocks/SM_Cliff_01.uexp" 5115
"D:/Skald_TurnBasedStrategy_Code/Content/Blueprints/Obstacles/ForestEnviroment/Forest_Cliff_01.uasset" 5116
"D:/Skald_TurnBasedStrategy_Code/Content/Blueprints/Obstacles/ForestEnviroment/Forest_Cliff_01.uexp" 5117
"D:/Skald_TurnBasedStrategy_Code/Content/Medieval_Env/Nature/Cliffs_Rocks/Textures/T_Rock_b_BC.ubulk" 5118
"D:/Skald_TurnBasedStrategy_Code/Content/Medieval_Env/Nature/Cliffs_Rocks/Textures/T_Rock_b_BC.uasset" 5119
"D:/Skald_TurnBasedStrategy_Code/Content/Medieval_Env/Nature/Cliffs_Rocks/Textures/T_Rock_b_BC.uexp" 5120
"D:/Skald_TurnBasedStrategy_Code/Content/Medieval_Env/Nature/Cliffs_Rocks/Textures/T_Rock_a_N_AO_R.ubulk" 5121
"D:/Skald_TurnBasedStrategy_Code/Content/Medieval_Env/Nature/Cliffs_Rocks/Textures/T_Rock_a_N_AO_R.uasset" 5122
"D:/Skald_TurnBasedStrategy_Code/Content/Medieval_Env/Nature/Cliffs_Rocks/Textures/T_Rock_a_N_AO_R.uexp" 5123
"D:/Skald_TurnBasedStrategy_Code/Content/Medieval_Env/Nature/Cliffs_Rocks/Textures/T_Rock_a_BC.ubulk" 5124
"D:/Skald_TurnBasedStrategy_Code/Content/Medieval_Env/Nature/Cliffs_Rocks/Textures/T_Rock_a_BC.uasset" 5125
"D:/Skald_TurnBasedStrategy_Code/Content/Medieval_Env/Nature/Cliffs_Rocks/Textures/T_Rock_a_BC.uexp" 5126
"D:/Skald_TurnBasedStrategy_Code/Content/Medieval_Env/Nature/Cliffs_Rocks/Materials/M_Master_Rocks.uasset" 5127
"D:/Skald_TurnBasedStrategy_Code/Content/Medieval_Env/Nature/Cliffs_Rocks/Materials/M_Master_Rocks.uexp" 5128
"D:/Skald_TurnBasedStrategy_Code/Content/Medieval_Env/Nature/Cliffs_Rocks/Textures/T_Rock_b_N_AO_R.ubulk" 5129
"D:/Skald_TurnBasedStrategy_Code/Content/Medieval_Env/Nature/Cliffs_Rocks/Textures/T_Rock_b_N_AO_R.uasset" 5130
"D:/Skald_TurnBasedStrategy_Code/Content/Medieval_Env/Nature/Cliffs_Rocks/Textures/T_Rock_b_N_AO_R.uexp" 5131
"D:/Skald_TurnBasedStrategy_Code/Content/Medieval_Env/Nature/Cliffs_Rocks/Materials/MI_Rock_b.uasset" 5132
"D:/Skald_TurnBasedStrategy_Code/Content/Medieval_Env/Nature/Cliffs_Rocks/Materials/MI_Rock_b.uexp" 5133
"D:/Skald_TurnBasedStrategy_Code/Content/Medieval_Env/Nature/Cliffs_Rocks/SM_Rock_b_low.ubulk" 5134
"D:/Skald_TurnBasedStrategy_Code/Content/Medieval_Env/Nature/Cliffs_Rocks/SM_Rock_b_low.uasset" 5135
"D:/Skald_TurnBasedStrategy_Code/Content/Medieval_Env/Nature/Cliffs_Rocks/SM_Rock_b_low.uexp" 5136
"D:/Skald_TurnBasedStrategy_Code/Content/Medieval_Env/Nature/ProceduralFoliage/SMF_SmallRock_e.uasset" 5137
"D:/Skald_TurnBasedStrategy_Code/Content/Medieval_Env/Nature/ProceduralFoliage/SMF_SmallRock_e.uexp" 5138
"D:/Skald_TurnBasedStrategy_Code/Content/Medieval_Env/Nature/Cliffs_Rocks/Textures/T_Rock_c_BC.ubulk" 5139
"D:/Skald_TurnBasedStrategy_Code/Content/Medieval_Env/Nature/Cliffs_Rocks/Textures/T_Rock_c_BC.uasset" 5140
"D:/Skald_TurnBasedStrategy_Code/Content/Medieval_Env/Nature/Cliffs_Rocks/Textures/T_Rock_c_BC.uexp" 5141
"D:/Skald_TurnBasedStrategy_Code/Content/Medieval_Env/Nature/Cliffs_Rocks/Textures/T_Rock_c_N_AO_R.ubulk" 5142
"D:/Skald_TurnBasedStrategy_Code/Content/Medieval_Env/Nature/Cliffs_Rocks/Textures/T_Rock_c_N_AO_R.uasset" 5143
"D:/Skald_TurnBasedStrategy_Code/Content/Medieval_Env/Nature/Cliffs_Rocks/Textures/T_Rock_c_N_AO_R.uexp" 5144
"D:/Skald_TurnBasedStrategy_Code/Content/Medieval_Env/Nature/Cliffs_Rocks/Materials/MI_Rock_c.uasset" 5145
"D:/Skald_TurnBasedStrategy_Code/Content/Medieval_Env/Nature/Cliffs_Rocks/Materials/MI_Rock_c.uexp" 5146
"D:/Skald_TurnBasedStrategy_Code/Content/Medieval_Env/Nature/Cliffs_Rocks/SM_Rock_c.ubulk" 5147
"D:/Skald_TurnBasedStrategy_Code/Content/Medieval_Env/Nature/Cliffs_Rocks/SM_Rock_c.uasset" 5148
"D:/Skald_TurnBasedStrategy_Code/Content/Medieval_Env/Nature/Cliffs_Rocks/SM_Rock_c.uexp" 5149
"D:/Skald_TurnBasedStrategy_Code/Content/Medieval_Env/Nature/ProceduralFoliage/SMF_SmallRock_b.uasset" 5150
"D:/Skald_TurnBasedStrategy_Code/Content/Medieval_Env/Nature/ProceduralFoliage/SMF_SmallRock_b.uexp" 5151
"D:/Skald_TurnBasedStrategy_Code/Content/Medieval_Env/Nature/ProceduralFoliage/PFS_SmallRocks_1.uasset" 5152
"D:/Skald_TurnBasedStrategy_Code/Content/Medieval_Env/Nature/ProceduralFoliage/PFS_SmallRocks_1.uexp" 5153
"D:/Skald_TurnBasedStrategy_Code/Content/Medieval_Env/Nature/ElmTree/Materials/MI_ElmTree_1.uasset" 5154
"D:/Skald_TurnBasedStrategy_Code/Content/Medieval_Env/Nature/ElmTree/Materials/MI_ElmTree_1.uexp" 5155
"D:/Skald_TurnBasedStrategy_Code/Content/Medieval_Env/Nature/ElmTree/SM_ElmTree_1.ubulk" 5156
"D:/Skald_TurnBasedStrategy_Code/Content/Medieval_Env/Nature/ElmTree/SM_ElmTree_1.uasset" 5157
"D:/Skald_TurnBasedStrategy_Code/Content/Medieval_Env/Nature/ElmTree/SM_ElmTree_1.uexp" 5158
"D:/Skald_TurnBasedStrategy_Code/Content/Blueprints/Obstacles/ForestEnviroment/Forest_tree_01.uasset" 5159
"D:/Skald_TurnBasedStrategy_Code/Content/Blueprints/Obstacles/ForestEnviroment/Forest_tree_01.uexp" 5160
"D:/Skald_TurnBasedStrategy_Code/Content/Medieval_Tents/Meshes/Tents/SM_BigTentDecorated_05.ubulk" 5161
"D:/Skald_TurnBasedStrategy_Code/Content/Medieval_Tents/Meshes/Tents/SM_BigTentDecorated_05.uasset" 5162
"D:/Skald_TurnBasedStrategy_Code/Content/Medieval_Tents/Meshes/Tents/SM_BigTentDecorated_05.uexp" 5163
"D:/Skald_TurnBasedStrategy_Code/Content/Blueprints/Obstacles/Tents/GridObstacle_TentStriped_03.uasset" 5164
"D:/Skald_TurnBasedStrategy_Code/Content/Blueprints/Obstacles/Tents/GridObstacle_TentStriped_03.uexp" 5165
"D:/Skald_TurnBasedStrategy_Code/Content/Medieval_Env/Nature/Cliffs_Rocks/Materials/MI_Cliff_03.uasset" 5166
"D:/Skald_TurnBasedStrategy_Code/Content/Medieval_Env/Nature/Cliffs_Rocks/Materials/MI_Cliff_03.uexp" 5167
"D:/Skald_TurnBasedStrategy_Code/Content/Medieval_Env/Nature/Cliffs_Rocks/SM_Cliff_07.ubulk" 5168
"D:/Skald_TurnBasedStrategy_Code/Content/Medieval_Env/Nature/Cliffs_Rocks/SM_Cliff_07.uasset" 5169
"D:/Skald_TurnBasedStrategy_Code/Content/Medieval_Env/Nature/Cliffs_Rocks/SM_Cliff_07.uexp" 5170
"D:/Skald_TurnBasedStrategy_Code/Content/Blueprints/Obstacles/ForestEnviroment/Forest_Cliff_06.uasset" 5171
"D:/Skald_TurnBasedStrategy_Code/Content/Blueprints/Obstacles/ForestEnviroment/Forest_Cliff_06.uexp" 5172
"D:/Skald_TurnBasedStrategy_Code/Content/Blueprints/Obstacles/ForestEnviroment/Forest_Cliff_02.uasset" 5173
"D:/Skald_TurnBasedStrategy_Code/Content/Blueprints/Obstacles/ForestEnviroment/Forest_Cliff_02.uexp" 5174
"D:/Skald_TurnBasedStrategy_Code/Content/Medieval_Env/Nature/ElmTree/SM_ElmTree_3.ubulk" 5175
"D:/Skald_TurnBasedStrategy_Code/Content/Medieval_Env/Nature/ElmTree/SM_ElmTree_3.uasset" 5176
"D:/Skald_TurnBasedStrategy_Code/Content/Medieval_Env/Nature/ElmTree/SM_ElmTree_3.uexp" 5177
"D:/Skald_TurnBasedStrategy_Code/Content/Blueprints/Obstacles/ForestEnviroment/Forest_tree_03.uasset" 5178
"D:/Skald_TurnBasedStrategy_Code/Content/Blueprints/Obstacles/ForestEnviroment/Forest_tree_03.uexp" 5179
"D:/Skald_TurnBasedStrategy_Code/Content/Medieval_Env/Nature/ProceduralFoliage/SMF_Cliff_04.uasset" 5180
"D:/Skald_TurnBasedStrategy_Code/Content/Medieval_Env/Nature/ProceduralFoliage/SMF_Cliff_04.uexp" 5181
"D:/Skald_TurnBasedStrategy_Code/Content/Medieval_Tents/Meshes/Tents/SM_BigTentDecorated_02.ubulk" 5182
"D:/Skald_TurnBasedStrategy_Code/Content/Medieval_Tents/Meshes/Tents/SM_BigTentDecorated_02.uasset" 5183
"D:/Skald_TurnBasedStrategy_Code/Content/Medieval_Tents/Meshes/Tents/SM_BigTentDecorated_02.uexp" 5184
"D:/Skald_TurnBasedStrategy_Code/Content/Blueprints/Obstacles/Tents/GridObstacle_TentStriped_02.uasset" 5185
"D:/Skald_TurnBasedStrategy_Code/Content/Blueprints/Obstacles/Tents/GridObstacle_TentStriped_02.uexp" 5186
"D:/Skald_TurnBasedStrategy_Code/Content/Blueprints/Music/Steel_and_Shadow.ubulk" 5187
"D:/Skald_TurnBasedStrategy_Code/Content/Blueprints/Music/Steel_and_Shadow.uasset" 5188
"D:/Skald_TurnBasedStrategy_Code/Content/Blueprints/Music/Steel_and_Shadow.uexp" 5189
"D:/Skald_TurnBasedStrategy_Code/Content/M4/Textures/Distance/Forest/B/FarForest_Normal_B.ubulk" 5190
"D:/Skald_TurnBasedStrategy_Code/Content/M4/Textures/Distance/Forest/B/FarForest_Normal_B.uasset" 5191
"D:/Skald_TurnBasedStrategy_Code/Content/M4/Textures/Distance/Forest/B/FarForest_Normal_B.uexp" 5192
"D:/Skald_TurnBasedStrategy_Code/Content/M4/Textures/Distance/Forest/B/FarForest_Diffuse_B.ubulk" 5193
"D:/Skald_TurnBasedStrategy_Code/Content/M4/Textures/Distance/Forest/B/FarForest_Diffuse_B.uasset" 5194
"D:/Skald_TurnBasedStrategy_Code/Content/M4/Textures/Distance/Forest/B/FarForest_Diffuse_B.uexp" 5195
"D:/Skald_TurnBasedStrategy_Code/Content/M4/Materials/PresetInstances/Island/Island_UE5Preset6_Inst.uasset" 5196
"D:/Skald_TurnBasedStrategy_Code/Content/M4/Materials/PresetInstances/Island/Island_UE5Preset6_Inst.uexp" 5197
"D:/Skald_TurnBasedStrategy_Code/Content/Medieval_Env/Nature/ElmTree/SM_ElmTree_4.ubulk" 5198
"D:/Skald_TurnBasedStrategy_Code/Content/Medieval_Env/Nature/ElmTree/SM_ElmTree_4.uasset" 5199
"D:/Skald_TurnBasedStrategy_Code/Content/Medieval_Env/Nature/ElmTree/SM_ElmTree_4.uexp" 5200
"D:/Skald_TurnBasedStrategy_Code/Content/Blueprints/Obstacles/ForestEnviroment/Forest_tree_04.uasset" 5201
"D:/Skald_TurnBasedStrategy_Code/Content/Blueprints/Obstacles/ForestEnviroment/Forest_tree_04.uexp" 5202
"D:/Skald_TurnBasedStrategy_Code/Content/Medieval_Env/Nature/ProceduralFoliage/SMF_Cliff_06.uasset" 5203
"D:/Skald_TurnBasedStrategy_Code/Content/Medieval_Env/Nature/ProceduralFoliage/SMF_Cliff_06.uexp" 5204
"D:/Skald_TurnBasedStrategy_Code/Content/Medieval_Env/Nature/ElmTree/Materials/MI_ElmTree_Dry.uasset" 5205
"D:/Skald_TurnBasedStrategy_Code/Content/Medieval_Env/Nature/ElmTree/Materials/MI_ElmTree_Dry.uexp" 5206
"D:/Skald_TurnBasedStrategy_Code/Content/Medieval_Env/Nature/ElmTree/SM_ElmTree_1_Dry.ubulk" 5207
"D:/Skald_TurnBasedStrategy_Code/Content/Medieval_Env/Nature/ElmTree/SM_ElmTree_1_Dry.uasset" 5208
"D:/Skald_TurnBasedStrategy_Code/Content/Medieval_Env/Nature/ElmTree/SM_ElmTree_1_Dry.uexp" 5209
"D:/Skald_TurnBasedStrategy_Code/Content/Blueprints/Obstacles/ForestEnviroment/Forest_tree_05.uasset" 5210
"D:/Skald_TurnBasedStrategy_Code/Content/Blueprints/Obstacles/ForestEnviroment/Forest_tree_05.uexp" 5211
"D:/Skald_TurnBasedStrategy_Code/Content/Medieval_Env/Nature/Cliffs_Rocks/SM_Cliff_03.ubulk" 5212
"D:/Skald_TurnBasedStrategy_Code/Content/Medieval_Env/Nature/Cliffs_Rocks/SM_Cliff_03.uasset" 5213
"D:/Skald_TurnBasedStrategy_Code/Content/Medieval_Env/Nature/Cliffs_Rocks/SM_Cliff_03.uexp" 5214
"D:/Skald_TurnBasedStrategy_Code/Content/Blueprints/Obstacles/ForestEnviroment/Forest_Cliff_03.uasset" 5215
"D:/Skald_TurnBasedStrategy_Code/Content/Blueprints/Obstacles/ForestEnviroment/Forest_Cliff_03.uexp" 5216
"D:/Skald_TurnBasedStrategy_Code/Content/Blueprints/Maps/Skald_BM_Island_01.uexp" 5217
"D:/Skald_TurnBasedStrategy_Code/Content/Blueprints/Maps/Skald_BM_Island_01.ubulk" 5218
"D:/Skald_TurnBasedStrategy_Code/Content/Blueprints/Maps/Skald_BM_Island_01.umap" 5219
"D:/Skald_TurnBasedStrategy_Code/Content/Blueprints/Music/Skald_BattleMusic_SavageTribes_.ubulk" 5220
"D:/Skald_TurnBasedStrategy_Code/Content/Blueprints/Music/Skald_BattleMusic_SavageTribes_.uasset" 5221
"D:/Skald_TurnBasedStrategy_Code/Content/Blueprints/Music/Skald_BattleMusic_SavageTribes_.uexp" 5222
"D:/Skald_TurnBasedStrategy_Code/Content/Medieval_Tents/Materials/MaterialInstances/MI_BigTents.uasset" 5223
"D:/Skald_TurnBasedStrategy_Code/Content/Medieval_Tents/Materials/MaterialInstances/MI_BigTents.uexp" 5224
"D:/Skald_TurnBasedStrategy_Code/Content/Medieval_Tents/Meshes/Tents/SM_BigTentDecorated_04.ubulk" 5225
"D:/Skald_TurnBasedStrategy_Code/Content/Medieval_Tents/Meshes/Tents/SM_BigTentDecorated_04.uasset" 5226
"D:/Skald_TurnBasedStrategy_Code/Content/Medieval_Tents/Meshes/Tents/SM_BigTentDecorated_04.uexp" 5227
"D:/Skald_TurnBasedStrategy_Code/Content/Blueprints/Obstacles/Tents/GridObstacle_TentRed_03.uasset" 5228
"D:/Skald_TurnBasedStrategy_Code/Content/Blueprints/Obstacles/Tents/GridObstacle_TentRed_03.uexp" 5229
"D:/Skald_TurnBasedStrategy_Code/Content/M4/Textures/Tutorials/NaniteLandscapeWarning.ubulk" 5230
"D:/Skald_TurnBasedStrategy_Code/Content/M4/Textures/Tutorials/NaniteLandscapeWarning.uasset" 5231
"D:/Skald_TurnBasedStrategy_Code/Content/M4/Textures/Tutorials/NaniteLandscapeWarning.uexp" 5232
"D:/Skald_TurnBasedStrategy_Code/Content/M4/Materials/MasterMaterials/Functions/AutoMaterialSlope.uasset" 5233
"D:/Skald_TurnBasedStrategy_Code/Content/M4/Materials/MasterMaterials/Functions/AutoMaterialSlope.uexp" 5234
"D:/Skald_TurnBasedStrategy_Code/Content/M4/Materials/MasterMaterials/Functions/Output-RVT.uasset" 5235
"D:/Skald_TurnBasedStrategy_Code/Content/M4/Materials/MasterMaterials/Functions/Output-RVT.uexp" 5236
"D:/Skald_TurnBasedStrategy_Code/Content/M4/Materials/MasterMaterials/Functions/NaniteDispConverter.uasset" 5237
"D:/Skald_TurnBasedStrategy_Code/Content/M4/Materials/MasterMaterials/Functions/NaniteDispConverter.uexp" 5238
"D:/Skald_TurnBasedStrategy_Code/Content/M4/Textures/Tutorials/NaniteLandscapeAttention.ubulk" 5239
"D:/Skald_TurnBasedStrategy_Code/Content/M4/Textures/Tutorials/NaniteLandscapeAttention.uasset" 5240
"D:/Skald_TurnBasedStrategy_Code/Content/M4/Textures/Tutorials/NaniteLandscapeAttention.uexp" 5241
"D:/Skald_TurnBasedStrategy_Code/Content/M4/Materials/MasterMaterials/Functions/UE5/Custom_PerturbNormalHQ.uasset" 5242
"D:/Skald_TurnBasedStrategy_Code/Content/M4/Materials/MasterMaterials/Functions/UE5/Custom_PerturbNormalHQ.uexp" 5243
"D:/Skald_TurnBasedStrategy_Code/Content/M4/Materials/MasterMaterials/Functions/UE5/NaniteProceduralNormalMapping.uasset" 5244
"D:/Skald_TurnBasedStrategy_Code/Content/M4/Materials/MasterMaterials/Functions/UE5/NaniteProceduralNormalMapping.uexp" 5245
"D:/Skald_TurnBasedStrategy_Code/Content/M4/Materials/MasterMaterials/Functions/NaniteComputation.uasset" 5246
"D:/Skald_TurnBasedStrategy_Code/Content/M4/Materials/MasterMaterials/Functions/NaniteComputation.uexp" 5247
"D:/Skald_TurnBasedStrategy_Code/Content/M4/Materials/MasterMaterials/Functions/PrepareOutput-RVT.uasset" 5248
"D:/Skald_TurnBasedStrategy_Code/Content/M4/Materials/MasterMaterials/Functions/PrepareOutput-RVT.uexp" 5249
"D:/Skald_TurnBasedStrategy_Code/Content/M4/Materials/MasterMaterials/Functions/AutomaterialBase.uasset" 5250
"D:/Skald_TurnBasedStrategy_Code/Content/M4/Materials/MasterMaterials/Functions/AutomaterialBase.uexp" 5251
"D:/Skald_TurnBasedStrategy_Code/Content/M4/Materials/MasterMaterials/M4UE5MasterMat.uasset" 5252
"D:/Skald_TurnBasedStrategy_Code/Content/M4/Materials/MasterMaterials/M4UE5MasterMat.uexp" 5253
"D:/Skald_TurnBasedStrategy_Code/Content/M4/Materials/PresetInstances/Desert/Desert_UE5Preset5_Inst.uasset" 5254
"D:/Skald_TurnBasedStrategy_Code/Content/M4/Materials/PresetInstances/Desert/Desert_UE5Preset5_Inst.uexp" 5255
"D:/Skald_TurnBasedStrategy_Code/Content/Medieval_Tents/Meshes/Tents/SM_BigTentDecorated_01.ubulk" 5256
"D:/Skald_TurnBasedStrategy_Code/Content/Medieval_Tents/Meshes/Tents/SM_BigTentDecorated_01.uasset" 5257
"D:/Skald_TurnBasedStrategy_Code/Content/Medieval_Tents/Meshes/Tents/SM_BigTentDecorated_01.uexp" 5258
"D:/Skald_TurnBasedStrategy_Code/Content/Blueprints/Obstacles/Tents/GridObstacle_TenRed_02.uasset" 5259
"D:/Skald_TurnBasedStrategy_Code/Content/Blueprints/Obstacles/Tents/GridObstacle_TenRed_02.uexp" 5260
"D:/Skald_TurnBasedStrategy_Code/Content/Medieval_Tents/Meshes/Tents/SM_BigTent_01.ubulk" 5261
"D:/Skald_TurnBasedStrategy_Code/Content/Medieval_Tents/Meshes/Tents/SM_BigTent_01.uasset" 5262
"D:/Skald_TurnBasedStrategy_Code/Content/Medieval_Tents/Meshes/Tents/SM_BigTent_01.uexp" 5263
"D:/Skald_TurnBasedStrategy_Code/Content/Blueprints/Obstacles/Tents/GridObstacle_TentRed_01.uasset" 5264
"D:/Skald_TurnBasedStrategy_Code/Content/Blueprints/Obstacles/Tents/GridObstacle_TentRed_01.uexp" 5265
"D:/Skald_TurnBasedStrategy_Code/Content/Blueprints/Maps/Skald_BM_Desert_01.uexp" 5266
"D:/Skald_TurnBasedStrategy_Code/Content/Blueprints/Maps/Skald_BM_Desert_01.ubulk" 5267
"D:/Skald_TurnBasedStrategy_Code/Content/Blueprints/Maps/Skald_BM_Desert_01.umap" 5268
"../../../Engine/Content/OpenWorldTemplate/LandscapeMaterial/T_GridChecker_A.ubulk" 5269
"../../../Engine/Content/OpenWorldTemplate/LandscapeMaterial/T_GridChecker_A.uasset" 5270
"../../../Engine/Content/OpenWorldTemplate/LandscapeMaterial/T_GridChecker_A.uexp" 5271
"../../../Engine/Content/OpenWorldTemplate/LandscapeMaterial/MF_ProcGrid.uasset" 5272
"../../../Engine/Content/OpenWorldTemplate/LandscapeMaterial/MF_ProcGrid.uexp" 5273
"../../../Engine/Content/OpenWorldTemplate/LandscapeMaterial/M_ProcGrid.uasset" 5274
"../../../Engine/Content/OpenWorldTemplate/LandscapeMaterial/M_ProcGrid.uexp" 5275
"../../../Engine/Content/OpenWorldTemplate/LandscapeMaterial/MI_ProcGrid.uasset" 5276
"../../../Engine/Content/OpenWorldTemplate/LandscapeMaterial/MI_ProcGrid.uexp" 5277
"../../../Engine/Content/EngineSky/M_SimpleSkyDome.uasset" 5278
"../../../Engine/Content/EngineSky/M_SimpleSkyDome.uexp" 5279
"D:/Skald_TurnBasedStrategy_Code/Content/Blueprints/Maps/EndScreen.uexp" 5280
"D:/Skald_TurnBasedStrategy_Code/Content/Blueprints/Maps/EndScreen.umap" 5281
"D:/Skald_TurnBasedStrategy_Code/Content/M4/Materials/PresetInstances/Desert/Desert_UE5Preset6_Inst.uasset" 5282
"D:/Skald_TurnBasedStrategy_Code/Content/M4/Materials/PresetInstances/Desert/Desert_UE5Preset6_Inst.uexp" 5283
"D:/Skald_TurnBasedStrategy_Code/Content/M4/Textures/Distance/Forest/A/FarForest_Diffuse_A.ubulk" 5284
"D:/Skald_TurnBasedStrategy_Code/Content/M4/Textures/Distance/Forest/A/FarForest_Diffuse_A.uasset" 5285
"D:/Skald_TurnBasedStrategy_Code/Content/M4/Textures/Distance/Forest/A/FarForest_Diffuse_A.uexp" 5286
"D:/Skald_TurnBasedStrategy_Code/Content/M4/Textures/Distance/Forest/A/FarForest_Roughness_A.ubulk" 5287
"D:/Skald_TurnBasedStrategy_Code/Content/M4/Textures/Distance/Forest/A/FarForest_Roughness_A.uasset" 5288
"D:/Skald_TurnBasedStrategy_Code/Content/M4/Textures/Distance/Forest/A/FarForest_Roughness_A.uexp" 5289
"D:/Skald_TurnBasedStrategy_Code/Content/M4/Textures/Distance/Forest/A/FarForest_Normal_A.uasset" 5290
"D:/Skald_TurnBasedStrategy_Code/Content/M4/Textures/Distance/Forest/A/FarForest_Normal_A.uexp" 5291
"D:/Skald_TurnBasedStrategy_Code/Content/M4/Materials/PresetInstances/Island/Island_UE5Preset4_Inst.uasset" 5292
"D:/Skald_TurnBasedStrategy_Code/Content/M4/Materials/PresetInstances/Island/Island_UE5Preset4_Inst.uexp" 5293
"D:/Skald_TurnBasedStrategy_Code/Content/M4/Materials/PresetInstances/Tundra/Tundra_UE5Preset4_Inst.uasset" 5294
"D:/Skald_TurnBasedStrategy_Code/Content/M4/Materials/PresetInstances/Tundra/Tundra_UE5Preset4_Inst.uexp" 5295
"D:/Skald_TurnBasedStrategy_Code/Content/M4/Materials/PresetInstances/Desert/HF/HF_ProxyMat_Desert_Inst.uasset" 5296
"D:/Skald_TurnBasedStrategy_Code/Content/M4/Materials/PresetInstances/Desert/HF/HF_ProxyMat_Desert_Inst.uexp" 5297
"D:/Skald_TurnBasedStrategy_Code/Content/M4/Textures/Tutorials/VHF_Warning.ubulk" 5298
"D:/Skald_TurnBasedStrategy_Code/Content/M4/Textures/Tutorials/VHF_Warning.uasset" 5299
"D:/Skald_TurnBasedStrategy_Code/Content/M4/Textures/Tutorials/VHF_Warning.uexp" 5300
"D:/Skald_TurnBasedStrategy_Code/Content/M4/Blueprints/SystemResources/General/Tutorials/VHFM_WarningMat.uasset" 5301
"D:/Skald_TurnBasedStrategy_Code/Content/M4/Blueprints/SystemResources/General/Tutorials/VHFM_WarningMat.uexp" 5302
"D:/Skald_TurnBasedStrategy_Code/Content/M4/Textures/Tutorials/RVT_Quick_Setup.ubulk" 5303
"D:/Skald_TurnBasedStrategy_Code/Content/M4/Textures/Tutorials/RVT_Quick_Setup.uasset" 5304
"D:/Skald_TurnBasedStrategy_Code/Content/M4/Textures/Tutorials/RVT_Quick_Setup.uexp" 5305
"D:/Skald_TurnBasedStrategy_Code/Content/M4/Blueprints/SystemResources/General/Tutorials/RVTvol_Warning_Inst.uasset" 5306
"D:/Skald_TurnBasedStrategy_Code/Content/M4/Blueprints/SystemResources/General/Tutorials/RVTvol_Warning_Inst.uexp" 5307
"D:/Skald_TurnBasedStrategy_Code/Content/M4/Materials/PresetInstances/Custom/DesertDemo/Desert_UE5Preset6_InstC.uasset" 5308
"D:/Skald_TurnBasedStrategy_Code/Content/M4/Materials/PresetInstances/Custom/DesertDemo/Desert_UE5Preset6_InstC.uexp" 5309
"D:/Skald_TurnBasedStrategy_Code/Content/M4/Blueprints/SystemResources/MagicMapMaterialBP/Enums/PerformancePreferences.uasset" 5310
"D:/Skald_TurnBasedStrategy_Code/Content/M4/Blueprints/SystemResources/MagicMapMaterialBP/Enums/PerformancePreferences.uexp" 5311
"D:/Skald_TurnBasedStrategy_Code/Content/M4/Blueprints/SystemResources/MagicMapMaterialBP/Mats/UnrealLogoMat_Inst1.uasset" 5312
"D:/Skald_TurnBasedStrategy_Code/Content/M4/Blueprints/SystemResources/MagicMapMaterialBP/Mats/UnrealLogoMat_Inst1.uexp" 5313
"D:/Skald_TurnBasedStrategy_Code/Content/M4/Blueprints/SystemResources/MagicMapMaterialBP/Meshes/M3BP_Text.uasset" 5314
"D:/Skald_TurnBasedStrategy_Code/Content/M4/Blueprints/SystemResources/MagicMapMaterialBP/Meshes/M3BP_Text.uexp" 5315
"D:/Skald_TurnBasedStrategy_Code/Content/M4/Materials/PresetInstances/Tundra/Tundra_M4Nanite_Inst.uasset" 5316
"D:/Skald_TurnBasedStrategy_Code/Content/M4/Materials/PresetInstances/Tundra/Tundra_M4Nanite_Inst.uexp" 5317
"D:/Skald_TurnBasedStrategy_Code/Content/M4/Materials/PresetInstances/Island/Island_UE5Preset5_Inst.uasset" 5318
"D:/Skald_TurnBasedStrategy_Code/Content/M4/Materials/PresetInstances/Island/Island_UE5Preset5_Inst.uexp" 5319
"D:/Skald_TurnBasedStrategy_Code/Content/M4/Materials/PresetInstances/Island/Island_UE5Preset3_Inst.uasset" 5320
"D:/Skald_TurnBasedStrategy_Code/Content/M4/Materials/PresetInstances/Island/Island_UE5Preset3_Inst.uexp" 5321
"D:/Skald_TurnBasedStrategy_Code/Content/M4/Blueprints/SystemResources/RenderTargets/SplatBaker/TundraHM/TundraFinalizedSplatmap.uasset" 5322
"D:/Skald_TurnBasedStrategy_Code/Content/M4/Blueprints/SystemResources/RenderTargets/SplatBaker/TundraHM/TundraFinalizedSplatmap.uexp" 5323
"D:/Skald_TurnBasedStrategy_Code/Content/M4/Materials/PresetInstances/Tundra/Tundra_UE5Preset2_Inst.uasset" 5324
"D:/Skald_TurnBasedStrategy_Code/Content/M4/Materials/PresetInstances/Tundra/Tundra_UE5Preset2_Inst.uexp" 5325
"D:/Skald_TurnBasedStrategy_Code/Content/M4/Materials/PresetInstances/Desert/Desert_UE5Preset1_Inst.uasset" 5326
"D:/Skald_TurnBasedStrategy_Code/Content/M4/Materials/PresetInstances/Desert/Desert_UE5Preset1_Inst.uexp" 5327
"D:/Skald_TurnBasedStrategy_Code/Content/M4/Blueprints/SystemResources/MagicMapMaterialBP/Mats/M3BPLogoMat.uasset" 5328
"D:/Skald_TurnBasedStrategy_Code/Content/M4/Blueprints/SystemResources/MagicMapMaterialBP/Mats/M3BPLogoMat.uexp" 5329
"D:/Skald_TurnBasedStrategy_Code/Content/M4/Blueprints/SystemResources/MagicMapMaterialBP/Textures/DesertImage.ubulk" 5330
"D:/Skald_TurnBasedStrategy_Code/Content/M4/Blueprints/SystemResources/MagicMapMaterialBP/Textures/DesertImage.uasset" 5331
"D:/Skald_TurnBasedStrategy_Code/Content/M4/Blueprints/SystemResources/MagicMapMaterialBP/Textures/DesertImage.uexp" 5332
"D:/Skald_TurnBasedStrategy_Code/Content/M4/Blueprints/SystemResources/MagicMapMaterialBP/Mats/M3BPLogoMat_Inst2.uasset" 5333
"D:/Skald_TurnBasedStrategy_Code/Content/M4/Blueprints/SystemResources/MagicMapMaterialBP/Mats/M3BPLogoMat_Inst2.uexp" 5334
"D:/Skald_TurnBasedStrategy_Code/Content/M4/Blueprints/SystemResources/MagicMapMaterialBP/Textures/TundraImage.ubulk" 5335
"D:/Skald_TurnBasedStrategy_Code/Content/M4/Blueprints/SystemResources/MagicMapMaterialBP/Textures/TundraImage.uasset" 5336
"D:/Skald_TurnBasedStrategy_Code/Content/M4/Blueprints/SystemResources/MagicMapMaterialBP/Textures/TundraImage.uexp" 5337
"D:/Skald_TurnBasedStrategy_Code/Content/M4/Blueprints/SystemResources/MagicMapMaterialBP/Mats/M3BPLogoMat_Inst.uasset" 5338
"D:/Skald_TurnBasedStrategy_Code/Content/M4/Blueprints/SystemResources/MagicMapMaterialBP/Mats/M3BPLogoMat_Inst.uexp" 5339
"D:/Skald_TurnBasedStrategy_Code/Content/M4/Blueprints/SystemResources/MagicMapMaterialBP/Mats/UnrealLogoMat.uasset" 5340
"D:/Skald_TurnBasedStrategy_Code/Content/M4/Blueprints/SystemResources/MagicMapMaterialBP/Mats/UnrealLogoMat.uexp" 5341
"D:/Skald_TurnBasedStrategy_Code/Content/M4/Blueprints/SystemResources/MagicMapMaterialBP/Mats/UnrealLogoMat_Inst2.uasset" 5342
"D:/Skald_TurnBasedStrategy_Code/Content/M4/Blueprints/SystemResources/MagicMapMaterialBP/Mats/UnrealLogoMat_Inst2.uexp" 5343
"D:/Skald_TurnBasedStrategy_Code/Content/M4/Blueprints/SystemResources/MagicMapMaterialBP/Mats/M3BPLogoMat_Inst1.uasset" 5344
"D:/Skald_TurnBasedStrategy_Code/Content/M4/Blueprints/SystemResources/MagicMapMaterialBP/Mats/M3BPLogoMat_Inst1.uexp" 5345
"D:/Skald_TurnBasedStrategy_Code/Content/M4/Blueprints/SystemResources/MagicMapMaterialBP/Meshes/M3BP_ImageMesh.uasset" 5346
"D:/Skald_TurnBasedStrategy_Code/Content/M4/Blueprints/SystemResources/MagicMapMaterialBP/Meshes/M3BP_ImageMesh.uexp" 5347
"D:/Skald_TurnBasedStrategy_Code/Content/M4/Blueprints/SystemResources/MagicMapMaterialBP/BPI_EditorTick.uasset" 5348
"D:/Skald_TurnBasedStrategy_Code/Content/M4/Blueprints/SystemResources/MagicMapMaterialBP/BPI_EditorTick.uexp" 5349
"D:/Skald_TurnBasedStrategy_Code/Content/M4/Materials/PresetInstances/Desert/Desert_M4Nanite_Inst.uasset" 5350
"D:/Skald_TurnBasedStrategy_Code/Content/M4/Materials/PresetInstances/Desert/Desert_M4Nanite_Inst.uexp" 5351
"../../../Engine/Content/Functions/Engine_MaterialFunctions02/ScreenResolution.uasset" 5352
"../../../Engine/Content/Functions/Engine_MaterialFunctions02/ScreenResolution.uexp" 5353
"../../../Engine/Content/Functions/Engine_MaterialFunctions02/Texturing/ScreenAlignedUVs.uasset" 5354
"../../../Engine/Content/Functions/Engine_MaterialFunctions02/Texturing/ScreenAlignedUVs.uexp" 5355
"D:/Skald_TurnBasedStrategy_Code/Content/M4/Textures/Tutorials/LandscapeInitializationDone.uasset" 5356
"D:/Skald_TurnBasedStrategy_Code/Content/M4/Textures/Tutorials/LandscapeInitializationDone.uexp" 5357
"D:/Skald_TurnBasedStrategy_Code/Content/M4/Textures/Tutorials/LandscapeInitializationV2.uasset" 5358
"D:/Skald_TurnBasedStrategy_Code/Content/M4/Textures/Tutorials/LandscapeInitializationV2.uexp" 5359
"D:/Skald_TurnBasedStrategy_Code/Content/M4/Blueprints/SystemResources/General/MapInitialization/PrepareLandscapeMat.uasset" 5360
"D:/Skald_TurnBasedStrategy_Code/Content/M4/Blueprints/SystemResources/General/MapInitialization/PrepareLandscapeMat.uexp" 5361
"D:/Skald_TurnBasedStrategy_Code/Content/M4/Blueprints/SystemResources/General/MapInitialization/PrepareLandscapeMat_Inst.uasset" 5362
"D:/Skald_TurnBasedStrategy_Code/Content/M4/Blueprints/SystemResources/General/MapInitialization/PrepareLandscapeMat_Inst.uexp" 5363
"D:/Skald_TurnBasedStrategy_Code/Content/M4/Materials/PresetInstances/Tundra/Tundra_UE5Preset1_Inst.uasset" 5364
"D:/Skald_TurnBasedStrategy_Code/Content/M4/Materials/PresetInstances/Tundra/Tundra_UE5Preset1_Inst.uexp" 5365
"D:/Skald_TurnBasedStrategy_Code/Content/M4/Blueprints/SystemResources/MagicMapMaterialBP/Enums/EditorTickTypes.uasset" 5366
"D:/Skald_TurnBasedStrategy_Code/Content/M4/Blueprints/SystemResources/MagicMapMaterialBP/Enums/EditorTickTypes.uexp" 5367
"D:/Skald_TurnBasedStrategy_Code/Content/M4/Materials/PresetInstances/Tundra/Tundra_UE5Preset5_Inst.uasset" 5368
"D:/Skald_TurnBasedStrategy_Code/Content/M4/Materials/PresetInstances/Tundra/Tundra_UE5Preset5_Inst.uexp" 5369
"D:/Skald_TurnBasedStrategy_Code/Content/M4/Materials/PresetInstances/Desert/Desert_UE5Preset4_Inst.uasset" 5370
"D:/Skald_TurnBasedStrategy_Code/Content/M4/Materials/PresetInstances/Desert/Desert_UE5Preset4_Inst.uexp" 5371
"D:/Skald_TurnBasedStrategy_Code/Content/M4/Materials/PresetInstances/Tundra/Tundra_UE5Preset3_Inst.uasset" 5372
"D:/Skald_TurnBasedStrategy_Code/Content/M4/Materials/PresetInstances/Tundra/Tundra_UE5Preset3_Inst.uexp" 5373
"D:/Skald_TurnBasedStrategy_Code/Content/M4/Materials/PresetInstances/Island/Island_UE5Preset1_Inst.uasset" 5374
"D:/Skald_TurnBasedStrategy_Code/Content/M4/Materials/PresetInstances/Island/Island_UE5Preset1_Inst.uexp" 5375
"D:/Skald_TurnBasedStrategy_Code/Content/M4/Materials/PresetInstances/Island/Island_UE5Preset2_Inst.uasset" 5376
"D:/Skald_TurnBasedStrategy_Code/Content/M4/Materials/PresetInstances/Island/Island_UE5Preset2_Inst.uexp" 5377
"D:/Skald_TurnBasedStrategy_Code/Content/M4/Blueprints/SystemResources/RenderTargets/SplatBaker/DesertHM/DesertFinalizedSplatmap.uasset" 5378
"D:/Skald_TurnBasedStrategy_Code/Content/M4/Blueprints/SystemResources/RenderTargets/SplatBaker/DesertHM/DesertFinalizedSplatmap.uexp" 5379
"D:/Skald_TurnBasedStrategy_Code/Content/M4/Materials/PresetInstances/Desert/Desert_UE5Preset2_Inst.uasset" 5380
"D:/Skald_TurnBasedStrategy_Code/Content/M4/Materials/PresetInstances/Desert/Desert_UE5Preset2_Inst.uexp" 5381
"D:/Skald_TurnBasedStrategy_Code/Content/M4/Materials/PresetInstances/Desert/Desert_UE5Preset3_Inst.uasset" 5382
"D:/Skald_TurnBasedStrategy_Code/Content/M4/Materials/PresetInstances/Desert/Desert_UE5Preset3_Inst.uexp" 5383
"D:/Skald_TurnBasedStrategy_Code/Content/M4/Blueprints/SystemResources/MagicMapMaterialBP/Enums/TerrainBiomePresets.uasset" 5384
"D:/Skald_TurnBasedStrategy_Code/Content/M4/Blueprints/SystemResources/MagicMapMaterialBP/Enums/TerrainBiomePresets.uexp" 5385
"D:/Skald_TurnBasedStrategy_Code/Content/M4/Blueprints/SystemResources/General/Tutorials/VHFM_Warning_Inst.uasset" 5386
"D:/Skald_TurnBasedStrategy_Code/Content/M4/Blueprints/SystemResources/General/Tutorials/VHFM_Warning_Inst.uexp" 5387
"D:/Skald_TurnBasedStrategy_Code/Content/M4/Materials/PresetInstances/Island/Island_M4Nanite_Inst.uasset" 5388
"D:/Skald_TurnBasedStrategy_Code/Content/M4/Materials/PresetInstances/Island/Island_M4Nanite_Inst.uexp" 5389
"D:/Skald_TurnBasedStrategy_Code/Content/M4/Blueprints/MagicMapMaterialBP-V2.uasset" 5390
"D:/Skald_TurnBasedStrategy_Code/Content/M4/Blueprints/MagicMapMaterialBP-V2.uexp" 5391
"../../../Engine/Content/EngineMaterials/DefaultPhysicalMaterial.uasset" 5392
"../../../Engine/Content/EngineMaterials/DefaultPhysicalMaterial.uexp" 5393
"D:/Skald_TurnBasedStrategy_Code/Content/Blueprints/Maps/BattleMap.uexp" 5394
"D:/Skald_TurnBasedStrategy_Code/Content/Blueprints/Maps/BattleMap.ubulk" 5395
"D:/Skald_TurnBasedStrategy_Code/Content/Blueprints/Maps/BattleMap.umap" 5396
"../../../Engine/Content/BasicShapes/Plane.ubulk" 5397
"../../../Engine/Content/BasicShapes/Plane.uasset" 5398
"../../../Engine/Content/BasicShapes/Plane.uexp" 5399
"D:/Skald_TurnBasedStrategy_Code/Content/Medieval_Env/Props/Textures/T_WoodenTrim_a_N_AO_R.ubulk" 5400
"D:/Skald_TurnBasedStrategy_Code/Content/Medieval_Env/Props/Textures/T_WoodenTrim_a_N_AO_R.uasset" 5401
"D:/Skald_TurnBasedStrategy_Code/Content/Medieval_Env/Props/Textures/T_WoodenTrim_a_N_AO_R.uexp" 5402
"D:/Skald_TurnBasedStrategy_Code/Content/Medieval_Env/Buildings/Textures/T_PlasterWall_BC_O.ubulk" 5403
"D:/Skald_TurnBasedStrategy_Code/Content/Medieval_Env/Buildings/Textures/T_PlasterWall_BC_O.uasset" 5404
"D:/Skald_TurnBasedStrategy_Code/Content/Medieval_Env/Buildings/Textures/T_PlasterWall_BC_O.uexp" 5405
"D:/Skald_TurnBasedStrategy_Code/Content/Medieval_Env/Buildings/Textures/T_StoneTileable_BC_O.ubulk" 5406
"D:/Skald_TurnBasedStrategy_Code/Content/Medieval_Env/Buildings/Textures/T_StoneTileable_BC_O.uasset" 5407
"D:/Skald_TurnBasedStrategy_Code/Content/Medieval_Env/Buildings/Textures/T_StoneTileable_BC_O.uexp" 5408
"../../../Engine/Content/Functions/Engine_MaterialFunctions02/Texturing/HeightLerp.uasset" 5409
"../../../Engine/Content/Functions/Engine_MaterialFunctions02/Texturing/HeightLerp.uexp" 5410
"D:/Skald_TurnBasedStrategy_Code/Content/Medieval_Env/MaterialFunctions/MF_ReconstructZ.uasset" 5411
"D:/Skald_TurnBasedStrategy_Code/Content/Medieval_Env/MaterialFunctions/MF_ReconstructZ.uexp" 5412
"D:/Skald_TurnBasedStrategy_Code/Content/Medieval_Env/Buildings/Textures/T_PlasterWall_N_AO_R.ubulk" 5413
"D:/Skald_TurnBasedStrategy_Code/Content/Medieval_Env/Buildings/Textures/T_PlasterWall_N_AO_R.uasset" 5414
"D:/Skald_TurnBasedStrategy_Code/Content/Medieval_Env/Buildings/Textures/T_PlasterWall_N_AO_R.uexp" 5415
"D:/Skald_TurnBasedStrategy_Code/Content/Medieval_Env/Buildings/Textures/T_StoneTileable_N_AO_R.ubulk" 5416
"D:/Skald_TurnBasedStrategy_Code/Content/Medieval_Env/Buildings/Textures/T_StoneTileable_N_AO_R.uasset" 5417
"D:/Skald_TurnBasedStrategy_Code/Content/Medieval_Env/Buildings/Textures/T_StoneTileable_N_AO_R.uexp" 5418
"D:/Skald_TurnBasedStrategy_Code/Content/Medieval_Env/Buildings/Textures/T_MaskTexture_RGB.ubulk" 5419
"D:/Skald_TurnBasedStrategy_Code/Content/Medieval_Env/Buildings/Textures/T_MaskTexture_RGB.uasset" 5420
"D:/Skald_TurnBasedStrategy_Code/Content/Medieval_Env/Buildings/Textures/T_MaskTexture_RGB.uexp" 5421
"D:/Skald_TurnBasedStrategy_Code/Content/Medieval_Env/Buildings/Materials/M_Master_Wall.uasset" 5422
"D:/Skald_TurnBasedStrategy_Code/Content/Medieval_Env/Buildings/Materials/M_Master_Wall.uexp" 5423
"D:/Skald_TurnBasedStrategy_Code/Content/Medieval_Env/Props/Textures/T_WoodenTrim_a_BC.ubulk" 5424
"D:/Skald_TurnBasedStrategy_Code/Content/Medieval_Env/Props/Textures/T_WoodenTrim_a_BC.uasset" 5425
"D:/Skald_TurnBasedStrategy_Code/Content/Medieval_Env/Props/Textures/T_WoodenTrim_a_BC.uexp" 5426
"D:/Skald_TurnBasedStrategy_Code/Content/Medieval_Env/Buildings/Materials/MI_RoofWood.uasset" 5427
"D:/Skald_TurnBasedStrategy_Code/Content/Medieval_Env/Buildings/Materials/MI_RoofWood.uexp" 5428
"D:/Skald_TurnBasedStrategy_Code/Content/Medieval_Env/Buildings/Textures/T_TatchRoof_N_AO_R.ubulk" 5429
"D:/Skald_TurnBasedStrategy_Code/Content/Medieval_Env/Buildings/Textures/T_TatchRoof_N_AO_R.uasset" 5430
"D:/Skald_TurnBasedStrategy_Code/Content/Medieval_Env/Buildings/Textures/T_TatchRoof_N_AO_R.uexp" 5431
"D:/Skald_TurnBasedStrategy_Code/Content/Medieval_Env/Buildings/Textures/T_TatchRoof_BC_O.ubulk" 5432
"D:/Skald_TurnBasedStrategy_Code/Content/Medieval_Env/Buildings/Textures/T_TatchRoof_BC_O.uasset" 5433
"D:/Skald_TurnBasedStrategy_Code/Content/Medieval_Env/Buildings/Textures/T_TatchRoof_BC_O.uexp" 5434
"D:/Skald_TurnBasedStrategy_Code/Content/Medieval_Env/Buildings/Materials/MI_Tatch.uasset" 5435
"D:/Skald_TurnBasedStrategy_Code/Content/Medieval_Env/Buildings/Materials/MI_Tatch.uexp" 5436
"D:/Skald_TurnBasedStrategy_Code/Content/Medieval_Env/Buildings/Textures/T_TatchTileable_BC_O.ubulk" 5437
"D:/Skald_TurnBasedStrategy_Code/Content/Medieval_Env/Buildings/Textures/T_TatchTileable_BC_O.uasset" 5438
"D:/Skald_TurnBasedStrategy_Code/Content/Medieval_Env/Buildings/Textures/T_TatchTileable_BC_O.uexp" 5439
"D:/Skald_TurnBasedStrategy_Code/Content/Medieval_Env/Buildings/Textures/T_TatchTileable_N_AO_R.ubulk" 5440
"D:/Skald_TurnBasedStrategy_Code/Content/Medieval_Env/Buildings/Textures/T_TatchTileable_N_AO_R.uasset" 5441
"D:/Skald_TurnBasedStrategy_Code/Content/Medieval_Env/Buildings/Textures/T_TatchTileable_N_AO_R.uexp" 5442
"D:/Skald_TurnBasedStrategy_Code/Content/Medieval_Env/Buildings/Materials/MI_TatchTileable.uasset" 5443
"D:/Skald_TurnBasedStrategy_Code/Content/Medieval_Env/Buildings/Materials/MI_TatchTileable.uexp" 5444
"D:/Skald_TurnBasedStrategy_Code/Content/Medieval_Env/Buildings/HouseMeshes/SM_TatchRoof_4m_02.ubulk" 5445
"D:/Skald_TurnBasedStrategy_Code/Content/Medieval_Env/Buildings/HouseMeshes/SM_TatchRoof_4m_02.uasset" 5446
"D:/Skald_TurnBasedStrategy_Code/Content/Medieval_Env/Buildings/HouseMeshes/SM_TatchRoof_4m_02.uexp" 5447
"D:/Skald_TurnBasedStrategy_Code/Content/Medieval_Env/Buildings/Materials/MI_StoneWall_01.uasset" 5448
"D:/Skald_TurnBasedStrategy_Code/Content/Medieval_Env/Buildings/Materials/MI_StoneWall_01.uexp" 5449
"D:/Skald_TurnBasedStrategy_Code/Content/Medieval_Env/Buildings/BuildingMeshes/SM_Wall_4m_01.ubulk" 5450
"D:/Skald_TurnBasedStrategy_Code/Content/Medieval_Env/Buildings/BuildingMeshes/SM_Wall_4m_01.uasset" 5451
"D:/Skald_TurnBasedStrategy_Code/Content/Medieval_Env/Buildings/BuildingMeshes/SM_Wall_4m_01.uexp" 5452
"D:/Skald_TurnBasedStrategy_Code/Content/Medieval_Env/Props/Textures/T_Props_b_N_AO_R.ubulk" 5453
"D:/Skald_TurnBasedStrategy_Code/Content/Medieval_Env/Props/Textures/T_Props_b_N_AO_R.uasset" 5454
"D:/Skald_TurnBasedStrategy_Code/Content/Medieval_Env/Props/Textures/T_Props_b_N_AO_R.uexp" 5455
"D:/Skald_TurnBasedStrategy_Code/Content/Medieval_Env/Props/Textures/T_WoodenTrim_N_AO_R.ubulk" 5456
"D:/Skald_TurnBasedStrategy_Code/Content/Medieval_Env/Props/Textures/T_WoodenTrim_N_AO_R.uasset" 5457
"D:/Skald_TurnBasedStrategy_Code/Content/Medieval_Env/Props/Textures/T_WoodenTrim_N_AO_R.uexp" 5458
"D:/Skald_TurnBasedStrategy_Code/Content/Medieval_Env/MaterialFunctions/MF_Leakage_Props.uasset" 5459
"D:/Skald_TurnBasedStrategy_Code/Content/Medieval_Env/MaterialFunctions/MF_Leakage_Props.uexp" 5460
"D:/Skald_TurnBasedStrategy_Code/Content/Medieval_Env/Props/Textures/T_WoodenTrim_BC.ubulk" 5461
"D:/Skald_TurnBasedStrategy_Code/Content/Medieval_Env/Props/Textures/T_WoodenTrim_BC.uasset" 5462
"D:/Skald_TurnBasedStrategy_Code/Content/Medieval_Env/Props/Textures/T_WoodenTrim_BC.uexp" 5463
"D:/Skald_TurnBasedStrategy_Code/Content/Medieval_Env/Props/Materials/M_Master_Props.uasset" 5464
"D:/Skald_TurnBasedStrategy_Code/Content/Medieval_Env/Props/Materials/M_Master_Props.uexp" 5465
"D:/Skald_TurnBasedStrategy_Code/Content/Medieval_Env/Props/Textures/T_Props_b_BC.ubulk" 5466
"D:/Skald_TurnBasedStrategy_Code/Content/Medieval_Env/Props/Textures/T_Props_b_BC.uasset" 5467
"D:/Skald_TurnBasedStrategy_Code/Content/Medieval_Env/Props/Textures/T_Props_b_BC.uexp" 5468
"D:/Skald_TurnBasedStrategy_Code/Content/Medieval_Env/Props/Materials/MI_Props_b.uasset" 5469
"D:/Skald_TurnBasedStrategy_Code/Content/Medieval_Env/Props/Materials/MI_Props_b.uexp" 5470
"D:/Skald_TurnBasedStrategy_Code/Content/Medieval_Env/Props/Meshes/SM_SmithsBellow.ubulk" 5471
"D:/Skald_TurnBasedStrategy_Code/Content/Medieval_Env/Props/Meshes/SM_SmithsBellow.uasset" 5472
"D:/Skald_TurnBasedStrategy_Code/Content/Medieval_Env/Props/Meshes/SM_SmithsBellow.uexp" 5473
"D:/Skald_TurnBasedStrategy_Code/Content/Medieval_Env/Props/Materials/MI_WoodenTrim_a.uasset" 5474
"D:/Skald_TurnBasedStrategy_Code/Content/Medieval_Env/Props/Materials/MI_WoodenTrim_a.uexp" 5475
"D:/Skald_TurnBasedStrategy_Code/Content/Medieval_Env/Buildings/BuildingMeshes/SM_WoodenFloor_02.ubulk" 5476
"D:/Skald_TurnBasedStrategy_Code/Content/Medieval_Env/Buildings/BuildingMeshes/SM_WoodenFloor_02.uasset" 5477
"D:/Skald_TurnBasedStrategy_Code/Content/Medieval_Env/Buildings/BuildingMeshes/SM_WoodenFloor_02.uexp" 5478
"D:/Skald_TurnBasedStrategy_Code/Content/M5VFXVOL2/Textures/Flow/Flame.ubulk" 5479
"D:/Skald_TurnBasedStrategy_Code/Content/M5VFXVOL2/Textures/Flow/Flame.uasset" 5480
"D:/Skald_TurnBasedStrategy_Code/Content/M5VFXVOL2/Textures/Flow/Flame.uexp" 5481
"D:/Skald_TurnBasedStrategy_Code/Content/M5VFXVOL2/Materials/Master/Basic_Emi_Mat.uasset" 5482
"D:/Skald_TurnBasedStrategy_Code/Content/M5VFXVOL2/Materials/Master/Basic_Emi_Mat.uexp" 5483
"D:/Skald_TurnBasedStrategy_Code/Content/M5VFXVOL2/Materials/Etc/Flame_Inst.uasset" 5484
"D:/Skald_TurnBasedStrategy_Code/Content/M5VFXVOL2/Materials/Etc/Flame_Inst.uexp" 5485
"D:/Skald_TurnBasedStrategy_Code/Content/M5VFXVOL2/Textures/CandleFire/CandleFire_D.ubulk" 5486
"D:/Skald_TurnBasedStrategy_Code/Content/M5VFXVOL2/Textures/CandleFire/CandleFire_D.uasset" 5487
"D:/Skald_TurnBasedStrategy_Code/Content/M5VFXVOL2/Textures/CandleFire/CandleFire_D.uexp" 5488
"D:/Skald_TurnBasedStrategy_Code/Content/M5VFXVOL2/Materials/Master/Sequence_Mat.uasset" 5489
"D:/Skald_TurnBasedStrategy_Code/Content/M5VFXVOL2/Materials/Master/Sequence_Mat.uexp" 5490
"D:/Skald_TurnBasedStrategy_Code/Content/M5VFXVOL2/Textures/Fire/bonefire_fwd4.ubulk" 5491
"D:/Skald_TurnBasedStrategy_Code/Content/M5VFXVOL2/Textures/Fire/bonefire_fwd4.uasset" 5492
"D:/Skald_TurnBasedStrategy_Code/Content/M5VFXVOL2/Textures/Fire/bonefire_fwd4.uexp" 5493
"D:/Skald_TurnBasedStrategy_Code/Content/M5VFXVOL2/Materials/Fire_Inst/BoneFire_fwd4_Inst.uasset" 5494
"D:/Skald_TurnBasedStrategy_Code/Content/M5VFXVOL2/Materials/Fire_Inst/BoneFire_fwd4_Inst.uexp" 5495
"D:/Skald_TurnBasedStrategy_Code/Content/M5VFXVOL2/Textures/Flow/Circle_normal.ubulk" 5496
"D:/Skald_TurnBasedStrategy_Code/Content/M5VFXVOL2/Textures/Flow/Circle_normal.uasset" 5497
"D:/Skald_TurnBasedStrategy_Code/Content/M5VFXVOL2/Textures/Flow/Circle_normal.uexp" 5498
"D:/Skald_TurnBasedStrategy_Code/Content/M5VFXVOL2/Textures/smoke/0_6_smoke.ubulk" 5499
"D:/Skald_TurnBasedStrategy_Code/Content/M5VFXVOL2/Textures/smoke/0_6_smoke.uasset" 5500
"D:/Skald_TurnBasedStrategy_Code/Content/M5VFXVOL2/Textures/smoke/0_6_smoke.uexp" 5501
"D:/Skald_TurnBasedStrategy_Code/Content/M5VFXVOL2/Materials/Master/Smoke1_Mat.uasset" 5502
"D:/Skald_TurnBasedStrategy_Code/Content/M5VFXVOL2/Materials/Master/Smoke1_Mat.uexp" 5503
"D:/Skald_TurnBasedStrategy_Code/Content/M5VFXVOL2/Materials/Smoke_Inst/0_6_smoke_Inst.uasset" 5504
"D:/Skald_TurnBasedStrategy_Code/Content/M5VFXVOL2/Materials/Smoke_Inst/0_6_smoke_Inst.uexp" 5505
"D:/Skald_TurnBasedStrategy_Code/Content/M5VFXVOL2/Textures/Fireloop/bonefire3.ubulk" 5506
"D:/Skald_TurnBasedStrategy_Code/Content/M5VFXVOL2/Textures/Fireloop/bonefire3.uasset" 5507
"D:/Skald_TurnBasedStrategy_Code/Content/M5VFXVOL2/Textures/Fireloop/bonefire3.uexp" 5508
"D:/Skald_TurnBasedStrategy_Code/Content/M5VFXVOL2/Materials/Fireloop_Inst/BoneFire3_Inst.uasset" 5509
"D:/Skald_TurnBasedStrategy_Code/Content/M5VFXVOL2/Materials/Fireloop_Inst/BoneFire3_Inst.uexp" 5510
"D:/Skald_TurnBasedStrategy_Code/Content/M5VFXVOL2/Textures/firesingle/bigfire_single.ubulk" 5511
"D:/Skald_TurnBasedStrategy_Code/Content/M5VFXVOL2/Textures/firesingle/bigfire_single.uasset" 5512
"D:/Skald_TurnBasedStrategy_Code/Content/M5VFXVOL2/Textures/firesingle/bigfire_single.uexp" 5513
"D:/Skald_TurnBasedStrategy_Code/Content/M5VFXVOL2/Textures/Flow/disort_test2.ubulk" 5514
"D:/Skald_TurnBasedStrategy_Code/Content/M5VFXVOL2/Textures/Flow/disort_test2.uasset" 5515
"D:/Skald_TurnBasedStrategy_Code/Content/M5VFXVOL2/Textures/Flow/disort_test2.uexp" 5516
"D:/Skald_TurnBasedStrategy_Code/Content/M5VFXVOL2/Textures/Flow/EmberNoise3.uasset" 5517
"D:/Skald_TurnBasedStrategy_Code/Content/M5VFXVOL2/Textures/Flow/EmberNoise3.uexp" 5518
"D:/Skald_TurnBasedStrategy_Code/Content/M5VFXVOL2/Materials/Master/Distortion_Mat.uasset" 5519
"D:/Skald_TurnBasedStrategy_Code/Content/M5VFXVOL2/Materials/Master/Distortion_Mat.uexp" 5520
"D:/Skald_TurnBasedStrategy_Code/Content/M5VFXVOL2/Materials/Distortion/Distortion_Mat_Inst2.uasset" 5521
"D:/Skald_TurnBasedStrategy_Code/Content/M5VFXVOL2/Materials/Distortion/Distortion_Mat_Inst2.uexp" 5522
"D:/Skald_TurnBasedStrategy_Code/Content/M5VFXVOL2/Niagara/Fire_for_BP/NFire_BP_00.uasset" 5523
"D:/Skald_TurnBasedStrategy_Code/Content/M5VFXVOL2/Niagara/Fire_for_BP/NFire_BP_00.uexp" 5524
"D:/Skald_TurnBasedStrategy_Code/Content/Medieval_Env/Buildings/Textures/T_Stones_House_N_AO_R.ubulk" 5525
"D:/Skald_TurnBasedStrategy_Code/Content/Medieval_Env/Buildings/Textures/T_Stones_House_N_AO_R.uasset" 5526
"D:/Skald_TurnBasedStrategy_Code/Content/Medieval_Env/Buildings/Textures/T_Stones_House_N_AO_R.uexp" 5527
"D:/Skald_TurnBasedStrategy_Code/Content/Medieval_Env/Buildings/Textures/T_Stones_House_BC_O.ubulk" 5528
"D:/Skald_TurnBasedStrategy_Code/Content/Medieval_Env/Buildings/Textures/T_Stones_House_BC_O.uasset" 5529
"D:/Skald_TurnBasedStrategy_Code/Content/Medieval_Env/Buildings/Textures/T_Stones_House_BC_O.uexp" 5530
"D:/Skald_TurnBasedStrategy_Code/Content/Medieval_Env/Buildings/Materials/MI_SculptStone.uasset" 5531
"D:/Skald_TurnBasedStrategy_Code/Content/Medieval_Env/Buildings/Materials/MI_SculptStone.uexp" 5532
"D:/Skald_TurnBasedStrategy_Code/Content/Medieval_Env/Buildings/HouseMeshes/SM_Chimney_Addition_01.ubulk" 5533
"D:/Skald_TurnBasedStrategy_Code/Content/Medieval_Env/Buildings/HouseMeshes/SM_Chimney_Addition_01.uasset" 5534
"D:/Skald_TurnBasedStrategy_Code/Content/Medieval_Env/Buildings/HouseMeshes/SM_Chimney_Addition_01.uexp" 5535
"D:/Skald_TurnBasedStrategy_Code/Content/Medieval_Env/Props/Materials/MI_WoodTrim_b.uasset" 5536
"D:/Skald_TurnBasedStrategy_Code/Content/Medieval_Env/Props/Materials/MI_WoodTrim_b.uexp" 5537
"D:/Skald_TurnBasedStrategy_Code/Content/Medieval_Env/Props/Materials/MI_Clothes.uasset" 5538
"D:/Skald_TurnBasedStrategy_Code/Content/Medieval_Env/Props/Materials/MI_Clothes.uexp" 5539
"D:/Skald_TurnBasedStrategy_Code/Content/Medieval_Env/Props/Meshes/SM_WoodPile_b.ubulk" 5540
"D:/Skald_TurnBasedStrategy_Code/Content/Medieval_Env/Props/Meshes/SM_WoodPile_b.uasset" 5541
"D:/Skald_TurnBasedStrategy_Code/Content/Medieval_Env/Props/Meshes/SM_WoodPile_b.uexp" 5542
"D:/Skald_TurnBasedStrategy_Code/Content/Medieval_Env/Buildings/Textures/T_CornerStone_3_N_AO_R.ubulk" 5543
"D:/Skald_TurnBasedStrategy_Code/Content/Medieval_Env/Buildings/Textures/T_CornerStone_3_N_AO_R.uasset" 5544
"D:/Skald_TurnBasedStrategy_Code/Content/Medieval_Env/Buildings/Textures/T_CornerStone_3_N_AO_R.uexp" 5545
"D:/Skald_TurnBasedStrategy_Code/Content/Medieval_Env/Buildings/Textures/T_StoneCorner_N_AO_R.ubulk" 5546
"D:/Skald_TurnBasedStrategy_Code/Content/Medieval_Env/Buildings/Textures/T_StoneCorner_N_AO_R.uasset" 5547
"D:/Skald_TurnBasedStrategy_Code/Content/Medieval_Env/Buildings/Textures/T_StoneCorner_N_AO_R.uexp" 5548
"D:/Skald_TurnBasedStrategy_Code/Content/Medieval_Env/Buildings/Textures/T_StoneCorner_BC_O.ubulk" 5549
"D:/Skald_TurnBasedStrategy_Code/Content/Medieval_Env/Buildings/Textures/T_StoneCorner_BC_O.uasset" 5550
"D:/Skald_TurnBasedStrategy_Code/Content/Medieval_Env/Buildings/Textures/T_StoneCorner_BC_O.uexp" 5551
"D:/Skald_TurnBasedStrategy_Code/Content/Medieval_Env/Buildings/Materials/M_Master_Modular.uasset" 5552
"D:/Skald_TurnBasedStrategy_Code/Content/Medieval_Env/Buildings/Materials/M_Master_Modular.uexp" 5553
"D:/Skald_TurnBasedStrategy_Code/Content/Medieval_Env/Buildings/Textures/T_CornerStone_3_BC_O.ubulk" 5554
"D:/Skald_TurnBasedStrategy_Code/Content/Medieval_Env/Buildings/Textures/T_CornerStone_3_BC_O.uasset" 5555
"D:/Skald_TurnBasedStrategy_Code/Content/Medieval_Env/Buildings/Textures/T_CornerStone_3_BC_O.uexp" 5556
"D:/Skald_TurnBasedStrategy_Code/Content/Medieval_Env/Buildings/Materials/MI_CornerWall3.uasset" 5557
"D:/Skald_TurnBasedStrategy_Code/Content/Medieval_Env/Buildings/Materials/MI_CornerWall3.uexp" 5558
"D:/Skald_TurnBasedStrategy_Code/Content/Medieval_Env/Buildings/BuildingMeshes/SM_Wall_Corner_01.ubulk" 5559
"D:/Skald_TurnBasedStrategy_Code/Content/Medieval_Env/Buildings/BuildingMeshes/SM_Wall_Corner_01.uasset" 5560
"D:/Skald_TurnBasedStrategy_Code/Content/Medieval_Env/Buildings/BuildingMeshes/SM_Wall_Corner_01.uexp" 5561
"D:/Skald_TurnBasedStrategy_Code/Content/Medieval_Env/Props/Textures/T_Props_a_BC.ubulk" 5562
"D:/Skald_TurnBasedStrategy_Code/Content/Medieval_Env/Props/Textures/T_Props_a_BC.uasset" 5563
"D:/Skald_TurnBasedStrategy_Code/Content/Medieval_Env/Props/Textures/T_Props_a_BC.uexp" 5564
"D:/Skald_TurnBasedStrategy_Code/Content/Medieval_Env/Props/Textures/T_Props_a_N_AO_R.ubulk" 5565
"D:/Skald_TurnBasedStrategy_Code/Content/Medieval_Env/Props/Textures/T_Props_a_N_AO_R.uasset" 5566
"D:/Skald_TurnBasedStrategy_Code/Content/Medieval_Env/Props/Textures/T_Props_a_N_AO_R.uexp" 5567
"D:/Skald_TurnBasedStrategy_Code/Content/Medieval_Env/Props/Materials/MI_Props_a.uasset" 5568
"D:/Skald_TurnBasedStrategy_Code/Content/Medieval_Env/Props/Materials/MI_Props_a.uexp" 5569
"D:/Skald_TurnBasedStrategy_Code/Content/Medieval_Env/Props/Meshes/SM_Barrels_a.ubulk" 5570
"D:/Skald_TurnBasedStrategy_Code/Content/Medieval_Env/Props/Meshes/SM_Barrels_a.uasset" 5571
"D:/Skald_TurnBasedStrategy_Code/Content/Medieval_Env/Props/Meshes/SM_Barrels_a.uexp" 5572
"D:/Skald_TurnBasedStrategy_Code/Content/M5VFXVOL2/Textures/Torch/Torchfire_fwd2_D.ubulk" 5573
"D:/Skald_TurnBasedStrategy_Code/Content/M5VFXVOL2/Textures/Torch/Torchfire_fwd2_D.uasset" 5574
"D:/Skald_TurnBasedStrategy_Code/Content/M5VFXVOL2/Textures/Torch/Torchfire_fwd2_D.uexp" 5575
"D:/Skald_TurnBasedStrategy_Code/Content/M5VFXVOL2/Materials/Torch_inst/TorcheFire_fwd2_D_Inst.uasset" 5576
"D:/Skald_TurnBasedStrategy_Code/Content/M5VFXVOL2/Materials/Torch_inst/TorcheFire_fwd2_D_Inst.uexp" 5577
"D:/Skald_TurnBasedStrategy_Code/Content/M5VFXVOL2/Textures/Torch/Torchfire_fwd_D.ubulk" 5578
"D:/Skald_TurnBasedStrategy_Code/Content/M5VFXVOL2/Textures/Torch/Torchfire_fwd_D.uasset" 5579
"D:/Skald_TurnBasedStrategy_Code/Content/M5VFXVOL2/Textures/Torch/Torchfire_fwd_D.uexp" 5580
"D:/Skald_TurnBasedStrategy_Code/Content/M5VFXVOL2/Materials/Torch_inst/TorcheFire_fwd_D_Inst.uasset" 5581
"D:/Skald_TurnBasedStrategy_Code/Content/M5VFXVOL2/Materials/Torch_inst/TorcheFire_fwd_D_Inst.uexp" 5582
"D:/Skald_TurnBasedStrategy_Code/Content/M5VFXVOL2/Textures/Flow/disort_test.ubulk" 5583
"D:/Skald_TurnBasedStrategy_Code/Content/M5VFXVOL2/Textures/Flow/disort_test.uasset" 5584
"D:/Skald_TurnBasedStrategy_Code/Content/M5VFXVOL2/Textures/Flow/disort_test.uexp" 5585
"D:/Skald_TurnBasedStrategy_Code/Content/M5VFXVOL2/Textures/Torch/Torchfire_D.ubulk" 5586
"D:/Skald_TurnBasedStrategy_Code/Content/M5VFXVOL2/Textures/Torch/Torchfire_D.uasset" 5587
"D:/Skald_TurnBasedStrategy_Code/Content/M5VFXVOL2/Textures/Torch/Torchfire_D.uexp" 5588
"../../../Engine/Content/Functions/Engine_MaterialFunctions02/ExampleContent/DebugNumberStrip.uasset" 5589
"../../../Engine/Content/Functions/Engine_MaterialFunctions02/ExampleContent/DebugNumberStrip.uexp" 5590
"../../../Engine/Content/Functions/Engine_MaterialFunctions01/Texturing/ComputeMipLevel.uasset" 5591
"../../../Engine/Content/Functions/Engine_MaterialFunctions01/Texturing/ComputeMipLevel.uexp" 5592
"../../../Engine/Content/Functions/Engine_MaterialFunctions01/Texturing/TextureCropping.uasset" 5593
"../../../Engine/Content/Functions/Engine_MaterialFunctions01/Texturing/TextureCropping.uexp" 5594
"../../../Engine/Content/Functions/Engine_MaterialFunctions02/ExampleContent/Textures/DebugNumberPeriod.uasset" 5595
"../../../Engine/Content/Functions/Engine_MaterialFunctions02/ExampleContent/Textures/DebugNumberPeriod.uexp" 5596
"../../../Engine/Content/Functions/Engine_MaterialFunctions02/Utility/DebugScalarValues.uasset" 5597
"../../../Engine/Content/Functions/Engine_MaterialFunctions02/Utility/DebugScalarValues.uexp" 5598
"../../../Engine/Content/Functions/Engine_MaterialFunctions02/Utility/DebugFloat2Values.uasset" 5599
"../../../Engine/Content/Functions/Engine_MaterialFunctions02/Utility/DebugFloat2Values.uexp" 5600
"../../../Engine/Content/Functions/Engine_MaterialFunctions02/ExampleContent/Textures/flipbook.ubulk" 5601
"../../../Engine/Content/Functions/Engine_MaterialFunctions02/ExampleContent/Textures/flipbook.uasset" 5602
"../../../Engine/Content/Functions/Engine_MaterialFunctions02/ExampleContent/Textures/flipbook.uexp" 5603
"../../../Engine/Content/Functions/Engine_MaterialFunctions02/Texturing/FlipBook.uasset" 5604
"../../../Engine/Content/Functions/Engine_MaterialFunctions02/Texturing/FlipBook.uexp" 5605
"D:/Skald_TurnBasedStrategy_Code/Content/M5VFXVOL2/Textures/Flow/Gradient_Tex.ubulk" 5606
"D:/Skald_TurnBasedStrategy_Code/Content/M5VFXVOL2/Textures/Flow/Gradient_Tex.uasset" 5607
"D:/Skald_TurnBasedStrategy_Code/Content/M5VFXVOL2/Textures/Flow/Gradient_Tex.uexp" 5608
"D:/Skald_TurnBasedStrategy_Code/Content/M5VFXVOL2/Materials/Master/Seq_Disort_Mat_test.uasset" 5609
"D:/Skald_TurnBasedStrategy_Code/Content/M5VFXVOL2/Materials/Master/Seq_Disort_Mat_test.uexp" 5610
"D:/Skald_TurnBasedStrategy_Code/Content/M5VFXVOL2/Materials/Torch_inst/TorchFire_S_Inst.uasset" 5611
"D:/Skald_TurnBasedStrategy_Code/Content/M5VFXVOL2/Materials/Torch_inst/TorchFire_S_Inst.uexp" 5612
"D:/Skald_TurnBasedStrategy_Code/Content/M5VFXVOL2/Textures/Torch/Torchfire_fwd3_D.ubulk" 5613
"D:/Skald_TurnBasedStrategy_Code/Content/M5VFXVOL2/Textures/Torch/Torchfire_fwd3_D.uasset" 5614
"D:/Skald_TurnBasedStrategy_Code/Content/M5VFXVOL2/Textures/Torch/Torchfire_fwd3_D.uexp" 5615
"D:/Skald_TurnBasedStrategy_Code/Content/M5VFXVOL2/Materials/Torch_inst/TorcheFire_fwd3_D_Inst.uasset" 5616
"D:/Skald_TurnBasedStrategy_Code/Content/M5VFXVOL2/Materials/Torch_inst/TorcheFire_fwd3_D_Inst.uexp" 5617
"D:/Skald_TurnBasedStrategy_Code/Content/M5VFXVOL2/Niagara/Fire_for_BP/NTorchfire_BP.uasset" 5618
"D:/Skald_TurnBasedStrategy_Code/Content/M5VFXVOL2/Niagara/Fire_for_BP/NTorchfire_BP.uexp" 5619
"D:/Skald_TurnBasedStrategy_Code/Content/Arena/Textures/T_Ground01_BC.ubulk" 5620
"D:/Skald_TurnBasedStrategy_Code/Content/Arena/Textures/T_Ground01_BC.uasset" 5621
"D:/Skald_TurnBasedStrategy_Code/Content/Arena/Textures/T_Ground01_BC.uexp" 5622
"D:/Skald_TurnBasedStrategy_Code/Content/Arena/Textures/T_Ground01_ORM.ubulk" 5623
"D:/Skald_TurnBasedStrategy_Code/Content/Arena/Textures/T_Ground01_ORM.uasset" 5624
"D:/Skald_TurnBasedStrategy_Code/Content/Arena/Textures/T_Ground01_ORM.uexp" 5625
"D:/Skald_TurnBasedStrategy_Code/Content/Arena/Textures/T_GroundPlates_N.ubulk" 5626
"D:/Skald_TurnBasedStrategy_Code/Content/Arena/Textures/T_GroundPlates_N.uasset" 5627
"D:/Skald_TurnBasedStrategy_Code/Content/Arena/Textures/T_GroundPlates_N.uexp" 5628
"D:/Skald_TurnBasedStrategy_Code/Content/Arena/Textures/T_GroundPlates_BC.ubulk" 5629
"D:/Skald_TurnBasedStrategy_Code/Content/Arena/Textures/T_GroundPlates_BC.uasset" 5630
"D:/Skald_TurnBasedStrategy_Code/Content/Arena/Textures/T_GroundPlates_BC.uexp" 5631
"D:/Skald_TurnBasedStrategy_Code/Content/Arena/Textures/T_GroundPlates_ORM.ubulk" 5632
"D:/Skald_TurnBasedStrategy_Code/Content/Arena/Textures/T_GroundPlates_ORM.uasset" 5633
"D:/Skald_TurnBasedStrategy_Code/Content/Arena/Textures/T_GroundPlates_ORM.uexp" 5634
"D:/Skald_TurnBasedStrategy_Code/Content/Arena/Materials/M_BaseMaster.uasset" 5635
"D:/Skald_TurnBasedStrategy_Code/Content/Arena/Materials/M_BaseMaster.uexp" 5636
"D:/Skald_TurnBasedStrategy_Code/Content/Arena/Textures/T_Ground01_N.ubulk" 5637
"D:/Skald_TurnBasedStrategy_Code/Content/Arena/Textures/T_Ground01_N.uasset" 5638
"D:/Skald_TurnBasedStrategy_Code/Content/Arena/Textures/T_Ground01_N.uexp" 5639
"D:/Skald_TurnBasedStrategy_Code/Content/Arena/Materials/MI_Ground01.uasset" 5640
"D:/Skald_TurnBasedStrategy_Code/Content/Arena/Materials/MI_Ground01.uexp" 5641
"D:/Skald_TurnBasedStrategy_Code/Content/Arena/Meshes/SM_Floor4m.ubulk" 5642
"D:/Skald_TurnBasedStrategy_Code/Content/Arena/Meshes/SM_Floor4m.uasset" 5643
"D:/Skald_TurnBasedStrategy_Code/Content/Arena/Meshes/SM_Floor4m.uexp" 5644
"D:/Skald_TurnBasedStrategy_Code/Content/Medieval_Env/Buildings/Textures/T_ChurchWindows_BC_O.ubulk" 5645
"D:/Skald_TurnBasedStrategy_Code/Content/Medieval_Env/Buildings/Textures/T_ChurchWindows_BC_O.uasset" 5646
"D:/Skald_TurnBasedStrategy_Code/Content/Medieval_Env/Buildings/Textures/T_ChurchWindows_BC_O.uexp" 5647
"D:/Skald_TurnBasedStrategy_Code/Content/Medieval_Env/Buildings/Textures/T_ChurchWindows_N_AO_R.ubulk" 5648
"D:/Skald_TurnBasedStrategy_Code/Content/Medieval_Env/Buildings/Textures/T_ChurchWindows_N_AO_R.uasset" 5649
"D:/Skald_TurnBasedStrategy_Code/Content/Medieval_Env/Buildings/Textures/T_ChurchWindows_N_AO_R.uexp" 5650
"D:/Skald_TurnBasedStrategy_Code/Content/Medieval_Env/Buildings/Materials/MI_ChurchWindows.uasset" 5651
"D:/Skald_TurnBasedStrategy_Code/Content/Medieval_Env/Buildings/Materials/MI_ChurchWindows.uexp" 5652
"D:/Skald_TurnBasedStrategy_Code/Content/Medieval_Env/Buildings/Textures/T_StoneTileable_2_BC_O.ubulk" 5653
"D:/Skald_TurnBasedStrategy_Code/Content/Medieval_Env/Buildings/Textures/T_StoneTileable_2_BC_O.uasset" 5654
"D:/Skald_TurnBasedStrategy_Code/Content/Medieval_Env/Buildings/Textures/T_StoneTileable_2_BC_O.uexp" 5655
"D:/Skald_TurnBasedStrategy_Code/Content/Medieval_Env/Buildings/Textures/T_StoneTileable_2_N_AO_R.ubulk" 5656
"D:/Skald_TurnBasedStrategy_Code/Content/Medieval_Env/Buildings/Textures/T_StoneTileable_2_N_AO_R.uasset" 5657
"D:/Skald_TurnBasedStrategy_Code/Content/Medieval_Env/Buildings/Textures/T_StoneTileable_2_N_AO_R.uexp" 5658
"D:/Skald_TurnBasedStrategy_Code/Content/Medieval_Env/Buildings/Materials/MI_TrimWall.uasset" 5659
"D:/Skald_TurnBasedStrategy_Code/Content/Medieval_Env/Buildings/Materials/MI_TrimWall.uexp" 5660
"D:/Skald_TurnBasedStrategy_Code/Content/Medieval_Env/Buildings/BuildingMeshes/SM_Wall_4m_06.ubulk" 5661
"D:/Skald_TurnBasedStrategy_Code/Content/Medieval_Env/Buildings/BuildingMeshes/SM_Wall_4m_06.uasset" 5662
"D:/Skald_TurnBasedStrategy_Code/Content/Medieval_Env/Buildings/BuildingMeshes/SM_Wall_4m_06.uexp" 5663
"D:/Skald_TurnBasedStrategy_Code/Content/Medieval_Env/Buildings/HouseMeshes/SM_TatchRoof_End_2.ubulk" 5664
"D:/Skald_TurnBasedStrategy_Code/Content/Medieval_Env/Buildings/HouseMeshes/SM_TatchRoof_End_2.uasset" 5665
"D:/Skald_TurnBasedStrategy_Code/Content/Medieval_Env/Buildings/HouseMeshes/SM_TatchRoof_End_2.uexp" 5666
"D:/Skald_TurnBasedStrategy_Code/Content/Medieval_Env/Buildings/BuildingMeshes/SM_WoodenFloor_01.ubulk" 5667
"D:/Skald_TurnBasedStrategy_Code/Content/Medieval_Env/Buildings/BuildingMeshes/SM_WoodenFloor_01.uasset" 5668
"D:/Skald_TurnBasedStrategy_Code/Content/Medieval_Env/Buildings/BuildingMeshes/SM_WoodenFloor_01.uexp" 5669
"D:/Skald_TurnBasedStrategy_Code/Content/Medieval_Env/Props/Meshes/SM_Bags_b.ubulk" 5670
"D:/Skald_TurnBasedStrategy_Code/Content/Medieval_Env/Props/Meshes/SM_Bags_b.uasset" 5671
"D:/Skald_TurnBasedStrategy_Code/Content/Medieval_Env/Props/Meshes/SM_Bags_b.uexp" 5672
"D:/Skald_TurnBasedStrategy_Code/Content/Medieval_Env/Buildings/BuildingMeshes/SM_Wall_4m_05.ubulk" 5673
"D:/Skald_TurnBasedStrategy_Code/Content/Medieval_Env/Buildings/BuildingMeshes/SM_Wall_4m_05.uasset" 5674
"D:/Skald_TurnBasedStrategy_Code/Content/Medieval_Env/Buildings/BuildingMeshes/SM_Wall_4m_05.uexp" 5675
"D:/Skald_TurnBasedStrategy_Code/Content/Medieval_Env/Buildings/HouseMeshes/SM_InteriorRoof_01.ubulk" 5676
"D:/Skald_TurnBasedStrategy_Code/Content/Medieval_Env/Buildings/HouseMeshes/SM_InteriorRoof_01.uasset" 5677
"D:/Skald_TurnBasedStrategy_Code/Content/Medieval_Env/Buildings/HouseMeshes/SM_InteriorRoof_01.uexp" 5678
"D:/Skald_TurnBasedStrategy_Code/Content/Medieval_Env/Buildings/Materials/M_Metal.uasset" 5679
"D:/Skald_TurnBasedStrategy_Code/Content/Medieval_Env/Buildings/Materials/M_Metal.uexp" 5680
"D:/Skald_TurnBasedStrategy_Code/Content/Medieval_Env/Buildings/Materials/MI_Metal.uasset" 5681
"D:/Skald_TurnBasedStrategy_Code/Content/Medieval_Env/Buildings/Materials/MI_Metal.uexp" 5682
"D:/Skald_TurnBasedStrategy_Code/Content/Medieval_Env/Buildings/BuildingMeshes/SM_BigDoor_1.ubulk" 5683
"D:/Skald_TurnBasedStrategy_Code/Content/Medieval_Env/Buildings/BuildingMeshes/SM_BigDoor_1.uasset" 5684
"D:/Skald_TurnBasedStrategy_Code/Content/Medieval_Env/Buildings/BuildingMeshes/SM_BigDoor_1.uexp" 5685
"D:/Skald_TurnBasedStrategy_Code/Content/Medieval_Env/Props/Meshes/SM_WatchTower.ubulk" 5686
"D:/Skald_TurnBasedStrategy_Code/Content/Medieval_Env/Props/Meshes/SM_WatchTower.uasset" 5687
"D:/Skald_TurnBasedStrategy_Code/Content/Medieval_Env/Props/Meshes/SM_WatchTower.uexp" 5688
"D:/Skald_TurnBasedStrategy_Code/Content/Medieval_Tents/Meshes/FreeCloths/SM_FreeCloths_02.ubulk" 5689
"D:/Skald_TurnBasedStrategy_Code/Content/Medieval_Tents/Meshes/FreeCloths/SM_FreeCloths_02.uasset" 5690
"D:/Skald_TurnBasedStrategy_Code/Content/Medieval_Tents/Meshes/FreeCloths/SM_FreeCloths_02.uexp" 5691
"D:/Skald_TurnBasedStrategy_Code/Content/Blueprints/Music/The_Endless_Horizon.ubulk" 5692
"D:/Skald_TurnBasedStrategy_Code/Content/Blueprints/Music/The_Endless_Horizon.uasset" 5693
"D:/Skald_TurnBasedStrategy_Code/Content/Blueprints/Music/The_Endless_Horizon.uexp" 5694
"D:/Skald_TurnBasedStrategy_Code/Content/Blueprints/Map/MapPNGs/Skald_Map_Normal.ubulk" 5695
"D:/Skald_TurnBasedStrategy_Code/Content/Blueprints/Map/MapPNGs/Skald_Map_Normal.uasset" 5696
"D:/Skald_TurnBasedStrategy_Code/Content/Blueprints/Map/MapPNGs/Skald_Map_Normal.uexp" 5697
"D:/Skald_TurnBasedStrategy_Code/Content/Blueprints/Map/MapPNGs/Skald_Map_Roughness.ubulk" 5698
"D:/Skald_TurnBasedStrategy_Code/Content/Blueprints/Map/MapPNGs/Skald_Map_Roughness.uasset" 5699
"D:/Skald_TurnBasedStrategy_Code/Content/Blueprints/Map/MapPNGs/Skald_Map_Roughness.uexp" 5700
"D:/Skald_TurnBasedStrategy_Code/Content/Blueprints/Map/MapPNGs/Skald_Map_Upscaled_4K.ubulk" 5701
"D:/Skald_TurnBasedStrategy_Code/Content/Blueprints/Map/MapPNGs/Skald_Map_Upscaled_4K.uasset" 5702
"D:/Skald_TurnBasedStrategy_Code/Content/Blueprints/Map/MapPNGs/Skald_Map_Upscaled_4K.uexp" 5703
"D:/Skald_TurnBasedStrategy_Code/Content/Blueprints/Map/MapPNGs/Skald_Map_Upscaled_4K_Mat.uasset" 5704
"D:/Skald_TurnBasedStrategy_Code/Content/Blueprints/Map/MapPNGs/Skald_Map_Upscaled_4K_Mat.uexp" 5705
"D:/Skald_TurnBasedStrategy_Code/Content/Medieval_Env/Props/Meshes/SM_Table_b.ubulk" 5706
"D:/Skald_TurnBasedStrategy_Code/Content/Medieval_Env/Props/Meshes/SM_Table_b.uasset" 5707
"D:/Skald_TurnBasedStrategy_Code/Content/Medieval_Env/Props/Meshes/SM_Table_b.uexp" 5708
"D:/Skald_TurnBasedStrategy_Code/Content/Medieval_Env/Buildings/BuildingMeshes/SM_WoodenBeam_01.ubulk" 5709
"D:/Skald_TurnBasedStrategy_Code/Content/Medieval_Env/Buildings/BuildingMeshes/SM_WoodenBeam_01.uasset" 5710
"D:/Skald_TurnBasedStrategy_Code/Content/Medieval_Env/Buildings/BuildingMeshes/SM_WoodenBeam_01.uexp" 5711
"D:/Skald_TurnBasedStrategy_Code/Content/Medieval_Env/Props/Meshes/SM_BarrelHolder.ubulk" 5712
"D:/Skald_TurnBasedStrategy_Code/Content/Medieval_Env/Props/Meshes/SM_BarrelHolder.uasset" 5713
"D:/Skald_TurnBasedStrategy_Code/Content/Medieval_Env/Props/Meshes/SM_BarrelHolder.uexp" 5714
"D:/Skald_TurnBasedStrategy_Code/Content/Medieval_Env/Props/Meshes/SM_Torch_C.ubulk" 5715
"D:/Skald_TurnBasedStrategy_Code/Content/Medieval_Env/Props/Meshes/SM_Torch_C.uasset" 5716
"D:/Skald_TurnBasedStrategy_Code/Content/Medieval_Env/Props/Meshes/SM_Torch_C.uexp" 5717
"D:/Skald_TurnBasedStrategy_Code/Content/Medieval_Env/Buildings/HouseMeshes/SM_Chimney_Top_01.ubulk" 5718
"D:/Skald_TurnBasedStrategy_Code/Content/Medieval_Env/Buildings/HouseMeshes/SM_Chimney_Top_01.uasset" 5719
"D:/Skald_TurnBasedStrategy_Code/Content/Medieval_Env/Buildings/HouseMeshes/SM_Chimney_Top_01.uexp" 5720
"D:/Skald_TurnBasedStrategy_Code/Content/GothicTemple/Environment/Mountain_02/T_Mountain_02_SplatMap.ubulk" 5721
"D:/Skald_TurnBasedStrategy_Code/Content/GothicTemple/Environment/Mountain_02/T_Mountain_02_SplatMap.uasset" 5722
"D:/Skald_TurnBasedStrategy_Code/Content/GothicTemple/Environment/Mountain_02/T_Mountain_02_SplatMap.uexp" 5723
"D:/Skald_TurnBasedStrategy_Code/Content/GothicTemple/Environment/Textures/GrassGround_02/T_GrassGround_02_BCH.ubulk" 5724
"D:/Skald_TurnBasedStrategy_Code/Content/GothicTemple/Environment/Textures/GrassGround_02/T_GrassGround_02_BCH.uasset" 5725
"D:/Skald_TurnBasedStrategy_Code/Content/GothicTemple/Environment/Textures/GrassGround_02/T_GrassGround_02_BCH.uexp" 5726
"D:/Skald_TurnBasedStrategy_Code/Content/GothicTemple/Environment/Textures/GrassGround_02/T_GrassGround_02_R.ubulk" 5727
"D:/Skald_TurnBasedStrategy_Code/Content/GothicTemple/Environment/Textures/GrassGround_02/T_GrassGround_02_R.uasset" 5728
"D:/Skald_TurnBasedStrategy_Code/Content/GothicTemple/Environment/Textures/GrassGround_02/T_GrassGround_02_R.uexp" 5729
"D:/Skald_TurnBasedStrategy_Code/Content/GothicTemple/Environment/Mountain_01/T_Mountain_01_N.ubulk" 5730
"D:/Skald_TurnBasedStrategy_Code/Content/GothicTemple/Environment/Mountain_01/T_Mountain_01_N.uasset" 5731
"D:/Skald_TurnBasedStrategy_Code/Content/GothicTemple/Environment/Mountain_01/T_Mountain_01_N.uexp" 5732
"D:/Skald_TurnBasedStrategy_Code/Content/GothicTemple/Environment/Props/Rocks/T_DetailRock_01_R.ubulk" 5733
"D:/Skald_TurnBasedStrategy_Code/Content/GothicTemple/Environment/Props/Rocks/T_DetailRock_01_R.uasset" 5734
"D:/Skald_TurnBasedStrategy_Code/Content/GothicTemple/Environment/Props/Rocks/T_DetailRock_01_R.uexp" 5735
"D:/Skald_TurnBasedStrategy_Code/Content/GothicTemple/Environment/Mountain_01/M_BackgroundMountains.uasset" 5736
"D:/Skald_TurnBasedStrategy_Code/Content/GothicTemple/Environment/Mountain_01/M_BackgroundMountains.uexp" 5737
"D:/Skald_TurnBasedStrategy_Code/Content/GothicTemple/Environment/Mountain_01/T_Mountain_01_SplatMap.ubulk" 5738
"D:/Skald_TurnBasedStrategy_Code/Content/GothicTemple/Environment/Mountain_01/T_Mountain_01_SplatMap.uasset" 5739
"D:/Skald_TurnBasedStrategy_Code/Content/GothicTemple/Environment/Mountain_01/T_Mountain_01_SplatMap.uexp" 5740
"D:/Skald_TurnBasedStrategy_Code/Content/GothicTemple/Environment/Mountain_01/MI_Mountain_01.uasset" 5741
"D:/Skald_TurnBasedStrategy_Code/Content/GothicTemple/Environment/Mountain_01/MI_Mountain_01.uexp" 5742
"D:/Skald_TurnBasedStrategy_Code/Content/GothicTemple/Environment/Mountain_01/SM_Mountain_01.ubulk" 5743
"D:/Skald_TurnBasedStrategy_Code/Content/GothicTemple/Environment/Mountain_01/SM_Mountain_01.uasset" 5744
"D:/Skald_TurnBasedStrategy_Code/Content/GothicTemple/Environment/Mountain_01/SM_Mountain_01.uexp" 5745
"D:/Skald_TurnBasedStrategy_Code/Content/Medieval_Env/Props/Meshes/SM_StoneStove_a.ubulk" 5746
"D:/Skald_TurnBasedStrategy_Code/Content/Medieval_Env/Props/Meshes/SM_StoneStove_a.uasset" 5747
"D:/Skald_TurnBasedStrategy_Code/Content/Medieval_Env/Props/Meshes/SM_StoneStove_a.uexp" 5748
"D:/Skald_TurnBasedStrategy_Code/Content/Medieval_Env/Props/Meshes/SM_TorchLarge_a.ubulk" 5749
"D:/Skald_TurnBasedStrategy_Code/Content/Medieval_Env/Props/Meshes/SM_TorchLarge_a.uasset" 5750
"D:/Skald_TurnBasedStrategy_Code/Content/Medieval_Env/Props/Meshes/SM_TorchLarge_a.uexp" 5751
"D:/Skald_TurnBasedStrategy_Code/Content/Medieval_Env/Props/Meshes/SM_EntranceDoor.ubulk" 5752
"D:/Skald_TurnBasedStrategy_Code/Content/Medieval_Env/Props/Meshes/SM_EntranceDoor.uasset" 5753
"D:/Skald_TurnBasedStrategy_Code/Content/Medieval_Env/Props/Meshes/SM_EntranceDoor.uexp" 5754
"D:/Skald_TurnBasedStrategy_Code/Content/Medieval_Tents/Meshes/FreeCloths/SM_FreeCloths_05.ubulk" 5755
"D:/Skald_TurnBasedStrategy_Code/Content/Medieval_Tents/Meshes/FreeCloths/SM_FreeCloths_05.uasset" 5756
"D:/Skald_TurnBasedStrategy_Code/Content/Medieval_Tents/Meshes/FreeCloths/SM_FreeCloths_05.uexp" 5757
"D:/Skald_TurnBasedStrategy_Code/Content/Medieval_Env/Props/Meshes/SM_Flag_a.ubulk" 5758
"D:/Skald_TurnBasedStrategy_Code/Content/Medieval_Env/Props/Meshes/SM_Flag_a.uasset" 5759
"D:/Skald_TurnBasedStrategy_Code/Content/Medieval_Env/Props/Meshes/SM_Flag_a.uexp" 5760
"D:/Skald_TurnBasedStrategy_Code/Content/GothicTemple/Environment/Mountain_02/T_Mountain_02_N.ubulk" 5761
"D:/Skald_TurnBasedStrategy_Code/Content/GothicTemple/Environment/Mountain_02/T_Mountain_02_N.uasset" 5762
"D:/Skald_TurnBasedStrategy_Code/Content/GothicTemple/Environment/Mountain_02/T_Mountain_02_N.uexp" 5763
"D:/Skald_TurnBasedStrategy_Code/Content/GothicTemple/Environment/Mountain_02/MI_Mountain_02.uasset" 5764
"D:/Skald_TurnBasedStrategy_Code/Content/GothicTemple/Environment/Mountain_02/MI_Mountain_02.uexp" 5765
"D:/Skald_TurnBasedStrategy_Code/Content/GothicTemple/Environment/Mountain_02/SM_Mountain_02.ubulk" 5766
"D:/Skald_TurnBasedStrategy_Code/Content/GothicTemple/Environment/Mountain_02/SM_Mountain_02.uasset" 5767
"D:/Skald_TurnBasedStrategy_Code/Content/GothicTemple/Environment/Mountain_02/SM_Mountain_02.uexp" 5768
"D:/Skald_TurnBasedStrategy_Code/Content/Medieval_Env/Buildings/BuildingMeshes/SM_Wall_Butress_4m_02.ubulk" 5769
"D:/Skald_TurnBasedStrategy_Code/Content/Medieval_Env/Buildings/BuildingMeshes/SM_Wall_Butress_4m_02.uasset" 5770
"D:/Skald_TurnBasedStrategy_Code/Content/Medieval_Env/Buildings/BuildingMeshes/SM_Wall_Butress_4m_02.uexp" 5771
"D:/Skald_TurnBasedStrategy_Code/Content/Medieval_Env/Buildings/BuildingMeshes/SM_Wall_Opening_Door.ubulk" 5772
"D:/Skald_TurnBasedStrategy_Code/Content/Medieval_Env/Buildings/BuildingMeshes/SM_Wall_Opening_Door.uasset" 5773
"D:/Skald_TurnBasedStrategy_Code/Content/Medieval_Env/Buildings/BuildingMeshes/SM_Wall_Opening_Door.uexp" 5774
"D:/Skald_TurnBasedStrategy_Code/Content/Medieval_Env/Props/Meshes/SM_Bench_b.ubulk" 5775
"D:/Skald_TurnBasedStrategy_Code/Content/Medieval_Env/Props/Meshes/SM_Bench_b.uasset" 5776
"D:/Skald_TurnBasedStrategy_Code/Content/Medieval_Env/Props/Meshes/SM_Bench_b.uexp" 5777
"D:/Skald_TurnBasedStrategy_Code/Content/Blueprints/Maps/OverviewMap.uexp" 5778
"D:/Skald_TurnBasedStrategy_Code/Content/Blueprints/Maps/OverviewMap.umap" 5779
"D:/Skald_TurnBasedStrategy_Code/Content/Arena/Textures/T_Fabric01_MSK.ubulk" 5780
"D:/Skald_TurnBasedStrategy_Code/Content/Arena/Textures/T_Fabric01_MSK.uasset" 5781
"D:/Skald_TurnBasedStrategy_Code/Content/Arena/Textures/T_Fabric01_MSK.uexp" 5782
"D:/Skald_TurnBasedStrategy_Code/Content/Arena/Textures/T_Fabric02_ORM.ubulk" 5783
"D:/Skald_TurnBasedStrategy_Code/Content/Arena/Textures/T_Fabric02_ORM.uasset" 5784
"D:/Skald_TurnBasedStrategy_Code/Content/Arena/Textures/T_Fabric02_ORM.uexp" 5785
"D:/Skald_TurnBasedStrategy_Code/Content/Arena/Textures/T_Fabric02_BC.ubulk" 5786
"D:/Skald_TurnBasedStrategy_Code/Content/Arena/Textures/T_Fabric02_BC.uasset" 5787
"D:/Skald_TurnBasedStrategy_Code/Content/Arena/Textures/T_Fabric02_BC.uexp" 5788
"D:/Skald_TurnBasedStrategy_Code/Content/Arena/Textures/T_Fabric02_N.ubulk" 5789
"D:/Skald_TurnBasedStrategy_Code/Content/Arena/Textures/T_Fabric02_N.uasset" 5790
"D:/Skald_TurnBasedStrategy_Code/Content/Arena/Textures/T_Fabric02_N.uexp" 5791
"D:/Skald_TurnBasedStrategy_Code/Content/Arena/Materials/MI_CoverFabric02.uasset" 5792
"D:/Skald_TurnBasedStrategy_Code/Content/Arena/Materials/MI_CoverFabric02.uexp" 5793
"D:/Skald_TurnBasedStrategy_Code/Content/Arena/Textures/T_WallTrim01_N.ubulk" 5794
"D:/Skald_TurnBasedStrategy_Code/Content/Arena/Textures/T_WallTrim01_N.uasset" 5795
"D:/Skald_TurnBasedStrategy_Code/Content/Arena/Textures/T_WallTrim01_N.uexp" 5796
"D:/Skald_TurnBasedStrategy_Code/Content/Arena/Textures/T_WallTrim01_ORM.ubulk" 5797
"D:/Skald_TurnBasedStrategy_Code/Content/Arena/Textures/T_WallTrim01_ORM.uasset" 5798
"D:/Skald_TurnBasedStrategy_Code/Content/Arena/Textures/T_WallTrim01_ORM.uexp" 5799
"D:/Skald_TurnBasedStrategy_Code/Content/Arena/Textures/T_WallTrim01_BC.ubulk" 5800
"D:/Skald_TurnBasedStrategy_Code/Content/Arena/Textures/T_WallTrim01_BC.uasset" 5801
"D:/Skald_TurnBasedStrategy_Code/Content/Arena/Textures/T_WallTrim01_BC.uexp" 5802
"D:/Skald_TurnBasedStrategy_Code/Content/Arena/Materials/MI_WallTrim01.uasset" 5803
"D:/Skald_TurnBasedStrategy_Code/Content/Arena/Materials/MI_WallTrim01.uexp" 5804
"D:/Skald_TurnBasedStrategy_Code/Content/Arena/Meshes/SM_Fabric03.ubulk" 5805
"D:/Skald_TurnBasedStrategy_Code/Content/Arena/Meshes/SM_Fabric03.uasset" 5806
"D:/Skald_TurnBasedStrategy_Code/Content/Arena/Meshes/SM_Fabric03.uexp" 5807
"D:/Skald_TurnBasedStrategy_Code/Content/Arena/Maps/Demonstration_BuiltData.ubulk" 5808
"D:/Skald_TurnBasedStrategy_Code/Content/Arena/Maps/Demonstration_BuiltData.uasset" 5809
"D:/Skald_TurnBasedStrategy_Code/Content/Arena/Maps/Demonstration_BuiltData.uexp" 5810
"D:/Skald_TurnBasedStrategy_Code/Content/Arena/Textures/T_Ornaments02_BC.ubulk" 5811
"D:/Skald_TurnBasedStrategy_Code/Content/Arena/Textures/T_Ornaments02_BC.uasset" 5812
"D:/Skald_TurnBasedStrategy_Code/Content/Arena/Textures/T_Ornaments02_BC.uexp" 5813
"D:/Skald_TurnBasedStrategy_Code/Content/Arena/Textures/T_Ornaments02_N.ubulk" 5814
"D:/Skald_TurnBasedStrategy_Code/Content/Arena/Textures/T_Ornaments02_N.uasset" 5815
"D:/Skald_TurnBasedStrategy_Code/Content/Arena/Textures/T_Ornaments02_N.uexp" 5816
"D:/Skald_TurnBasedStrategy_Code/Content/Arena/Textures/T_Ornaments02_MSK.ubulk" 5817
"D:/Skald_TurnBasedStrategy_Code/Content/Arena/Textures/T_Ornaments02_MSK.uasset" 5818
"D:/Skald_TurnBasedStrategy_Code/Content/Arena/Textures/T_Ornaments02_MSK.uexp" 5819
"D:/Skald_TurnBasedStrategy_Code/Content/Arena/Textures/T_Ornaments02_ORM.ubulk" 5820
"D:/Skald_TurnBasedStrategy_Code/Content/Arena/Textures/T_Ornaments02_ORM.uasset" 5821
"D:/Skald_TurnBasedStrategy_Code/Content/Arena/Textures/T_Ornaments02_ORM.uexp" 5822
"D:/Skald_TurnBasedStrategy_Code/Content/Arena/Materials/MI_Ornaments02Color01.uasset" 5823
"D:/Skald_TurnBasedStrategy_Code/Content/Arena/Materials/MI_Ornaments02Color01.uexp" 5824
"D:/Skald_TurnBasedStrategy_Code/Content/Arena/Meshes/SM_Ornament08.uasset" 5825
"D:/Skald_TurnBasedStrategy_Code/Content/Arena/Meshes/SM_Ornament08.uexp" 5826
"D:/Skald_TurnBasedStrategy_Code/Content/Arena/Textures/T_Wood01_N.ubulk" 5827
"D:/Skald_TurnBasedStrategy_Code/Content/Arena/Textures/T_Wood01_N.uasset" 5828
"D:/Skald_TurnBasedStrategy_Code/Content/Arena/Textures/T_Wood01_N.uexp" 5829
"D:/Skald_TurnBasedStrategy_Code/Content/Arena/Textures/T_Wood01_BC.ubulk" 5830
"D:/Skald_TurnBasedStrategy_Code/Content/Arena/Textures/T_Wood01_BC.uasset" 5831
"D:/Skald_TurnBasedStrategy_Code/Content/Arena/Textures/T_Wood01_BC.uexp" 5832
"D:/Skald_TurnBasedStrategy_Code/Content/Arena/Textures/T_Wood01_ORM.ubulk" 5833
"D:/Skald_TurnBasedStrategy_Code/Content/Arena/Textures/T_Wood01_ORM.uasset" 5834
"D:/Skald_TurnBasedStrategy_Code/Content/Arena/Textures/T_Wood01_ORM.uexp" 5835
"D:/Skald_TurnBasedStrategy_Code/Content/Arena/Textures/T_Wood01_MSK.ubulk" 5836
"D:/Skald_TurnBasedStrategy_Code/Content/Arena/Textures/T_Wood01_MSK.uasset" 5837
"D:/Skald_TurnBasedStrategy_Code/Content/Arena/Textures/T_Wood01_MSK.uexp" 5838
"D:/Skald_TurnBasedStrategy_Code/Content/Arena/Materials/M_Wood01RGBMask.uasset" 5839
"D:/Skald_TurnBasedStrategy_Code/Content/Arena/Materials/M_Wood01RGBMask.uexp" 5840
"D:/Skald_TurnBasedStrategy_Code/Content/Arena/Materials/MI_Wood05.uasset" 5841
"D:/Skald_TurnBasedStrategy_Code/Content/Arena/Materials/MI_Wood05.uexp" 5842
"D:/Skald_TurnBasedStrategy_Code/Content/Arena/Meshes/SM_Rope01.ubulk" 5843
"D:/Skald_TurnBasedStrategy_Code/Content/Arena/Meshes/SM_Rope01.uasset" 5844
"D:/Skald_TurnBasedStrategy_Code/Content/Arena/Meshes/SM_Rope01.uexp" 5845
"D:/Skald_TurnBasedStrategy_Code/Content/Arena/Textures/T_Statue01_BC.ubulk" 5846
"D:/Skald_TurnBasedStrategy_Code/Content/Arena/Textures/T_Statue01_BC.uasset" 5847
"D:/Skald_TurnBasedStrategy_Code/Content/Arena/Textures/T_Statue01_BC.uexp" 5848
"D:/Skald_TurnBasedStrategy_Code/Content/Arena/Textures/T_Statue01_N.ubulk" 5849
"D:/Skald_TurnBasedStrategy_Code/Content/Arena/Textures/T_Statue01_N.uasset" 5850
"D:/Skald_TurnBasedStrategy_Code/Content/Arena/Textures/T_Statue01_N.uexp" 5851
"D:/Skald_TurnBasedStrategy_Code/Content/Arena/Textures/T_Statue01_ORM.ubulk" 5852
"D:/Skald_TurnBasedStrategy_Code/Content/Arena/Textures/T_Statue01_ORM.uasset" 5853
"D:/Skald_TurnBasedStrategy_Code/Content/Arena/Textures/T_Statue01_ORM.uexp" 5854
"D:/Skald_TurnBasedStrategy_Code/Content/Arena/Textures/T_Statue01_MSK.ubulk" 5855
"D:/Skald_TurnBasedStrategy_Code/Content/Arena/Textures/T_Statue01_MSK.uasset" 5856
"D:/Skald_TurnBasedStrategy_Code/Content/Arena/Textures/T_Statue01_MSK.uexp" 5857
"D:/Skald_TurnBasedStrategy_Code/Content/Arena/Materials/MI_Statue01.uasset" 5858
"D:/Skald_TurnBasedStrategy_Code/Content/Arena/Materials/MI_Statue01.uexp" 5859
"D:/Skald_TurnBasedStrategy_Code/Content/Arena/Meshes/SM_Statue01.ubulk" 5860
"D:/Skald_TurnBasedStrategy_Code/Content/Arena/Meshes/SM_Statue01.uasset" 5861
"D:/Skald_TurnBasedStrategy_Code/Content/Arena/Meshes/SM_Statue01.uexp" 5862
"D:/Skald_TurnBasedStrategy_Code/Content/Arena/Materials/MI_Wood03.uasset" 5863
"D:/Skald_TurnBasedStrategy_Code/Content/Arena/Materials/MI_Wood03.uexp" 5864
"D:/Skald_TurnBasedStrategy_Code/Content/Arena/Meshes/SM_WoodPole01.ubulk" 5865
"D:/Skald_TurnBasedStrategy_Code/Content/Arena/Meshes/SM_WoodPole01.uasset" 5866
"D:/Skald_TurnBasedStrategy_Code/Content/Arena/Meshes/SM_WoodPole01.uexp" 5867
"D:/Skald_TurnBasedStrategy_Code/Content/Arena/Textures/T_WallBricks03_ORM.ubulk" 5868
"D:/Skald_TurnBasedStrategy_Code/Content/Arena/Textures/T_WallBricks03_ORM.uasset" 5869
"D:/Skald_TurnBasedStrategy_Code/Content/Arena/Textures/T_WallBricks03_ORM.uexp" 5870
"D:/Skald_TurnBasedStrategy_Code/Content/Arena/Textures/T_WallBricks03_BC.ubulk" 5871
"D:/Skald_TurnBasedStrategy_Code/Content/Arena/Textures/T_WallBricks03_BC.uasset" 5872
"D:/Skald_TurnBasedStrategy_Code/Content/Arena/Textures/T_WallBricks03_BC.uexp" 5873
"D:/Skald_TurnBasedStrategy_Code/Content/Arena/Textures/T_WallBricks03_N.ubulk" 5874
"D:/Skald_TurnBasedStrategy_Code/Content/Arena/Textures/T_WallBricks03_N.uasset" 5875
"D:/Skald_TurnBasedStrategy_Code/Content/Arena/Textures/T_WallBricks03_N.uexp" 5876
"D:/Skald_TurnBasedStrategy_Code/Content/Arena/Materials/MI_BrickWall03.uasset" 5877
"D:/Skald_TurnBasedStrategy_Code/Content/Arena/Materials/MI_BrickWall03.uexp" 5878
"D:/Skald_TurnBasedStrategy_Code/Content/Arena/Textures/T_WallCracks_MSK.ubulk" 5879
"D:/Skald_TurnBasedStrategy_Code/Content/Arena/Textures/T_WallCracks_MSK.uasset" 5880
"D:/Skald_TurnBasedStrategy_Code/Content/Arena/Textures/T_WallCracks_MSK.uexp" 5881
"D:/Skald_TurnBasedStrategy_Code/Content/Arena/Textures/T_WallCracks_ORM.ubulk" 5882
"D:/Skald_TurnBasedStrategy_Code/Content/Arena/Textures/T_WallCracks_ORM.uasset" 5883
"D:/Skald_TurnBasedStrategy_Code/Content/Arena/Textures/T_WallCracks_ORM.uexp" 5884
"D:/Skald_TurnBasedStrategy_Code/Content/Arena/Textures/T_WallCracks_BC.ubulk" 5885
"D:/Skald_TurnBasedStrategy_Code/Content/Arena/Textures/T_WallCracks_BC.uasset" 5886
"D:/Skald_TurnBasedStrategy_Code/Content/Arena/Textures/T_WallCracks_BC.uexp" 5887
"D:/Skald_TurnBasedStrategy_Code/Content/Arena/Textures/T_WallCracks_N.ubulk" 5888
"D:/Skald_TurnBasedStrategy_Code/Content/Arena/Textures/T_WallCracks_N.uasset" 5889
"D:/Skald_TurnBasedStrategy_Code/Content/Arena/Textures/T_WallCracks_N.uexp" 5890
"D:/Skald_TurnBasedStrategy_Code/Content/Arena/Materials/M_CrackDecalMaster.uasset" 5891
"D:/Skald_TurnBasedStrategy_Code/Content/Arena/Materials/M_CrackDecalMaster.uexp" 5892
"D:/Skald_TurnBasedStrategy_Code/Content/Arena/Meshes/SM_Seats02.ubulk" 5893
"D:/Skald_TurnBasedStrategy_Code/Content/Arena/Meshes/SM_Seats02.uasset" 5894
"D:/Skald_TurnBasedStrategy_Code/Content/Arena/Meshes/SM_Seats02.uexp" 5895
"D:/Skald_TurnBasedStrategy_Code/Content/Arena/Textures/T_Statue02_N.ubulk" 5896
"D:/Skald_TurnBasedStrategy_Code/Content/Arena/Textures/T_Statue02_N.uasset" 5897
"D:/Skald_TurnBasedStrategy_Code/Content/Arena/Textures/T_Statue02_N.uexp" 5898
"D:/Skald_TurnBasedStrategy_Code/Content/Arena/Textures/T_Statue02_BC.ubulk" 5899
"D:/Skald_TurnBasedStrategy_Code/Content/Arena/Textures/T_Statue02_BC.uasset" 5900
"D:/Skald_TurnBasedStrategy_Code/Content/Arena/Textures/T_Statue02_BC.uexp" 5901
"D:/Skald_TurnBasedStrategy_Code/Content/Arena/Textures/T_Statue02_ORM.ubulk" 5902
"D:/Skald_TurnBasedStrategy_Code/Content/Arena/Textures/T_Statue02_ORM.uasset" 5903
"D:/Skald_TurnBasedStrategy_Code/Content/Arena/Textures/T_Statue02_ORM.uexp" 5904
"D:/Skald_TurnBasedStrategy_Code/Content/Arena/Materials/MI_Statue02.uasset" 5905
"D:/Skald_TurnBasedStrategy_Code/Content/Arena/Materials/MI_Statue02.uexp" 5906
"D:/Skald_TurnBasedStrategy_Code/Content/Arena/Meshes/SM_Statue02.ubulk" 5907
"D:/Skald_TurnBasedStrategy_Code/Content/Arena/Meshes/SM_Statue02.uasset" 5908
"D:/Skald_TurnBasedStrategy_Code/Content/Arena/Meshes/SM_Statue02.uexp" 5909
"D:/Skald_TurnBasedStrategy_Code/Content/Arena/Textures/T_WallBricks05_ORM.ubulk" 5910
"D:/Skald_TurnBasedStrategy_Code/Content/Arena/Textures/T_WallBricks05_ORM.uasset" 5911
"D:/Skald_TurnBasedStrategy_Code/Content/Arena/Textures/T_WallBricks05_ORM.uexp" 5912
"D:/Skald_TurnBasedStrategy_Code/Content/Arena/Textures/T_WallBricks05_BC.ubulk" 5913
"D:/Skald_TurnBasedStrategy_Code/Content/Arena/Textures/T_WallBricks05_BC.uasset" 5914
"D:/Skald_TurnBasedStrategy_Code/Content/Arena/Textures/T_WallBricks05_BC.uexp" 5915
"D:/Skald_TurnBasedStrategy_Code/Content/Arena/Textures/T_WallBricks05_N.ubulk" 5916
"D:/Skald_TurnBasedStrategy_Code/Content/Arena/Textures/T_WallBricks05_N.uasset" 5917
"D:/Skald_TurnBasedStrategy_Code/Content/Arena/Textures/T_WallBricks05_N.uexp" 5918
"D:/Skald_TurnBasedStrategy_Code/Content/Arena/Materials/MI_BrickWall05.uasset" 5919
"D:/Skald_TurnBasedStrategy_Code/Content/Arena/Materials/MI_BrickWall05.uexp" 5920
"D:/Skald_TurnBasedStrategy_Code/Content/Arena/Textures/T_Lantern01_N.ubulk" 5921
"D:/Skald_TurnBasedStrategy_Code/Content/Arena/Textures/T_Lantern01_N.uasset" 5922
"D:/Skald_TurnBasedStrategy_Code/Content/Arena/Textures/T_Lantern01_N.uexp" 5923
"D:/Skald_TurnBasedStrategy_Code/Content/Arena/Textures/T_Lantern01_ORM.ubulk" 5924
"D:/Skald_TurnBasedStrategy_Code/Content/Arena/Textures/T_Lantern01_ORM.uasset" 5925
"D:/Skald_TurnBasedStrategy_Code/Content/Arena/Textures/T_Lantern01_ORM.uexp" 5926
"D:/Skald_TurnBasedStrategy_Code/Content/Arena/Textures/T_Lantern01_BC.ubulk" 5927
"D:/Skald_TurnBasedStrategy_Code/Content/Arena/Textures/T_Lantern01_BC.uasset" 5928
"D:/Skald_TurnBasedStrategy_Code/Content/Arena/Textures/T_Lantern01_BC.uexp" 5929
"D:/Skald_TurnBasedStrategy_Code/Content/Arena/Materials/MI_Lantern01.uasset" 5930
"D:/Skald_TurnBasedStrategy_Code/Content/Arena/Materials/MI_Lantern01.uexp" 5931
"D:/Skald_TurnBasedStrategy_Code/Content/Arena/Meshes/SM_Lantern03.ubulk" 5932
"D:/Skald_TurnBasedStrategy_Code/Content/Arena/Meshes/SM_Lantern03.uasset" 5933
"D:/Skald_TurnBasedStrategy_Code/Content/Arena/Meshes/SM_Lantern03.uexp" 5934
"D:/Skald_TurnBasedStrategy_Code/Content/Arena/Meshes/SM_Wood06.ubulk" 5935
"D:/Skald_TurnBasedStrategy_Code/Content/Arena/Meshes/SM_Wood06.uasset" 5936
"D:/Skald_TurnBasedStrategy_Code/Content/Arena/Meshes/SM_Wood06.uexp" 5937
"D:/Skald_TurnBasedStrategy_Code/Content/Arena/Textures/T_Debris01_BC.ubulk" 5938
"D:/Skald_TurnBasedStrategy_Code/Content/Arena/Textures/T_Debris01_BC.uasset" 5939
"D:/Skald_TurnBasedStrategy_Code/Content/Arena/Textures/T_Debris01_BC.uexp" 5940
"D:/Skald_TurnBasedStrategy_Code/Content/Arena/Textures/T_Debris01_N.ubulk" 5941
"D:/Skald_TurnBasedStrategy_Code/Content/Arena/Textures/T_Debris01_N.uasset" 5942
"D:/Skald_TurnBasedStrategy_Code/Content/Arena/Textures/T_Debris01_N.uexp" 5943
"D:/Skald_TurnBasedStrategy_Code/Content/Arena/Textures/T_Debris01_ORM.ubulk" 5944
"D:/Skald_TurnBasedStrategy_Code/Content/Arena/Textures/T_Debris01_ORM.uasset" 5945
"D:/Skald_TurnBasedStrategy_Code/Content/Arena/Textures/T_Debris01_ORM.uexp" 5946
"D:/Skald_TurnBasedStrategy_Code/Content/Arena/Materials/MI_DebrisStone01.uasset" 5947
"D:/Skald_TurnBasedStrategy_Code/Content/Arena/Materials/MI_DebrisStone01.uexp" 5948
"D:/Skald_TurnBasedStrategy_Code/Content/Arena/Meshes/SM_DebrisStonesPile02.uasset" 5949
"D:/Skald_TurnBasedStrategy_Code/Content/Arena/Meshes/SM_DebrisStonesPile02.uexp" 5950
"D:/Skald_TurnBasedStrategy_Code/Content/Arena/Textures/T_LargeBlocks_ORM.ubulk" 5951
"D:/Skald_TurnBasedStrategy_Code/Content/Arena/Textures/T_LargeBlocks_ORM.uasset" 5952
"D:/Skald_TurnBasedStrategy_Code/Content/Arena/Textures/T_LargeBlocks_ORM.uexp" 5953
"D:/Skald_TurnBasedStrategy_Code/Content/Arena/Textures/T_LargeBlocks_N.ubulk" 5954
"D:/Skald_TurnBasedStrategy_Code/Content/Arena/Textures/T_LargeBlocks_N.uasset" 5955
"D:/Skald_TurnBasedStrategy_Code/Content/Arena/Textures/T_LargeBlocks_N.uexp" 5956
"D:/Skald_TurnBasedStrategy_Code/Content/Arena/Textures/T_LargeBlocks_BC.ubulk" 5957
"D:/Skald_TurnBasedStrategy_Code/Content/Arena/Textures/T_LargeBlocks_BC.uasset" 5958
"D:/Skald_TurnBasedStrategy_Code/Content/Arena/Textures/T_LargeBlocks_BC.uexp" 5959
"D:/Skald_TurnBasedStrategy_Code/Content/Arena/Materials/MI_LargeBlocks01.uasset" 5960
"D:/Skald_TurnBasedStrategy_Code/Content/Arena/Materials/MI_LargeBlocks01.uexp" 5961
"D:/Skald_TurnBasedStrategy_Code/Content/Arena/Meshes/SM_LargeBlock04.ubulk" 5962
"D:/Skald_TurnBasedStrategy_Code/Content/Arena/Meshes/SM_LargeBlock04.uasset" 5963
"D:/Skald_TurnBasedStrategy_Code/Content/Arena/Meshes/SM_LargeBlock04.uexp" 5964
"D:/Skald_TurnBasedStrategy_Code/Content/Arena/Meshes/SM_WoodPole04.ubulk" 5965
"D:/Skald_TurnBasedStrategy_Code/Content/Arena/Meshes/SM_WoodPole04.uasset" 5966
"D:/Skald_TurnBasedStrategy_Code/Content/Arena/Meshes/SM_WoodPole04.uexp" 5967
"D:/Skald_TurnBasedStrategy_Code/Content/Arena/Textures/T_WoodAndMetal_ORM.ubulk" 5968
"D:/Skald_TurnBasedStrategy_Code/Content/Arena/Textures/T_WoodAndMetal_ORM.uasset" 5969
"D:/Skald_TurnBasedStrategy_Code/Content/Arena/Textures/T_WoodAndMetal_ORM.uexp" 5970
"D:/Skald_TurnBasedStrategy_Code/Content/Arena/Textures/T_WoodAndMetal_BC.ubulk" 5971
"D:/Skald_TurnBasedStrategy_Code/Content/Arena/Textures/T_WoodAndMetal_BC.uasset" 5972
"D:/Skald_TurnBasedStrategy_Code/Content/Arena/Textures/T_WoodAndMetal_BC.uexp" 5973
"D:/Skald_TurnBasedStrategy_Code/Content/Arena/Textures/T_WoodAndMetal_N.ubulk" 5974
"D:/Skald_TurnBasedStrategy_Code/Content/Arena/Textures/T_WoodAndMetal_N.uasset" 5975
"D:/Skald_TurnBasedStrategy_Code/Content/Arena/Textures/T_WoodAndMetal_N.uexp" 5976
"D:/Skald_TurnBasedStrategy_Code/Content/Arena/Materials/MI_WoodAndMetal.uasset" 5977
"D:/Skald_TurnBasedStrategy_Code/Content/Arena/Materials/MI_WoodAndMetal.uexp" 5978
"D:/Skald_TurnBasedStrategy_Code/Content/Arena/Meshes/SM_WoodPlate01.ubulk" 5979
"D:/Skald_TurnBasedStrategy_Code/Content/Arena/Meshes/SM_WoodPlate01.uasset" 5980
"D:/Skald_TurnBasedStrategy_Code/Content/Arena/Meshes/SM_WoodPlate01.uexp" 5981
"D:/Skald_TurnBasedStrategy_Code/Content/Arena/Meshes/SM_WoodBeam03.ubulk" 5982
"D:/Skald_TurnBasedStrategy_Code/Content/Arena/Meshes/SM_WoodBeam03.uasset" 5983
"D:/Skald_TurnBasedStrategy_Code/Content/Arena/Meshes/SM_WoodBeam03.uexp" 5984
"D:/Skald_TurnBasedStrategy_Code/Content/Arena/Textures/T_Ornaments01_N.ubulk" 5985
"D:/Skald_TurnBasedStrategy_Code/Content/Arena/Textures/T_Ornaments01_N.uasset" 5986
"D:/Skald_TurnBasedStrategy_Code/Content/Arena/Textures/T_Ornaments01_N.uexp" 5987
"D:/Skald_TurnBasedStrategy_Code/Content/Arena/Textures/T_Ornaments01_MSK.ubulk" 5988
"D:/Skald_TurnBasedStrategy_Code/Content/Arena/Textures/T_Ornaments01_MSK.uasset" 5989
"D:/Skald_TurnBasedStrategy_Code/Content/Arena/Textures/T_Ornaments01_MSK.uexp" 5990
"D:/Skald_TurnBasedStrategy_Code/Content/Arena/Textures/T_Ornaments01_BC.ubulk" 5991
"D:/Skald_TurnBasedStrategy_Code/Content/Arena/Textures/T_Ornaments01_BC.uasset" 5992
"D:/Skald_TurnBasedStrategy_Code/Content/Arena/Textures/T_Ornaments01_BC.uexp" 5993
"D:/Skald_TurnBasedStrategy_Code/Content/Arena/Textures/T_Ornaments01_ORM.ubulk" 5994
"D:/Skald_TurnBasedStrategy_Code/Content/Arena/Textures/T_Ornaments01_ORM.uasset" 5995
"D:/Skald_TurnBasedStrategy_Code/Content/Arena/Textures/T_Ornaments01_ORM.uexp" 5996
"D:/Skald_TurnBasedStrategy_Code/Content/Arena/Materials/MI_Ornaments02.uasset" 5997
"D:/Skald_TurnBasedStrategy_Code/Content/Arena/Materials/MI_Ornaments02.uexp" 5998
"D:/Skald_TurnBasedStrategy_Code/Content/Arena/Textures/T_BrokenConcrete_N.ubulk" 5999
"D:/Skald_TurnBasedStrategy_Code/Content/Arena/Textures/T_BrokenConcrete_N.uasset" 6000
"D:/Skald_TurnBasedStrategy_Code/Content/Arena/Textures/T_BrokenConcrete_N.uexp" 6001
"D:/Skald_TurnBasedStrategy_Code/Content/Arena/Textures/T_BrokenConcrete_BC.ubulk" 6002
"D:/Skald_TurnBasedStrategy_Code/Content/Arena/Textures/T_BrokenConcrete_BC.uasset" 6003
"D:/Skald_TurnBasedStrategy_Code/Content/Arena/Textures/T_BrokenConcrete_BC.uexp" 6004
"D:/Skald_TurnBasedStrategy_Code/Content/Arena/Textures/T_BrokenConcrete_ORM.ubulk" 6005
"D:/Skald_TurnBasedStrategy_Code/Content/Arena/Textures/T_BrokenConcrete_ORM.uasset" 6006
"D:/Skald_TurnBasedStrategy_Code/Content/Arena/Textures/T_BrokenConcrete_ORM.uexp" 6007
"D:/Skald_TurnBasedStrategy_Code/Content/Arena/Materials/MI_BrokenConcrete01.uasset" 6008
"D:/Skald_TurnBasedStrategy_Code/Content/Arena/Materials/MI_BrokenConcrete01.uexp" 6009
"D:/Skald_TurnBasedStrategy_Code/Content/Arena/Textures/T_Ornaments03_BC.ubulk" 6010
"D:/Skald_TurnBasedStrategy_Code/Content/Arena/Textures/T_Ornaments03_BC.uasset" 6011
"D:/Skald_TurnBasedStrategy_Code/Content/Arena/Textures/T_Ornaments03_BC.uexp" 6012
"D:/Skald_TurnBasedStrategy_Code/Content/Arena/Textures/T_Ornaments03_MSK.ubulk" 6013
"D:/Skald_TurnBasedStrategy_Code/Content/Arena/Textures/T_Ornaments03_MSK.uasset" 6014
"D:/Skald_TurnBasedStrategy_Code/Content/Arena/Textures/T_Ornaments03_MSK.uexp" 6015
"D:/Skald_TurnBasedStrategy_Code/Content/Arena/Textures/T_Ornaments03_ORM.ubulk" 6016
"D:/Skald_TurnBasedStrategy_Code/Content/Arena/Textures/T_Ornaments03_ORM.uasset" 6017
"D:/Skald_TurnBasedStrategy_Code/Content/Arena/Textures/T_Ornaments03_ORM.uexp" 6018
"D:/Skald_TurnBasedStrategy_Code/Content/Arena/Textures/T_Ornaments03_N.ubulk" 6019
"D:/Skald_TurnBasedStrategy_Code/Content/Arena/Textures/T_Ornaments03_N.uasset" 6020
"D:/Skald_TurnBasedStrategy_Code/Content/Arena/Textures/T_Ornaments03_N.uexp" 6021
"D:/Skald_TurnBasedStrategy_Code/Content/Arena/Materials/MI_Ornaments03Color01.uasset" 6022
"D:/Skald_TurnBasedStrategy_Code/Content/Arena/Materials/MI_Ornaments03Color01.uexp" 6023
"D:/Skald_TurnBasedStrategy_Code/Content/Arena/Textures/T_ArchDetails01_N.ubulk" 6024
"D:/Skald_TurnBasedStrategy_Code/Content/Arena/Textures/T_ArchDetails01_N.uasset" 6025
"D:/Skald_TurnBasedStrategy_Code/Content/Arena/Textures/T_ArchDetails01_N.uexp" 6026
"D:/Skald_TurnBasedStrategy_Code/Content/Arena/Textures/T_ArchDetails01_ORM.ubulk" 6027
"D:/Skald_TurnBasedStrategy_Code/Content/Arena/Textures/T_ArchDetails01_ORM.uasset" 6028
"D:/Skald_TurnBasedStrategy_Code/Content/Arena/Textures/T_ArchDetails01_ORM.uexp" 6029
"D:/Skald_TurnBasedStrategy_Code/Content/Arena/Textures/T_ArchDetails01_BC.ubulk" 6030
"D:/Skald_TurnBasedStrategy_Code/Content/Arena/Textures/T_ArchDetails01_BC.uasset" 6031
"D:/Skald_TurnBasedStrategy_Code/Content/Arena/Textures/T_ArchDetails01_BC.uexp" 6032
"D:/Skald_TurnBasedStrategy_Code/Content/Arena/Materials/MI_ArchDetails01.uasset" 6033
"D:/Skald_TurnBasedStrategy_Code/Content/Arena/Materials/MI_ArchDetails01.uexp" 6034
"D:/Skald_TurnBasedStrategy_Code/Content/Arena/Meshes/SM_Pillar10.ubulk" 6035
"D:/Skald_TurnBasedStrategy_Code/Content/Arena/Meshes/SM_Pillar10.uasset" 6036
"D:/Skald_TurnBasedStrategy_Code/Content/Arena/Meshes/SM_Pillar10.uexp" 6037
"D:/Skald_TurnBasedStrategy_Code/Content/Arena/Textures/T_Concrete01_ORM.ubulk" 6038
"D:/Skald_TurnBasedStrategy_Code/Content/Arena/Textures/T_Concrete01_ORM.uasset" 6039
"D:/Skald_TurnBasedStrategy_Code/Content/Arena/Textures/T_Concrete01_ORM.uexp" 6040
"D:/Skald_TurnBasedStrategy_Code/Content/Arena/Textures/T_Concrete01_N.ubulk" 6041
"D:/Skald_TurnBasedStrategy_Code/Content/Arena/Textures/T_Concrete01_N.uasset" 6042
"D:/Skald_TurnBasedStrategy_Code/Content/Arena/Textures/T_Concrete01_N.uexp" 6043
"D:/Skald_TurnBasedStrategy_Code/Content/Arena/Textures/T_Concrete01_BC.ubulk" 6044
"D:/Skald_TurnBasedStrategy_Code/Content/Arena/Textures/T_Concrete01_BC.uasset" 6045
"D:/Skald_TurnBasedStrategy_Code/Content/Arena/Textures/T_Concrete01_BC.uexp" 6046
"D:/Skald_TurnBasedStrategy_Code/Content/Arena/Materials/MI_Concrete01.uasset" 6047
"D:/Skald_TurnBasedStrategy_Code/Content/Arena/Materials/MI_Concrete01.uexp" 6048
"D:/Skald_TurnBasedStrategy_Code/Content/Arena/Meshes/SM_ConcretePillar01.ubulk" 6049
"D:/Skald_TurnBasedStrategy_Code/Content/Arena/Meshes/SM_ConcretePillar01.uasset" 6050
"D:/Skald_TurnBasedStrategy_Code/Content/Arena/Meshes/SM_ConcretePillar01.uexp" 6051
"D:/Skald_TurnBasedStrategy_Code/Content/Arena/Materials/MI_Ornaments02Color02.uasset" 6052
"D:/Skald_TurnBasedStrategy_Code/Content/Arena/Materials/MI_Ornaments02Color02.uexp" 6053
"D:/Skald_TurnBasedStrategy_Code/Content/Arena/Meshes/SM_Pillar06.ubulk" 6054
"D:/Skald_TurnBasedStrategy_Code/Content/Arena/Meshes/SM_Pillar06.uasset" 6055
"D:/Skald_TurnBasedStrategy_Code/Content/Arena/Meshes/SM_Pillar06.uexp" 6056
"D:/Skald_TurnBasedStrategy_Code/Content/Arena/Textures/T_Concrete02_ORM.ubulk" 6057
"D:/Skald_TurnBasedStrategy_Code/Content/Arena/Textures/T_Concrete02_ORM.uasset" 6058
"D:/Skald_TurnBasedStrategy_Code/Content/Arena/Textures/T_Concrete02_ORM.uexp" 6059
"D:/Skald_TurnBasedStrategy_Code/Content/Arena/Textures/T_Concrete02_BC.ubulk" 6060
"D:/Skald_TurnBasedStrategy_Code/Content/Arena/Textures/T_Concrete02_BC.uasset" 6061
"D:/Skald_TurnBasedStrategy_Code/Content/Arena/Textures/T_Concrete02_BC.uexp" 6062
"D:/Skald_TurnBasedStrategy_Code/Content/Arena/Textures/T_Concrete02_N.ubulk" 6063
"D:/Skald_TurnBasedStrategy_Code/Content/Arena/Textures/T_Concrete02_N.uasset" 6064
"D:/Skald_TurnBasedStrategy_Code/Content/Arena/Textures/T_Concrete02_N.uexp" 6065
"D:/Skald_TurnBasedStrategy_Code/Content/Arena/Materials/MI_Concrete02.uasset" 6066
"D:/Skald_TurnBasedStrategy_Code/Content/Arena/Materials/MI_Concrete02.uexp" 6067
"D:/Skald_TurnBasedStrategy_Code/Content/Arena/Materials/MI_BrickWall07.uasset" 6068
"D:/Skald_TurnBasedStrategy_Code/Content/Arena/Materials/MI_BrickWall07.uexp" 6069
"D:/Skald_TurnBasedStrategy_Code/Content/Arena/Meshes/SM_MainBuilding01.ubulk" 6070
"D:/Skald_TurnBasedStrategy_Code/Content/Arena/Meshes/SM_MainBuilding01.uasset" 6071
"D:/Skald_TurnBasedStrategy_Code/Content/Arena/Meshes/SM_MainBuilding01.uexp" 6072
"D:/Skald_TurnBasedStrategy_Code/Content/Arena/Textures/T_WallFabric01_N.ubulk" 6073
"D:/Skald_TurnBasedStrategy_Code/Content/Arena/Textures/T_WallFabric01_N.uasset" 6074
"D:/Skald_TurnBasedStrategy_Code/Content/Arena/Textures/T_WallFabric01_N.uexp" 6075
"D:/Skald_TurnBasedStrategy_Code/Content/Arena/Textures/T_WallFabric01_ORM.ubulk" 6076
"D:/Skald_TurnBasedStrategy_Code/Content/Arena/Textures/T_WallFabric01_ORM.uasset" 6077
"D:/Skald_TurnBasedStrategy_Code/Content/Arena/Textures/T_WallFabric01_ORM.uexp" 6078
"D:/Skald_TurnBasedStrategy_Code/Content/Arena/Textures/T_Fabric01_ORM.ubulk" 6079
"D:/Skald_TurnBasedStrategy_Code/Content/Arena/Textures/T_Fabric01_ORM.uasset" 6080
"D:/Skald_TurnBasedStrategy_Code/Content/Arena/Textures/T_Fabric01_ORM.uexp" 6081
"D:/Skald_TurnBasedStrategy_Code/Content/Arena/Textures/T_WindNoise_N.ubulk" 6082
"D:/Skald_TurnBasedStrategy_Code/Content/Arena/Textures/T_WindNoise_N.uasset" 6083
"D:/Skald_TurnBasedStrategy_Code/Content/Arena/Textures/T_WindNoise_N.uexp" 6084
"D:/Skald_TurnBasedStrategy_Code/Content/Arena/Materials/M_AnimFabric01.uasset" 6085
"D:/Skald_TurnBasedStrategy_Code/Content/Arena/Materials/M_AnimFabric01.uexp" 6086
"D:/Skald_TurnBasedStrategy_Code/Content/Arena/Textures/T_Fabric01_BC.ubulk" 6087
"D:/Skald_TurnBasedStrategy_Code/Content/Arena/Textures/T_Fabric01_BC.uasset" 6088
"D:/Skald_TurnBasedStrategy_Code/Content/Arena/Textures/T_Fabric01_BC.uexp" 6089
"D:/Skald_TurnBasedStrategy_Code/Content/Arena/Textures/T_Fabric01_N.ubulk" 6090
"D:/Skald_TurnBasedStrategy_Code/Content/Arena/Textures/T_Fabric01_N.uasset" 6091
"D:/Skald_TurnBasedStrategy_Code/Content/Arena/Textures/T_Fabric01_N.uexp" 6092
"D:/Skald_TurnBasedStrategy_Code/Content/Arena/Materials/MI_AnimFabric02.uasset" 6093
"D:/Skald_TurnBasedStrategy_Code/Content/Arena/Materials/MI_AnimFabric02.uexp" 6094
"D:/Skald_TurnBasedStrategy_Code/Content/Arena/Textures/T_WallFabric01_BC.ubulk" 6095
"D:/Skald_TurnBasedStrategy_Code/Content/Arena/Textures/T_WallFabric01_BC.uasset" 6096
"D:/Skald_TurnBasedStrategy_Code/Content/Arena/Textures/T_WallFabric01_BC.uexp" 6097
"D:/Skald_TurnBasedStrategy_Code/Content/Arena/Materials/MI_FabricWall01.uasset" 6098
"D:/Skald_TurnBasedStrategy_Code/Content/Arena/Materials/MI_FabricWall01.uexp" 6099
"D:/Skald_TurnBasedStrategy_Code/Content/Arena/Meshes/SM_WallFabric01.ubulk" 6100
"D:/Skald_TurnBasedStrategy_Code/Content/Arena/Meshes/SM_WallFabric01.uasset" 6101
"D:/Skald_TurnBasedStrategy_Code/Content/Arena/Meshes/SM_WallFabric01.uexp" 6102
"D:/Skald_TurnBasedStrategy_Code/Content/Arena/Materials/MI_CoverFabric01.uasset" 6103
"D:/Skald_TurnBasedStrategy_Code/Content/Arena/Materials/MI_CoverFabric01.uexp" 6104
"D:/Skald_TurnBasedStrategy_Code/Content/Arena/Meshes/SM_FabricCover01.ubulk" 6105
"D:/Skald_TurnBasedStrategy_Code/Content/Arena/Meshes/SM_FabricCover01.uasset" 6106
"D:/Skald_TurnBasedStrategy_Code/Content/Arena/Meshes/SM_FabricCover01.uexp" 6107
"D:/Skald_TurnBasedStrategy_Code/Content/Arena/Meshes/SM_Lantern01.ubulk" 6108
"D:/Skald_TurnBasedStrategy_Code/Content/Arena/Meshes/SM_Lantern01.uasset" 6109
"D:/Skald_TurnBasedStrategy_Code/Content/Arena/Meshes/SM_Lantern01.uexp" 6110
"D:/Skald_TurnBasedStrategy_Code/Content/Arena/Materials/MI_Ornaments01.uasset" 6111
"D:/Skald_TurnBasedStrategy_Code/Content/Arena/Materials/MI_Ornaments01.uexp" 6112
"D:/Skald_TurnBasedStrategy_Code/Content/Arena/Meshes/SM_Ornament02.ubulk" 6113
"D:/Skald_TurnBasedStrategy_Code/Content/Arena/Meshes/SM_Ornament02.uasset" 6114
"D:/Skald_TurnBasedStrategy_Code/Content/Arena/Meshes/SM_Ornament02.uexp" 6115
"D:/Skald_TurnBasedStrategy_Code/Content/Arena/Textures/T_Doors02_BC.ubulk" 6116
"D:/Skald_TurnBasedStrategy_Code/Content/Arena/Textures/T_Doors02_BC.uasset" 6117
"D:/Skald_TurnBasedStrategy_Code/Content/Arena/Textures/T_Doors02_BC.uexp" 6118
"D:/Skald_TurnBasedStrategy_Code/Content/Arena/Textures/T_Doors02_ORM.ubulk" 6119
"D:/Skald_TurnBasedStrategy_Code/Content/Arena/Textures/T_Doors02_ORM.uasset" 6120
"D:/Skald_TurnBasedStrategy_Code/Content/Arena/Textures/T_Doors02_ORM.uexp" 6121
"D:/Skald_TurnBasedStrategy_Code/Content/Arena/Textures/T_Doors02_N.ubulk" 6122
"D:/Skald_TurnBasedStrategy_Code/Content/Arena/Textures/T_Doors02_N.uasset" 6123
"D:/Skald_TurnBasedStrategy_Code/Content/Arena/Textures/T_Doors02_N.uexp" 6124
"D:/Skald_TurnBasedStrategy_Code/Content/Arena/Materials/MI_Door02Color01.uasset" 6125
"D:/Skald_TurnBasedStrategy_Code/Content/Arena/Materials/MI_Door02Color01.uexp" 6126
"D:/Skald_TurnBasedStrategy_Code/Content/Arena/Meshes/SM_Door02Part03.ubulk" 6127
"D:/Skald_TurnBasedStrategy_Code/Content/Arena/Meshes/SM_Door02Part03.uasset" 6128
"D:/Skald_TurnBasedStrategy_Code/Content/Arena/Meshes/SM_Door02Part03.uexp" 6129
"D:/Skald_TurnBasedStrategy_Code/Content/Arena/Textures/T_ArchDetails02_N.ubulk" 6130
"D:/Skald_TurnBasedStrategy_Code/Content/Arena/Textures/T_ArchDetails02_N.uasset" 6131
"D:/Skald_TurnBasedStrategy_Code/Content/Arena/Textures/T_ArchDetails02_N.uexp" 6132
"D:/Skald_TurnBasedStrategy_Code/Content/Arena/Textures/T_ArchDetails02_BC.ubulk" 6133
"D:/Skald_TurnBasedStrategy_Code/Content/Arena/Textures/T_ArchDetails02_BC.uasset" 6134
"D:/Skald_TurnBasedStrategy_Code/Content/Arena/Textures/T_ArchDetails02_BC.uexp" 6135
"D:/Skald_TurnBasedStrategy_Code/Content/Arena/Textures/T_ArchDetails02_ORM.ubulk" 6136
"D:/Skald_TurnBasedStrategy_Code/Content/Arena/Textures/T_ArchDetails02_ORM.uasset" 6137
"D:/Skald_TurnBasedStrategy_Code/Content/Arena/Textures/T_ArchDetails02_ORM.uexp" 6138
"D:/Skald_TurnBasedStrategy_Code/Content/Arena/Materials/MI_ArchDetails02.uasset" 6139
"D:/Skald_TurnBasedStrategy_Code/Content/Arena/Materials/MI_ArchDetails02.uexp" 6140
"D:/Skald_TurnBasedStrategy_Code/Content/Arena/Meshes/SM_Fence01.ubulk" 6141
"D:/Skald_TurnBasedStrategy_Code/Content/Arena/Meshes/SM_Fence01.uasset" 6142
"D:/Skald_TurnBasedStrategy_Code/Content/Arena/Meshes/SM_Fence01.uexp" 6143
"D:/Skald_TurnBasedStrategy_Code/Content/Arena/Textures/T_WallBricks04_BC.ubulk" 6144
"D:/Skald_TurnBasedStrategy_Code/Content/Arena/Textures/T_WallBricks04_BC.uasset" 6145
"D:/Skald_TurnBasedStrategy_Code/Content/Arena/Textures/T_WallBricks04_BC.uexp" 6146
"D:/Skald_TurnBasedStrategy_Code/Content/Arena/Textures/T_WallBricks04_ORM.ubulk" 6147
"D:/Skald_TurnBasedStrategy_Code/Content/Arena/Textures/T_WallBricks04_ORM.uasset" 6148
"D:/Skald_TurnBasedStrategy_Code/Content/Arena/Textures/T_WallBricks04_ORM.uexp" 6149
"D:/Skald_TurnBasedStrategy_Code/Content/Arena/Textures/T_WallBricks04_N.ubulk" 6150
"D:/Skald_TurnBasedStrategy_Code/Content/Arena/Textures/T_WallBricks04_N.uasset" 6151
"D:/Skald_TurnBasedStrategy_Code/Content/Arena/Textures/T_WallBricks04_N.uexp" 6152
"D:/Skald_TurnBasedStrategy_Code/Content/Arena/Materials/MI_BrickWall04.uasset" 6153
"D:/Skald_TurnBasedStrategy_Code/Content/Arena/Materials/MI_BrickWall04.uexp" 6154
"D:/Skald_TurnBasedStrategy_Code/Content/Arena/Textures/T_WallTrim01_MSK.ubulk" 6155
"D:/Skald_TurnBasedStrategy_Code/Content/Arena/Textures/T_WallTrim01_MSK.uasset" 6156
"D:/Skald_TurnBasedStrategy_Code/Content/Arena/Textures/T_WallTrim01_MSK.uexp" 6157
"D:/Skald_TurnBasedStrategy_Code/Content/Arena/Materials/MI_WallTrim02.uasset" 6158
"D:/Skald_TurnBasedStrategy_Code/Content/Arena/Materials/MI_WallTrim02.uexp" 6159
"D:/Skald_TurnBasedStrategy_Code/Content/Arena/Meshes/SM_Wall06.ubulk" 6160
"D:/Skald_TurnBasedStrategy_Code/Content/Arena/Meshes/SM_Wall06.uasset" 6161
"D:/Skald_TurnBasedStrategy_Code/Content/Arena/Meshes/SM_Wall06.uexp" 6162
"D:/Skald_TurnBasedStrategy_Code/Content/Blueprints/Music/Skald_Gnoll_BM02.ubulk" 6163
"D:/Skald_TurnBasedStrategy_Code/Content/Blueprints/Music/Skald_Gnoll_BM02.uasset" 6164
"D:/Skald_TurnBasedStrategy_Code/Content/Blueprints/Music/Skald_Gnoll_BM02.uexp" 6165
"D:/Skald_TurnBasedStrategy_Code/Content/Arena/Meshes/SM_Ornament03.ubulk" 6166
"D:/Skald_TurnBasedStrategy_Code/Content/Arena/Meshes/SM_Ornament03.uasset" 6167
"D:/Skald_TurnBasedStrategy_Code/Content/Arena/Meshes/SM_Ornament03.uexp" 6168
"D:/Skald_TurnBasedStrategy_Code/Content/Arena/Meshes/SM_WoodPole02.ubulk" 6169
"D:/Skald_TurnBasedStrategy_Code/Content/Arena/Meshes/SM_WoodPole02.uasset" 6170
"D:/Skald_TurnBasedStrategy_Code/Content/Arena/Meshes/SM_WoodPole02.uexp" 6171
"D:/Skald_TurnBasedStrategy_Code/Content/Arena/Textures/T_Treasures01_ORM.ubulk" 6172
"D:/Skald_TurnBasedStrategy_Code/Content/Arena/Textures/T_Treasures01_ORM.uasset" 6173
"D:/Skald_TurnBasedStrategy_Code/Content/Arena/Textures/T_Treasures01_ORM.uexp" 6174
"D:/Skald_TurnBasedStrategy_Code/Content/Arena/Textures/T_Treasures01_BC.ubulk" 6175
"D:/Skald_TurnBasedStrategy_Code/Content/Arena/Textures/T_Treasures01_BC.uasset" 6176
"D:/Skald_TurnBasedStrategy_Code/Content/Arena/Textures/T_Treasures01_BC.uexp" 6177
"D:/Skald_TurnBasedStrategy_Code/Content/Arena/Textures/T_Treasures01_N.ubulk" 6178
"D:/Skald_TurnBasedStrategy_Code/Content/Arena/Textures/T_Treasures01_N.uasset" 6179
"D:/Skald_TurnBasedStrategy_Code/Content/Arena/Textures/T_Treasures01_N.uexp" 6180
"D:/Skald_TurnBasedStrategy_Code/Content/Arena/Materials/MI_Treasures.uasset" 6181
"D:/Skald_TurnBasedStrategy_Code/Content/Arena/Materials/MI_Treasures.uexp" 6182
"D:/Skald_TurnBasedStrategy_Code/Content/Arena/Meshes/SM_Skeleton01.ubulk" 6183
"D:/Skald_TurnBasedStrategy_Code/Content/Arena/Meshes/SM_Skeleton01.uasset" 6184
"D:/Skald_TurnBasedStrategy_Code/Content/Arena/Meshes/SM_Skeleton01.uexp" 6185
"D:/Skald_TurnBasedStrategy_Code/Content/Arena/Textures/T_Fabric03_BC.ubulk" 6186
"D:/Skald_TurnBasedStrategy_Code/Content/Arena/Textures/T_Fabric03_BC.uasset" 6187
"D:/Skald_TurnBasedStrategy_Code/Content/Arena/Textures/T_Fabric03_BC.uexp" 6188
"D:/Skald_TurnBasedStrategy_Code/Content/Arena/Textures/T_Fabric03_ORM.ubulk" 6189
"D:/Skald_TurnBasedStrategy_Code/Content/Arena/Textures/T_Fabric03_ORM.uasset" 6190
"D:/Skald_TurnBasedStrategy_Code/Content/Arena/Textures/T_Fabric03_ORM.uexp" 6191
"D:/Skald_TurnBasedStrategy_Code/Content/Arena/Textures/T_Fabric03_N.ubulk" 6192
"D:/Skald_TurnBasedStrategy_Code/Content/Arena/Textures/T_Fabric03_N.uasset" 6193
"D:/Skald_TurnBasedStrategy_Code/Content/Arena/Textures/T_Fabric03_N.uexp" 6194
"D:/Skald_TurnBasedStrategy_Code/Content/Arena/Textures/T_Fabric03_MSK.ubulk" 6195
"D:/Skald_TurnBasedStrategy_Code/Content/Arena/Textures/T_Fabric03_MSK.uasset" 6196
"D:/Skald_TurnBasedStrategy_Code/Content/Arena/Textures/T_Fabric03_MSK.uexp" 6197
"D:/Skald_TurnBasedStrategy_Code/Content/Arena/Materials/M_FabricRGBColoredMaster.uasset" 6198
"D:/Skald_TurnBasedStrategy_Code/Content/Arena/Materials/M_FabricRGBColoredMaster.uexp" 6199
"D:/Skald_TurnBasedStrategy_Code/Content/Arena/Materials/MI_Fabric01.uasset" 6200
"D:/Skald_TurnBasedStrategy_Code/Content/Arena/Materials/MI_Fabric01.uexp" 6201
"D:/Skald_TurnBasedStrategy_Code/Content/Arena/Meshes/SkeletalMeshes/PA_FabricFlag01.uasset" 6202
"D:/Skald_TurnBasedStrategy_Code/Content/Arena/Meshes/SkeletalMeshes/PA_FabricFlag01.uexp" 6203
"D:/Skald_TurnBasedStrategy_Code/Content/Arena/Meshes/SkeletalMeshes/SK_FabricFlag01Skeleton.uasset" 6204
"D:/Skald_TurnBasedStrategy_Code/Content/Arena/Meshes/SkeletalMeshes/SK_FabricFlag01Skeleton.uexp" 6205
"D:/Skald_TurnBasedStrategy_Code/Content/Arena/Meshes/SkeletalMeshes/SK_FabricFlag01.uasset" 6206
"D:/Skald_TurnBasedStrategy_Code/Content/Arena/Meshes/SkeletalMeshes/SK_FabricFlag01.uexp" 6207
"D:/Skald_TurnBasedStrategy_Code/Content/Arena/Meshes/SM_CornerCrack03.ubulk" 6208
"D:/Skald_TurnBasedStrategy_Code/Content/Arena/Meshes/SM_CornerCrack03.uasset" 6209
"D:/Skald_TurnBasedStrategy_Code/Content/Arena/Meshes/SM_CornerCrack03.uexp" 6210
"D:/Skald_TurnBasedStrategy_Code/Content/Arena/Meshes/SM_Fabric04.ubulk" 6211
"D:/Skald_TurnBasedStrategy_Code/Content/Arena/Meshes/SM_Fabric04.uasset" 6212
"D:/Skald_TurnBasedStrategy_Code/Content/Arena/Meshes/SM_Fabric04.uexp" 6213
"D:/Skald_TurnBasedStrategy_Code/Content/Arena/Blueprints/BP_CameraShake01.uasset" 6214
"D:/Skald_TurnBasedStrategy_Code/Content/Arena/Blueprints/BP_CameraShake01.uexp" 6215
"D:/Skald_TurnBasedStrategy_Code/Content/Arena/Blueprints/BP_CameraShake02.uasset" 6216
"D:/Skald_TurnBasedStrategy_Code/Content/Arena/Blueprints/BP_CameraShake02.uexp" 6217
"D:/Skald_TurnBasedStrategy_Code/Content/Arena/Meshes/SM_Rope03.ubulk" 6218
"D:/Skald_TurnBasedStrategy_Code/Content/Arena/Meshes/SM_Rope03.uasset" 6219
"D:/Skald_TurnBasedStrategy_Code/Content/Arena/Meshes/SM_Rope03.uexp" 6220
"D:/Skald_TurnBasedStrategy_Code/Content/Arena/Sequences/Flythrough.uasset" 6221
"D:/Skald_TurnBasedStrategy_Code/Content/Arena/Sequences/Flythrough.uexp" 6222
"D:/Skald_TurnBasedStrategy_Code/Content/Arena/Meshes/SM_FabricCover04.ubulk" 6223
"D:/Skald_TurnBasedStrategy_Code/Content/Arena/Meshes/SM_FabricCover04.uasset" 6224
"D:/Skald_TurnBasedStrategy_Code/Content/Arena/Meshes/SM_FabricCover04.uexp" 6225
"D:/Skald_TurnBasedStrategy_Code/Content/Arena/Textures/T_ArchDetails03_ORM.ubulk" 6226
"D:/Skald_TurnBasedStrategy_Code/Content/Arena/Textures/T_ArchDetails03_ORM.uasset" 6227
"D:/Skald_TurnBasedStrategy_Code/Content/Arena/Textures/T_ArchDetails03_ORM.uexp" 6228
"D:/Skald_TurnBasedStrategy_Code/Content/Arena/Textures/T_ArchDetails03_BC.ubulk" 6229
"D:/Skald_TurnBasedStrategy_Code/Content/Arena/Textures/T_ArchDetails03_BC.uasset" 6230
"D:/Skald_TurnBasedStrategy_Code/Content/Arena/Textures/T_ArchDetails03_BC.uexp" 6231
"D:/Skald_TurnBasedStrategy_Code/Content/Arena/Textures/T_ArchDetails03_N.ubulk" 6232
"D:/Skald_TurnBasedStrategy_Code/Content/Arena/Textures/T_ArchDetails03_N.uasset" 6233
"D:/Skald_TurnBasedStrategy_Code/Content/Arena/Textures/T_ArchDetails03_N.uexp" 6234
"D:/Skald_TurnBasedStrategy_Code/Content/Arena/Materials/MI_ArchDetails03.uasset" 6235
"D:/Skald_TurnBasedStrategy_Code/Content/Arena/Materials/MI_ArchDetails03.uexp" 6236
"D:/Skald_TurnBasedStrategy_Code/Content/Arena/Meshes/SM_Roof01.ubulk" 6237
"D:/Skald_TurnBasedStrategy_Code/Content/Arena/Meshes/SM_Roof01.uasset" 6238
"D:/Skald_TurnBasedStrategy_Code/Content/Arena/Meshes/SM_Roof01.uexp" 6239
"D:/Skald_TurnBasedStrategy_Code/Content/Arena/Meshes/SM_Seats06.ubulk" 6240
"D:/Skald_TurnBasedStrategy_Code/Content/Arena/Meshes/SM_Seats06.uasset" 6241
"D:/Skald_TurnBasedStrategy_Code/Content/Arena/Meshes/SM_Seats06.uexp" 6242
"D:/Skald_TurnBasedStrategy_Code/Content/Arena/Meshes/SM_Wall04.ubulk" 6243
"D:/Skald_TurnBasedStrategy_Code/Content/Arena/Meshes/SM_Wall04.uasset" 6244
"D:/Skald_TurnBasedStrategy_Code/Content/Arena/Meshes/SM_Wall04.uexp" 6245
"D:/Skald_TurnBasedStrategy_Code/Content/Arena/Meshes/SM_Fence02.ubulk" 6246
"D:/Skald_TurnBasedStrategy_Code/Content/Arena/Meshes/SM_Fence02.uasset" 6247
"D:/Skald_TurnBasedStrategy_Code/Content/Arena/Meshes/SM_Fence02.uexp" 6248
"D:/Skald_TurnBasedStrategy_Code/Content/Arena/Meshes/SM_Pillar05.ubulk" 6249
"D:/Skald_TurnBasedStrategy_Code/Content/Arena/Meshes/SM_Pillar05.uasset" 6250
"D:/Skald_TurnBasedStrategy_Code/Content/Arena/Meshes/SM_Pillar05.uexp" 6251
"D:/Skald_TurnBasedStrategy_Code/Content/Arena/Textures/T_WoodPlates01_N.ubulk" 6252
"D:/Skald_TurnBasedStrategy_Code/Content/Arena/Textures/T_WoodPlates01_N.uasset" 6253
"D:/Skald_TurnBasedStrategy_Code/Content/Arena/Textures/T_WoodPlates01_N.uexp" 6254
"D:/Skald_TurnBasedStrategy_Code/Content/Arena/Textures/T_WoodPlates01_ORM.ubulk" 6255
"D:/Skald_TurnBasedStrategy_Code/Content/Arena/Textures/T_WoodPlates01_ORM.uasset" 6256
"D:/Skald_TurnBasedStrategy_Code/Content/Arena/Textures/T_WoodPlates01_ORM.uexp" 6257
"D:/Skald_TurnBasedStrategy_Code/Content/Arena/Textures/T_WoodPlates01_BC.ubulk" 6258
"D:/Skald_TurnBasedStrategy_Code/Content/Arena/Textures/T_WoodPlates01_BC.uasset" 6259
"D:/Skald_TurnBasedStrategy_Code/Content/Arena/Textures/T_WoodPlates01_BC.uexp" 6260
"D:/Skald_TurnBasedStrategy_Code/Content/Arena/Materials/MI_WoodPlanls01.uasset" 6261
"D:/Skald_TurnBasedStrategy_Code/Content/Arena/Materials/MI_WoodPlanls01.uexp" 6262
"D:/Skald_TurnBasedStrategy_Code/Content/Arena/Meshes/SM_WoodPlank08.ubulk" 6263
"D:/Skald_TurnBasedStrategy_Code/Content/Arena/Meshes/SM_WoodPlank08.uasset" 6264
"D:/Skald_TurnBasedStrategy_Code/Content/Arena/Meshes/SM_WoodPlank08.uexp" 6265
"D:/Skald_TurnBasedStrategy_Code/Content/Arena/Textures/T_Roof01_BC.ubulk" 6266
"D:/Skald_TurnBasedStrategy_Code/Content/Arena/Textures/T_Roof01_BC.uasset" 6267
"D:/Skald_TurnBasedStrategy_Code/Content/Arena/Textures/T_Roof01_BC.uexp" 6268
"D:/Skald_TurnBasedStrategy_Code/Content/Arena/Textures/T_Roof01_ORM.ubulk" 6269
"D:/Skald_TurnBasedStrategy_Code/Content/Arena/Textures/T_Roof01_ORM.uasset" 6270
"D:/Skald_TurnBasedStrategy_Code/Content/Arena/Textures/T_Roof01_ORM.uexp" 6271
"D:/Skald_TurnBasedStrategy_Code/Content/Arena/Textures/T_Roof01_N.ubulk" 6272
"D:/Skald_TurnBasedStrategy_Code/Content/Arena/Textures/T_Roof01_N.uasset" 6273
"D:/Skald_TurnBasedStrategy_Code/Content/Arena/Textures/T_Roof01_N.uexp" 6274
"D:/Skald_TurnBasedStrategy_Code/Content/Arena/Materials/MI_RoofStones.uasset" 6275
"D:/Skald_TurnBasedStrategy_Code/Content/Arena/Materials/MI_RoofStones.uexp" 6276
"D:/Skald_TurnBasedStrategy_Code/Content/Arena/Meshes/SM_RoofStoneMerged01.uasset" 6277
"D:/Skald_TurnBasedStrategy_Code/Content/Arena/Meshes/SM_RoofStoneMerged01.uexp" 6278
"D:/Skald_TurnBasedStrategy_Code/Content/Arena/Meshes/SM_Pillar09.ubulk" 6279
"D:/Skald_TurnBasedStrategy_Code/Content/Arena/Meshes/SM_Pillar09.uasset" 6280
"D:/Skald_TurnBasedStrategy_Code/Content/Arena/Meshes/SM_Pillar09.uexp" 6281
"D:/Skald_TurnBasedStrategy_Code/Content/Arena/Meshes/SM_WoodPlank07.ubulk" 6282
"D:/Skald_TurnBasedStrategy_Code/Content/Arena/Meshes/SM_WoodPlank07.uasset" 6283
"D:/Skald_TurnBasedStrategy_Code/Content/Arena/Meshes/SM_WoodPlank07.uexp" 6284
"D:/Skald_TurnBasedStrategy_Code/Content/Arena/Materials/MI_Wood04.uasset" 6285
"D:/Skald_TurnBasedStrategy_Code/Content/Arena/Materials/MI_Wood04.uexp" 6286
"D:/Skald_TurnBasedStrategy_Code/Content/Arena/Textures/T_Lighthouse02_N.ubulk" 6287
"D:/Skald_TurnBasedStrategy_Code/Content/Arena/Textures/T_Lighthouse02_N.uasset" 6288
"D:/Skald_TurnBasedStrategy_Code/Content/Arena/Textures/T_Lighthouse02_N.uexp" 6289
"D:/Skald_TurnBasedStrategy_Code/Content/Arena/Textures/T_Lighthouse02_BC.ubulk" 6290
"D:/Skald_TurnBasedStrategy_Code/Content/Arena/Textures/T_Lighthouse02_BC.uasset" 6291
"D:/Skald_TurnBasedStrategy_Code/Content/Arena/Textures/T_Lighthouse02_BC.uexp" 6292
"D:/Skald_TurnBasedStrategy_Code/Content/Arena/Textures/T_Lighthouse02_ORM.ubulk" 6293
"D:/Skald_TurnBasedStrategy_Code/Content/Arena/Textures/T_Lighthouse02_ORM.uasset" 6294
"D:/Skald_TurnBasedStrategy_Code/Content/Arena/Textures/T_Lighthouse02_ORM.uexp" 6295
"D:/Skald_TurnBasedStrategy_Code/Content/Arena/Materials/MI_Lighthouse02.uasset" 6296
"D:/Skald_TurnBasedStrategy_Code/Content/Arena/Materials/MI_Lighthouse02.uexp" 6297
"D:/Skald_TurnBasedStrategy_Code/Content/Arena/Meshes/SM_FlagPole01.uasset" 6298
"D:/Skald_TurnBasedStrategy_Code/Content/Arena/Meshes/SM_FlagPole01.uexp" 6299
"D:/Skald_TurnBasedStrategy_Code/Content/Arena/Meshes/SM_Door02Part04.ubulk" 6300
"D:/Skald_TurnBasedStrategy_Code/Content/Arena/Meshes/SM_Door02Part04.uasset" 6301
"D:/Skald_TurnBasedStrategy_Code/Content/Arena/Meshes/SM_Door02Part04.uexp" 6302
"D:/Skald_TurnBasedStrategy_Code/Content/Arena/Meshes/SM_Wood05.ubulk" 6303
"D:/Skald_TurnBasedStrategy_Code/Content/Arena/Meshes/SM_Wood05.uasset" 6304
"D:/Skald_TurnBasedStrategy_Code/Content/Arena/Meshes/SM_Wood05.uexp" 6305
"D:/Skald_TurnBasedStrategy_Code/Content/Arena/Meshes/SM_Fabric02.ubulk" 6306
"D:/Skald_TurnBasedStrategy_Code/Content/Arena/Meshes/SM_Fabric02.uasset" 6307
"D:/Skald_TurnBasedStrategy_Code/Content/Arena/Meshes/SM_Fabric02.uexp" 6308
"D:/Skald_TurnBasedStrategy_Code/Content/Arena/Meshes/SM_WoodPlank05.ubulk" 6309
"D:/Skald_TurnBasedStrategy_Code/Content/Arena/Meshes/SM_WoodPlank05.uasset" 6310
"D:/Skald_TurnBasedStrategy_Code/Content/Arena/Meshes/SM_WoodPlank05.uexp" 6311
"D:/Skald_TurnBasedStrategy_Code/Content/Arena/Meshes/SM_WoodPlank04.ubulk" 6312
"D:/Skald_TurnBasedStrategy_Code/Content/Arena/Meshes/SM_WoodPlank04.uasset" 6313
"D:/Skald_TurnBasedStrategy_Code/Content/Arena/Meshes/SM_WoodPlank04.uexp" 6314
"D:/Skald_TurnBasedStrategy_Code/Content/Arena/Meshes/SM_WoodBeam06.ubulk" 6315
"D:/Skald_TurnBasedStrategy_Code/Content/Arena/Meshes/SM_WoodBeam06.uasset" 6316
"D:/Skald_TurnBasedStrategy_Code/Content/Arena/Meshes/SM_WoodBeam06.uexp" 6317
"D:/Skald_TurnBasedStrategy_Code/Content/Arena/Meshes/SM_WallFabric02.ubulk" 6318
"D:/Skald_TurnBasedStrategy_Code/Content/Arena/Meshes/SM_WallFabric02.uasset" 6319
"D:/Skald_TurnBasedStrategy_Code/Content/Arena/Meshes/SM_WallFabric02.uexp" 6320
"D:/Skald_TurnBasedStrategy_Code/Content/Arena/Meshes/SM_WoodPlank09.ubulk" 6321
"D:/Skald_TurnBasedStrategy_Code/Content/Arena/Meshes/SM_WoodPlank09.uasset" 6322
"D:/Skald_TurnBasedStrategy_Code/Content/Arena/Meshes/SM_WoodPlank09.uexp" 6323
"D:/Skald_TurnBasedStrategy_Code/Content/Arena/Meshes/SM_Seats04.ubulk" 6324
"D:/Skald_TurnBasedStrategy_Code/Content/Arena/Meshes/SM_Seats04.uasset" 6325
"D:/Skald_TurnBasedStrategy_Code/Content/Arena/Meshes/SM_Seats04.uexp" 6326
"D:/Skald_TurnBasedStrategy_Code/Content/Arena/Meshes/SM_Building02.ubulk" 6327
"D:/Skald_TurnBasedStrategy_Code/Content/Arena/Meshes/SM_Building02.uasset" 6328
"D:/Skald_TurnBasedStrategy_Code/Content/Arena/Meshes/SM_Building02.uexp" 6329
"D:/Skald_TurnBasedStrategy_Code/Content/Arena/Meshes/SM_Door02.ubulk" 6330
"D:/Skald_TurnBasedStrategy_Code/Content/Arena/Meshes/SM_Door02.uasset" 6331
"D:/Skald_TurnBasedStrategy_Code/Content/Arena/Meshes/SM_Door02.uexp" 6332
"D:/Skald_TurnBasedStrategy_Code/Content/Arena/Meshes/SM_StonePile02.ubulk" 6333
"D:/Skald_TurnBasedStrategy_Code/Content/Arena/Meshes/SM_StonePile02.uasset" 6334
"D:/Skald_TurnBasedStrategy_Code/Content/Arena/Meshes/SM_StonePile02.uexp" 6335
"D:/Skald_TurnBasedStrategy_Code/Content/Arena/Meshes/SM_Skeleton05.ubulk" 6336
"D:/Skald_TurnBasedStrategy_Code/Content/Arena/Meshes/SM_Skeleton05.uasset" 6337
"D:/Skald_TurnBasedStrategy_Code/Content/Arena/Meshes/SM_Skeleton05.uexp" 6338
"D:/Skald_TurnBasedStrategy_Code/Content/Arena/Textures/T_column_BC.ubulk" 6339
"D:/Skald_TurnBasedStrategy_Code/Content/Arena/Textures/T_column_BC.uasset" 6340
"D:/Skald_TurnBasedStrategy_Code/Content/Arena/Textures/T_column_BC.uexp" 6341
"D:/Skald_TurnBasedStrategy_Code/Content/Arena/Textures/T_column_ORM.ubulk" 6342
"D:/Skald_TurnBasedStrategy_Code/Content/Arena/Textures/T_column_ORM.uasset" 6343
"D:/Skald_TurnBasedStrategy_Code/Content/Arena/Textures/T_column_ORM.uexp" 6344
"D:/Skald_TurnBasedStrategy_Code/Content/Arena/Textures/T_column_N.ubulk" 6345
"D:/Skald_TurnBasedStrategy_Code/Content/Arena/Textures/T_column_N.uasset" 6346
"D:/Skald_TurnBasedStrategy_Code/Content/Arena/Textures/T_column_N.uexp" 6347
"D:/Skald_TurnBasedStrategy_Code/Content/Arena/Materials/MI_RoundColumn01.uasset" 6348
"D:/Skald_TurnBasedStrategy_Code/Content/Arena/Materials/MI_RoundColumn01.uexp" 6349
"D:/Skald_TurnBasedStrategy_Code/Content/Arena/Materials/MI_RoundColumn02.uasset" 6350
"D:/Skald_TurnBasedStrategy_Code/Content/Arena/Materials/MI_RoundColumn02.uexp" 6351
"D:/Skald_TurnBasedStrategy_Code/Content/Arena/Meshes/SM_RoundColumn01.ubulk" 6352
"D:/Skald_TurnBasedStrategy_Code/Content/Arena/Meshes/SM_RoundColumn01.uasset" 6353
"D:/Skald_TurnBasedStrategy_Code/Content/Arena/Meshes/SM_RoundColumn01.uexp" 6354
"D:/Skald_TurnBasedStrategy_Code/Content/Arena/Meshes/SM_WoodPole03.ubulk" 6355
"D:/Skald_TurnBasedStrategy_Code/Content/Arena/Meshes/SM_WoodPole03.uasset" 6356
"D:/Skald_TurnBasedStrategy_Code/Content/Arena/Meshes/SM_WoodPole03.uexp" 6357
"D:/Skald_TurnBasedStrategy_Code/Content/Arena/Meshes/SM_Seats05.ubulk" 6358
"D:/Skald_TurnBasedStrategy_Code/Content/Arena/Meshes/SM_Seats05.uasset" 6359
"D:/Skald_TurnBasedStrategy_Code/Content/Arena/Meshes/SM_Seats05.uexp" 6360
"D:/Skald_TurnBasedStrategy_Code/Content/Arena/Meshes/SM_Wall05.ubulk" 6361
"D:/Skald_TurnBasedStrategy_Code/Content/Arena/Meshes/SM_Wall05.uasset" 6362
"D:/Skald_TurnBasedStrategy_Code/Content/Arena/Meshes/SM_Wall05.uexp" 6363
"D:/Skald_TurnBasedStrategy_Code/Content/Arena/Meshes/SM_Fabric01.ubulk" 6364
"D:/Skald_TurnBasedStrategy_Code/Content/Arena/Meshes/SM_Fabric01.uasset" 6365
"D:/Skald_TurnBasedStrategy_Code/Content/Arena/Meshes/SM_Fabric01.uexp" 6366
"D:/Skald_TurnBasedStrategy_Code/Content/Arena/Meshes/SM_Fabric05.ubulk" 6367
"D:/Skald_TurnBasedStrategy_Code/Content/Arena/Meshes/SM_Fabric05.uasset" 6368
"D:/Skald_TurnBasedStrategy_Code/Content/Arena/Meshes/SM_Fabric05.uexp" 6369
"D:/Skald_TurnBasedStrategy_Code/Content/Arena/Materials/MI_Fabric02.uasset" 6370
"D:/Skald_TurnBasedStrategy_Code/Content/Arena/Materials/MI_Fabric02.uexp" 6371
"D:/Skald_TurnBasedStrategy_Code/Content/Arena/Textures/T_Doors01_ORM.ubulk" 6372
"D:/Skald_TurnBasedStrategy_Code/Content/Arena/Textures/T_Doors01_ORM.uasset" 6373
"D:/Skald_TurnBasedStrategy_Code/Content/Arena/Textures/T_Doors01_ORM.uexp" 6374
"D:/Skald_TurnBasedStrategy_Code/Content/Arena/Textures/T_Doors01_N.ubulk" 6375
"D:/Skald_TurnBasedStrategy_Code/Content/Arena/Textures/T_Doors01_N.uasset" 6376
"D:/Skald_TurnBasedStrategy_Code/Content/Arena/Textures/T_Doors01_N.uexp" 6377
"D:/Skald_TurnBasedStrategy_Code/Content/Arena/Textures/T_Doors01_BC.ubulk" 6378
"D:/Skald_TurnBasedStrategy_Code/Content/Arena/Textures/T_Doors01_BC.uasset" 6379
"D:/Skald_TurnBasedStrategy_Code/Content/Arena/Textures/T_Doors01_BC.uexp" 6380
"D:/Skald_TurnBasedStrategy_Code/Content/Arena/Materials/MI_Door01Color01.uasset" 6381
"D:/Skald_TurnBasedStrategy_Code/Content/Arena/Materials/MI_Door01Color01.uexp" 6382
"D:/Skald_TurnBasedStrategy_Code/Content/Arena/Meshes/SM_Door01Part03.ubulk" 6383
"D:/Skald_TurnBasedStrategy_Code/Content/Arena/Meshes/SM_Door01Part03.uasset" 6384
"D:/Skald_TurnBasedStrategy_Code/Content/Arena/Meshes/SM_Door01Part03.uexp" 6385
"D:/Skald_TurnBasedStrategy_Code/Content/Arena/Meshes/SM_Wall02.ubulk" 6386
"D:/Skald_TurnBasedStrategy_Code/Content/Arena/Meshes/SM_Wall02.uasset" 6387
"D:/Skald_TurnBasedStrategy_Code/Content/Arena/Meshes/SM_Wall02.uexp" 6388
"D:/Skald_TurnBasedStrategy_Code/Content/Arena/Meshes/SM_WoodBeam02.ubulk" 6389
"D:/Skald_TurnBasedStrategy_Code/Content/Arena/Meshes/SM_WoodBeam02.uasset" 6390
"D:/Skald_TurnBasedStrategy_Code/Content/Arena/Meshes/SM_WoodBeam02.uexp" 6391
"D:/Skald_TurnBasedStrategy_Code/Content/Arena/Meshes/SM_WoodBeam04.ubulk" 6392
"D:/Skald_TurnBasedStrategy_Code/Content/Arena/Meshes/SM_WoodBeam04.uasset" 6393
"D:/Skald_TurnBasedStrategy_Code/Content/Arena/Meshes/SM_WoodBeam04.uexp" 6394
"D:/Skald_TurnBasedStrategy_Code/Content/Arena/Meshes/SM_Skeleton04.ubulk" 6395
"D:/Skald_TurnBasedStrategy_Code/Content/Arena/Meshes/SM_Skeleton04.uasset" 6396
"D:/Skald_TurnBasedStrategy_Code/Content/Arena/Meshes/SM_Skeleton04.uexp" 6397
"D:/Skald_TurnBasedStrategy_Code/Content/Arena/Meshes/SM_Door01Part02.ubulk" 6398
"D:/Skald_TurnBasedStrategy_Code/Content/Arena/Meshes/SM_Door01Part02.uasset" 6399
"D:/Skald_TurnBasedStrategy_Code/Content/Arena/Meshes/SM_Door01Part02.uexp" 6400
"D:/Skald_TurnBasedStrategy_Code/Content/Arena/Meshes/SM_CornerCrack02.ubulk" 6401
"D:/Skald_TurnBasedStrategy_Code/Content/Arena/Meshes/SM_CornerCrack02.uasset" 6402
"D:/Skald_TurnBasedStrategy_Code/Content/Arena/Meshes/SM_CornerCrack02.uexp" 6403
"D:/Skald_TurnBasedStrategy_Code/Content/Arena/Meshes/SM_WoodPlank01.ubulk" 6404
"D:/Skald_TurnBasedStrategy_Code/Content/Arena/Meshes/SM_WoodPlank01.uasset" 6405
"D:/Skald_TurnBasedStrategy_Code/Content/Arena/Meshes/SM_WoodPlank01.uexp" 6406
"D:/Skald_TurnBasedStrategy_Code/Content/Arena/Meshes/SM_WoodPlank02.ubulk" 6407
"D:/Skald_TurnBasedStrategy_Code/Content/Arena/Meshes/SM_WoodPlank02.uasset" 6408
"D:/Skald_TurnBasedStrategy_Code/Content/Arena/Meshes/SM_WoodPlank02.uexp" 6409
"D:/Skald_TurnBasedStrategy_Code/Content/Arena/Meshes/SM_Door01.ubulk" 6410
"D:/Skald_TurnBasedStrategy_Code/Content/Arena/Meshes/SM_Door01.uasset" 6411
"D:/Skald_TurnBasedStrategy_Code/Content/Arena/Meshes/SM_Door01.uexp" 6412
"D:/Skald_TurnBasedStrategy_Code/Content/Arena/Meshes/SM_Ornament04.ubulk" 6413
"D:/Skald_TurnBasedStrategy_Code/Content/Arena/Meshes/SM_Ornament04.uasset" 6414
"D:/Skald_TurnBasedStrategy_Code/Content/Arena/Meshes/SM_Ornament04.uexp" 6415
"D:/Skald_TurnBasedStrategy_Code/Content/Arena/Meshes/SM_FabricCover03.ubulk" 6416
"D:/Skald_TurnBasedStrategy_Code/Content/Arena/Meshes/SM_FabricCover03.uasset" 6417
"D:/Skald_TurnBasedStrategy_Code/Content/Arena/Meshes/SM_FabricCover03.uexp" 6418
"D:/Skald_TurnBasedStrategy_Code/Content/Arena/Meshes/SM_OuterWall02.uasset" 6419
"D:/Skald_TurnBasedStrategy_Code/Content/Arena/Meshes/SM_OuterWall02.uexp" 6420
"D:/Skald_TurnBasedStrategy_Code/Content/Arena/Meshes/SM_Rope02.ubulk" 6421
"D:/Skald_TurnBasedStrategy_Code/Content/Arena/Meshes/SM_Rope02.uasset" 6422
"D:/Skald_TurnBasedStrategy_Code/Content/Arena/Meshes/SM_Rope02.uexp" 6423
"D:/Skald_TurnBasedStrategy_Code/Content/Arena/Textures/T_Ground02_BC.ubulk" 6424
"D:/Skald_TurnBasedStrategy_Code/Content/Arena/Textures/T_Ground02_BC.uasset" 6425
"D:/Skald_TurnBasedStrategy_Code/Content/Arena/Textures/T_Ground02_BC.uexp" 6426
"D:/Skald_TurnBasedStrategy_Code/Content/Arena/Textures/T_Ground02_N.ubulk" 6427
"D:/Skald_TurnBasedStrategy_Code/Content/Arena/Textures/T_Ground02_N.uasset" 6428
"D:/Skald_TurnBasedStrategy_Code/Content/Arena/Textures/T_Ground02_N.uexp" 6429
"../../../Engine/Content/Functions/Engine_MaterialFunctions02/Utility/Sign.uasset" 6430
"../../../Engine/Content/Functions/Engine_MaterialFunctions02/Utility/Sign.uexp" 6431
"../../../Engine/Content/Functions/Engine_MaterialFunctions02/Utility/Round.uasset" 6432
"../../../Engine/Content/Functions/Engine_MaterialFunctions02/Utility/Round.uexp" 6433
"D:/Skald_TurnBasedStrategy_Code/Content/Arena/Textures/T_Ground02_ORM.ubulk" 6434
"D:/Skald_TurnBasedStrategy_Code/Content/Arena/Textures/T_Ground02_ORM.uasset" 6435
"D:/Skald_TurnBasedStrategy_Code/Content/Arena/Textures/T_Ground02_ORM.uexp" 6436
"D:/Skald_TurnBasedStrategy_Code/Content/Arena/Materials/M_GroundMasterBlend.uasset" 6437
"D:/Skald_TurnBasedStrategy_Code/Content/Arena/Materials/M_GroundMasterBlend.uexp" 6438
"D:/Skald_TurnBasedStrategy_Code/Content/Arena/Materials/MI_GroundBlend02.uasset" 6439
"D:/Skald_TurnBasedStrategy_Code/Content/Arena/Materials/MI_GroundBlend02.uexp" 6440
"D:/Skald_TurnBasedStrategy_Code/Content/Arena/Meshes/SM_Wood03.ubulk" 6441
"D:/Skald_TurnBasedStrategy_Code/Content/Arena/Meshes/SM_Wood03.uasset" 6442
"D:/Skald_TurnBasedStrategy_Code/Content/Arena/Meshes/SM_Wood03.uexp" 6443
"D:/Skald_TurnBasedStrategy_Code/Content/Arena/Meshes/SM_WoodPlank03.ubulk" 6444
"D:/Skald_TurnBasedStrategy_Code/Content/Arena/Meshes/SM_WoodPlank03.uasset" 6445
"D:/Skald_TurnBasedStrategy_Code/Content/Arena/Meshes/SM_WoodPlank03.uexp" 6446
"D:/Skald_TurnBasedStrategy_Code/Content/Arena/Meshes/SM_Skull02.ubulk" 6447
"D:/Skald_TurnBasedStrategy_Code/Content/Arena/Meshes/SM_Skull02.uasset" 6448
"D:/Skald_TurnBasedStrategy_Code/Content/Arena/Meshes/SM_Skull02.uexp" 6449
"D:/Skald_TurnBasedStrategy_Code/Content/Arena/Textures/T_DirtMask_BC.ubulk" 6450
"D:/Skald_TurnBasedStrategy_Code/Content/Arena/Textures/T_DirtMask_BC.uasset" 6451
"D:/Skald_TurnBasedStrategy_Code/Content/Arena/Textures/T_DirtMask_BC.uexp" 6452
"D:/Skald_TurnBasedStrategy_Code/Content/Arena/Meshes/SM_Pillar08.ubulk" 6453
"D:/Skald_TurnBasedStrategy_Code/Content/Arena/Meshes/SM_Pillar08.uasset" 6454
"D:/Skald_TurnBasedStrategy_Code/Content/Arena/Meshes/SM_Pillar08.uexp" 6455
"D:/Skald_TurnBasedStrategy_Code/Content/Arena/Meshes/SM_Ornament06.ubulk" 6456
"D:/Skald_TurnBasedStrategy_Code/Content/Arena/Meshes/SM_Ornament06.uasset" 6457
"D:/Skald_TurnBasedStrategy_Code/Content/Arena/Meshes/SM_Ornament06.uexp" 6458
"D:/Skald_TurnBasedStrategy_Code/Content/Arena/Meshes/SM_DebrisStonesPile07.uasset" 6459
"D:/Skald_TurnBasedStrategy_Code/Content/Arena/Meshes/SM_DebrisStonesPile07.uexp" 6460
"D:/Skald_TurnBasedStrategy_Code/Content/Arena/Meshes/SM_Ornament05.ubulk" 6461
"D:/Skald_TurnBasedStrategy_Code/Content/Arena/Meshes/SM_Ornament05.uasset" 6462
"D:/Skald_TurnBasedStrategy_Code/Content/Arena/Meshes/SM_Ornament05.uexp" 6463
"D:/Skald_TurnBasedStrategy_Code/Content/Arena/Materials/MI_BrickWall08.uasset" 6464
"D:/Skald_TurnBasedStrategy_Code/Content/Arena/Materials/MI_BrickWall08.uexp" 6465
"D:/Skald_TurnBasedStrategy_Code/Content/Arena/Meshes/SM_Door01Part04.ubulk" 6466
"D:/Skald_TurnBasedStrategy_Code/Content/Arena/Meshes/SM_Door01Part04.uasset" 6467
"D:/Skald_TurnBasedStrategy_Code/Content/Arena/Meshes/SM_Door01Part04.uexp" 6468
"D:/Skald_TurnBasedStrategy_Code/Content/Arena/Textures/T_DoorsFrame01_ORM.ubulk" 6469
"D:/Skald_TurnBasedStrategy_Code/Content/Arena/Textures/T_DoorsFrame01_ORM.uasset" 6470
"D:/Skald_TurnBasedStrategy_Code/Content/Arena/Textures/T_DoorsFrame01_ORM.uexp" 6471
"D:/Skald_TurnBasedStrategy_Code/Content/Arena/Textures/T_DoorsFrame01_N.ubulk" 6472
"D:/Skald_TurnBasedStrategy_Code/Content/Arena/Textures/T_DoorsFrame01_N.uasset" 6473
"D:/Skald_TurnBasedStrategy_Code/Content/Arena/Textures/T_DoorsFrame01_N.uexp" 6474
"D:/Skald_TurnBasedStrategy_Code/Content/Arena/Textures/T_DoorsFrame01_BC.ubulk" 6475
"D:/Skald_TurnBasedStrategy_Code/Content/Arena/Textures/T_DoorsFrame01_BC.uasset" 6476
"D:/Skald_TurnBasedStrategy_Code/Content/Arena/Textures/T_DoorsFrame01_BC.uexp" 6477
"D:/Skald_TurnBasedStrategy_Code/Content/Arena/Materials/MI_DoorFrame01.uasset" 6478
"D:/Skald_TurnBasedStrategy_Code/Content/Arena/Materials/MI_DoorFrame01.uexp" 6479
"D:/Skald_TurnBasedStrategy_Code/Content/Arena/Meshes/SM_Door01Frame01.ubulk" 6480
"D:/Skald_TurnBasedStrategy_Code/Content/Arena/Meshes/SM_Door01Frame01.uasset" 6481
"D:/Skald_TurnBasedStrategy_Code/Content/Arena/Meshes/SM_Door01Frame01.uexp" 6482
"D:/Skald_TurnBasedStrategy_Code/Content/Arena/Meshes/SM_FabricCover02.ubulk" 6483
"D:/Skald_TurnBasedStrategy_Code/Content/Arena/Meshes/SM_FabricCover02.uasset" 6484
"D:/Skald_TurnBasedStrategy_Code/Content/Arena/Meshes/SM_FabricCover02.uexp" 6485
"D:/Skald_TurnBasedStrategy_Code/Content/Arena/Meshes/SM_WoodBeam07.ubulk" 6486
"D:/Skald_TurnBasedStrategy_Code/Content/Arena/Meshes/SM_WoodBeam07.uasset" 6487
"D:/Skald_TurnBasedStrategy_Code/Content/Arena/Meshes/SM_WoodBeam07.uexp" 6488
"D:/Skald_TurnBasedStrategy_Code/Content/Arena/Meshes/SM_Door02Part01.ubulk" 6489
"D:/Skald_TurnBasedStrategy_Code/Content/Arena/Meshes/SM_Door02Part01.uasset" 6490
"D:/Skald_TurnBasedStrategy_Code/Content/Arena/Meshes/SM_Door02Part01.uexp" 6491
"D:/Skald_TurnBasedStrategy_Code/Content/Arena/Maps/Demonstration.uexp" 6492
"D:/Skald_TurnBasedStrategy_Code/Content/Arena/Maps/Demonstration.umap" 6493
"D:/Skald_TurnBasedStrategy_Code/Content/GothicTemple/Environment/Props/GothicTemple/T_GothicBrickWall_02_RMA.ubulk" 6494
"D:/Skald_TurnBasedStrategy_Code/Content/GothicTemple/Environment/Props/GothicTemple/T_GothicBrickWall_02_RMA.uasset" 6495
"D:/Skald_TurnBasedStrategy_Code/Content/GothicTemple/Environment/Props/GothicTemple/T_GothicBrickWall_02_RMA.uexp" 6496
"D:/Skald_TurnBasedStrategy_Code/Content/GothicTemple/Environment/Props/GothicTemple/T_GothicBrickWall_02_BCH.ubulk" 6497
"D:/Skald_TurnBasedStrategy_Code/Content/GothicTemple/Environment/Props/GothicTemple/T_GothicBrickWall_02_BCH.uasset" 6498
"D:/Skald_TurnBasedStrategy_Code/Content/GothicTemple/Environment/Props/GothicTemple/T_GothicBrickWall_02_BCH.uexp" 6499
"D:/Skald_TurnBasedStrategy_Code/Content/GothicTemple/Environment/Props/GothicTemple/T_GothicBrickWall_02_N.ubulk" 6500
"D:/Skald_TurnBasedStrategy_Code/Content/GothicTemple/Environment/Props/GothicTemple/T_GothicBrickWall_02_N.uasset" 6501
"D:/Skald_TurnBasedStrategy_Code/Content/GothicTemple/Environment/Props/GothicTemple/T_GothicBrickWall_02_N.uexp" 6502
"D:/Skald_TurnBasedStrategy_Code/Content/GothicTemple/Environment/Props/GothicTemple/T_GothicBrickWallStucco_01_RMA.ubulk" 6503
"D:/Skald_TurnBasedStrategy_Code/Content/GothicTemple/Environment/Props/GothicTemple/T_GothicBrickWallStucco_01_RMA.uasset" 6504
"D:/Skald_TurnBasedStrategy_Code/Content/GothicTemple/Environment/Props/GothicTemple/T_GothicBrickWallStucco_01_RMA.uexp" 6505
"D:/Skald_TurnBasedStrategy_Code/Content/GothicTemple/Environment/Props/GothicTemple/T_GothicBrickWallStucco_01_N.ubulk" 6506
"D:/Skald_TurnBasedStrategy_Code/Content/GothicTemple/Environment/Props/GothicTemple/T_GothicBrickWallStucco_01_N.uasset" 6507
"D:/Skald_TurnBasedStrategy_Code/Content/GothicTemple/Environment/Props/GothicTemple/T_GothicBrickWallStucco_01_N.uexp" 6508
"D:/Skald_TurnBasedStrategy_Code/Content/GothicTemple/Environment/Props/GothicTemple/T_BrickDamagedNoise_N.uasset" 6509
"D:/Skald_TurnBasedStrategy_Code/Content/GothicTemple/Environment/Props/GothicTemple/T_BrickDamagedNoise_N.uexp" 6510
"../../../Engine/Content/EngineMaterials/DefaultNormal_Uncompressed.ubulk" 6511
"../../../Engine/Content/EngineMaterials/DefaultNormal_Uncompressed.uasset" 6512
"../../../Engine/Content/EngineMaterials/DefaultNormal_Uncompressed.uexp" 6513
"../../../Engine/Content/Functions/Engine_MaterialFunctions02/WorldAlignedNormals_HighQuality.uasset" 6514
"../../../Engine/Content/Functions/Engine_MaterialFunctions02/WorldAlignedNormals_HighQuality.uexp" 6515
"../../../Engine/Content/Functions/Engine_MaterialFunctions01/Texturing/WorldAlignedNormal.uasset" 6516
"../../../Engine/Content/Functions/Engine_MaterialFunctions01/Texturing/WorldAlignedNormal.uexp" 6517
"D:/Skald_TurnBasedStrategy_Code/Content/GothicTemple/Environment/Props/GothicTemple/T_GothicBrickWallStucco_01_BCH.ubulk" 6518
"D:/Skald_TurnBasedStrategy_Code/Content/GothicTemple/Environment/Props/GothicTemple/T_GothicBrickWallStucco_01_BCH.uasset" 6519
"D:/Skald_TurnBasedStrategy_Code/Content/GothicTemple/Environment/Props/GothicTemple/T_GothicBrickWallStucco_01_BCH.uexp" 6520
"D:/Skald_TurnBasedStrategy_Code/Content/GothicTemple/Environment/Props/GothicTemple/T_BrickDamagedNoise_Mask.ubulk" 6521
"D:/Skald_TurnBasedStrategy_Code/Content/GothicTemple/Environment/Props/GothicTemple/T_BrickDamagedNoise_Mask.uasset" 6522
"D:/Skald_TurnBasedStrategy_Code/Content/GothicTemple/Environment/Props/GothicTemple/T_BrickDamagedNoise_Mask.uexp" 6523
"D:/Skald_TurnBasedStrategy_Code/Content/GothicTemple/Environment/Textures/GenericTextures/T_DirectionalGrunge_01.ubulk" 6524
"D:/Skald_TurnBasedStrategy_Code/Content/GothicTemple/Environment/Textures/GenericTextures/T_DirectionalGrunge_01.uasset" 6525
"D:/Skald_TurnBasedStrategy_Code/Content/GothicTemple/Environment/Textures/GenericTextures/T_DirectionalGrunge_01.uexp" 6526
"D:/Skald_TurnBasedStrategy_Code/Content/GothicTemple/Materials/Shaders/M_GothicWalls.uasset" 6527
"D:/Skald_TurnBasedStrategy_Code/Content/GothicTemple/Materials/Shaders/M_GothicWalls.uexp" 6528
"D:/Skald_TurnBasedStrategy_Code/Content/GothicTemple/Environment/Props/GothicTemple/T_GothicBrickWallSnow_01_RMA.uasset" 6529
"D:/Skald_TurnBasedStrategy_Code/Content/GothicTemple/Environment/Props/GothicTemple/T_GothicBrickWallSnow_01_RMA.uexp" 6530
"D:/Skald_TurnBasedStrategy_Code/Content/GothicTemple/Environment/Props/GothicTemple/T_GothicBrickWallSnow_01_BCH.ubulk" 6531
"D:/Skald_TurnBasedStrategy_Code/Content/GothicTemple/Environment/Props/GothicTemple/T_GothicBrickWallSnow_01_BCH.uasset" 6532
"D:/Skald_TurnBasedStrategy_Code/Content/GothicTemple/Environment/Props/GothicTemple/T_GothicBrickWallSnow_01_BCH.uexp" 6533
"D:/Skald_TurnBasedStrategy_Code/Content/GothicTemple/Environment/Props/GothicTemple/T_GothicBrickWallSnow_01_N.uasset" 6534
"D:/Skald_TurnBasedStrategy_Code/Content/GothicTemple/Environment/Props/GothicTemple/T_GothicBrickWallSnow_01_N.uexp" 6535
"D:/Skald_TurnBasedStrategy_Code/Content/GothicTemple/Materials/Shaders/MI_GothicArc_06.uasset" 6536
"D:/Skald_TurnBasedStrategy_Code/Content/GothicTemple/Materials/Shaders/MI_GothicArc_06.uexp" 6537
"D:/Skald_TurnBasedStrategy_Code/Content/GothicTemple/Environment/Folliage/Grass/MI_GrassClump_01.uasset" 6538
"D:/Skald_TurnBasedStrategy_Code/Content/GothicTemple/Environment/Folliage/Grass/MI_GrassClump_01.uexp" 6539
"D:/Skald_TurnBasedStrategy_Code/Content/GothicTemple/Environment/Folliage/Grass/SM_GrassClump_05.ubulk" 6540
"D:/Skald_TurnBasedStrategy_Code/Content/GothicTemple/Environment/Folliage/Grass/SM_GrassClump_05.uasset" 6541
"D:/Skald_TurnBasedStrategy_Code/Content/GothicTemple/Environment/Folliage/Grass/SM_GrassClump_05.uexp" 6542
"D:/Skald_TurnBasedStrategy_Code/Content/GothicTemple/Materials/Shaders/MI_GothicArc_07.uasset" 6543
"D:/Skald_TurnBasedStrategy_Code/Content/GothicTemple/Materials/Shaders/MI_GothicArc_07.uexp" 6544
"D:/Skald_TurnBasedStrategy_Code/Content/GothicTemple/Materials/Shaders/MI_GothicArc_02.uasset" 6545
"D:/Skald_TurnBasedStrategy_Code/Content/GothicTemple/Materials/Shaders/MI_GothicArc_02.uexp" 6546
"D:/Skald_TurnBasedStrategy_Code/Content/GothicTemple/Environment/Props/GothicTemple/SM_GothicBrokenBlock_01.ubulk" 6547
"D:/Skald_TurnBasedStrategy_Code/Content/GothicTemple/Environment/Props/GothicTemple/SM_GothicBrokenBlock_01.uasset" 6548
"D:/Skald_TurnBasedStrategy_Code/Content/GothicTemple/Environment/Props/GothicTemple/SM_GothicBrokenBlock_01.uexp" 6549
"D:/Skald_TurnBasedStrategy_Code/Content/GothicTemple/Environment/Textures/GrungeDecals/T_GrungeDecal_03.ubulk" 6550
"D:/Skald_TurnBasedStrategy_Code/Content/GothicTemple/Environment/Textures/GrungeDecals/T_GrungeDecal_03.uasset" 6551
"D:/Skald_TurnBasedStrategy_Code/Content/GothicTemple/Environment/Textures/GrungeDecals/T_GrungeDecal_03.uexp" 6552
"D:/Skald_TurnBasedStrategy_Code/Content/GothicTemple/Environment/Textures/GrungeDecals/T_GrungeDecal_01.ubulk" 6553
"D:/Skald_TurnBasedStrategy_Code/Content/GothicTemple/Environment/Textures/GrungeDecals/T_GrungeDecal_01.uasset" 6554
"D:/Skald_TurnBasedStrategy_Code/Content/GothicTemple/Environment/Textures/GrungeDecals/T_GrungeDecal_01.uexp" 6555
"D:/Skald_TurnBasedStrategy_Code/Content/GothicTemple/Environment/Textures/GrungeDecals/M_GrungeDecals.uasset" 6556
"D:/Skald_TurnBasedStrategy_Code/Content/GothicTemple/Environment/Textures/GrungeDecals/M_GrungeDecals.uexp" 6557
"D:/Skald_TurnBasedStrategy_Code/Content/GothicTemple/Environment/Textures/GrungeDecals/MI_GrungeDecal_03.uasset" 6558
"D:/Skald_TurnBasedStrategy_Code/Content/GothicTemple/Environment/Textures/GrungeDecals/MI_GrungeDecal_03.uexp" 6559
"D:/Skald_TurnBasedStrategy_Code/Content/GothicTemple/Environment/Props/GothicBlocks/T_GothicBlocks_C.ubulk" 6560
"D:/Skald_TurnBasedStrategy_Code/Content/GothicTemple/Environment/Props/GothicBlocks/T_GothicBlocks_C.uasset" 6561
"D:/Skald_TurnBasedStrategy_Code/Content/GothicTemple/Environment/Props/GothicBlocks/T_GothicBlocks_C.uexp" 6562
"D:/Skald_TurnBasedStrategy_Code/Content/GothicTemple/Environment/Props/GothicBlocks/T_GothicBlocks_N.uasset" 6563
"D:/Skald_TurnBasedStrategy_Code/Content/GothicTemple/Environment/Props/GothicBlocks/T_GothicBlocks_N.uexp" 6564
"D:/Skald_TurnBasedStrategy_Code/Content/GothicTemple/Environment/Props/GothicBlocks/T_GothicBlocks_AO.ubulk" 6565
"D:/Skald_TurnBasedStrategy_Code/Content/GothicTemple/Environment/Props/GothicBlocks/T_GothicBlocks_AO.uasset" 6566
"D:/Skald_TurnBasedStrategy_Code/Content/GothicTemple/Environment/Props/GothicBlocks/T_GothicBlocks_AO.uexp" 6567
"D:/Skald_TurnBasedStrategy_Code/Content/GothicTemple/Environment/Props/OldTemple/Altar/T_TempleAltar_AO.ubulk" 6568
"D:/Skald_TurnBasedStrategy_Code/Content/GothicTemple/Environment/Props/OldTemple/Altar/T_TempleAltar_AO.uasset" 6569
"D:/Skald_TurnBasedStrategy_Code/Content/GothicTemple/Environment/Props/OldTemple/Altar/T_TempleAltar_AO.uexp" 6570
"D:/Skald_TurnBasedStrategy_Code/Content/GothicTemple/Environment/Props/OldTemple/Altar/T_TempleAltar_C.ubulk" 6571
"D:/Skald_TurnBasedStrategy_Code/Content/GothicTemple/Environment/Props/OldTemple/Altar/T_TempleAltar_C.uasset" 6572
"D:/Skald_TurnBasedStrategy_Code/Content/GothicTemple/Environment/Props/OldTemple/Altar/T_TempleAltar_C.uexp" 6573
"D:/Skald_TurnBasedStrategy_Code/Content/GothicTemple/Environment/Props/OldTemple/Altar/T_TempleAltar_N.uasset" 6574
"D:/Skald_TurnBasedStrategy_Code/Content/GothicTemple/Environment/Props/OldTemple/Altar/T_TempleAltar_N.uexp" 6575
"D:/Skald_TurnBasedStrategy_Code/Content/GothicTemple/Environment/Textures/GenericTextures/T_Cave_Ice_Noise_D.ubulk" 6576
"D:/Skald_TurnBasedStrategy_Code/Content/GothicTemple/Environment/Textures/GenericTextures/T_Cave_Ice_Noise_D.uasset" 6577
"D:/Skald_TurnBasedStrategy_Code/Content/GothicTemple/Environment/Textures/GenericTextures/T_Cave_Ice_Noise_D.uexp" 6578
"D:/Skald_TurnBasedStrategy_Code/Content/GothicTemple/Environment/Props/OldTemple/M_TempleAssets.uasset" 6579
"D:/Skald_TurnBasedStrategy_Code/Content/GothicTemple/Environment/Props/OldTemple/M_TempleAssets.uexp" 6580
"D:/Skald_TurnBasedStrategy_Code/Content/GothicTemple/Environment/Props/OldTemple/MI_TempleAssetsCylinders.uasset" 6581
"D:/Skald_TurnBasedStrategy_Code/Content/GothicTemple/Environment/Props/OldTemple/MI_TempleAssetsCylinders.uexp" 6582
"D:/Skald_TurnBasedStrategy_Code/Content/GothicTemple/Environment/Props/GothicTemple/T_GothicBrickWallSnow_02_BCH.ubulk" 6583
"D:/Skald_TurnBasedStrategy_Code/Content/GothicTemple/Environment/Props/GothicTemple/T_GothicBrickWallSnow_02_BCH.uasset" 6584
"D:/Skald_TurnBasedStrategy_Code/Content/GothicTemple/Environment/Props/GothicTemple/T_GothicBrickWallSnow_02_BCH.uexp" 6585
"D:/Skald_TurnBasedStrategy_Code/Content/GothicTemple/Environment/Props/GothicTemple/T_GothicBrickWallSnow_02_N.uasset" 6586
"D:/Skald_TurnBasedStrategy_Code/Content/GothicTemple/Environment/Props/GothicTemple/T_GothicBrickWallSnow_02_N.uexp" 6587
"D:/Skald_TurnBasedStrategy_Code/Content/GothicTemple/Environment/Props/GothicTemple/T_GothicBrickWallSnow_02_RMA.uasset" 6588
"D:/Skald_TurnBasedStrategy_Code/Content/GothicTemple/Environment/Props/GothicTemple/T_GothicBrickWallSnow_02_RMA.uexp" 6589
"D:/Skald_TurnBasedStrategy_Code/Content/GothicTemple/Materials/Shaders/MI_GothicColumns_06.uasset" 6590
"D:/Skald_TurnBasedStrategy_Code/Content/GothicTemple/Materials/Shaders/MI_GothicColumns_06.uexp" 6591
"D:/Skald_TurnBasedStrategy_Code/Content/GothicTemple/Materials/Shaders/MI_GothicArc_02_Lines.uasset" 6592
"D:/Skald_TurnBasedStrategy_Code/Content/GothicTemple/Materials/Shaders/MI_GothicArc_02_Lines.uexp" 6593
"D:/Skald_TurnBasedStrategy_Code/Content/GothicTemple/Environment/Textures/GothicTrims_01/T_GothicTrims_01_RMA.uasset" 6594
"D:/Skald_TurnBasedStrategy_Code/Content/GothicTemple/Environment/Textures/GothicTrims_01/T_GothicTrims_01_RMA.uexp" 6595
"D:/Skald_TurnBasedStrategy_Code/Content/GothicTemple/Environment/Textures/GothicTrims_01/T_GothicTrims_01_BC.uasset" 6596
"D:/Skald_TurnBasedStrategy_Code/Content/GothicTemple/Environment/Textures/GothicTrims_01/T_GothicTrims_01_BC.uexp" 6597
"D:/Skald_TurnBasedStrategy_Code/Content/GothicTemple/Environment/Textures/GothicTrims_01/T_GothicTrims_01_N.uasset" 6598
"D:/Skald_TurnBasedStrategy_Code/Content/GothicTemple/Environment/Textures/GothicTrims_01/T_GothicTrims_01_N.uexp" 6599
"D:/Skald_TurnBasedStrategy_Code/Content/GothicTemple/Materials/Shaders/MI_GothicArc_02_Trims.uasset" 6600
"D:/Skald_TurnBasedStrategy_Code/Content/GothicTemple/Materials/Shaders/MI_GothicArc_02_Trims.uexp" 6601
"D:/Skald_TurnBasedStrategy_Code/Content/GothicTemple/Environment/Props/GothicTemple/SM_GothicArc_02.ubulk" 6602
"D:/Skald_TurnBasedStrategy_Code/Content/GothicTemple/Environment/Props/GothicTemple/SM_GothicArc_02.uasset" 6603
"D:/Skald_TurnBasedStrategy_Code/Content/GothicTemple/Environment/Props/GothicTemple/SM_GothicArc_02.uexp" 6604
"D:/Skald_TurnBasedStrategy_Code/Content/GothicTemple/Environment/Props/GothicTemple/T_GothicBrickWall_01_BCH.ubulk" 6605
"D:/Skald_TurnBasedStrategy_Code/Content/GothicTemple/Environment/Props/GothicTemple/T_GothicBrickWall_01_BCH.uasset" 6606
"D:/Skald_TurnBasedStrategy_Code/Content/GothicTemple/Environment/Props/GothicTemple/T_GothicBrickWall_01_BCH.uexp" 6607
"D:/Skald_TurnBasedStrategy_Code/Content/GothicTemple/Environment/Props/GothicTemple/T_GothicBrickWall_01_N.uasset" 6608
"D:/Skald_TurnBasedStrategy_Code/Content/GothicTemple/Environment/Props/GothicTemple/T_GothicBrickWall_01_N.uexp" 6609
"D:/Skald_TurnBasedStrategy_Code/Content/GothicTemple/Environment/Props/GothicTemple/T_GothicBrickWall_01_RMA.uasset" 6610
"D:/Skald_TurnBasedStrategy_Code/Content/GothicTemple/Environment/Props/GothicTemple/T_GothicBrickWall_01_RMA.uexp" 6611
"D:/Skald_TurnBasedStrategy_Code/Content/GothicTemple/Materials/Shaders/MI_GothicWall_01.uasset" 6612
"D:/Skald_TurnBasedStrategy_Code/Content/GothicTemple/Materials/Shaders/MI_GothicWall_01.uexp" 6613
"D:/Skald_TurnBasedStrategy_Code/Content/GothicTemple/Environment/Props/GothicTemple/SM_Wall_02.ubulk" 6614
"D:/Skald_TurnBasedStrategy_Code/Content/GothicTemple/Environment/Props/GothicTemple/SM_Wall_02.uasset" 6615
"D:/Skald_TurnBasedStrategy_Code/Content/GothicTemple/Environment/Props/GothicTemple/SM_Wall_02.uexp" 6616
"D:/Skald_TurnBasedStrategy_Code/Content/GothicTemple/Environment/Folliage/Branches/MI_Branch_01.uasset" 6617
"D:/Skald_TurnBasedStrategy_Code/Content/GothicTemple/Environment/Folliage/Branches/MI_Branch_01.uexp" 6618
"D:/Skald_TurnBasedStrategy_Code/Content/GothicTemple/Environment/Folliage/Branches/SM_MediumBranch_01.ubulk" 6619
"D:/Skald_TurnBasedStrategy_Code/Content/GothicTemple/Environment/Folliage/Branches/SM_MediumBranch_01.uasset" 6620
"D:/Skald_TurnBasedStrategy_Code/Content/GothicTemple/Environment/Folliage/Branches/SM_MediumBranch_01.uexp" 6621
"D:/Skald_TurnBasedStrategy_Code/Content/GothicTemple/Environment/Props/GothicBlocks/SM_GothicCylinder_04.ubulk" 6622
"D:/Skald_TurnBasedStrategy_Code/Content/GothicTemple/Environment/Props/GothicBlocks/SM_GothicCylinder_04.uasset" 6623
"D:/Skald_TurnBasedStrategy_Code/Content/GothicTemple/Environment/Props/GothicBlocks/SM_GothicCylinder_04.uexp" 6624
"D:/Skald_TurnBasedStrategy_Code/Content/GothicTemple/Materials/Shaders/MI_GothicColumns_05.uasset" 6625
"D:/Skald_TurnBasedStrategy_Code/Content/GothicTemple/Materials/Shaders/MI_GothicColumns_05.uexp" 6626
"D:/Skald_TurnBasedStrategy_Code/Content/GothicTemple/Materials/Shaders/MI_GothicTrims_02.uasset" 6627
"D:/Skald_TurnBasedStrategy_Code/Content/GothicTemple/Materials/Shaders/MI_GothicTrims_02.uexp" 6628
"D:/Skald_TurnBasedStrategy_Code/Content/GothicTemple/Environment/Props/GothicTemple/SM_GothicBrokenColumn_01.ubulk" 6629
"D:/Skald_TurnBasedStrategy_Code/Content/GothicTemple/Environment/Props/GothicTemple/SM_GothicBrokenColumn_01.uasset" 6630
"D:/Skald_TurnBasedStrategy_Code/Content/GothicTemple/Environment/Props/GothicTemple/SM_GothicBrokenColumn_01.uexp" 6631
"D:/Skald_TurnBasedStrategy_Code/Content/GothicTemple/Environment/Textures/GenericTextures/T_TilingNoise_02.ubulk" 6632
"D:/Skald_TurnBasedStrategy_Code/Content/GothicTemple/Environment/Textures/GenericTextures/T_TilingNoise_02.uasset" 6633
"D:/Skald_TurnBasedStrategy_Code/Content/GothicTemple/Environment/Textures/GenericTextures/T_TilingNoise_02.uexp" 6634
"D:/Skald_TurnBasedStrategy_Code/Content/GothicTemple/Environment/Props/OldTemple/Floor/T_StoneFloor_R.ubulk" 6635
"D:/Skald_TurnBasedStrategy_Code/Content/GothicTemple/Environment/Props/OldTemple/Floor/T_StoneFloor_R.uasset" 6636
"D:/Skald_TurnBasedStrategy_Code/Content/GothicTemple/Environment/Props/OldTemple/Floor/T_StoneFloor_R.uexp" 6637
"D:/Skald_TurnBasedStrategy_Code/Content/GothicTemple/Environment/Textures/Snow_02/T_Snow_02_H.ubulk" 6638
"D:/Skald_TurnBasedStrategy_Code/Content/GothicTemple/Environment/Textures/Snow_02/T_Snow_02_H.uasset" 6639
"D:/Skald_TurnBasedStrategy_Code/Content/GothicTemple/Environment/Textures/Snow_02/T_Snow_02_H.uexp" 6640
"D:/Skald_TurnBasedStrategy_Code/Content/GothicTemple/Environment/Props/OldTemple/Floor/T_StoneFloor_N.ubulk" 6641
"D:/Skald_TurnBasedStrategy_Code/Content/GothicTemple/Environment/Props/OldTemple/Floor/T_StoneFloor_N.uasset" 6642
"D:/Skald_TurnBasedStrategy_Code/Content/GothicTemple/Environment/Props/OldTemple/Floor/T_StoneFloor_N.uexp" 6643
"D:/Skald_TurnBasedStrategy_Code/Content/GothicTemple/Environment/Props/OldTemple/Floor/T_StoneFloor_H2.ubulk" 6644
"D:/Skald_TurnBasedStrategy_Code/Content/GothicTemple/Environment/Props/OldTemple/Floor/T_StoneFloor_H2.uasset" 6645
"D:/Skald_TurnBasedStrategy_Code/Content/GothicTemple/Environment/Props/OldTemple/Floor/T_StoneFloor_H2.uexp" 6646
"D:/Skald_TurnBasedStrategy_Code/Content/GothicTemple/Environment/Props/OldTemple/Floor/T_StoneFloor_BC.ubulk" 6647
"D:/Skald_TurnBasedStrategy_Code/Content/GothicTemple/Environment/Props/OldTemple/Floor/T_StoneFloor_BC.uasset" 6648
"D:/Skald_TurnBasedStrategy_Code/Content/GothicTemple/Environment/Props/OldTemple/Floor/T_StoneFloor_BC.uexp" 6649
"D:/Skald_TurnBasedStrategy_Code/Content/GothicTemple/Environment/Props/OldTemple/Floor/M_TempleFloor.uasset" 6650
"D:/Skald_TurnBasedStrategy_Code/Content/GothicTemple/Environment/Props/OldTemple/Floor/M_TempleFloor.uexp" 6651
"D:/Skald_TurnBasedStrategy_Code/Content/GothicTemple/Environment/Props/OldTemple/Floor/MI_TempleFloor_01.uasset" 6652
"D:/Skald_TurnBasedStrategy_Code/Content/GothicTemple/Environment/Props/OldTemple/Floor/MI_TempleFloor_01.uexp" 6653
"D:/Skald_TurnBasedStrategy_Code/Content/GothicTemple/Environment/Props/OldTemple/Floor/SM_TempleFloor_01.ubulk" 6654
"D:/Skald_TurnBasedStrategy_Code/Content/GothicTemple/Environment/Props/OldTemple/Floor/SM_TempleFloor_01.uasset" 6655
"D:/Skald_TurnBasedStrategy_Code/Content/GothicTemple/Environment/Props/OldTemple/Floor/SM_TempleFloor_01.uexp" 6656
"D:/Skald_TurnBasedStrategy_Code/Content/GothicTemple/Environment/Textures/GrungeDecals/MI_GrungeDecal_01.uasset" 6657
"D:/Skald_TurnBasedStrategy_Code/Content/GothicTemple/Environment/Textures/GrungeDecals/MI_GrungeDecal_01.uexp" 6658
"D:/Skald_TurnBasedStrategy_Code/Content/GothicTemple/Environment/Folliage/Grass/SM_GrassClump_03.ubulk" 6659
"D:/Skald_TurnBasedStrategy_Code/Content/GothicTemple/Environment/Folliage/Grass/SM_GrassClump_03.uasset" 6660
"D:/Skald_TurnBasedStrategy_Code/Content/GothicTemple/Environment/Folliage/Grass/SM_GrassClump_03.uexp" 6661
"D:/Skald_TurnBasedStrategy_Code/Content/GothicTemple/Environment/Textures/DirtSnow/T_DirtSnow_BC.ubulk" 6662
"D:/Skald_TurnBasedStrategy_Code/Content/GothicTemple/Environment/Textures/DirtSnow/T_DirtSnow_BC.uasset" 6663
"D:/Skald_TurnBasedStrategy_Code/Content/GothicTemple/Environment/Textures/DirtSnow/T_DirtSnow_BC.uexp" 6664
"D:/Skald_TurnBasedStrategy_Code/Content/GothicTemple/Environment/Textures/SoilGround_01/T_SoilGround_RHA.ubulk" 6665
"D:/Skald_TurnBasedStrategy_Code/Content/GothicTemple/Environment/Textures/SoilGround_01/T_SoilGround_RHA.uasset" 6666
"D:/Skald_TurnBasedStrategy_Code/Content/GothicTemple/Environment/Textures/SoilGround_01/T_SoilGround_RHA.uexp" 6667
"D:/Skald_TurnBasedStrategy_Code/Content/GothicTemple/Environment/Textures/SoilGround_01/T_SoilGround_N.ubulk" 6668
"D:/Skald_TurnBasedStrategy_Code/Content/GothicTemple/Environment/Textures/SoilGround_01/T_SoilGround_N.uasset" 6669
"D:/Skald_TurnBasedStrategy_Code/Content/GothicTemple/Environment/Textures/SoilGround_01/T_SoilGround_N.uexp" 6670
"D:/Skald_TurnBasedStrategy_Code/Content/GothicTemple/Environment/Textures/GrassGround_01/T_GrassGround_N.ubulk" 6671
"D:/Skald_TurnBasedStrategy_Code/Content/GothicTemple/Environment/Textures/GrassGround_01/T_GrassGround_N.uasset" 6672
"D:/Skald_TurnBasedStrategy_Code/Content/GothicTemple/Environment/Textures/GrassGround_01/T_GrassGround_N.uexp" 6673
"D:/Skald_TurnBasedStrategy_Code/Content/GothicTemple/Environment/Textures/DirtSnow/T_DirtSnow_N.ubulk" 6674
"D:/Skald_TurnBasedStrategy_Code/Content/GothicTemple/Environment/Textures/DirtSnow/T_DirtSnow_N.uasset" 6675
"D:/Skald_TurnBasedStrategy_Code/Content/GothicTemple/Environment/Textures/DirtSnow/T_DirtSnow_N.uexp" 6676
"D:/Skald_TurnBasedStrategy_Code/Content/GothicTemple/Environment/Textures/SoilGround_01/T_SoilGround_BC.ubulk" 6677
"D:/Skald_TurnBasedStrategy_Code/Content/GothicTemple/Environment/Textures/SoilGround_01/T_SoilGround_BC.uasset" 6678
"D:/Skald_TurnBasedStrategy_Code/Content/GothicTemple/Environment/Textures/SoilGround_01/T_SoilGround_BC.uexp" 6679
"D:/Skald_TurnBasedStrategy_Code/Content/GothicTemple/Environment/Textures/Snow_02/T_Snow_02_RHA.ubulk" 6680
"D:/Skald_TurnBasedStrategy_Code/Content/GothicTemple/Environment/Textures/Snow_02/T_Snow_02_RHA.uasset" 6681
"D:/Skald_TurnBasedStrategy_Code/Content/GothicTemple/Environment/Textures/Snow_02/T_Snow_02_RHA.uexp" 6682
"D:/Skald_TurnBasedStrategy_Code/Content/GothicTemple/Environment/Textures/GrassGround_01/T_GrassGround_BC.ubulk" 6683
"D:/Skald_TurnBasedStrategy_Code/Content/GothicTemple/Environment/Textures/GrassGround_01/T_GrassGround_BC.uasset" 6684
"D:/Skald_TurnBasedStrategy_Code/Content/GothicTemple/Environment/Textures/GrassGround_01/T_GrassGround_BC.uexp" 6685
"D:/Skald_TurnBasedStrategy_Code/Content/GothicTemple/Environment/Textures/GenericTextures/T_Default_RMA.ubulk" 6686
"D:/Skald_TurnBasedStrategy_Code/Content/GothicTemple/Environment/Textures/GenericTextures/T_Default_RMA.uasset" 6687
"D:/Skald_TurnBasedStrategy_Code/Content/GothicTemple/Environment/Textures/GenericTextures/T_Default_RMA.uexp" 6688
"D:/Skald_TurnBasedStrategy_Code/Content/GothicTemple/Materials/Material_Functions/MF_TextureSampleTerrain.uasset" 6689
"D:/Skald_TurnBasedStrategy_Code/Content/GothicTemple/Materials/Material_Functions/MF_TextureSampleTerrain.uexp" 6690
"D:/Skald_TurnBasedStrategy_Code/Content/GothicTemple/Materials/Material_Functions/MF_Puddles.uasset" 6691
"D:/Skald_TurnBasedStrategy_Code/Content/GothicTemple/Materials/Material_Functions/MF_Puddles.uexp" 6692
"D:/Skald_TurnBasedStrategy_Code/Content/GothicTemple/Materials/Shaders/M_Landscape.uasset" 6693
"D:/Skald_TurnBasedStrategy_Code/Content/GothicTemple/Materials/Shaders/M_Landscape.uexp" 6694
"D:/Skald_TurnBasedStrategy_Code/Content/GothicTemple/Environment/Textures/DirtSnow/T_DirtSnow_RHA.ubulk" 6695
"D:/Skald_TurnBasedStrategy_Code/Content/GothicTemple/Environment/Textures/DirtSnow/T_DirtSnow_RHA.uasset" 6696
"D:/Skald_TurnBasedStrategy_Code/Content/GothicTemple/Environment/Textures/DirtSnow/T_DirtSnow_RHA.uexp" 6697
"D:/Skald_TurnBasedStrategy_Code/Content/GothicTemple/Environment/Textures/GrassGround_01/T_GrassGround_RHA.ubulk" 6698
"D:/Skald_TurnBasedStrategy_Code/Content/GothicTemple/Environment/Textures/GrassGround_01/T_GrassGround_RHA.uasset" 6699
"D:/Skald_TurnBasedStrategy_Code/Content/GothicTemple/Environment/Textures/GrassGround_01/T_GrassGround_RHA.uexp" 6700
"D:/Skald_TurnBasedStrategy_Code/Content/GothicTemple/Materials/Shaders/MI_Landscape.uasset" 6701
"D:/Skald_TurnBasedStrategy_Code/Content/GothicTemple/Materials/Shaders/MI_Landscape.uexp" 6702
"D:/Skald_TurnBasedStrategy_Code/Content/GothicTemple/Environment/Folliage/Branches/MI_Branch_02.uasset" 6703
"D:/Skald_TurnBasedStrategy_Code/Content/GothicTemple/Environment/Folliage/Branches/MI_Branch_02.uexp" 6704
"D:/Skald_TurnBasedStrategy_Code/Content/GothicTemple/Environment/Folliage/Branches/SM_SmallBranch_01.ubulk" 6705
"D:/Skald_TurnBasedStrategy_Code/Content/GothicTemple/Environment/Folliage/Branches/SM_SmallBranch_01.uasset" 6706
"D:/Skald_TurnBasedStrategy_Code/Content/GothicTemple/Environment/Folliage/Branches/SM_SmallBranch_01.uexp" 6707
"D:/Skald_TurnBasedStrategy_Code/Content/GothicTemple/Environment/Folliage/Bush/T_BushesAtlas_NRAO.ubulk" 6708
"D:/Skald_TurnBasedStrategy_Code/Content/GothicTemple/Environment/Folliage/Bush/T_BushesAtlas_NRAO.uasset" 6709
"D:/Skald_TurnBasedStrategy_Code/Content/GothicTemple/Environment/Folliage/Bush/T_BushesAtlas_NRAO.uexp" 6710
"D:/Skald_TurnBasedStrategy_Code/Content/GothicTemple/Environment/Folliage/Bush/T_BushesAtlas_BC.ubulk" 6711
"D:/Skald_TurnBasedStrategy_Code/Content/GothicTemple/Environment/Folliage/Bush/T_BushesAtlas_BC.uasset" 6712
"D:/Skald_TurnBasedStrategy_Code/Content/GothicTemple/Environment/Folliage/Bush/T_BushesAtlas_BC.uexp" 6713
"D:/Skald_TurnBasedStrategy_Code/Content/GothicTemple/Environment/Folliage/Bush/MI_BushClump_01.uasset" 6714
"D:/Skald_TurnBasedStrategy_Code/Content/GothicTemple/Environment/Folliage/Bush/MI_BushClump_01.uexp" 6715
"D:/Skald_TurnBasedStrategy_Code/Content/GothicTemple/Environment/Folliage/Bush/SM_BushClump_01.ubulk" 6716
"D:/Skald_TurnBasedStrategy_Code/Content/GothicTemple/Environment/Folliage/Bush/SM_BushClump_01.uasset" 6717
"D:/Skald_TurnBasedStrategy_Code/Content/GothicTemple/Environment/Folliage/Bush/SM_BushClump_01.uexp" 6718
"D:/Skald_TurnBasedStrategy_Code/Content/GothicTemple/Environment/Folliage/DriedLeaves/MI_DriedLeaves_01.uasset" 6719
"D:/Skald_TurnBasedStrategy_Code/Content/GothicTemple/Environment/Folliage/DriedLeaves/MI_DriedLeaves_01.uexp" 6720
"D:/Skald_TurnBasedStrategy_Code/Content/GothicTemple/Environment/Folliage/DriedLeaves/SM_DriedLeaf_02.ubulk" 6721
"D:/Skald_TurnBasedStrategy_Code/Content/GothicTemple/Environment/Folliage/DriedLeaves/SM_DriedLeaf_02.uasset" 6722
"D:/Skald_TurnBasedStrategy_Code/Content/GothicTemple/Environment/Folliage/DriedLeaves/SM_DriedLeaf_02.uexp" 6723
"D:/Skald_TurnBasedStrategy_Code/Content/GothicTemple/Environment/Props/GothicBlocks/SM_GothicCylinder_02.ubulk" 6724
"D:/Skald_TurnBasedStrategy_Code/Content/GothicTemple/Environment/Props/GothicBlocks/SM_GothicCylinder_02.uasset" 6725
"D:/Skald_TurnBasedStrategy_Code/Content/GothicTemple/Environment/Props/GothicBlocks/SM_GothicCylinder_02.uexp" 6726
"../../../Engine/Content/EngineResources/LandscapeVisibilityLayerInfo.uasset" 6727
"../../../Engine/Content/EngineResources/LandscapeVisibilityLayerInfo.uexp" 6728
"D:/Skald_TurnBasedStrategy_Code/Content/GothicTemple/Environment/Layers/Layer04_LayerInfo.uasset" 6729
"D:/Skald_TurnBasedStrategy_Code/Content/GothicTemple/Environment/Layers/Layer04_LayerInfo.uexp" 6730
"D:/Skald_TurnBasedStrategy_Code/Content/GothicTemple/Environment/Layers/Puddles_LayerInfo.uasset" 6731
"D:/Skald_TurnBasedStrategy_Code/Content/GothicTemple/Environment/Layers/Puddles_LayerInfo.uexp" 6732
"D:/Skald_TurnBasedStrategy_Code/Content/GothicTemple/Environment/Folliage/Grass/SM_Grass_02.ubulk" 6733
"D:/Skald_TurnBasedStrategy_Code/Content/GothicTemple/Environment/Folliage/Grass/SM_Grass_02.uasset" 6734
"D:/Skald_TurnBasedStrategy_Code/Content/GothicTemple/Environment/Folliage/Grass/SM_Grass_02.uexp" 6735
"D:/Skald_TurnBasedStrategy_Code/Content/GothicTemple/Environment/Props/Rocks/SM_Small_Rock_02.ubulk" 6736
"D:/Skald_TurnBasedStrategy_Code/Content/GothicTemple/Environment/Props/Rocks/SM_Small_Rock_02.uasset" 6737
"D:/Skald_TurnBasedStrategy_Code/Content/GothicTemple/Environment/Props/Rocks/SM_Small_Rock_02.uexp" 6738
"D:/Skald_TurnBasedStrategy_Code/Content/GothicTemple/Materials/Shaders/MI_GothicColumns_07.uasset" 6739
"D:/Skald_TurnBasedStrategy_Code/Content/GothicTemple/Materials/Shaders/MI_GothicColumns_07.uexp" 6740
"D:/Skald_TurnBasedStrategy_Code/Content/GothicTemple/Materials/Shaders/MI_GothicTrims_01.uasset" 6741
"D:/Skald_TurnBasedStrategy_Code/Content/GothicTemple/Materials/Shaders/MI_GothicTrims_01.uexp" 6742
"D:/Skald_TurnBasedStrategy_Code/Content/GothicTemple/Environment/Props/GothicTemple/SM_GothicColumnCorner_01.ubulk" 6743
"D:/Skald_TurnBasedStrategy_Code/Content/GothicTemple/Environment/Props/GothicTemple/SM_GothicColumnCorner_01.uasset" 6744
"D:/Skald_TurnBasedStrategy_Code/Content/GothicTemple/Environment/Props/GothicTemple/SM_GothicColumnCorner_01.uexp" 6745
"D:/Skald_TurnBasedStrategy_Code/Content/GothicTemple/Environment/Folliage/DriedLeaves/SM_DriedLeaf_01.ubulk" 6746
"D:/Skald_TurnBasedStrategy_Code/Content/GothicTemple/Environment/Folliage/DriedLeaves/SM_DriedLeaf_01.uasset" 6747
"D:/Skald_TurnBasedStrategy_Code/Content/GothicTemple/Environment/Folliage/DriedLeaves/SM_DriedLeaf_01.uexp" 6748
"D:/Skald_TurnBasedStrategy_Code/Content/GothicTemple/Environment/Textures/GenericTextures/T_LookUpTable_01.uasset" 6749
"D:/Skald_TurnBasedStrategy_Code/Content/GothicTemple/Environment/Textures/GenericTextures/T_LookUpTable_01.uexp" 6750
"D:/Skald_TurnBasedStrategy_Code/Content/GothicTemple/Environment/Props/GothicTemple/SM_GothicSmallArcs.ubulk" 6751
"D:/Skald_TurnBasedStrategy_Code/Content/GothicTemple/Environment/Props/GothicTemple/SM_GothicSmallArcs.uasset" 6752
"D:/Skald_TurnBasedStrategy_Code/Content/GothicTemple/Environment/Props/GothicTemple/SM_GothicSmallArcs.uexp" 6753
"D:/Skald_TurnBasedStrategy_Code/Content/GothicTemple/Environment/Props/SnowPiles/M_SnowPiles.uasset" 6754
"D:/Skald_TurnBasedStrategy_Code/Content/GothicTemple/Environment/Props/SnowPiles/M_SnowPiles.uexp" 6755
"D:/Skald_TurnBasedStrategy_Code/Content/GothicTemple/Environment/Props/SnowPiles/MI_SnowPiles.uasset" 6756
"D:/Skald_TurnBasedStrategy_Code/Content/GothicTemple/Environment/Props/SnowPiles/MI_SnowPiles.uexp" 6757
"D:/Skald_TurnBasedStrategy_Code/Content/GothicTemple/Environment/Props/SnowPiles/SM_SnowPile_04.ubulk" 6758
"D:/Skald_TurnBasedStrategy_Code/Content/GothicTemple/Environment/Props/SnowPiles/SM_SnowPile_04.uasset" 6759
"D:/Skald_TurnBasedStrategy_Code/Content/GothicTemple/Environment/Props/SnowPiles/SM_SnowPile_04.uexp" 6760
"D:/Skald_TurnBasedStrategy_Code/Content/GothicTemple/Environment/WaterOcean/T_WaterOcean_H.ubulk" 6761
"D:/Skald_TurnBasedStrategy_Code/Content/GothicTemple/Environment/WaterOcean/T_WaterOcean_H.uasset" 6762
"D:/Skald_TurnBasedStrategy_Code/Content/GothicTemple/Environment/WaterOcean/T_WaterOcean_H.uexp" 6763
"D:/Skald_TurnBasedStrategy_Code/Content/GothicTemple/Environment/WaterOcean/T_WaterOcean_N.ubulk" 6764
"D:/Skald_TurnBasedStrategy_Code/Content/GothicTemple/Environment/WaterOcean/T_WaterOcean_N.uasset" 6765
"D:/Skald_TurnBasedStrategy_Code/Content/GothicTemple/Environment/WaterOcean/T_WaterOcean_N.uexp" 6766
"D:/Skald_TurnBasedStrategy_Code/Content/GothicTemple/Environment/WaterOcean/M_WaterOcean.uasset" 6767
"D:/Skald_TurnBasedStrategy_Code/Content/GothicTemple/Environment/WaterOcean/M_WaterOcean.uexp" 6768
"D:/Skald_TurnBasedStrategy_Code/Content/GothicTemple/Environment/WaterOcean/MI_WaterOcean_01.uasset" 6769
"D:/Skald_TurnBasedStrategy_Code/Content/GothicTemple/Environment/WaterOcean/MI_WaterOcean_01.uexp" 6770
"D:/Skald_TurnBasedStrategy_Code/Content/GothicTemple/Effects/Textures/Smoke/T_Smoke_SubUV.ubulk" 6771
"D:/Skald_TurnBasedStrategy_Code/Content/GothicTemple/Effects/Textures/Smoke/T_Smoke_SubUV.uasset" 6772
"D:/Skald_TurnBasedStrategy_Code/Content/GothicTemple/Effects/Textures/Smoke/T_Smoke_SubUV.uexp" 6773
"D:/Skald_TurnBasedStrategy_Code/Content/GothicTemple/Effects/Textures/Smoke/T_Smoke_Tiled_D.ubulk" 6774
"D:/Skald_TurnBasedStrategy_Code/Content/GothicTemple/Effects/Textures/Smoke/T_Smoke_Tiled_D.uasset" 6775
"D:/Skald_TurnBasedStrategy_Code/Content/GothicTemple/Effects/Textures/Smoke/T_Smoke_Tiled_D.uexp" 6776
"D:/Skald_TurnBasedStrategy_Code/Content/GothicTemple/Effects/Materials/Smoke/M_smoke_subUV.uasset" 6777
"D:/Skald_TurnBasedStrategy_Code/Content/GothicTemple/Effects/Materials/Smoke/M_smoke_subUV.uexp" 6778
"D:/Skald_TurnBasedStrategy_Code/Content/GothicTemple/Effects/Particles/Smoke/P_Smoke.uasset" 6779
"D:/Skald_TurnBasedStrategy_Code/Content/GothicTemple/Effects/Particles/Smoke/P_Smoke.uexp" 6780
"D:/Skald_TurnBasedStrategy_Code/Content/GothicTemple/Environment/Textures/GrungeDecals/T_GrungeDecal_04.ubulk" 6781
"D:/Skald_TurnBasedStrategy_Code/Content/GothicTemple/Environment/Textures/GrungeDecals/T_GrungeDecal_04.uasset" 6782
"D:/Skald_TurnBasedStrategy_Code/Content/GothicTemple/Environment/Textures/GrungeDecals/T_GrungeDecal_04.uexp" 6783
"D:/Skald_TurnBasedStrategy_Code/Content/GothicTemple/Environment/Textures/GrungeDecals/MI_GrungeDecal_04.uasset" 6784
"D:/Skald_TurnBasedStrategy_Code/Content/GothicTemple/Environment/Textures/GrungeDecals/MI_GrungeDecal_04.uexp" 6785
"D:/Skald_TurnBasedStrategy_Code/Content/GothicTemple/Environment/Folliage/Twigs/T_Twigs_RHA.ubulk" 6786
"D:/Skald_TurnBasedStrategy_Code/Content/GothicTemple/Environment/Folliage/Twigs/T_Twigs_RHA.uasset" 6787
"D:/Skald_TurnBasedStrategy_Code/Content/GothicTemple/Environment/Folliage/Twigs/T_Twigs_RHA.uexp" 6788
"D:/Skald_TurnBasedStrategy_Code/Content/GothicTemple/Environment/Folliage/Twigs/T_Twigs_BC.ubulk" 6789
"D:/Skald_TurnBasedStrategy_Code/Content/GothicTemple/Environment/Folliage/Twigs/T_Twigs_BC.uasset" 6790
"D:/Skald_TurnBasedStrategy_Code/Content/GothicTemple/Environment/Folliage/Twigs/T_Twigs_BC.uexp" 6791
"D:/Skald_TurnBasedStrategy_Code/Content/GothicTemple/Environment/Folliage/Twigs/T_Twigs_N.ubulk" 6792
"D:/Skald_TurnBasedStrategy_Code/Content/GothicTemple/Environment/Folliage/Twigs/T_Twigs_N.uasset" 6793
"D:/Skald_TurnBasedStrategy_Code/Content/GothicTemple/Environment/Folliage/Twigs/T_Twigs_N.uexp" 6794
"D:/Skald_TurnBasedStrategy_Code/Content/GothicTemple/Environment/Folliage/Twigs/M_Twigs.uasset" 6795
"D:/Skald_TurnBasedStrategy_Code/Content/GothicTemple/Environment/Folliage/Twigs/M_Twigs.uexp" 6796
"D:/Skald_TurnBasedStrategy_Code/Content/GothicTemple/Environment/Folliage/Twigs/MI_Twigs.uasset" 6797
"D:/Skald_TurnBasedStrategy_Code/Content/GothicTemple/Environment/Folliage/Twigs/MI_Twigs.uexp" 6798
"D:/Skald_TurnBasedStrategy_Code/Content/GothicTemple/Environment/Folliage/Twigs/SM_Twigs_02.ubulk" 6799
"D:/Skald_TurnBasedStrategy_Code/Content/GothicTemple/Environment/Folliage/Twigs/SM_Twigs_02.uasset" 6800
"D:/Skald_TurnBasedStrategy_Code/Content/GothicTemple/Environment/Folliage/Twigs/SM_Twigs_02.uexp" 6801
"D:/Skald_TurnBasedStrategy_Code/Content/GothicTemple/Effects/Blueprints/Lightshaft/T_GodRay_Mask01.ubulk" 6802
"D:/Skald_TurnBasedStrategy_Code/Content/GothicTemple/Effects/Blueprints/Lightshaft/T_GodRay_Mask01.uasset" 6803
"D:/Skald_TurnBasedStrategy_Code/Content/GothicTemple/Effects/Blueprints/Lightshaft/T_GodRay_Mask01.uexp" 6804
"D:/Skald_TurnBasedStrategy_Code/Content/GothicTemple/Effects/Blueprints/Lightshaft/M_GodRay.uasset" 6805
"D:/Skald_TurnBasedStrategy_Code/Content/GothicTemple/Effects/Blueprints/Lightshaft/M_GodRay.uexp" 6806
"D:/Skald_TurnBasedStrategy_Code/Content/GothicTemple/Effects/Blueprints/Lightshaft/M_GodRay_Inst_Animated.uasset" 6807
"D:/Skald_TurnBasedStrategy_Code/Content/GothicTemple/Effects/Blueprints/Lightshaft/M_GodRay_Inst_Animated.uexp" 6808
"D:/Skald_TurnBasedStrategy_Code/Content/GothicTemple/Materials/Shaders/MI_GothicArc_02_Lines_03.uasset" 6809
"D:/Skald_TurnBasedStrategy_Code/Content/GothicTemple/Materials/Shaders/MI_GothicArc_02_Lines_03.uexp" 6810
"D:/Skald_TurnBasedStrategy_Code/Content/GothicTemple/Materials/Shaders/MI_GothicColumns_01.uasset" 6811
"D:/Skald_TurnBasedStrategy_Code/Content/GothicTemple/Materials/Shaders/MI_GothicColumns_01.uexp" 6812
"D:/Skald_TurnBasedStrategy_Code/Content/GothicTemple/Environment/Props/GothicTemple/SM_GothicColumn_01.ubulk" 6813
"D:/Skald_TurnBasedStrategy_Code/Content/GothicTemple/Environment/Props/GothicTemple/SM_GothicColumn_01.uasset" 6814
"D:/Skald_TurnBasedStrategy_Code/Content/GothicTemple/Environment/Props/GothicTemple/SM_GothicColumn_01.uexp" 6815
"D:/Skald_TurnBasedStrategy_Code/Content/GothicTemple/Environment/Props/SnowPiles/SM_SnowPile_03.ubulk" 6816
"D:/Skald_TurnBasedStrategy_Code/Content/GothicTemple/Environment/Props/SnowPiles/SM_SnowPile_03.uasset" 6817
"D:/Skald_TurnBasedStrategy_Code/Content/GothicTemple/Environment/Props/SnowPiles/SM_SnowPile_03.uexp" 6818
"D:/Skald_TurnBasedStrategy_Code/Content/GothicTemple/Environment/Props/GothicTemple/SM_GothicBrokenArc_01.ubulk" 6819
"D:/Skald_TurnBasedStrategy_Code/Content/GothicTemple/Environment/Props/GothicTemple/SM_GothicBrokenArc_01.uasset" 6820
"D:/Skald_TurnBasedStrategy_Code/Content/GothicTemple/Environment/Props/GothicTemple/SM_GothicBrokenArc_01.uexp" 6821
"D:/Skald_TurnBasedStrategy_Code/Content/GothicTemple/Materials/Shaders/MI_GothicColumns_03.uasset" 6822
"D:/Skald_TurnBasedStrategy_Code/Content/GothicTemple/Materials/Shaders/MI_GothicColumns_03.uexp" 6823
"D:/Skald_TurnBasedStrategy_Code/Content/GothicTemple/Environment/Props/HangingSnow/T_HangingSnows_C.ubulk" 6824
"D:/Skald_TurnBasedStrategy_Code/Content/GothicTemple/Environment/Props/HangingSnow/T_HangingSnows_C.uasset" 6825
"D:/Skald_TurnBasedStrategy_Code/Content/GothicTemple/Environment/Props/HangingSnow/T_HangingSnows_C.uexp" 6826
"D:/Skald_TurnBasedStrategy_Code/Content/GothicTemple/Environment/Props/HangingSnow/T_HangingSnows_AO.ubulk" 6827
"D:/Skald_TurnBasedStrategy_Code/Content/GothicTemple/Environment/Props/HangingSnow/T_HangingSnows_AO.uasset" 6828
"D:/Skald_TurnBasedStrategy_Code/Content/GothicTemple/Environment/Props/HangingSnow/T_HangingSnows_AO.uexp" 6829
"D:/Skald_TurnBasedStrategy_Code/Content/GothicTemple/Effects/Textures/Noise/T_TilingNoise12.ubulk" 6830
"D:/Skald_TurnBasedStrategy_Code/Content/GothicTemple/Effects/Textures/Noise/T_TilingNoise12.uasset" 6831
"D:/Skald_TurnBasedStrategy_Code/Content/GothicTemple/Effects/Textures/Noise/T_TilingNoise12.uexp" 6832
"D:/Skald_TurnBasedStrategy_Code/Content/GothicTemple/Environment/Props/HangingSnow/T_HangingSnows_Mask.ubulk" 6833
"D:/Skald_TurnBasedStrategy_Code/Content/GothicTemple/Environment/Props/HangingSnow/T_HangingSnows_Mask.uasset" 6834
"D:/Skald_TurnBasedStrategy_Code/Content/GothicTemple/Environment/Props/HangingSnow/T_HangingSnows_Mask.uexp" 6835
"D:/Skald_TurnBasedStrategy_Code/Content/GothicTemple/Environment/Props/HangingSnow/T_HangingSnows_N.ubulk" 6836
"D:/Skald_TurnBasedStrategy_Code/Content/GothicTemple/Environment/Props/HangingSnow/T_HangingSnows_N.uasset" 6837
"D:/Skald_TurnBasedStrategy_Code/Content/GothicTemple/Environment/Props/HangingSnow/T_HangingSnows_N.uexp" 6838
"D:/Skald_TurnBasedStrategy_Code/Content/GothicTemple/Environment/Props/HangingSnow/T_HangingSnows_H.ubulk" 6839
"D:/Skald_TurnBasedStrategy_Code/Content/GothicTemple/Environment/Props/HangingSnow/T_HangingSnows_H.uasset" 6840
"D:/Skald_TurnBasedStrategy_Code/Content/GothicTemple/Environment/Props/HangingSnow/T_HangingSnows_H.uexp" 6841
"D:/Skald_TurnBasedStrategy_Code/Content/GothicTemple/Environment/Props/HangingSnow/M_HangingSnow.uasset" 6842
"D:/Skald_TurnBasedStrategy_Code/Content/GothicTemple/Environment/Props/HangingSnow/M_HangingSnow.uexp" 6843
"D:/Skald_TurnBasedStrategy_Code/Content/GothicTemple/Environment/Props/HangingSnow/MI_HangingSnow_01.uasset" 6844
"D:/Skald_TurnBasedStrategy_Code/Content/GothicTemple/Environment/Props/HangingSnow/MI_HangingSnow_01.uexp" 6845
"D:/Skald_TurnBasedStrategy_Code/Content/GothicTemple/Environment/Props/HangingSnow/SM_HangingSnow_03.ubulk" 6846
"D:/Skald_TurnBasedStrategy_Code/Content/GothicTemple/Environment/Props/HangingSnow/SM_HangingSnow_03.uasset" 6847
"D:/Skald_TurnBasedStrategy_Code/Content/GothicTemple/Environment/Props/HangingSnow/SM_HangingSnow_03.uexp" 6848
"D:/Skald_TurnBasedStrategy_Code/Content/GothicTemple/Materials/Shaders/MI_GothicColumn_03_Trims.uasset" 6849
"D:/Skald_TurnBasedStrategy_Code/Content/GothicTemple/Materials/Shaders/MI_GothicColumn_03_Trims.uexp" 6850
"D:/Skald_TurnBasedStrategy_Code/Content/GothicTemple/Environment/Props/GothicTemple/SM_GothicBrokenColumn_03.ubulk" 6851
"D:/Skald_TurnBasedStrategy_Code/Content/GothicTemple/Environment/Props/GothicTemple/SM_GothicBrokenColumn_03.uasset" 6852
"D:/Skald_TurnBasedStrategy_Code/Content/GothicTemple/Environment/Props/GothicTemple/SM_GothicBrokenColumn_03.uexp" 6853
"D:/Skald_TurnBasedStrategy_Code/Content/GothicTemple/Environment/Layers/Layer01_LayerInfo.uasset" 6854
"D:/Skald_TurnBasedStrategy_Code/Content/GothicTemple/Environment/Layers/Layer01_LayerInfo.uexp" 6855
"D:/Skald_TurnBasedStrategy_Code/Content/Blueprints/Music/Skald_Human_BM02.ubulk" 6856
"D:/Skald_TurnBasedStrategy_Code/Content/Blueprints/Music/Skald_Human_BM02.uasset" 6857
"D:/Skald_TurnBasedStrategy_Code/Content/Blueprints/Music/Skald_Human_BM02.uexp" 6858
"D:/Skald_TurnBasedStrategy_Code/Content/GothicTemple/Environment/Props/OldTemple/Altar/MI_TempleAssetsTable.uasset" 6859
"D:/Skald_TurnBasedStrategy_Code/Content/GothicTemple/Environment/Props/OldTemple/Altar/MI_TempleAssetsTable.uexp" 6860
"D:/Skald_TurnBasedStrategy_Code/Content/GothicTemple/Environment/Props/OldTemple/Altar/SM_AltarTable.ubulk" 6861
"D:/Skald_TurnBasedStrategy_Code/Content/GothicTemple/Environment/Props/OldTemple/Altar/SM_AltarTable.uasset" 6862
"D:/Skald_TurnBasedStrategy_Code/Content/GothicTemple/Environment/Props/OldTemple/Altar/SM_AltarTable.uexp" 6863
"D:/Skald_TurnBasedStrategy_Code/Content/GothicTemple/Environment/Props/GothicBlocks/MI_TempleAssetsBlocks.uasset" 6864
"D:/Skald_TurnBasedStrategy_Code/Content/GothicTemple/Environment/Props/GothicBlocks/MI_TempleAssetsBlocks.uexp" 6865
"D:/Skald_TurnBasedStrategy_Code/Content/GothicTemple/Environment/Props/GothicBlocks/SM_GothicBlock_02.ubulk" 6866
"D:/Skald_TurnBasedStrategy_Code/Content/GothicTemple/Environment/Props/GothicBlocks/SM_GothicBlock_02.uasset" 6867
"D:/Skald_TurnBasedStrategy_Code/Content/GothicTemple/Environment/Props/GothicBlocks/SM_GothicBlock_02.uexp" 6868
"D:/Skald_TurnBasedStrategy_Code/Content/GothicTemple/Environment/Layers/Layer03_LayerInfo.uasset" 6869
"D:/Skald_TurnBasedStrategy_Code/Content/GothicTemple/Environment/Layers/Layer03_LayerInfo.uexp" 6870
"D:/Skald_TurnBasedStrategy_Code/Content/GothicTemple/Environment/Folliage/Branches/SM_BigBranch_04.ubulk" 6871
"D:/Skald_TurnBasedStrategy_Code/Content/GothicTemple/Environment/Folliage/Branches/SM_BigBranch_04.uasset" 6872
"D:/Skald_TurnBasedStrategy_Code/Content/GothicTemple/Environment/Folliage/Branches/SM_BigBranch_04.uexp" 6873
"D:/Skald_TurnBasedStrategy_Code/Content/GothicTemple/Environment/Props/GothicTemple/SM_Wall_01.ubulk" 6874
"D:/Skald_TurnBasedStrategy_Code/Content/GothicTemple/Environment/Props/GothicTemple/SM_Wall_01.uasset" 6875
"D:/Skald_TurnBasedStrategy_Code/Content/GothicTemple/Environment/Props/GothicTemple/SM_Wall_01.uexp" 6876
"D:/Skald_TurnBasedStrategy_Code/Content/GothicTemple/Environment/Props/Rocks/SM_Small_Rock_03.ubulk" 6877
"D:/Skald_TurnBasedStrategy_Code/Content/GothicTemple/Environment/Props/Rocks/SM_Small_Rock_03.uasset" 6878
"D:/Skald_TurnBasedStrategy_Code/Content/GothicTemple/Environment/Props/Rocks/SM_Small_Rock_03.uexp" 6879
"D:/Skald_TurnBasedStrategy_Code/Content/GothicTemple/Environment/Props/Rocks/SM_Small_Rock_05.ubulk" 6880
"D:/Skald_TurnBasedStrategy_Code/Content/GothicTemple/Environment/Props/Rocks/SM_Small_Rock_05.uasset" 6881
"D:/Skald_TurnBasedStrategy_Code/Content/GothicTemple/Environment/Props/Rocks/SM_Small_Rock_05.uexp" 6882
"D:/Skald_TurnBasedStrategy_Code/Content/GothicTemple/Environment/Props/GothicBlocks/SM_GothicBlock_03.ubulk" 6883
"D:/Skald_TurnBasedStrategy_Code/Content/GothicTemple/Environment/Props/GothicBlocks/SM_GothicBlock_03.uasset" 6884
"D:/Skald_TurnBasedStrategy_Code/Content/GothicTemple/Environment/Props/GothicBlocks/SM_GothicBlock_03.uexp" 6885
"D:/Skald_TurnBasedStrategy_Code/Content/GothicTemple/Materials/Shaders/MI_GothicArc_02_Lines_02.uasset" 6886
"D:/Skald_TurnBasedStrategy_Code/Content/GothicTemple/Materials/Shaders/MI_GothicArc_02_Lines_02.uexp" 6887
"D:/Skald_TurnBasedStrategy_Code/Content/GothicTemple/Environment/Props/Rocks/SM_Small_Rock_01.ubulk" 6888
"D:/Skald_TurnBasedStrategy_Code/Content/GothicTemple/Environment/Props/Rocks/SM_Small_Rock_01.uasset" 6889
"D:/Skald_TurnBasedStrategy_Code/Content/GothicTemple/Environment/Props/Rocks/SM_Small_Rock_01.uexp" 6890
"D:/Skald_TurnBasedStrategy_Code/Content/GothicTemple/Environment/Props/OldTemple/M_TempleSnowChunck.uasset" 6891
"D:/Skald_TurnBasedStrategy_Code/Content/GothicTemple/Environment/Props/OldTemple/M_TempleSnowChunck.uexp" 6892
"D:/Skald_TurnBasedStrategy_Code/Content/GothicTemple/Environment/Props/HangingSnow/MI_HangingSnowPikes.uasset" 6893
"D:/Skald_TurnBasedStrategy_Code/Content/GothicTemple/Environment/Props/HangingSnow/MI_HangingSnowPikes.uexp" 6894
"D:/Skald_TurnBasedStrategy_Code/Content/GothicTemple/Environment/Props/SnowPiles/SM_SnowPile_01.ubulk" 6895
"D:/Skald_TurnBasedStrategy_Code/Content/GothicTemple/Environment/Props/SnowPiles/SM_SnowPile_01.uasset" 6896
"D:/Skald_TurnBasedStrategy_Code/Content/GothicTemple/Environment/Props/SnowPiles/SM_SnowPile_01.uexp" 6897
"D:/Skald_TurnBasedStrategy_Code/Content/GothicTemple/Materials/Shaders/MI_GothicArc_03.uasset" 6898
"D:/Skald_TurnBasedStrategy_Code/Content/GothicTemple/Materials/Shaders/MI_GothicArc_03.uexp" 6899
"D:/Skald_TurnBasedStrategy_Code/Content/GothicTemple/Materials/Shaders/MI_GothicArc_04.uasset" 6900
"D:/Skald_TurnBasedStrategy_Code/Content/GothicTemple/Materials/Shaders/MI_GothicArc_04.uexp" 6901
"D:/Skald_TurnBasedStrategy_Code/Content/GothicTemple/Materials/Shaders/MI_GothicArc_01.uasset" 6902
"D:/Skald_TurnBasedStrategy_Code/Content/GothicTemple/Materials/Shaders/MI_GothicArc_01.uexp" 6903
"D:/Skald_TurnBasedStrategy_Code/Content/GothicTemple/Environment/Props/GothicTemple/SM_GothicBlock_01.ubulk" 6904
"D:/Skald_TurnBasedStrategy_Code/Content/GothicTemple/Environment/Props/GothicTemple/SM_GothicBlock_01.uasset" 6905
"D:/Skald_TurnBasedStrategy_Code/Content/GothicTemple/Environment/Props/GothicTemple/SM_GothicBlock_01.uexp" 6906
"D:/Skald_TurnBasedStrategy_Code/Content/GothicTemple/Environment/Folliage/Branches/SM_SmallBranch_03.ubulk" 6907
"D:/Skald_TurnBasedStrategy_Code/Content/GothicTemple/Environment/Folliage/Branches/SM_SmallBranch_03.uasset" 6908
"D:/Skald_TurnBasedStrategy_Code/Content/GothicTemple/Environment/Folliage/Branches/SM_SmallBranch_03.uexp" 6909
"D:/Skald_TurnBasedStrategy_Code/Content/GothicTemple/Materials/Shaders/MI_GothicArc_02_Lines_04.uasset" 6910
"D:/Skald_TurnBasedStrategy_Code/Content/GothicTemple/Materials/Shaders/MI_GothicArc_02_Lines_04.uexp" 6911
"D:/Skald_TurnBasedStrategy_Code/Content/GothicTemple/Environment/Props/Rocks/SM_Medium_Rock_01.ubulk" 6912
"D:/Skald_TurnBasedStrategy_Code/Content/GothicTemple/Environment/Props/Rocks/SM_Medium_Rock_01.uasset" 6913
"D:/Skald_TurnBasedStrategy_Code/Content/GothicTemple/Environment/Props/Rocks/SM_Medium_Rock_01.uexp" 6914
"D:/Skald_TurnBasedStrategy_Code/Content/GothicTemple/Environment/Props/GothicBlocks/SM_GothicColumnBase_01.ubulk" 6915
"D:/Skald_TurnBasedStrategy_Code/Content/GothicTemple/Environment/Props/GothicBlocks/SM_GothicColumnBase_01.uasset" 6916
"D:/Skald_TurnBasedStrategy_Code/Content/GothicTemple/Environment/Props/GothicBlocks/SM_GothicColumnBase_01.uexp" 6917
"D:/Skald_TurnBasedStrategy_Code/Content/GothicTemple/Environment/Props/Rocks/SM_Pebbles_02.ubulk" 6918
"D:/Skald_TurnBasedStrategy_Code/Content/GothicTemple/Environment/Props/Rocks/SM_Pebbles_02.uasset" 6919
"D:/Skald_TurnBasedStrategy_Code/Content/GothicTemple/Environment/Props/Rocks/SM_Pebbles_02.uexp" 6920
"D:/Skald_TurnBasedStrategy_Code/Content/GothicTemple/Environment/Props/OldTemple/Cross/T_TempleSet_02_AO.ubulk" 6921
"D:/Skald_TurnBasedStrategy_Code/Content/GothicTemple/Environment/Props/OldTemple/Cross/T_TempleSet_02_AO.uasset" 6922
"D:/Skald_TurnBasedStrategy_Code/Content/GothicTemple/Environment/Props/OldTemple/Cross/T_TempleSet_02_AO.uexp" 6923
"D:/Skald_TurnBasedStrategy_Code/Content/GothicTemple/Environment/Props/OldTemple/Cross/T_TempleSet_02_C.ubulk" 6924
"D:/Skald_TurnBasedStrategy_Code/Content/GothicTemple/Environment/Props/OldTemple/Cross/T_TempleSet_02_C.uasset" 6925
"D:/Skald_TurnBasedStrategy_Code/Content/GothicTemple/Environment/Props/OldTemple/Cross/T_TempleSet_02_C.uexp" 6926
"D:/Skald_TurnBasedStrategy_Code/Content/GothicTemple/Environment/Props/OldTemple/Cross/T_TempleSet_02_N.uasset" 6927
"D:/Skald_TurnBasedStrategy_Code/Content/GothicTemple/Environment/Props/OldTemple/Cross/T_TempleSet_02_N.uexp" 6928
"D:/Skald_TurnBasedStrategy_Code/Content/GothicTemple/Environment/Props/OldTemple/Cross/MI_TempleAssetsCross_01.uasset" 6929
"D:/Skald_TurnBasedStrategy_Code/Content/GothicTemple/Environment/Props/OldTemple/Cross/MI_TempleAssetsCross_01.uexp" 6930
"D:/Skald_TurnBasedStrategy_Code/Content/GothicTemple/Environment/Props/OldTemple/Cross/SM_Cross.ubulk" 6931
"D:/Skald_TurnBasedStrategy_Code/Content/GothicTemple/Environment/Props/OldTemple/Cross/SM_Cross.uasset" 6932
"D:/Skald_TurnBasedStrategy_Code/Content/GothicTemple/Environment/Props/OldTemple/Cross/SM_Cross.uexp" 6933
"D:/Skald_TurnBasedStrategy_Code/Content/GothicTemple/Environment/Folliage/Bush/MI_BushClump_02.uasset" 6934
"D:/Skald_TurnBasedStrategy_Code/Content/GothicTemple/Environment/Folliage/Bush/MI_BushClump_02.uexp" 6935
"D:/Skald_TurnBasedStrategy_Code/Content/GothicTemple/Environment/Folliage/Bush/SM_BushesClumps_02.ubulk" 6936
"D:/Skald_TurnBasedStrategy_Code/Content/GothicTemple/Environment/Folliage/Bush/SM_BushesClumps_02.uasset" 6937
"D:/Skald_TurnBasedStrategy_Code/Content/GothicTemple/Environment/Folliage/Bush/SM_BushesClumps_02.uexp" 6938
"D:/Skald_TurnBasedStrategy_Code/Content/GothicTemple/Environment/Props/Rocks/MI_SnowyRocks_02.uasset" 6939
"D:/Skald_TurnBasedStrategy_Code/Content/GothicTemple/Environment/Props/Rocks/MI_SnowyRocks_02.uexp" 6940
"D:/Skald_TurnBasedStrategy_Code/Content/GothicTemple/Environment/Folliage/Bush/SM_BushesWithLeaves_01.ubulk" 6941
"D:/Skald_TurnBasedStrategy_Code/Content/GothicTemple/Environment/Folliage/Bush/SM_BushesWithLeaves_01.uasset" 6942
"D:/Skald_TurnBasedStrategy_Code/Content/GothicTemple/Environment/Folliage/Bush/SM_BushesWithLeaves_01.uexp" 6943
"D:/Skald_TurnBasedStrategy_Code/Content/GothicTemple/Environment/Folliage/Grass/MI_GrassClump_05.uasset" 6944
"D:/Skald_TurnBasedStrategy_Code/Content/GothicTemple/Environment/Folliage/Grass/MI_GrassClump_05.uexp" 6945
"D:/Skald_TurnBasedStrategy_Code/Content/GothicTemple/Environment/Folliage/Grass/SM_Grass_01.ubulk" 6946
"D:/Skald_TurnBasedStrategy_Code/Content/GothicTemple/Environment/Folliage/Grass/SM_Grass_01.uasset" 6947
"D:/Skald_TurnBasedStrategy_Code/Content/GothicTemple/Environment/Folliage/Grass/SM_Grass_01.uexp" 6948
"D:/Skald_TurnBasedStrategy_Code/Content/GothicTemple/Environment/Props/Rocks/SM_Small_Rock_04.ubulk" 6949
"D:/Skald_TurnBasedStrategy_Code/Content/GothicTemple/Environment/Props/Rocks/SM_Small_Rock_04.uasset" 6950
"D:/Skald_TurnBasedStrategy_Code/Content/GothicTemple/Environment/Props/Rocks/SM_Small_Rock_04.uexp" 6951
"D:/Skald_TurnBasedStrategy_Code/Content/GothicTemple/Environment/Props/Monk/MonkBase/T_MonkBase_AO.ubulk" 6952
"D:/Skald_TurnBasedStrategy_Code/Content/GothicTemple/Environment/Props/Monk/MonkBase/T_MonkBase_AO.uasset" 6953
"D:/Skald_TurnBasedStrategy_Code/Content/GothicTemple/Environment/Props/Monk/MonkBase/T_MonkBase_AO.uexp" 6954
"D:/Skald_TurnBasedStrategy_Code/Content/GothicTemple/Environment/Props/Monk/MonkBase/T_MonkBase_N.uasset" 6955
"D:/Skald_TurnBasedStrategy_Code/Content/GothicTemple/Environment/Props/Monk/MonkBase/T_MonkBase_N.uexp" 6956
"D:/Skald_TurnBasedStrategy_Code/Content/GothicTemple/Environment/Props/Monk/MonkBase/T_MonkBase_C.ubulk" 6957
"D:/Skald_TurnBasedStrategy_Code/Content/GothicTemple/Environment/Props/Monk/MonkBase/T_MonkBase_C.uasset" 6958
"D:/Skald_TurnBasedStrategy_Code/Content/GothicTemple/Environment/Props/Monk/MonkBase/T_MonkBase_C.uexp" 6959
"D:/Skald_TurnBasedStrategy_Code/Content/GothicTemple/Environment/Props/Monk/MonkBase/MI_MonkBase_02.uasset" 6960
"D:/Skald_TurnBasedStrategy_Code/Content/GothicTemple/Environment/Props/Monk/MonkBase/MI_MonkBase_02.uexp" 6961
"D:/Skald_TurnBasedStrategy_Code/Content/GothicTemple/Environment/Props/Monk/MonkBase/SM_MonkBase.ubulk" 6962
"D:/Skald_TurnBasedStrategy_Code/Content/GothicTemple/Environment/Props/Monk/MonkBase/SM_MonkBase.uasset" 6963
"D:/Skald_TurnBasedStrategy_Code/Content/GothicTemple/Environment/Props/Monk/MonkBase/SM_MonkBase.uexp" 6964
"D:/Skald_TurnBasedStrategy_Code/Content/GothicTemple/Environment/Props/Rocks/SM_Pebbles_01.ubulk" 6965
"D:/Skald_TurnBasedStrategy_Code/Content/GothicTemple/Environment/Props/Rocks/SM_Pebbles_01.uasset" 6966
"D:/Skald_TurnBasedStrategy_Code/Content/GothicTemple/Environment/Props/Rocks/SM_Pebbles_01.uexp" 6967
"D:/Skald_TurnBasedStrategy_Code/Content/GothicTemple/Environment/Props/SnowPiles/SM_SnowPile_3Mts.ubulk" 6968
"D:/Skald_TurnBasedStrategy_Code/Content/GothicTemple/Environment/Props/SnowPiles/SM_SnowPile_3Mts.uasset" 6969
"D:/Skald_TurnBasedStrategy_Code/Content/GothicTemple/Environment/Props/SnowPiles/SM_SnowPile_3Mts.uexp" 6970
"D:/Skald_TurnBasedStrategy_Code/Content/GothicTemple/Environment/Props/OldTemple/MI_TempleAssetsBlocks_04.uasset" 6971
"D:/Skald_TurnBasedStrategy_Code/Content/GothicTemple/Environment/Props/OldTemple/MI_TempleAssetsBlocks_04.uexp" 6972
"D:/Skald_TurnBasedStrategy_Code/Content/GothicTemple/Environment/Props/Monk/MonkBody/T_MonkBody_C.ubulk" 6973
"D:/Skald_TurnBasedStrategy_Code/Content/GothicTemple/Environment/Props/Monk/MonkBody/T_MonkBody_C.uasset" 6974
"D:/Skald_TurnBasedStrategy_Code/Content/GothicTemple/Environment/Props/Monk/MonkBody/T_MonkBody_C.uexp" 6975
"D:/Skald_TurnBasedStrategy_Code/Content/GothicTemple/Environment/Props/Monk/MonkBody/T_MonkBody_AO.ubulk" 6976
"D:/Skald_TurnBasedStrategy_Code/Content/GothicTemple/Environment/Props/Monk/MonkBody/T_MonkBody_AO.uasset" 6977
"D:/Skald_TurnBasedStrategy_Code/Content/GothicTemple/Environment/Props/Monk/MonkBody/T_MonkBody_AO.uexp" 6978
"D:/Skald_TurnBasedStrategy_Code/Content/GothicTemple/Environment/Props/Monk/MonkBody/T_MonkBody_N.ubulk" 6979
"D:/Skald_TurnBasedStrategy_Code/Content/GothicTemple/Environment/Props/Monk/MonkBody/T_MonkBody_N.uasset" 6980
"D:/Skald_TurnBasedStrategy_Code/Content/GothicTemple/Environment/Props/Monk/MonkBody/T_MonkBody_N.uexp" 6981
"D:/Skald_TurnBasedStrategy_Code/Content/GothicTemple/Environment/Props/Monk/MonkBody/MI_MonkBody_02.uasset" 6982
"D:/Skald_TurnBasedStrategy_Code/Content/GothicTemple/Environment/Props/Monk/MonkBody/MI_MonkBody_02.uexp" 6983
"D:/Skald_TurnBasedStrategy_Code/Content/GothicTemple/Environment/Folliage/Trees/MI_TreeBark_01.uasset" 6984
"D:/Skald_TurnBasedStrategy_Code/Content/GothicTemple/Environment/Folliage/Trees/MI_TreeBark_01.uexp" 6985
"D:/Skald_TurnBasedStrategy_Code/Content/GothicTemple/Environment/Props/SnowPiles/SM_SnowPile_06.ubulk" 6986
"D:/Skald_TurnBasedStrategy_Code/Content/GothicTemple/Environment/Props/SnowPiles/SM_SnowPile_06.uasset" 6987
"D:/Skald_TurnBasedStrategy_Code/Content/GothicTemple/Environment/Props/SnowPiles/SM_SnowPile_06.uexp" 6988
"D:/Skald_TurnBasedStrategy_Code/Content/GothicTemple/Environment/Folliage/Twigs/SM_Twigs_03.ubulk" 6989
"D:/Skald_TurnBasedStrategy_Code/Content/GothicTemple/Environment/Folliage/Twigs/SM_Twigs_03.uasset" 6990
"D:/Skald_TurnBasedStrategy_Code/Content/GothicTemple/Environment/Folliage/Twigs/SM_Twigs_03.uexp" 6991
"D:/Skald_TurnBasedStrategy_Code/Content/GothicTemple/Environment/Folliage/Branches/SM_MediumBranch_02.ubulk" 6992
"D:/Skald_TurnBasedStrategy_Code/Content/GothicTemple/Environment/Folliage/Branches/SM_MediumBranch_02.uasset" 6993
"D:/Skald_TurnBasedStrategy_Code/Content/GothicTemple/Environment/Folliage/Branches/SM_MediumBranch_02.uexp" 6994
"D:/Skald_TurnBasedStrategy_Code/Content/GothicTemple/Environment/Folliage/Branches/SM_BigBranch_03.ubulk" 6995
"D:/Skald_TurnBasedStrategy_Code/Content/GothicTemple/Environment/Folliage/Branches/SM_BigBranch_03.uasset" 6996
"D:/Skald_TurnBasedStrategy_Code/Content/GothicTemple/Environment/Folliage/Branches/SM_BigBranch_03.uexp" 6997
"D:/Skald_TurnBasedStrategy_Code/Content/GothicTemple/Materials/Shaders/MI_GothicColumns_02.uasset" 6998
"D:/Skald_TurnBasedStrategy_Code/Content/GothicTemple/Materials/Shaders/MI_GothicColumns_02.uexp" 6999
"D:/Skald_TurnBasedStrategy_Code/Content/GothicTemple/Materials/Shaders/MI_GothicColumn_03_Shaft.uasset" 7000
"D:/Skald_TurnBasedStrategy_Code/Content/GothicTemple/Materials/Shaders/MI_GothicColumn_03_Shaft.uexp" 7001
"D:/Skald_TurnBasedStrategy_Code/Content/GothicTemple/Effects/Blueprints/Lightshaft/T_GodRay_Mask02.ubulk" 7002
"D:/Skald_TurnBasedStrategy_Code/Content/GothicTemple/Effects/Blueprints/Lightshaft/T_GodRay_Mask02.uasset" 7003
"D:/Skald_TurnBasedStrategy_Code/Content/GothicTemple/Effects/Blueprints/Lightshaft/T_GodRay_Mask02.uexp" 7004
"D:/Skald_TurnBasedStrategy_Code/Content/GothicTemple/Effects/Blueprints/Lightshaft/SM_GodRay_Plane.ubulk" 7005
"D:/Skald_TurnBasedStrategy_Code/Content/GothicTemple/Effects/Blueprints/Lightshaft/SM_GodRay_Plane.uasset" 7006
"D:/Skald_TurnBasedStrategy_Code/Content/GothicTemple/Effects/Blueprints/Lightshaft/SM_GodRay_Plane.uexp" 7007
"D:/Skald_TurnBasedStrategy_Code/Content/GothicTemple/Effects/Blueprints/Lightshaft/BP_GodRay.uasset" 7008
"D:/Skald_TurnBasedStrategy_Code/Content/GothicTemple/Effects/Blueprints/Lightshaft/BP_GodRay.uexp" 7009
"D:/Skald_TurnBasedStrategy_Code/Content/GothicTemple/Environment/Folliage/Bush/SM_BushWithoutSnow_03.ubulk" 7010
"D:/Skald_TurnBasedStrategy_Code/Content/GothicTemple/Environment/Folliage/Bush/SM_BushWithoutSnow_03.uasset" 7011
"D:/Skald_TurnBasedStrategy_Code/Content/GothicTemple/Environment/Folliage/Bush/SM_BushWithoutSnow_03.uexp" 7012
"D:/Skald_TurnBasedStrategy_Code/Content/GothicTemple/Environment/Folliage/Bush/SM_Bush_01.ubulk" 7013
"D:/Skald_TurnBasedStrategy_Code/Content/GothicTemple/Environment/Folliage/Bush/SM_Bush_01.uasset" 7014
"D:/Skald_TurnBasedStrategy_Code/Content/GothicTemple/Environment/Folliage/Bush/SM_Bush_01.uexp" 7015
"D:/Skald_TurnBasedStrategy_Code/Content/GothicTemple/Environment/Layers/Layer02_LayerInfo.uasset" 7016
"D:/Skald_TurnBasedStrategy_Code/Content/GothicTemple/Environment/Layers/Layer02_LayerInfo.uexp" 7017
"D:/Skald_TurnBasedStrategy_Code/Content/GothicTemple/Materials/Shaders/MI_GothicColumn_03_Shaft_02.uasset" 7018
"D:/Skald_TurnBasedStrategy_Code/Content/GothicTemple/Materials/Shaders/MI_GothicColumn_03_Shaft_02.uexp" 7019
"D:/Skald_TurnBasedStrategy_Code/Content/GothicTemple/Environment/Props/Monk/MonkBody/SM_MonkBody.ubulk" 7020
"D:/Skald_TurnBasedStrategy_Code/Content/GothicTemple/Environment/Props/Monk/MonkBody/SM_MonkBody.uasset" 7021
"D:/Skald_TurnBasedStrategy_Code/Content/GothicTemple/Environment/Props/Monk/MonkBody/SM_MonkBody.uexp" 7022
"D:/Skald_TurnBasedStrategy_Code/Content/GothicTemple/Environment/Props/GothicTemple/SM_GothicSupport_01.ubulk" 7023
"D:/Skald_TurnBasedStrategy_Code/Content/GothicTemple/Environment/Props/GothicTemple/SM_GothicSupport_01.uasset" 7024
"D:/Skald_TurnBasedStrategy_Code/Content/GothicTemple/Environment/Props/GothicTemple/SM_GothicSupport_01.uexp" 7025
"D:/Skald_TurnBasedStrategy_Code/Content/GothicTemple/Environment/Props/Rocks/SM_Medium_Rock_02.ubulk" 7026
"D:/Skald_TurnBasedStrategy_Code/Content/GothicTemple/Environment/Props/Rocks/SM_Medium_Rock_02.uasset" 7027
"D:/Skald_TurnBasedStrategy_Code/Content/GothicTemple/Environment/Props/Rocks/SM_Medium_Rock_02.uexp" 7028
"../../../Engine/Content/Functions/Engine_MaterialFunctions01/Gradient/RadialGradient.uasset" 7029
"../../../Engine/Content/Functions/Engine_MaterialFunctions01/Gradient/RadialGradient.uexp" 7030
"D:/Skald_TurnBasedStrategy_Code/Content/GothicTemple/Effects/Textures/Noise/T_HeatTile3_N.ubulk" 7031
"D:/Skald_TurnBasedStrategy_Code/Content/GothicTemple/Effects/Textures/Noise/T_HeatTile3_N.uasset" 7032
"D:/Skald_TurnBasedStrategy_Code/Content/GothicTemple/Effects/Textures/Noise/T_HeatTile3_N.uexp" 7033
"D:/Skald_TurnBasedStrategy_Code/Content/GothicTemple/Effects/Textures/Noise/T_TilingNoise03.ubulk" 7034
"D:/Skald_TurnBasedStrategy_Code/Content/GothicTemple/Effects/Textures/Noise/T_TilingNoise03.uasset" 7035
"D:/Skald_TurnBasedStrategy_Code/Content/GothicTemple/Effects/Textures/Noise/T_TilingNoise03.uexp" 7036
"D:/Skald_TurnBasedStrategy_Code/Content/GothicTemple/Effects/Materials/Fire/M_HeatDistort.uasset" 7037
"D:/Skald_TurnBasedStrategy_Code/Content/GothicTemple/Effects/Materials/Fire/M_HeatDistort.uexp" 7038
"D:/Skald_TurnBasedStrategy_Code/Content/GothicTemple/Effects/Textures/Snow/T_Snow01_Packed.ubulk" 7039
"D:/Skald_TurnBasedStrategy_Code/Content/GothicTemple/Effects/Textures/Snow/T_Snow01_Packed.uasset" 7040
"D:/Skald_TurnBasedStrategy_Code/Content/GothicTemple/Effects/Textures/Snow/T_Snow01_Packed.uexp" 7041
"D:/Skald_TurnBasedStrategy_Code/Content/GothicTemple/Effects/Materials/Sparks/M_Spark_VelocityLerp.uasset" 7042
"D:/Skald_TurnBasedStrategy_Code/Content/GothicTemple/Effects/Materials/Sparks/M_Spark_VelocityLerp.uexp" 7043
"D:/Skald_TurnBasedStrategy_Code/Content/GothicTemple/Effects/Textures/Fire/T_FireSubUV_11X11_32.ubulk" 7044
"D:/Skald_TurnBasedStrategy_Code/Content/GothicTemple/Effects/Textures/Fire/T_FireSubUV_11X11_32.uasset" 7045
"D:/Skald_TurnBasedStrategy_Code/Content/GothicTemple/Effects/Textures/Fire/T_FireSubUV_11X11_32.uexp" 7046
"D:/Skald_TurnBasedStrategy_Code/Content/GothicTemple/Effects/Textures/Noise/T_TilingNoise16.ubulk" 7047
"D:/Skald_TurnBasedStrategy_Code/Content/GothicTemple/Effects/Textures/Noise/T_TilingNoise16.uasset" 7048
"D:/Skald_TurnBasedStrategy_Code/Content/GothicTemple/Effects/Textures/Noise/T_TilingNoise16.uexp" 7049
"D:/Skald_TurnBasedStrategy_Code/Content/GothicTemple/Effects/Materials/Fire/M_Fire_SubUV_11X11_Noise.uasset" 7050
"D:/Skald_TurnBasedStrategy_Code/Content/GothicTemple/Effects/Materials/Fire/M_Fire_SubUV_11X11_Noise.uexp" 7051
"D:/Skald_TurnBasedStrategy_Code/Content/GothicTemple/Effects/VectorFields/VF_RandomNoise_01_90.uasset" 7052
"D:/Skald_TurnBasedStrategy_Code/Content/GothicTemple/Effects/VectorFields/VF_RandomNoise_01_90.uexp" 7053
"D:/Skald_TurnBasedStrategy_Code/Content/GothicTemple/Effects/Particles/Fire/P_TorchFire_Entrance.uasset" 7054
"D:/Skald_TurnBasedStrategy_Code/Content/GothicTemple/Effects/Particles/Fire/P_TorchFire_Entrance.uexp" 7055
"D:/Skald_TurnBasedStrategy_Code/Content/GothicTemple/Environment/Props/GothicTemple/SM_GothicColumn_03.ubulk" 7056
"D:/Skald_TurnBasedStrategy_Code/Content/GothicTemple/Environment/Props/GothicTemple/SM_GothicColumn_03.uasset" 7057
"D:/Skald_TurnBasedStrategy_Code/Content/GothicTemple/Environment/Props/GothicTemple/SM_GothicColumn_03.uexp" 7058
"D:/Skald_TurnBasedStrategy_Code/Content/GothicTemple/Environment/Props/GothicBlocks/SM_GothicBlock_01.ubulk" 7059
"D:/Skald_TurnBasedStrategy_Code/Content/GothicTemple/Environment/Props/GothicBlocks/SM_GothicBlock_01.uasset" 7060
"D:/Skald_TurnBasedStrategy_Code/Content/GothicTemple/Environment/Props/GothicBlocks/SM_GothicBlock_01.uexp" 7061
"D:/Skald_TurnBasedStrategy_Code/Content/GothicTemple/Environment/Props/SnowPiles/MI_SnowPiles_01.uasset" 7062
"D:/Skald_TurnBasedStrategy_Code/Content/GothicTemple/Environment/Props/SnowPiles/MI_SnowPiles_01.uexp" 7063
"D:/Skald_TurnBasedStrategy_Code/Content/GothicTemple/Environment/Props/GothicBlocks/SM_GothicBlock_06.ubulk" 7064
"D:/Skald_TurnBasedStrategy_Code/Content/GothicTemple/Environment/Props/GothicBlocks/SM_GothicBlock_06.uasset" 7065
"D:/Skald_TurnBasedStrategy_Code/Content/GothicTemple/Environment/Props/GothicBlocks/SM_GothicBlock_06.uexp" 7066
"D:/Skald_TurnBasedStrategy_Code/Content/GothicTemple/Materials/Shaders/MI_GothicWallArcs_01.uasset" 7067
"D:/Skald_TurnBasedStrategy_Code/Content/GothicTemple/Materials/Shaders/MI_GothicWallArcs_01.uexp" 7068
"D:/Skald_TurnBasedStrategy_Code/Content/GothicTemple/Environment/Props/GothicTemple/SM_GothicWallArcs_01.ubulk" 7069
"D:/Skald_TurnBasedStrategy_Code/Content/GothicTemple/Environment/Props/GothicTemple/SM_GothicWallArcs_01.uasset" 7070
"D:/Skald_TurnBasedStrategy_Code/Content/GothicTemple/Environment/Props/GothicTemple/SM_GothicWallArcs_01.uexp" 7071
"D:/Skald_TurnBasedStrategy_Code/Content/GothicTemple/Environment/Props/SnowPiles/SM_SnowPile_05.ubulk" 7072
"D:/Skald_TurnBasedStrategy_Code/Content/GothicTemple/Environment/Props/SnowPiles/SM_SnowPile_05.uasset" 7073
"D:/Skald_TurnBasedStrategy_Code/Content/GothicTemple/Environment/Props/SnowPiles/SM_SnowPile_05.uexp" 7074
"D:/Skald_TurnBasedStrategy_Code/Content/GothicTemple/Environment/Props/Rocks/SM_Big_Rock_03.ubulk" 7075
"D:/Skald_TurnBasedStrategy_Code/Content/GothicTemple/Environment/Props/Rocks/SM_Big_Rock_03.uasset" 7076
"D:/Skald_TurnBasedStrategy_Code/Content/GothicTemple/Environment/Props/Rocks/SM_Big_Rock_03.uexp" 7077
"D:/Skald_TurnBasedStrategy_Code/Content/GothicTemple/Environment/Folliage/Bush/SM_Bush_03.ubulk" 7078
"D:/Skald_TurnBasedStrategy_Code/Content/GothicTemple/Environment/Folliage/Bush/SM_Bush_03.uasset" 7079
"D:/Skald_TurnBasedStrategy_Code/Content/GothicTemple/Environment/Folliage/Bush/SM_Bush_03.uexp" 7080
"D:/Skald_TurnBasedStrategy_Code/Content/GothicTemple/Environment/Props/HangingSnow/SM_HangingSnow_02.ubulk" 7081
"D:/Skald_TurnBasedStrategy_Code/Content/GothicTemple/Environment/Props/HangingSnow/SM_HangingSnow_02.uasset" 7082
"D:/Skald_TurnBasedStrategy_Code/Content/GothicTemple/Environment/Props/HangingSnow/SM_HangingSnow_02.uexp" 7083
"D:/Skald_TurnBasedStrategy_Code/Content/GothicTemple/Environment/Props/OldTemple/MI_TempleAssetsBlocks_02.uasset" 7084
"D:/Skald_TurnBasedStrategy_Code/Content/GothicTemple/Environment/Props/OldTemple/MI_TempleAssetsBlocks_02.uexp" 7085
"D:/Skald_TurnBasedStrategy_Code/Content/GothicTemple/Environment/Props/GothicBlocks/SM_GothicCylinder_03.ubulk" 7086
"D:/Skald_TurnBasedStrategy_Code/Content/GothicTemple/Environment/Props/GothicBlocks/SM_GothicCylinder_03.uasset" 7087
"D:/Skald_TurnBasedStrategy_Code/Content/GothicTemple/Environment/Props/GothicBlocks/SM_GothicCylinder_03.uexp" 7088
"D:/Skald_TurnBasedStrategy_Code/Content/GothicTemple/Environment/Props/Tombs/T_Tombs_BCH.ubulk" 7089
"D:/Skald_TurnBasedStrategy_Code/Content/GothicTemple/Environment/Props/Tombs/T_Tombs_BCH.uasset" 7090
"D:/Skald_TurnBasedStrategy_Code/Content/GothicTemple/Environment/Props/Tombs/T_Tombs_BCH.uexp" 7091
"D:/Skald_TurnBasedStrategy_Code/Content/GothicTemple/Environment/Props/Tombs/T_Tombs_N.ubulk" 7092
"D:/Skald_TurnBasedStrategy_Code/Content/GothicTemple/Environment/Props/Tombs/T_Tombs_N.uasset" 7093
"D:/Skald_TurnBasedStrategy_Code/Content/GothicTemple/Environment/Props/Tombs/T_Tombs_N.uexp" 7094
"D:/Skald_TurnBasedStrategy_Code/Content/GothicTemple/Environment/Props/Tombs/T_Tombs_RMA.ubulk" 7095
"D:/Skald_TurnBasedStrategy_Code/Content/GothicTemple/Environment/Props/Tombs/T_Tombs_RMA.uasset" 7096
"D:/Skald_TurnBasedStrategy_Code/Content/GothicTemple/Environment/Props/Tombs/T_Tombs_RMA.uexp" 7097
"D:/Skald_TurnBasedStrategy_Code/Content/GothicTemple/Environment/Props/Tombs/M_Tombs.uasset" 7098
"D:/Skald_TurnBasedStrategy_Code/Content/GothicTemple/Environment/Props/Tombs/M_Tombs.uexp" 7099
"D:/Skald_TurnBasedStrategy_Code/Content/GothicTemple/Environment/Props/Tombs/MI_Tomb_01.uasset" 7100
"D:/Skald_TurnBasedStrategy_Code/Content/GothicTemple/Environment/Props/Tombs/MI_Tomb_01.uexp" 7101
"D:/Skald_TurnBasedStrategy_Code/Content/GothicTemple/Environment/Props/Tombs/SM_Tomb_02.ubulk" 7102
"D:/Skald_TurnBasedStrategy_Code/Content/GothicTemple/Environment/Props/Tombs/SM_Tomb_02.uasset" 7103
"D:/Skald_TurnBasedStrategy_Code/Content/GothicTemple/Environment/Props/Tombs/SM_Tomb_02.uexp" 7104
"D:/Skald_TurnBasedStrategy_Code/Content/GothicTemple/Environment/Props/GothicBlocks/SM_GothicBlock_04.ubulk" 7105
"D:/Skald_TurnBasedStrategy_Code/Content/GothicTemple/Environment/Props/GothicBlocks/SM_GothicBlock_04.uasset" 7106
"D:/Skald_TurnBasedStrategy_Code/Content/GothicTemple/Environment/Props/GothicBlocks/SM_GothicBlock_04.uexp" 7107
"D:/Skald_TurnBasedStrategy_Code/Content/GothicTemple/Environment/Folliage/Bush/SM_BushWithoutSnow_02.ubulk" 7108
"D:/Skald_TurnBasedStrategy_Code/Content/GothicTemple/Environment/Folliage/Bush/SM_BushWithoutSnow_02.uasset" 7109
"D:/Skald_TurnBasedStrategy_Code/Content/GothicTemple/Environment/Folliage/Bush/SM_BushWithoutSnow_02.uexp" 7110
"D:/Skald_TurnBasedStrategy_Code/Content/GothicTemple/Environment/Textures/GenericTextures/T_SoftNoise_N.ubulk" 7111
"D:/Skald_TurnBasedStrategy_Code/Content/GothicTemple/Environment/Textures/GenericTextures/T_SoftNoise_N.uasset" 7112
"D:/Skald_TurnBasedStrategy_Code/Content/GothicTemple/Environment/Textures/GenericTextures/T_SoftNoise_N.uexp" 7113
"D:/Skald_TurnBasedStrategy_Code/Content/GothicTemple/Environment/Textures/GenericTextures/T_Paraboloid.ubulk" 7114
"D:/Skald_TurnBasedStrategy_Code/Content/GothicTemple/Environment/Textures/GenericTextures/T_Paraboloid.uasset" 7115
"D:/Skald_TurnBasedStrategy_Code/Content/GothicTemple/Environment/Textures/GenericTextures/T_Paraboloid.uexp" 7116
"D:/Skald_TurnBasedStrategy_Code/Content/GothicTemple/Environment/Textures/GenericTextures/T_Square.ubulk" 7117
"D:/Skald_TurnBasedStrategy_Code/Content/GothicTemple/Environment/Textures/GenericTextures/T_Square.uasset" 7118
"D:/Skald_TurnBasedStrategy_Code/Content/GothicTemple/Environment/Textures/GenericTextures/T_Square.uexp" 7119
"D:/Skald_TurnBasedStrategy_Code/Content/GothicTemple/Effects/Textures/Smoke/T_TilingClouds_01.uasset" 7120
"D:/Skald_TurnBasedStrategy_Code/Content/GothicTemple/Effects/Textures/Smoke/T_TilingClouds_01.uexp" 7121
"D:/Skald_TurnBasedStrategy_Code/Content/GothicTemple/Environment/FogSheet/M_FogSheet.uasset" 7122
"D:/Skald_TurnBasedStrategy_Code/Content/GothicTemple/Environment/FogSheet/M_FogSheet.uexp" 7123
"D:/Skald_TurnBasedStrategy_Code/Content/GothicTemple/Environment/FogSheet/MI_FogSheet_01.uasset" 7124
"D:/Skald_TurnBasedStrategy_Code/Content/GothicTemple/Environment/FogSheet/MI_FogSheet_01.uexp" 7125
"D:/Skald_TurnBasedStrategy_Code/Content/GothicTemple/Environment/Folliage/Bush/SM_Bush_02.ubulk" 7126
"D:/Skald_TurnBasedStrategy_Code/Content/GothicTemple/Environment/Folliage/Bush/SM_Bush_02.uasset" 7127
"D:/Skald_TurnBasedStrategy_Code/Content/GothicTemple/Environment/Folliage/Bush/SM_Bush_02.uexp" 7128
"D:/Skald_TurnBasedStrategy_Code/Content/GothicTemple/Environment/Props/OldTemple/MI_TempleAssetsBlocks_03.uasset" 7129
"D:/Skald_TurnBasedStrategy_Code/Content/GothicTemple/Environment/Props/OldTemple/MI_TempleAssetsBlocks_03.uexp" 7130
"D:/Skald_TurnBasedStrategy_Code/Content/GothicTemple/Environment/Props/GothicTemple/SM_GothicArc_01.ubulk" 7131
"D:/Skald_TurnBasedStrategy_Code/Content/GothicTemple/Environment/Props/GothicTemple/SM_GothicArc_01.uasset" 7132
"D:/Skald_TurnBasedStrategy_Code/Content/GothicTemple/Environment/Props/GothicTemple/SM_GothicArc_01.uexp" 7133
"D:/Skald_TurnBasedStrategy_Code/Content/GothicTemple/Environment/Props/Tombs/SM_Tomb_01.ubulk" 7134
"D:/Skald_TurnBasedStrategy_Code/Content/GothicTemple/Environment/Props/Tombs/SM_Tomb_01.uasset" 7135
"D:/Skald_TurnBasedStrategy_Code/Content/GothicTemple/Environment/Props/Tombs/SM_Tomb_01.uexp" 7136
"D:/Skald_TurnBasedStrategy_Code/Content/GothicTemple/Environment/Props/OldTemple/Altar/MI_TempleAssetsBase.uasset" 7137
"D:/Skald_TurnBasedStrategy_Code/Content/GothicTemple/Environment/Props/OldTemple/Altar/MI_TempleAssetsBase.uexp" 7138
"D:/Skald_TurnBasedStrategy_Code/Content/GothicTemple/Environment/Props/OldTemple/Altar/SM_AltarBase.ubulk" 7139
"D:/Skald_TurnBasedStrategy_Code/Content/GothicTemple/Environment/Props/OldTemple/Altar/SM_AltarBase.uasset" 7140
"D:/Skald_TurnBasedStrategy_Code/Content/GothicTemple/Environment/Props/OldTemple/Altar/SM_AltarBase.uexp" 7141
"D:/Skald_TurnBasedStrategy_Code/Content/GothicTemple/Environment/Folliage/Branches/SM_SmallBranch_02.ubulk" 7142
"D:/Skald_TurnBasedStrategy_Code/Content/GothicTemple/Environment/Folliage/Branches/SM_SmallBranch_02.uasset" 7143
"D:/Skald_TurnBasedStrategy_Code/Content/GothicTemple/Environment/Folliage/Branches/SM_SmallBranch_02.uexp" 7144
"D:/Skald_TurnBasedStrategy_Code/Content/GothicTemple/Environment/Folliage/Grass/SM_Grass_02_FoliageType.uasset" 7145
"D:/Skald_TurnBasedStrategy_Code/Content/GothicTemple/Environment/Folliage/Grass/SM_Grass_02_FoliageType.uexp" 7146
"D:/Skald_TurnBasedStrategy_Code/Content/GothicTemple/Environment/Folliage/Branches/SM_MediumBranch_03.ubulk" 7147
"D:/Skald_TurnBasedStrategy_Code/Content/GothicTemple/Environment/Folliage/Branches/SM_MediumBranch_03.uasset" 7148
"D:/Skald_TurnBasedStrategy_Code/Content/GothicTemple/Environment/Folliage/Branches/SM_MediumBranch_03.uexp" 7149
"D:/Skald_TurnBasedStrategy_Code/Content/GothicTemple/Environment/Folliage/Trees/MI_TreeBark_02.uasset" 7150
"D:/Skald_TurnBasedStrategy_Code/Content/GothicTemple/Environment/Folliage/Trees/MI_TreeBark_02.uexp" 7151
"D:/Skald_TurnBasedStrategy_Code/Content/GothicTemple/Environment/Props/Rocks/SM_Big_Rock_04.ubulk" 7152
"D:/Skald_TurnBasedStrategy_Code/Content/GothicTemple/Environment/Props/Rocks/SM_Big_Rock_04.uasset" 7153
"D:/Skald_TurnBasedStrategy_Code/Content/GothicTemple/Environment/Props/Rocks/SM_Big_Rock_04.uexp" 7154
"D:/Skald_TurnBasedStrategy_Code/Content/GothicTemple/Environment/Props/GothicBlocks/SM_GothicCylinder_01.ubulk" 7155
"D:/Skald_TurnBasedStrategy_Code/Content/GothicTemple/Environment/Props/GothicBlocks/SM_GothicCylinder_01.uasset" 7156
"D:/Skald_TurnBasedStrategy_Code/Content/GothicTemple/Environment/Props/GothicBlocks/SM_GothicCylinder_01.uexp" 7157
"D:/Skald_TurnBasedStrategy_Code/Content/GothicTemple/Materials/Shaders/MI_GothicWallArcs_02.uasset" 7158
"D:/Skald_TurnBasedStrategy_Code/Content/GothicTemple/Materials/Shaders/MI_GothicWallArcs_02.uexp" 7159
"D:/Skald_TurnBasedStrategy_Code/Content/GothicTemple/Environment/Props/Rocks/SM_Big_Rock_01.ubulk" 7160
"D:/Skald_TurnBasedStrategy_Code/Content/GothicTemple/Environment/Props/Rocks/SM_Big_Rock_01.uasset" 7161
"D:/Skald_TurnBasedStrategy_Code/Content/GothicTemple/Environment/Props/Rocks/SM_Big_Rock_01.uexp" 7162
"D:/Skald_TurnBasedStrategy_Code/Content/GothicTemple/Environment/Folliage/DriedLeaves/SM_DriedLeaf_03.ubulk" 7163
"D:/Skald_TurnBasedStrategy_Code/Content/GothicTemple/Environment/Folliage/DriedLeaves/SM_DriedLeaf_03.uasset" 7164
"D:/Skald_TurnBasedStrategy_Code/Content/GothicTemple/Environment/Folliage/DriedLeaves/SM_DriedLeaf_03.uexp" 7165
"D:/Skald_TurnBasedStrategy_Code/Content/GothicTemple/Environment/Textures/GrungeDecals/T_GrungeDecal_02.ubulk" 7166
"D:/Skald_TurnBasedStrategy_Code/Content/GothicTemple/Environment/Textures/GrungeDecals/T_GrungeDecal_02.uasset" 7167
"D:/Skald_TurnBasedStrategy_Code/Content/GothicTemple/Environment/Textures/GrungeDecals/T_GrungeDecal_02.uexp" 7168
"D:/Skald_TurnBasedStrategy_Code/Content/GothicTemple/Environment/Textures/GrungeDecals/MI_GrungeDecal_02.uasset" 7169
"D:/Skald_TurnBasedStrategy_Code/Content/GothicTemple/Environment/Textures/GrungeDecals/MI_GrungeDecal_02.uexp" 7170
"D:/Skald_TurnBasedStrategy_Code/Content/GothicTemple/Environment/Props/GothicBlocks/SM_GothicBlock_07.ubulk" 7171
"D:/Skald_TurnBasedStrategy_Code/Content/GothicTemple/Environment/Props/GothicBlocks/SM_GothicBlock_07.uasset" 7172
"D:/Skald_TurnBasedStrategy_Code/Content/GothicTemple/Environment/Props/GothicBlocks/SM_GothicBlock_07.uexp" 7173
"D:/Skald_TurnBasedStrategy_Code/Content/GothicTemple/Environment/Folliage/DriedLeaves/SM_DriedLeaves_01.ubulk" 7174
"D:/Skald_TurnBasedStrategy_Code/Content/GothicTemple/Environment/Folliage/DriedLeaves/SM_DriedLeaves_01.uasset" 7175
"D:/Skald_TurnBasedStrategy_Code/Content/GothicTemple/Environment/Folliage/DriedLeaves/SM_DriedLeaves_01.uexp" 7176
"D:/Skald_TurnBasedStrategy_Code/Content/GothicTemple/Environment/Props/OldTemple/Cross/SM_CrossRing.ubulk" 7177
"D:/Skald_TurnBasedStrategy_Code/Content/GothicTemple/Environment/Props/OldTemple/Cross/SM_CrossRing.uasset" 7178
"D:/Skald_TurnBasedStrategy_Code/Content/GothicTemple/Environment/Props/OldTemple/Cross/SM_CrossRing.uexp" 7179
"D:/Skald_TurnBasedStrategy_Code/Content/GothicTemple/Environment/FogSheet/MI_FogSheet_02.uasset" 7180
"D:/Skald_TurnBasedStrategy_Code/Content/GothicTemple/Environment/FogSheet/MI_FogSheet_02.uexp" 7181
"D:/Skald_TurnBasedStrategy_Code/Content/GothicTemple/Environment/Props/GothicTemple/SM_GothicBrokenColumn_02.ubulk" 7182
"D:/Skald_TurnBasedStrategy_Code/Content/GothicTemple/Environment/Props/GothicTemple/SM_GothicBrokenColumn_02.uasset" 7183
"D:/Skald_TurnBasedStrategy_Code/Content/GothicTemple/Environment/Props/GothicTemple/SM_GothicBrokenColumn_02.uexp" 7184
"D:/Skald_TurnBasedStrategy_Code/Content/GothicTemple/Environment/Props/SnowPiles/SM_SnowPile_1Mts.ubulk" 7185
"D:/Skald_TurnBasedStrategy_Code/Content/GothicTemple/Environment/Props/SnowPiles/SM_SnowPile_1Mts.uasset" 7186
"D:/Skald_TurnBasedStrategy_Code/Content/GothicTemple/Environment/Props/SnowPiles/SM_SnowPile_1Mts.uexp" 7187
"D:/Skald_TurnBasedStrategy_Code/Content/GothicTemple/Environment/Folliage/Grass/SM_Grass_01_FoliageType.uasset" 7188
"D:/Skald_TurnBasedStrategy_Code/Content/GothicTemple/Environment/Folliage/Grass/SM_Grass_01_FoliageType.uexp" 7189
"D:/Skald_TurnBasedStrategy_Code/Content/GothicTemple/Environment/Props/OldTemple/MI_TempleSnowChunck_01.uasset" 7190
"D:/Skald_TurnBasedStrategy_Code/Content/GothicTemple/Environment/Props/OldTemple/MI_TempleSnowChunck_01.uexp" 7191
"D:/Skald_TurnBasedStrategy_Code/Content/GothicTemple/Environment/Props/GothicBlocks/SM_GothicSnowTemp.ubulk" 7192
"D:/Skald_TurnBasedStrategy_Code/Content/GothicTemple/Environment/Props/GothicBlocks/SM_GothicSnowTemp.uasset" 7193
"D:/Skald_TurnBasedStrategy_Code/Content/GothicTemple/Environment/Props/GothicBlocks/SM_GothicSnowTemp.uexp" 7194
"D:/Skald_TurnBasedStrategy_Code/Content/GothicTemple/Environment/Props/Rocks/SM_Medium_Rock_03.ubulk" 7195
"D:/Skald_TurnBasedStrategy_Code/Content/GothicTemple/Environment/Props/Rocks/SM_Medium_Rock_03.uasset" 7196
"D:/Skald_TurnBasedStrategy_Code/Content/GothicTemple/Environment/Props/Rocks/SM_Medium_Rock_03.uexp" 7197
"D:/Skald_TurnBasedStrategy_Code/Content/GothicTemple/Environment/Props/GothicBlocks/SM_GothicBlock_05.ubulk" 7198
"D:/Skald_TurnBasedStrategy_Code/Content/GothicTemple/Environment/Props/GothicBlocks/SM_GothicBlock_05.uasset" 7199
"D:/Skald_TurnBasedStrategy_Code/Content/GothicTemple/Environment/Props/GothicBlocks/SM_GothicBlock_05.uexp" 7200
"D:/Skald_TurnBasedStrategy_Code/Content/GothicTemple/Environment/Folliage/Branches/SM_BigBranch_02.ubulk" 7201
"D:/Skald_TurnBasedStrategy_Code/Content/GothicTemple/Environment/Folliage/Branches/SM_BigBranch_02.uasset" 7202
"D:/Skald_TurnBasedStrategy_Code/Content/GothicTemple/Environment/Folliage/Branches/SM_BigBranch_02.uexp" 7203
"D:/Skald_TurnBasedStrategy_Code/Content/GothicTemple/Environment/Props/HangingSnow/SM_HangingSnow_01.ubulk" 7204
"D:/Skald_TurnBasedStrategy_Code/Content/GothicTemple/Environment/Props/HangingSnow/SM_HangingSnow_01.uasset" 7205
"D:/Skald_TurnBasedStrategy_Code/Content/GothicTemple/Environment/Props/HangingSnow/SM_HangingSnow_01.uexp" 7206
"D:/Skald_TurnBasedStrategy_Code/Content/GothicTemple/Environment/Folliage/Twigs/SM_Twigs_01.ubulk" 7207
"D:/Skald_TurnBasedStrategy_Code/Content/GothicTemple/Environment/Folliage/Twigs/SM_Twigs_01.uasset" 7208
"D:/Skald_TurnBasedStrategy_Code/Content/GothicTemple/Environment/Folliage/Twigs/SM_Twigs_01.uexp" 7209
"D:/Skald_TurnBasedStrategy_Code/Content/GothicTemple/Materials/Shaders/MI_GothicColumn_02_Trims.uasset" 7210
"D:/Skald_TurnBasedStrategy_Code/Content/GothicTemple/Materials/Shaders/MI_GothicColumn_02_Trims.uexp" 7211
"D:/Skald_TurnBasedStrategy_Code/Content/GothicTemple/Materials/Shaders/MI_GothicColumn_02_Shaft.uasset" 7212
"D:/Skald_TurnBasedStrategy_Code/Content/GothicTemple/Materials/Shaders/MI_GothicColumn_02_Shaft.uexp" 7213
"D:/Skald_TurnBasedStrategy_Code/Content/GothicTemple/Environment/Props/GothicTemple/SM_GothicColumn_02.ubulk" 7214
"D:/Skald_TurnBasedStrategy_Code/Content/GothicTemple/Environment/Props/GothicTemple/SM_GothicColumn_02.uasset" 7215
"D:/Skald_TurnBasedStrategy_Code/Content/GothicTemple/Environment/Props/GothicTemple/SM_GothicColumn_02.uexp" 7216
"D:/Skald_TurnBasedStrategy_Code/Content/Blueprints/Maps/TundraMaps/Skald_Tundra_BM_02.uexp" 7217
"D:/Skald_TurnBasedStrategy_Code/Content/Blueprints/Maps/TundraMaps/Skald_Tundra_BM_02.ubulk" 7218
"D:/Skald_TurnBasedStrategy_Code/Content/Blueprints/Maps/TundraMaps/Skald_Tundra_BM_02.umap" 7219
