"D:/Skald_TurnBasedStrategy_Code/Skald.uproject" 1
"../../../Engine/Binaries/Win64/NotForLicensees/UnrealEditor.modules" 2
"../../../../Skald_TurnBasedStrategy_Code/Binaries/Win64/UnrealEditor.modules" 3
"../../../Engine/Plugins/AudioGameplay/AudioGameplay.uplugin" 4
"../../../Engine/Plugins/AudioGameplayVolume/AudioGameplayVolume.uplugin" 5
"../../../Engine/Plugins/BlueprintFileUtils/BlueprintFileUtils.uplugin" 6
"../../../Engine/Plugins/Bridge/Bridge.uplugin" 7
"../../../Engine/Plugins/ChaosCloth/ChaosCloth.uplugin" 8
"../../../Engine/Plugins/ChaosClothAsset/ChaosClothAsset.uplugin" 9
"../../../Engine/Plugins/AudioInsights/AudioInsights.uplugin" 10
"../../../Engine/Plugins/ChaosClothAssetEditor/ChaosClothAssetEditor.uplugin" 11
"../../../Engine/Plugins/CmdLinkServer/CmdLinkServer.uplugin" 12
"../../../Engine/Plugins/JsonBlueprintUtilities/JsonBlueprintUtilities.uplugin" 13
"../../../Engine/Plugins/LightWeightInstancesEditor/LightWeightInstancesEditor.uplugin" 14
"../../../Engine/Plugins/Fab/Fab.uplugin" 15
"../../../Engine/Plugins/EnhancedInput/EnhancedInput.uplugin" 16
"../../../Engine/Plugins/Chooser/Chooser.uplugin" 17
"../../../Engine/Plugins/FastBuildController/FastBuildController.uplugin" 18
"../../../Engine/Plugins/DiscoveryBeaconReceiver/DiscoveryBeaconReceiver.uplugin" 19
"../../../Engine/Plugins/MemoryUsageQueries/MemoryUsageQueries.uplugin" 20
"../../../Engine/Plugins/Mutable/Mutable.uplugin" 21
"../../../Engine/Plugins/PCG/PCG.uplugin" 22
"../../../Engine/Plugins/RenderGraphInsights/RenderGraphInsights.uplugin" 23
"../../../Engine/Plugins/ScriptPlugin/ScriptPlugin.uplugin" 24
"../../../Engine/Plugins/MeshPainting/MeshPainting.uplugin" 25
"../../../Engine/Plugins/TraceUtilities/TraceUtilities.uplugin" 26
"../../../Engine/Plugins/UbaController/UbaController.uplugin" 27
"../../../Engine/Plugins/WorldMetrics/WorldMetrics.uplugin" 28
"../../../Engine/Plugins/XGEController/XGEController.uplugin" 29
"../../../Engine/Plugins/Developer/AnimationSharing/AnimationSharing.uplugin" 30
"../../../Engine/Plugins/Developer/CLionSourceCodeAccess/CLionSourceCodeAccess.uplugin" 31
"../../../Engine/Plugins/Developer/CodeLiteSourceCodeAccess/CodeLiteSourceCodeAccess.uplugin" 32
"../../../Engine/Plugins/Developer/DumpGPUServices/DumpGPUServices.uplugin" 33
"../../../Engine/Plugins/Developer/FieldNotificationTrace/FieldNotificationTrace.uplugin" 34
"../../../Engine/Plugins/Developer/GitSourceControl/GitSourceControl.uplugin" 35
"../../../Engine/Plugins/Developer/KDevelopSourceCodeAccess/KDevelopSourceCodeAccess.uplugin" 36
"../../../Engine/Plugins/Developer/NullSourceCodeAccess/NullSourceCodeAccess.uplugin" 37
"../../../Engine/Plugins/Developer/N10XSourceCodeAccess/N10XSourceCodeAccess.uplugin" 38
"../../../Engine/Plugins/Developer/BlankPlugin/BlankPlugin.uplugin" 39
"../../../Engine/Plugins/Developer/PixWinPlugin/PixWinPlugin.uplugin" 40
"../../../Engine/Plugins/Developer/PerforceSourceControl/PerforceSourceControl.uplugin" 41
"../../../Engine/Plugins/Developer/PlasticSourceControl/PlasticSourceControl.uplugin" 42
"../../../Engine/Plugins/Developer/PluginUtils/PluginUtils.uplugin" 43
"../../../Engine/Plugins/Developer/OneSkyLocalizationService/OneSkyLocalizationService.uplugin" 44
"../../../Engine/Plugins/Developer/PropertyAccessNode/PropertyAccessNode.uplugin" 45
"../../../Engine/Plugins/Developer/RiderSourceCodeAccess/RiderSourceCodeAccess.uplugin" 46
"../../../Engine/Plugins/Developer/RenderDocPlugin/RenderDocPlugin.uplugin" 47
"../../../Engine/Plugins/Developer/SubversionSourceControl/SubversionSourceControl.uplugin" 48
"../../../Engine/Plugins/ChaosVD/ChaosVD.uplugin" 49
"../../../Engine/Plugins/Developer/TraceDataFiltering/TraceDataFilters.uplugin" 50
"../../../Engine/Plugins/Developer/UObjectPlugin/UObjectPlugin.uplugin" 51
"../../../Engine/Plugins/Developer/TraceSourceFiltering/TraceSourceFilters.uplugin" 52
"../../../Engine/Plugins/Developer/TextureFormatOodle/TextureFormatOodle.uplugin" 53
"../../../Engine/Plugins/Developer/VisualStudioSourceCodeAccess/VisualStudioSourceCodeAccess.uplugin" 54
"../../../Engine/Plugins/Developer/XcodeGPUDebuggerPlugin/XcodeGPUDebuggerPlugin.uplugin" 55
"../../../Engine/Plugins/Developer/VisualStudioCodeSourceCodeAccess/VisualStudioCodeSourceCodeAccess.uplugin" 56
"../../../Engine/Plugins/Editor/AssetReferenceRestrictions/AssetReferenceRestrictions.uplugin" 57
"../../../Engine/Plugins/Developer/XCodeSourceCodeAccess/XCodeSourceCodeAccess.uplugin" 58
"../../../Engine/Plugins/Editor/AssetManagerEditor/AssetManagerEditor.uplugin" 59
"../../../Engine/Plugins/Editor/AssetRegistryExport/AssetRegistryExport.uplugin" 60
"../../../Engine/Plugins/Editor/AssetSearch/AssetSearch.uplugin" 61
"../../../Engine/Plugins/Editor/BlueprintMaterialTextureNodes/BlueprintMaterialTextureNodes.uplugin" 62
"../../../Engine/Plugins/Editor/ConsoleVariablesEditor/ConsoleVariables.uplugin" 63
"../../../Engine/Plugins/Editor/ChangelistReview/ChangelistReview.uplugin" 64
"../../../Engine/Plugins/Editor/BlueprintHeaderView/BlueprintHeaderView.uplugin" 65
"../../../Engine/Plugins/Editor/ColorGrading/ColorGrading.uplugin" 66
"../../../Engine/Plugins/Editor/CryptoKeys/CryptoKeys.uplugin" 67
"../../../Engine/Plugins/Editor/CurveEditorTools/CurveEditorTools.uplugin" 68
"../../../Engine/Plugins/Editor/DataValidation/DataValidation.uplugin" 69
"../../../Engine/Plugins/Editor/EditorDebugTools/EditorDebugTools.uplugin" 70
"../../../Engine/Plugins/Editor/EditorScriptingUtilities/EditorScriptingUtilities.uplugin" 71
"../../../Engine/Plugins/Editor/DisplayClusterLaunch/DisplayClusterLaunch.uplugin" 72
"../../../Engine/Plugins/Editor/EditorSysConfigAssistant/EditorSysConfigAssistant.uplugin" 73
"../../../Engine/Plugins/Editor/EngineAssetDefinitions/EngineAssetDefinitions.uplugin" 74
"../../../Engine/Plugins/Editor/FacialAnimation/FacialAnimation.uplugin" 75
"../../../Engine/Plugins/Editor/GameplayTagsEditor/GameplayTagsEditor.uplugin" 76
"../../../Engine/Plugins/Editor/GuidedTutorials/GuidedTutorials.uplugin" 77
"../../../Engine/Plugins/Editor/GeometryMode/GeometryMode.uplugin" 78
"../../../Engine/Plugins/Editor/LiveUpdateForSlate/LiveUpdateForSlate.uplugin" 79
"../../../Engine/Plugins/Editor/MacGraphicsSwitching/MacGraphicsSwitching.uplugin" 80
"../../../Engine/Plugins/Editor/MakeCookedEditorAsDLC/MakeCookedEditorAsDLC.uplugin" 81
"../../../Engine/Plugins/Editor/MeshLODToolset/MeshLODToolset.uplugin" 82
"../../../Engine/Plugins/Editor/MobileLauncherProfileWizard/MobileLauncherProfileWizard.uplugin" 83
"../../../Engine/Plugins/Editor/ModelingToolsEditorMode/ModelingToolsEditorMode.uplugin" 84
"../../../Engine/Plugins/Editor/ModelViewViewModelPreview/ModelViewViewModelPreview.uplugin" 85
"../../../Engine/Plugins/Editor/ProxyLODPlugin/ProxyLODPlugin.uplugin" 86
"../../../Engine/Plugins/Editor/MaterialAnalyzer/MaterialAnalyzer.uplugin" 87
"../../../Engine/Plugins/Editor/SampleToolsEditorMode/SampleToolsEditorMode.uplugin" 88
"../../../Engine/Plugins/Editor/PluginBrowser/PluginBrowser.uplugin" 89
"../../../Engine/Plugins/Editor/ScriptableToolsEditorMode/ScriptableToolsEditorMode.uplugin" 90
"../../../Engine/Plugins/Editor/SpeedTreeImporter/SpeedTreeImporter.uplugin" 91
"../../../Engine/Plugins/Editor/SequencerAnimTools/SequencerAnimTools.uplugin" 92
"../../../Engine/Plugins/Editor/StaticMeshEditorModeling/StaticMeshEditorModeling.uplugin" 93
"../../../Engine/Plugins/Editor/StylusInput/StylusInput.uplugin" 94
"../../../Engine/Plugins/Experimental/AbilitySystemGameFeatureActions/AbilitySystemGameFeatureActions.uplugin" 95
"../../../Engine/Plugins/Editor/UVEditor/UVEditor.uplugin" 96
"../../../Engine/Plugins/Experimental/ActorModifierCore/ActorModifierCore.uplugin" 97
"../../../Engine/Plugins/Editor/WaveformEditor/WaveformEditor.uplugin" 98
"../../../Engine/Plugins/Editor/UMGWidgetPreview/UMGWidgetPreview.uplugin" 99
"../../../Engine/Plugins/Editor/WorldPartitionHLODUtilities/WorldPartitionHLODUtilities.uplugin" 100
"../../../Engine/Plugins/Experimental/ActorPalette/ActorPalette.uplugin" 101
"../../../Engine/Plugins/Experimental/AdvancedRenamer/AdvancedRenamer.uplugin" 102
"../../../Engine/Plugins/Experimental/AnimNext/AnimNext.uplugin" 103
"../../../Engine/Plugins/Experimental/AnimNextAnimGraph/AnimNextAnimGraph.uplugin" 104
"../../../Engine/Plugins/Experimental/AnimNextStateTree/AnimNextStateTree.uplugin" 105
"../../../Engine/Plugins/Experimental/AnimNextChooser/AnimNextChooser.uplugin" 106
"../../../Engine/Plugins/Experimental/AppleVision/AppleVision.uplugin" 107
"../../../Engine/Plugins/Experimental/Avalanche/Avalanche.uplugin" 108
"../../../Engine/Plugins/Experimental/AvalancheDisplayCluster/AvalancheDisplayCluster.uplugin" 109
"../../../Engine/Plugins/Experimental/BackChannel/BackChannel.uplugin" 110
"../../../Engine/Plugins/Experimental/BlueprintSnapNodes/BlueprintSnapNodes.uplugin" 111
"../../../Engine/Plugins/Experimental/AnimToTexture/AnimToTexture.uplugin" 112
"../../../Engine/Plugins/Experimental/BlueprintStats/BlueprintStats.uplugin" 113
"../../../Engine/Plugins/Experimental/ChaosCaching/ChaosCaching.uplugin" 114
"../../../Engine/Plugins/Experimental/ChaosClothEditor/ChaosClothEditor.uplugin" 115
"../../../Engine/Plugins/Experimental/ChaosCachingUSD/ChaosCachingUSD.uplugin" 116
"../../../Engine/Plugins/Experimental/AutomationUtils/AutomationUtils.uplugin" 117
"../../../Engine/Plugins/Experimental/Buoyancy/Buoyancy.uplugin" 118
"../../../Engine/Plugins/Experimental/ChaosFlesh/ChaosFlesh.uplugin" 119
"../../../Engine/Plugins/Experimental/ChaosEditor/ChaosEditor.uplugin" 120
"../../../Engine/Plugins/Experimental/ChaosModularVehicle/ChaosModularVehicle.uplugin" 121
"../../../Engine/Plugins/Experimental/ChaosNiagara/ChaosNiagara.uplugin" 122
"../../../Engine/Plugins/Experimental/ChaosSolverPlugin/ChaosSolverPlugin.uplugin" 123
"../../../Engine/Plugins/Experimental/ChaosModularVehicleExamples/ChaosModularVehicleExamples.uplugin" 124
"../../../Engine/Plugins/Experimental/ChaosVehiclesPlugin/ChaosVehiclesPlugin.uplugin" 125
"../../../Engine/Plugins/Experimental/CharacterAI/CharacterAI.uplugin" 126
"../../../Engine/Plugins/Experimental/ChaosUserDataPT/ChaosUserDataPT.uplugin" 127
"../../../Engine/Plugins/Experimental/CineCameraRigs/CineCameraRigs.uplugin" 128
"../../../Engine/Plugins/Experimental/CinematicPrestreaming/CinematicPrestreaming.uplugin" 129
"../../../Engine/Plugins/Experimental/ClonerEffector/ClonerEffector.uplugin" 130
"../../../Engine/Plugins/Experimental/CodeEditor/CodeEditor.uplugin" 131
"../../../Engine/Plugins/Experimental/ColorCorrectRegions/ColorCorrectRegions.uplugin" 132
"../../../Engine/Plugins/Experimental/CineCameraSceneCapture/CineCameraSceneCapture.uplugin" 133
"../../../Engine/Plugins/Experimental/ControlFlows/ControlFlows.uplugin" 134
"../../../Engine/Plugins/Experimental/CommonConversation/CommonConversation.uplugin" 135
"../../../Engine/Plugins/Experimental/DaySequence/DaySequence.uplugin" 136
"../../../Engine/Plugins/Experimental/CodeView/CodeView.uplugin" 137
"../../../Engine/Plugins/Experimental/CustomDetailsView/CustomDetailsView.uplugin" 138
"../../../Engine/Plugins/Experimental/Dataflow/Dataflow.uplugin" 139
"../../../Engine/Plugins/Experimental/EditorDataStorage/EditorDataStorage.uplugin" 140
"../../../Engine/Plugins/Experimental/DefaultInstallBundleManager/DefaultInstallBundleManager.uplugin" 141
"../../../Engine/Plugins/Experimental/DynamicMaterial/DynamicMaterial.uplugin" 142
"../../../Engine/Plugins/Experimental/EditorDataStorageFeatures/EditorDataStorageFeatures.uplugin" 143
"../../../Engine/Plugins/Experimental/EditorPerformance/EditorPerformance.uplugin" 144
"../../../Engine/Plugins/Experimental/EditorTelemetry/EditorTelemetry.uplugin" 145
"../../../Engine/Plugins/Experimental/FieldSystemPlugin/FieldSystemPlugin.uplugin" 146
"../../../Engine/Plugins/Experimental/FloatingProperties/FloatingProperties.uplugin" 147
"../../../Engine/Plugins/Experimental/FullBodyIK/FullBodyIK.uplugin" 148
"../../../Engine/Plugins/Experimental/GameInputWindows/GameInputWindows.uplugin" 149
"../../../Engine/Plugins/Experimental/GameplayGraph/GameplayGraph.uplugin" 150
"../../../Engine/Plugins/Experimental/Gauntlet/Gauntlet.uplugin" 151
"../../../Engine/Plugins/Experimental/Fracture/Fracture.uplugin" 152
"../../../Engine/Plugins/Experimental/GeometryCacheAbcFile/GeometryCacheAbcFile.uplugin" 153
"../../../Engine/Plugins/Experimental/GeometryFlow/GeometryFlow.uplugin" 154
"../../../Engine/Plugins/Experimental/GeometryCollectionPlugin/GeometryCollectionPlugin.uplugin" 155
"../../../Engine/Plugins/Experimental/GeometryMask/GeometryMask.uplugin" 156
"../../../Engine/Plugins/Experimental/GameplayBehaviors/GameplayBehaviors.uplugin" 157
"../../../Engine/Plugins/Experimental/GizmoEdMode/GizmoEdMode.uplugin" 158
"../../../Engine/Plugins/Experimental/GameplayTargetingSystem/TargetingSystem.uplugin" 159
"../../../Engine/Plugins/Experimental/GPULightmass/GPULightmass.uplugin" 160
"../../../Engine/Plugins/Experimental/GizmoFramework/GizmoFramework.uplugin" 161
"../../../Engine/Plugins/Experimental/HairCardGenerator/HairCardGenerator.uplugin" 162
"../../../Engine/Plugins/Experimental/ImagePlate/ImagePlate.uplugin" 163
"../../../Engine/Plugins/Experimental/HairModelingToolset/HairModelingToolset.uplugin" 164
"../../../Engine/Plugins/Experimental/HairStrandsMutable/HairStrandsMutable.uplugin" 165
"../../../Engine/Plugins/Experimental/ImageWidgets/ImageWidgets.uplugin" 166
"../../../Engine/Plugins/Experimental/ImpostorBaker/ImpostorBaker.uplugin" 167
"../../../Engine/Plugins/Experimental/InstanceDataObjectFixupTool/InstanceDataObjectFixupTool.uplugin" 168
"../../../Engine/Plugins/Experimental/Iris/Iris.uplugin" 169
"../../../Engine/Plugins/Experimental/JWT/JWT.uplugin" 170
"../../../Engine/Plugins/Experimental/Landmass/Landmass.uplugin" 171
"../../../Engine/Plugins/Experimental/LandscapePatch/LandscapePatch.uplugin" 172
"../../../Engine/Plugins/Experimental/LearningAgents/LearningAgents.uplugin" 173
"../../../Engine/Plugins/Experimental/InlineMaterialInstance/InlineMaterialInstance.uplugin" 174
"../../../Engine/Plugins/Experimental/LiveLinkFaceImporter/LiveLinkFaceImporter.uplugin" 175
"../../../Engine/Plugins/Experimental/LiveLinkControlRig/LiveLinkControlRig.uplugin" 176
"../../../Engine/Plugins/Experimental/LiveLinkOpenVR/LiveLinkOpenVR.uplugin" 177
"../../../Engine/Plugins/Experimental/LowLevelNetTrace/LowLevelNetTrace.uplugin" 178
"../../../Engine/Plugins/Experimental/LocalizableMessage/LocalizableMessage.uplugin" 179
"../../../Engine/Plugins/Experimental/MotoSynth/MotoSynth.uplugin" 180
"../../../Engine/Plugins/Experimental/MotorSimOutputMotoSynth/MotorSimOutputMotoSynth.uplugin" 181
"../../../Engine/Plugins/Experimental/MeshModelingToolsetExp/MeshModelingToolsetExp.uplugin" 182
"../../../Engine/Plugins/Experimental/NaniteDisplacedMesh/NaniteDisplacedMesh.uplugin" 183
"../../../Engine/Plugins/Experimental/MoverExamples/MoverExamples.uplugin" 184
"../../../Engine/Plugins/Experimental/Mover/Mover.uplugin" 185
"../../../Engine/Plugins/Experimental/NeuralRendering/NeuralRendering.uplugin" 186
"../../../Engine/Plugins/Experimental/MutablePopulation/MutablePopulation.uplugin" 187
"../../../Engine/Plugins/Experimental/MoverTests/MoverTests.uplugin" 188
"../../../Engine/Plugins/Experimental/NNERuntimeBasicCpu/NNERuntimeBasicCpu.uplugin" 189
"../../../Engine/Plugins/Experimental/NFORDenoise/NFORDenoise.uplugin" 190
"../../../Engine/Plugins/Experimental/NNERuntimeIREE/NNERuntimeIREE.uplugin" 191
"../../../Engine/Plugins/Experimental/NNERuntimeRDG/NNERuntimeRDG.uplugin" 192
"../../../Engine/Plugins/Experimental/OpenImageDenoise/OpenImageDenoise.uplugin" 193
"../../../Engine/Plugins/Experimental/PCGBiomeSample/PCGBiomeSample.uplugin" 194
"../../../Engine/Plugins/Experimental/OperatorStack/OperatorStack.uplugin" 195
"../../../Engine/Plugins/Experimental/OptiXDenoise/OptiXDenoise.uplugin" 196
"../../../Engine/Plugins/Experimental/PCGBiomeCore/PCGBiomeCore.uplugin" 197
"../../../Engine/Plugins/Experimental/PanoramicCapture/PanoramicCapture.uplugin" 198
"../../../Engine/Plugins/Experimental/PhysicsControl/PhysicsControl.uplugin" 199
"../../../Engine/Plugins/Experimental/PixelStreamingPlayer/PixelStreamingPlayer.uplugin" 200
"../../../Engine/Plugins/Experimental/PlainProps/PlainProps.uplugin" 201
"../../../Engine/Plugins/Experimental/PluginAudit/PluginAudit.uplugin" 202
"../../../Engine/Plugins/Experimental/PluginTemplateTool/PluginTemplateTool.uplugin" 203
"../../../Engine/Plugins/Experimental/PluginReferenceViewer/PluginReferenceViewer.uplugin" 204
"../../../Engine/Plugins/Experimental/PythonFoundationPackages/PythonFoundationPackages.uplugin" 205
"../../../Engine/Plugins/Experimental/PostProcessMaterialChainGraph/PostProcessMaterialChainGraph.uplugin" 206
"../../../Engine/Plugins/Experimental/PropertyAnimatorCore/PropertyAnimatorCore.uplugin" 207
"../../../Engine/Plugins/Experimental/PlatformCrypto/PlatformCrypto.uplugin" 208
"../../../Engine/Plugins/Experimental/PythonScriptPlugin/PythonScriptPlugin.uplugin" 209
"../../../Engine/Plugins/Experimental/PropertyAnimator/PropertyAnimator.uplugin" 210
"../../../Engine/Plugins/Experimental/QuicMessaging/QuicMessaging.uplugin" 211
"../../../Engine/Plugins/Experimental/PlanarCutPlugin/PlanarCut.uplugin" 212
"../../../Engine/Plugins/Experimental/RawInput/RawInput.uplugin" 213
"../../../Engine/Plugins/Experimental/RemoteSession/RemoteSession.uplugin" 214
"../../../Engine/Plugins/Experimental/RemoteControlComponents/RemoteControlComponents.uplugin" 215
"../../../Engine/Plugins/Experimental/RigLogicAnimNext/RigLogicAnimNext.uplugin" 216
"../../../Engine/Plugins/Experimental/RazerChromaDevices/RazerChromaDevices.uplugin" 217
"../../../Engine/Plugins/Experimental/SerializationUtils/SerializationUtils.uplugin" 218
"../../../Engine/Plugins/Experimental/RigLogicMutable/RigLogicMutable.uplugin" 219
"../../../Engine/Plugins/Experimental/RenderGrid/RenderGrid.uplugin" 220
"../../../Engine/Plugins/Experimental/ScreenReader/ScreenReader.uplugin" 221
"../../../Engine/Plugins/Experimental/SkeletalReduction/SkeletalReduction.uplugin" 222
"../../../Engine/Plugins/Experimental/SlateModelViewViewModel/SlateModelViewViewModel.uplugin" 223
"../../../Engine/Plugins/Experimental/SecuritySandbox/SecuritySandbox.uplugin" 224
"../../../Engine/Plugins/Experimental/SlateScreenReader/SlateScreenReader.uplugin" 225
"../../../Engine/Plugins/Experimental/Shotgrid/Shotgrid.uplugin" 226
"../../../Engine/Plugins/Experimental/StateGraph/StateGraph.uplugin" 227
"../../../Engine/Plugins/Experimental/StormSyncAvalancheBridge/StormSyncAvalancheBridge.uplugin" 228
"../../../Engine/Plugins/Experimental/StormSync/StormSync.uplugin" 229
"../../../Engine/Plugins/Experimental/StructUtils/StructUtils.uplugin" 230
"../../../Engine/Plugins/Experimental/SimpleHMD/SimpleHMD.uplugin" 231
"../../../Engine/Plugins/Experimental/StudioTelemetry/StudioTelemetry.uplugin" 232
"../../../Engine/Plugins/Experimental/SurfaceEffects/SurfaceEffects.uplugin" 233
"../../../Engine/Plugins/Experimental/SVGImporter/SVGImporter.uplugin" 234
"../../../Engine/Plugins/Experimental/TetMeshing/TetMeshing.uplugin" 235
"../../../Engine/Plugins/Experimental/Text3D/Text3D.uplugin" 236
"../../../Engine/Plugins/Experimental/TextureMediaPlayer/TextureMediaPlayer.uplugin" 237
"../../../Engine/Plugins/Experimental/ToolPresets/ToolPresets.uplugin" 238
"../../../Engine/Plugins/Experimental/TextToSpeech/TextToSpeech.uplugin" 239
"../../../Engine/Plugins/Experimental/TargetDeviceServicesScripting/TargetDeviceServicesScripting.uplugin" 240
"../../../Engine/Plugins/Experimental/TextureGraph/TextureGraph.uplugin" 241
"../../../Engine/Plugins/Experimental/UIFramework/UIFramework.uplugin" 242
"../../../Engine/Plugins/Experimental/UserToolBoxCore/UserToolBoxCore.uplugin" 243
"../../../Engine/Plugins/Experimental/UserToolBoxBasicCommand/UserToolBoxBasicCommand.uplugin" 244
"../../../Engine/Plugins/Experimental/VirtualHeightfieldMesh/VirtualHeightfieldMesh.uplugin" 245
"../../../Engine/Plugins/Experimental/VirtualProductionUtilities/VirtualProductionUtilities.uplugin" 246
"../../../Engine/Plugins/Experimental/Volumetrics/Volumetrics.uplugin" 247
"../../../Engine/Plugins/Experimental/Water/Water.uplugin" 248
"../../../Engine/Plugins/Experimental/WaterAdvanced/WaterAdvanced.uplugin" 249
"../../../Engine/Plugins/Experimental/WebSocketNetworking/WebSocketNetworking.uplugin" 250
"../../../Engine/Plugins/Experimental/WaveFunctionCollapse/WaveFunctionCollapse.uplugin" 251
"../../../Engine/Plugins/Experimental/WidgetEditorToolPalette/WidgetEditorToolPalette.uplugin" 252
"../../../Engine/Plugins/Experimental/WaterExtras/WaterExtras.uplugin" 253
"../../../Engine/Plugins/Experimental/WebSocketMessaging/WebSocketMessaging.uplugin" 254
"../../../Engine/Plugins/NetcodeUnitTest/NetcodeUnitTest/NetcodeUnitTest.uplugin" 255
"../../../Engine/Plugins/Experimental/Workspace/Workspace.uplugin" 256
"../../../Engine/Plugins/Experimental/XRCreativeFramework/XRCreativeFramework.uplugin" 257
"../../../Engine/Plugins/Slate/SlateInsights/SlateInsights.uplugin" 258
"../../../Engine/Plugins/Slate/SlateScripting/SlateScripting.uplugin" 259
"../../../Engine/Plugins/Messaging/UdpMessaging/UdpMessaging.uplugin" 260
"../../../Engine/Plugins/Messaging/TcpMessaging/TcpMessaging.uplugin" 261
"../../../Engine/Plugins/Messaging/MessagingDebugger/MessagingDebugger.uplugin" 262
"../../../Engine/Plugins/NetcodeUnitTest/NUTUnrealEngine/NUTUnrealEngine.uplugin" 263
"../../../Engine/Plugins/MovieScene/CustomizableSequencerTracks/CustomizableSequencerTracks.uplugin" 264
"../../../Engine/Plugins/Importers/AlembicImporter/AlembicImporter.uplugin" 265
"../../../Engine/Plugins/MovieScene/ActorSequence/ActorSequence.uplugin" 266
"../../../Engine/Plugins/Importers/USDMultiUser/USDMultiUser.uplugin" 267
"../../../Engine/Plugins/MovieScene/MoviePipelineMaskRenderPass/MoviePipelineMaskRenderPass.uplugin" 268
"../../../Engine/Plugins/MovieScene/MovieSceneTextTrack/MovieSceneTextTrack.uplugin" 269
"../../../Engine/Plugins/NNE/NNEDenoiser/NNEDenoiser.uplugin" 270
"../../../Engine/Plugins/MovieScene/MovieRenderPipeline/MovieRenderPipeline.uplugin" 271
"../../../Engine/Plugins/MovieScene/LevelSequenceEditor/LevelSequenceEditor.uplugin" 272
"../../../Engine/Plugins/MovieScene/SequencerScripting/SequencerScripting.uplugin" 273
"../../../Engine/Plugins/Portal/LauncherChunkInstaller/LauncherChunkInstaller.uplugin" 274
"../../../Engine/Plugins/NNE/NNERuntimeORT/NNERuntimeORT.uplugin" 275
"../../../Engine/Plugins/Importers/AlembicHairImporter/AlembicHairImporter.uplugin" 276
"../../../Engine/Plugins/MovieScene/TemplateSequence/TemplateSequence.uplugin" 277
"../../../Engine/Plugins/Protocols/MQTT/MQTT.uplugin" 278
"../../../Engine/Plugins/Runtime/AndroidDeviceProfileSelector/AndroidDeviceProfileSelector.uplugin" 279
"../../../Engine/Plugins/Runtime/ActorLayerUtilities/ActorLayerUtilities.uplugin" 280
"../../../Engine/Plugins/MovieScene/ReplayTracks/ReplayTracks.uplugin" 281
"../../../Engine/Plugins/Runtime/AndroidFileServer/AndroidFileServer.uplugin" 282
"../../../Engine/Plugins/Runtime/AndroidMoviePlayer/AndroidMoviePlayer.uplugin" 283
"../../../Engine/Plugins/PCGInterops/PCGExternalDataInterop/PCGExternalDataInterop.uplugin" 284
"../../../Engine/Plugins/Importers/USDImporter/USDImporter.uplugin" 285
"../../../Engine/Plugins/PCGInterops/PCGGeometryScriptInterop/PCGGeometryScriptInterop.uplugin" 286
"../../../Engine/Plugins/Runtime/AndroidPermission/AndroidPermission.uplugin" 287
"../../../Engine/Plugins/Runtime/AppleMoviePlayer/AppleMoviePlayer.uplugin" 288
"../../../Engine/Plugins/Runtime/ArchVisCharacter/ArchVisCharacter.uplugin" 289
"../../../Engine/Plugins/Runtime/AppleImageUtils/AppleImageUtils.uplugin" 290
"../../../Engine/Plugins/Runtime/ApexDestruction/ApexDestruction.uplugin" 291
"../../../Engine/Plugins/Runtime/AnimationBudgetAllocator/AnimationBudgetAllocator.uplugin" 292
"../../../Engine/Plugins/Runtime/AudioCapture/AudioCapture.uplugin" 293
"../../../Engine/Plugins/Runtime/AudioModulation/AudioModulation.uplugin" 294
"../../../Engine/Plugins/Runtime/AudioSynesthesia/AudioSynesthesia.uplugin" 295
"../../../Engine/Plugins/Runtime/AndroidBackgroundService/AndroidBackgroundService.uplugin" 296
"../../../Engine/Plugins/Runtime/AudioMotorSim/AudioMotorSim.uplugin" 297
"../../../Engine/Plugins/Runtime/AudioWidgets/AudioWidgets.uplugin" 298
"../../../Engine/Plugins/Runtime/ComputeFramework/ComputeFramework.uplugin" 299
"../../../Engine/Plugins/Runtime/CommonUI/CommonUI.uplugin" 300
"../../../Engine/Plugins/Runtime/CustomMeshComponent/CustomMeshComponent.uplugin" 301
"../../../Engine/Plugins/Runtime/DataRegistry/DataRegistry.uplugin" 302
"../../../Engine/Plugins/Runtime/CableComponent/CableComponent.uplugin" 303
"../../../Engine/Plugins/Runtime/AssetTags/AssetTags.uplugin" 304
"../../../Engine/Plugins/Runtime/ExampleDeviceProfileSelector/ExampleDeviceProfileSelector.uplugin" 305
"../../../Engine/Plugins/Runtime/ChunkDownloader/ChunkDownloader.uplugin" 306
"../../../Engine/Plugins/Runtime/Firebase/Firebase.uplugin" 307
"../../../Engine/Plugins/Runtime/GameFeatures/GameFeatures.uplugin" 308
"../../../Engine/Plugins/Runtime/GameInput/GameInput.uplugin" 309
"../../../Engine/Plugins/Runtime/GameplayAbilities/GameplayAbilities.uplugin" 310
"../../../Engine/Plugins/Runtime/GameplayInteractions/GameplayInteractions.uplugin" 311
"../../../Engine/Plugins/Runtime/GameplayBehaviorSmartObjects/GameplayBehaviorSmartObjects.uplugin" 312
"../../../Engine/Plugins/Runtime/GameplayStateTree/GameplayStateTree.uplugin" 313
"../../../Engine/Plugins/Runtime/GeometryProcessing/GeometryProcessing.uplugin" 314
"../../../Engine/Plugins/Runtime/GeometryCache/GeometryCache.uplugin" 315
"../../../Engine/Plugins/Runtime/GooglePAD/GooglePAD.uplugin" 316
"../../../Engine/Plugins/Runtime/GeoReferencing/GeoReferencing.uplugin" 317
"../../../Engine/Plugins/Runtime/GoogleCloudMessaging/GoogleCloudMessaging.uplugin" 318
"../../../Engine/Plugins/Runtime/HDRIBackdrop/HDRIBackdrop.uplugin" 319
"../../../Engine/Plugins/Runtime/Harmonix/Harmonix.uplugin" 320
"../../../Engine/Plugins/Runtime/GeometryScripting/GeometryScripting.uplugin" 321
"../../../Engine/Plugins/Runtime/HPMotionController/HPMotionController.uplugin" 322
"../../../Engine/Plugins/Runtime/InstancedActors/InstancedActors.uplugin" 323
"../../../Engine/Plugins/Runtime/InputDebugging/InputDebugging.uplugin" 324
"../../../Engine/Plugins/Runtime/HairStrands/HairStrands.uplugin" 325
"../../../Engine/Plugins/Runtime/IOSDeviceProfileSelector/IOSDeviceProfileSelector.uplugin" 326
"../../../Engine/Plugins/Runtime/IOSReplayKit/IOSReplayKit.uplugin" 327
"../../../Engine/Plugins/Runtime/HTTPChunkInstaller/HTTPChunkInstaller.uplugin" 328
"../../../Engine/Plugins/Runtime/LiveLinkOvernDisplay/LiveLinkOverNDisplay.uplugin" 329
"../../../Engine/Plugins/Runtime/LevelStreamingPersistence/LevelStreamingPersistence.uplugin" 330
"../../../Engine/Plugins/Runtime/LinuxDeviceProfileSelector/LinuxDeviceProfileSelector.uplugin" 331
"../../../Engine/Plugins/Runtime/LocationServicesBPLibrary/LocationServicesBPLibrary.uplugin" 332
"../../../Engine/Plugins/Runtime/MassEntity/MassEntity.uplugin" 333
"../../../Engine/Plugins/Runtime/LocationServicesAndroidImpl/LocationServicesAndroidImpl.uplugin" 334
"../../../Engine/Plugins/Runtime/Metasound/Metasound.uplugin" 335
"../../../Engine/Plugins/Runtime/MeshModelingToolset/MeshModelingToolset.uplugin" 336
"../../../Engine/Plugins/Runtime/MicrosoftSpatialAudio/MicroSoftSpatialSound.uplugin" 337
"../../../Engine/Plugins/Runtime/MixedRealityCaptureFramework/MixedRealityCaptureFramework.uplugin" 338
"../../../Engine/Plugins/Runtime/MobileFSR/MobileFSR.uplugin" 339
"../../../Engine/Plugins/Runtime/MobilePatchingUtils/MobilePatchingUtils.uplugin" 340
"../../../Engine/Plugins/Runtime/MIDIDevice/MIDIDevice.uplugin" 341
"../../../Engine/Plugins/Runtime/MassGameplay/MassGameplay.uplugin" 342
"../../../Engine/Plugins/Runtime/ModelViewViewModel/ModelViewViewModel.uplugin" 343
"../../../Engine/Plugins/Runtime/LocationServicesIOSImpl/LocationServicesIOSImpl.uplugin" 344
"../../../Engine/Plugins/Runtime/MultiServerReplication/MultiServerReplication.uplugin" 345
"../../../Engine/Plugins/Runtime/ModularGameplay/ModularGameplay.uplugin" 346
"../../../Engine/Plugins/Runtime/MsQuic/MsQuic.uplugin" 347
"../../../Engine/Plugins/Runtime/nDisplayModularFeatures/nDisplayModularFeatures.uplugin" 348
"../../../Engine/Plugins/Runtime/NetworkPrediction/NetworkPrediction.uplugin" 349
"../../../Engine/Plugins/Runtime/nDisplay/nDisplay.uplugin" 350
"../../../Engine/Plugins/Runtime/NavCorridor/NavCorridor.uplugin" 351
"../../../Engine/Plugins/Runtime/NetworkPredictionInsights/NetworkPredictionInsights.uplugin" 352
"../../../Engine/Plugins/Runtime/NetworkPredictionExtras/NetworkPredictionExtras.uplugin" 353
"../../../Engine/Plugins/Runtime/OpenCV/OpenCV.uplugin" 354
"../../../Engine/Plugins/Runtime/OpenXREyeTracker/OpenXREyeTracker.uplugin" 355
"../../../Engine/Plugins/Runtime/OpenXR/OpenXR.uplugin" 356
"../../../Engine/Plugins/Runtime/OpenXRViveTracker/OpenXRViveTracker.uplugin" 357
"../../../Engine/Plugins/Runtime/OpenXRMsftHandInteraction/OpenXRMsftHandInteraction.uplugin" 358
"../../../Engine/Plugins/Runtime/OptionalMobileFeaturesBPLibrary/OptionalMobileFeaturesBPLibrary.uplugin" 359
"../../../Engine/Plugins/Runtime/OpenXRHandTracking/OpenXRHandTracking.uplugin" 360
"../../../Engine/Plugins/Runtime/OSC/OSC.uplugin" 361
"../../../Engine/Plugins/Runtime/PreLoadScreenMoviePlayer/PreLoadScreenMoviePlayer.uplugin" 362
"../../../Engine/Plugins/Runtime/PropertyAccess/PropertyAccessEditor.uplugin" 363
"../../../Engine/Plugins/Runtime/ProceduralMeshComponent/ProceduralMeshComponent.uplugin" 364
"../../../Engine/Plugins/Runtime/PropertyBindingUtils/PropertyBindingUtils.uplugin" 365
"../../../Engine/Plugins/Runtime/RenderTrace/RenderTrace.uplugin" 366
"../../../Engine/Plugins/Runtime/ReplicationGraph/ReplicationGraph.uplugin" 367
"../../../Engine/Plugins/Runtime/ReplicationSystemTestPlugin/ReplicationSystemTestPlugin.uplugin" 368
"../../../Engine/Plugins/Runtime/ResonanceAudio/ResonanceAudio.uplugin" 369
"../../../Engine/Plugins/Runtime/ScriptableToolsFramework/ScriptableToolsFramework.uplugin" 370
"../../../Engine/Plugins/Runtime/RigVM/RigVM.uplugin" 371
"../../../Engine/Plugins/Runtime/SignificanceManager/SignificanceManager.uplugin" 372
"../../../Engine/Plugins/Runtime/SkeletalMerging/SkeletalMerging.uplugin" 373
"../../../Engine/Plugins/Runtime/SmartObjects/SmartObjects.uplugin" 374
"../../../Engine/Plugins/Runtime/SoundCueTemplates/SoundCueTemplates.uplugin" 375
"../../../Engine/Plugins/Runtime/SoundFields/SoundFields.uplugin" 376
"../../../Engine/Plugins/Runtime/SoundUtilities/SoundUtilities.uplugin" 377
"../../../Engine/Plugins/Runtime/SoundMod/SoundMod.uplugin" 378
"../../../Engine/Plugins/Runtime/Spatialization/Spatialization.uplugin" 379
"../../../Engine/Plugins/Runtime/StateTree/StateTree.uplugin" 380
"../../../Engine/Plugins/Runtime/Soundscape/Soundscape.uplugin" 381
"../../../Engine/Plugins/Runtime/SunPosition/SunPosition.uplugin" 382
"../../../Engine/Plugins/Runtime/Synthesis/Synthesis.uplugin" 383
"../../../Engine/Plugins/Runtime/WarpUtils/WarpUtils.uplugin" 384
"../../../Engine/Plugins/Runtime/WaveTable/WaveTable.uplugin" 385
"../../../Engine/Plugins/Runtime/USDCore/USDCore.uplugin" 386
"../../../Engine/Plugins/Runtime/WebBrowserWidget/WebBrowserWidget.uplugin" 387
"../../../Engine/Plugins/Runtime/WebBrowserNativeProxy/WebBrowserNativeProxy.uplugin" 388
"../../../Engine/Plugins/Runtime/WebMMoviePlayer/WebMMoviePlayer.uplugin" 389
"../../../Engine/Plugins/Runtime/WindowsDeviceProfileSelector/WindowsDeviceProfileSelector.uplugin" 390
"../../../Engine/Plugins/Runtime/WindowsMoviePlayer/WindowsMoviePlayer.uplugin" 391
"../../../Engine/Plugins/Runtime/WorldConditions/WorldConditions.uplugin" 392
"../../../Engine/Plugins/Runtime/XRBase/XRBase.uplugin" 393
"../../../Engine/Plugins/Runtime/ZoneGraphAnnotations/ZoneGraphAnnotations.uplugin" 394
"../../../Engine/Plugins/VirtualProduction/CameraCalibration/CameraCalibration.uplugin" 395
"../../../Engine/Plugins/Runtime/ZoneGraph/ZoneGraph.uplugin" 396
"../../../Engine/Plugins/VirtualProduction/CameraCalibrationML/CameraCalibrationML.uplugin" 397
"../../../Engine/Plugins/VirtualProduction/CameraCalibrationCore/CameraCalibrationCore.uplugin" 398
"../../../Engine/Plugins/VirtualProduction/CaptureData/CaptureData.uplugin" 399
"../../../Engine/Plugins/VirtualProduction/CompositePlane/CompositePlane.uplugin" 400
"../../../Engine/Plugins/VirtualProduction/DataCharts/DataCharts.uplugin" 401
"../../../Engine/Plugins/VirtualProduction/EpicStageApp/EpicStageApp.uplugin" 402
"../../../Engine/Plugins/VirtualProduction/ICVFX/ICVFX.uplugin" 403
"../../../Engine/Plugins/VirtualProduction/LevelSnapshots/LevelSnapshots.uplugin" 404
"../../../Engine/Plugins/VirtualProduction/LensComponent/LensComponent.uplugin" 405
"../../../Engine/Plugins/VirtualProduction/ICVFXTesting/ICVFXTesting.uplugin" 406
"../../../Engine/Plugins/VirtualProduction/LiveLinkCamera/LiveLinkCamera.uplugin" 407
"../../../Engine/Plugins/VirtualProduction/LiveLinkFreeD/LiveLinkFreeD.uplugin" 408
"../../../Engine/Plugins/VirtualProduction/LiveLinkInputDevice/LiveLinkInputDevice.uplugin" 409
"../../../Engine/Plugins/VirtualProduction/LiveLinkMasterLockit/LiveLinkMasterLockit.uplugin" 410
"../../../Engine/Plugins/VirtualProduction/LiveLinkLens/LiveLinkLens.uplugin" 411
"../../../Engine/Plugins/VirtualProduction/LiveLinkPrestonMDR/LiveLinkPrestonMDR.uplugin" 412
"../../../Engine/Plugins/VirtualProduction/LiveLinkVRPN/LiveLinkVRPN.uplugin" 413
"../../../Engine/Plugins/VirtualProduction/LiveLinkXR/LiveLinkXR.uplugin" 414
"../../../Engine/Plugins/VirtualProduction/RemoteControlInterception/RemoteControlInterception.uplugin" 415
"../../../Engine/Plugins/VirtualProduction/RemoteControl/RemoteControl.uplugin" 416
"../../../Engine/Plugins/VirtualProduction/RemoteControlProtocolMIDI/RemoteControlProtocolMIDI.uplugin" 417
"../../../Engine/Plugins/VirtualProduction/RemoteControlProtocolOSC/RemoteControlProtocolOSC.uplugin" 418
"../../../Engine/Plugins/VirtualProduction/MultiUserTakes/MultiUserTakes.uplugin" 419
"../../../Engine/Plugins/VirtualProduction/RemoteControlProtocolDMX/RemoteControlProtocolDMX.uplugin" 420
"../../../Engine/Plugins/VirtualProduction/RemoteControlWebInterface/RemoteControlWebInterface.uplugin" 421
"../../../Engine/Plugins/VirtualProduction/SequencerPlaylists/SequencerPlaylists.uplugin" 422
"../../../Engine/Plugins/VirtualProduction/StageMonitoring/StageMonitoring.uplugin" 423
"../../../Engine/Plugins/VirtualProduction/Switchboard/Switchboard.uplugin" 424
"../../../Engine/Plugins/VirtualProduction/VirtualCamera/VirtualCamera.uplugin" 425
"../../../Engine/Plugins/VirtualProduction/TimedDataMonitor/TimedDataMonitor.uplugin" 426
"../../../Engine/Plugins/VirtualProduction/Takes/Takes.uplugin" 427
"../../../Engine/Plugins/VirtualProduction/TextureShare/TextureShare.uplugin" 428
"../../../Engine/Plugins/2D/Paper2D/Paper2D.uplugin" 429
"../../../Engine/Plugins/VirtualProduction/VirtualCameraCore/VirtualCameraCore.uplugin" 430
"../../../Engine/Plugins/VirtualProduction/VirtualScouting/VirtualScouting.uplugin" 431
"../../../Engine/Plugins/Animation/ACLPlugin/ACLPlugin.uplugin" 432
"../../../Engine/Plugins/AI/EnvironmentQueryEditor/EnvironmentQueryEditor.uplugin" 433
"../../../Engine/Plugins/AI/MassAI/MassAI.uplugin" 434
"../../../Engine/Plugins/AI/AISupport/AISupport.uplugin" 435
"../../../Engine/Plugins/AI/HTNPlanner/HTNPlanner.uplugin" 436
"../../../Engine/Plugins/AI/MassCrowd/MassCrowd.uplugin" 437
"../../../Engine/Plugins/AI/MLAdapter/MLAdapter.uplugin" 438
"../../../Engine/Plugins/Animation/AnimationData/AnimationData.uplugin" 439
"../../../Engine/Plugins/Animation/AnimationLocomotionLibrary/AnimationLocomotionLibrary.uplugin" 440
"../../../Engine/Plugins/Animation/AnimationModifierLibrary/AnimationModifierLibrary.uplugin" 441
"../../../Engine/Plugins/Animation/AnimationWarping/AnimationWarping.uplugin" 442
"../../../Engine/Plugins/Animation/AnimatorKit/AnimatorKit.uplugin" 443
"../../../Engine/Plugins/Animation/BlendSpaceMotionAnalysis/BlendSpaceMotionAnalysis.uplugin" 444
"../../../Engine/Plugins/Animation/BlendStack/BlendStack.uplugin" 445
"../../../Engine/Plugins/Animation/ControlRig/ControlRig.uplugin" 446
"../../../Engine/Plugins/Animation/ControlRigModules/ControlRigModules.uplugin" 447
"../../../Engine/Plugins/Animation/ControlRigSpline/ControlRigSpline.uplugin" 448
"../../../Engine/Plugins/Animation/DeformerGraph/DeformerGraph.uplugin" 449
"../../../Engine/Plugins/Animation/GameplayInsights/GameplayInsights.uplugin" 450
"../../../Engine/Plugins/Animation/IKRig/IKRig.uplugin" 451
"../../../Engine/Plugins/Animation/LiveLink/LiveLink.uplugin" 452
"../../../Engine/Plugins/Animation/LiveLinkHub/LiveLinkHub.uplugin" 453
"../../../Engine/Plugins/Animation/LiveLinkCurveDebugUI/LiveLinkCurveDebugUI.uplugin" 454
"../../../Engine/Plugins/Animation/MotionWarping/MotionWarping.uplugin" 455
"../../../Engine/Plugins/Cameras/CameraShakePreviewer/CameraShakePreviewer.uplugin" 456
"../../../Engine/Plugins/Animation/PoseSearch/PoseSearch.uplugin" 457
"../../../Engine/Plugins/Animation/RigLogic/RigLogic.uplugin" 458
"../../../Engine/Plugins/Cameras/GameplayCameras/GameplayCameras.uplugin" 459
"../../../Engine/Plugins/Animation/PerformanceCaptureCore/PerformanceCaptureCore.uplugin" 460
"../../../Engine/Plugins/Cameras/EngineCameras/EngineCameras.uplugin" 461
"../../../Engine/Plugins/Compositing/Composure/Composure.uplugin" 462
"../../../Engine/Plugins/Compression/OodleNetwork/OodleNetwork.uplugin" 463
"../../../Engine/Plugins/Compositing/LensDistortion/LensDistortion.uplugin" 464
"../../../Engine/Plugins/Compositing/OpenColorIO/OpenColorIO.uplugin" 465
"../../../Engine/Plugins/Enterprise/DataprepEditor/DataprepEditor.uplugin" 466
"../../../Engine/Plugins/Compositing/OpenCVLensDistortion/OpenCVLensDistortion.uplugin" 467
"../../../Engine/Plugins/Enterprise/DatasmithCADImporter/DatasmithCADImporter.uplugin" 468
"../../../Engine/Plugins/Enterprise/AxFImporter/AxFImporter.uplugin" 469
"../../../Engine/Plugins/Enterprise/DatasmithC4DImporter/DatasmithC4DImporter.uplugin" 470
"../../../Engine/Plugins/Enterprise/DatasmithContent/DatasmithContent.uplugin" 471
"../../../Engine/Plugins/Enterprise/DatasmithFBXImporter/DatasmithFBXImporter.uplugin" 472
"../../../Engine/Plugins/Enterprise/GLTFExporter/GLTFExporter.uplugin" 473
"../../../Engine/Plugins/Enterprise/LidarPointCloud/LidarPointCloud.uplugin" 474
"../../../Engine/Plugins/Enterprise/DatasmithImporter/DatasmithImporter.uplugin" 475
"../../../Engine/Plugins/Enterprise/MDLImporter/MDLImporter.uplugin" 476
"../../../Engine/Plugins/Enterprise/VariantManager/VariantManager.uplugin" 477
"../../../Engine/Plugins/Enterprise/VariantManagerContent/VariantManagerContent.uplugin" 478
"../../../Engine/Plugins/FX/CascadeToNiagaraConverter/CascadeToNiagaraConverter.uplugin" 479
"../../../Engine/Plugins/Interchange/Assets/InterchangeAssets.uplugin" 480
"../../../Engine/Plugins/Interchange/Editor/InterchangeEditor.uplugin" 481
"../../../Engine/Plugins/FX/ExampleCustomDataInterface/ExampleCustomDataInterface.uplugin" 482
"../../../Engine/Plugins/Interchange/Runtime/Interchange.uplugin" 483
"../../../Engine/Plugins/FX/Niagara/Niagara.uplugin" 484
"../../../Engine/Plugins/FX/NiagaraFluids/NiagaraFluids.uplugin" 485
"../../../Engine/Plugins/FX/NiagaraSimCaching/NiagaraSimCaching.uplugin" 486
"../../../Engine/Plugins/FX/NiagaraMRQ/NiagaraMRQ.uplugin" 487
"../../../Engine/Plugins/Media/AjaMedia/AjaMedia.uplugin" 488
"../../../Engine/Plugins/Media/AndroidMedia/AndroidMedia.uplugin" 489
"../../../Engine/Plugins/Media/AppleProResDecoderElectra/AppleProResDecoderElectra.uplugin" 490
"../../../Engine/Plugins/Media/AppleProResMedia/AppleProResMedia.uplugin" 491
"../../../Engine/Plugins/Media/AvfMedia/AvfMedia.uplugin" 492
"../../../Engine/Plugins/Media/AudioCaptureTimecodeProvider/AudioCaptureTimecodeProvider.uplugin" 493
"../../../Engine/Plugins/Media/AndroidCamera/AndroidCamera.uplugin" 494
"../../../Engine/Plugins/Media/AvidDNxHDDecoderElectra/AvidDNxHDDecoderElectra.uplugin" 495
"../../../Engine/Plugins/Media/AvidDNxMedia/AvidDNxMedia.uplugin" 496
"../../../Engine/Plugins/Media/BinkMedia/BinkMedia.uplugin" 497
"../../../Engine/Plugins/Media/BlackmagicMedia/BlackmagicMedia.uplugin" 498
"../../../Engine/Plugins/Media/D3D12VideoDecodersElectra/D3D12VideoDecodersElectra.uplugin" 499
"../../../Engine/Plugins/Media/ElectraCodecs/ElectraCodecs.uplugin" 500
"../../../Engine/Plugins/Media/ElectraCDM/ElectraCDM.uplugin" 501
"../../../Engine/Plugins/Media/ElectraPlayer/ElectraPlayer.uplugin" 502
"../../../Engine/Plugins/Media/FlacDecoderElectra/FlacDecoderElectra.uplugin" 503
"../../../Engine/Plugins/Media/ElectraUtil/ElectraUtil.uplugin" 504
"../../../Engine/Plugins/Media/ElectraSubtitles/ElectraSubtitles.uplugin" 505
"../../../Engine/Plugins/Media/HardwareEncoders/HardwareEncoders.uplugin" 506
"../../../Engine/Plugins/Media/ImgMedia/ImgMedia.uplugin" 507
"../../../Engine/Plugins/Media/MediaCompositing/MediaCompositing.uplugin" 508
"../../../Engine/Plugins/Media/LinearTimecode/LinearTimecode.uplugin" 509
"../../../Engine/Plugins/Media/MediaFrameworkUtilities/MediaFrameworkUtilities.uplugin" 510
"../../../Engine/Plugins/Media/HAPDecoderElectra/HAPDecoderElectra.uplugin" 511
"../../../Engine/Plugins/Media/HAPMedia/HAPMedia.uplugin" 512
"../../../Engine/Plugins/Media/MediaIOFramework/MediaIOFramework.uplugin" 513
"../../../Engine/Plugins/Media/MediaPlate/MediaPlate.uplugin" 514
"../../../Engine/Plugins/Media/MediaMovieStreamer/MediaMovieStreamer.uplugin" 515
"../../../Engine/Plugins/Media/MediaPlayerEditor/MediaPlayerEditor.uplugin" 516
"../../../Engine/Plugins/Media/MfMedia/MfMedia.uplugin" 517
"../../../Engine/Plugins/Media/NDIMedia/NDIMedia.uplugin" 518
"../../../Engine/Plugins/Media/OpusDecoderElectra/OpusDecoderElectra.uplugin" 519
"../../../Engine/Plugins/Media/PixelCapture/PixelCapture.uplugin" 520
"../../../Engine/Plugins/Media/PixelStreaming/PixelStreaming.uplugin" 521
"../../../Engine/Plugins/Media/PixelStreaming2/PixelStreaming2.uplugin" 522
"../../../Engine/Plugins/Media/TimecodeSynchronizer/TimecodeSynchronizer.uplugin" 523
"../../../Engine/Plugins/Online/EOSOverlayInputProvider/EOSOverlayInputProvider.uplugin" 524
"../../../Engine/Plugins/Media/VPxDecoderElectra/VPxDecoderElectra.uplugin" 525
"../../../Engine/Plugins/Media/WmfMedia/WmfMedia.uplugin" 526
"../../../Engine/Plugins/Media/WebMMedia/WebMMedia.uplugin" 527
"../../../Engine/Plugins/Online/OnlineBase/OnlineBase.uplugin" 528
"../../../Engine/Plugins/Online/OnlineServices/OnlineServices.uplugin" 529
"../../../Engine/Plugins/Online/EOSShared/EOSShared.uplugin" 530
"../../../Engine/Plugins/Online/OnlineServicesOSSAdapter/OnlineServicesOSSAdapter.uplugin" 531
"../../../Engine/Plugins/Online/OnlineServicesNull/OnlineServicesNull.uplugin" 532
"../../../Engine/Plugins/Online/OnlineSubsystemAmazon/OnlineSubsystemAmazon.uplugin" 533
"../../../Engine/Plugins/Online/OnlineFramework/OnlineFramework.uplugin" 534
"../../../Engine/Plugins/Online/OnlineSubsystem/OnlineSubsystem.uplugin" 535
"../../../Engine/Plugins/Online/OnlineSubsystemEOS/OnlineSubsystemEOS.uplugin" 536
"../../../Engine/Plugins/Online/OnlineSubsystemApple/OnlineSubsystemApple.uplugin" 537
"../../../Engine/Plugins/Online/OnlineSubsystemSteam/OnlineSubsystemSteam.uplugin" 538
"../../../Engine/Plugins/Online/OnlineSubsystemUtils/OnlineSubsystemUtils.uplugin" 539
"../../../Engine/Plugins/Online/OnlineSubsystemNull/OnlineSubsystemNull.uplugin" 540
"../../../Engine/Plugins/Online/OnlineSubsystemTencent/OnlineSubsystemTencent.uplugin" 541
"../../../Engine/Plugins/Online/SocketSubsystemEOS/SocketSubsystemEOS.uplugin" 542
"../../../Engine/Plugins/Performance/AutomatedPerfTesting/AutomatedPerfTesting.uplugin" 543
"../../../Engine/Plugins/Online/OnlineSubsystemFacebook/OnlineSubsystemFacebook.uplugin" 544
"../../../Engine/Plugins/Performance/PerformanceMonitor/PerformanceMonitor.uplugin" 545
"../../../Engine/Plugins/Tests/CQTest/CQTest.uplugin" 546
"../../../Engine/Plugins/Tests/EditorTests/EditorTests.uplugin" 547
"../../../Engine/Plugins/Tests/AutomationDriverTests/AutomationDriverTests.uplugin" 548
"../../../Engine/Plugins/Online/OnlineServicesEOSGS/OnlineServicesEOSGS.uplugin" 549
"../../../Engine/Plugins/Online/WebAuth/WebAuth.uplugin" 550
"../../../Engine/Plugins/Online/OnlineSubsystemGoogle/OnlineSubsystemGoogle.uplugin" 551
"../../../Engine/Plugins/Online/OnlineServicesEOS/OnlineServicesEOS.uplugin" 552
"../../../Engine/Plugins/Tests/FbxAutomationTestBuilder/FbxAutomationTestBuilder.uplugin" 553
"../../../Engine/Plugins/Tests/CQTestEnhancedInput/CQTestEnhancedInput.uplugin" 554
"../../../Engine/Plugins/Tests/FunctionalTestingEditor/FunctionalTestingEditor.uplugin" 555
"../../../Engine/Plugins/Tests/PythonAutomationTest/PythonAutomationTest.uplugin" 556
"../../../Engine/Plugins/Tests/RHITests/RHITests.uplugin" 557
"../../../Engine/Plugins/Tests/TestFramework/TestFramework.uplugin" 558
"../../../Engine/Plugins/Tests/InterchangeTests/InterchangeTests.uplugin" 559
"../../../Engine/Plugins/Web/HttpBlueprint/HttpBlueprint.uplugin" 560
"../../../Engine/Plugins/Tests/TestSamples/TestSamples.uplugin" 561
"../../../Engine/Plugins/Tests/WidgetAutomationTests/WidgetAutomationTests.uplugin" 562
"../../../Engine/Plugins/Tests/RuntimeTests/RuntimeTests.uplugin" 563
"../../../Engine/Plugins/Experimental/Compositing/HoldoutComposite/HoldoutComposite.uplugin" 564
"../../../Engine/Plugins/Runtime/Analytics/Adjust/Adjust.uplugin" 565
"../../../Engine/Plugins/Runtime/Analytics/FileLogging/FileLogging.uplugin" 566
"../../../Engine/Plugins/Runtime/Analytics/AnalyticsBlueprintLibrary/AnalyticsBlueprintLibrary.uplugin" 567
"../../../Engine/Plugins/Runtime/Analytics/Flurry/Flurry.uplugin" 568
"../../../Engine/Plugins/VirtualProduction/Rivermax/RivermaxCore/RivermaxCore.uplugin" 569
"../../../Engine/Plugins/VirtualProduction/Rivermax/RivermaxMedia/RivermaxMedia.uplugin" 570
"../../../Engine/Plugins/VirtualProduction/Rivermax/RivermaxSync/RivermaxSync.uplugin" 571
"../../../Engine/Plugins/Online/VoiceChat/VoiceChat/VoiceChat.uplugin" 572
"../../../Engine/Plugins/Runtime/Analytics/AnalyticsMulticast/AnalyticsMulticast.uplugin" 573
"../../../Engine/Plugins/Online/VoiceChat/EOSVoiceChat/EOSVoiceChat.uplugin" 574
"../../../Engine/Plugins/Editor/ObjectMixer/ObjectMixer/ObjectMixer.uplugin" 575
"../../../Engine/Plugins/Editor/ContentBrowser/ContentBrowserAliasDataSource/ContentBrowserAliasDataSource.uplugin" 576
"../../../Engine/Plugins/Editor/ContentBrowser/ContentBrowserAssetDataSource/ContentBrowserAssetDataSource.uplugin" 577
"../../../Engine/Plugins/Editor/ObjectMixer/LightMixer/LightMixer.uplugin" 578
"../../../Engine/Plugins/Experimental/Animation/ContextualAnimation/ContextualAnimation.uplugin" 579
"../../../Engine/Plugins/Editor/ContentBrowser/ContentBrowserFileDataSource/ContentBrowserFileDataSource.uplugin" 580
"../../../Engine/Plugins/Editor/ContentBrowser/ContentBrowserClassDataSource/ContentBrowserClassDataSource.uplugin" 581
"../../../Engine/Plugins/Experimental/Animation/HierarchyTable/HierarchyTable.uplugin" 582
"../../../Engine/Plugins/Experimental/Animation/CurveExpression/CurveExpression.uplugin" 583
"../../../Engine/Plugins/Editor/Localization/PortableObjectFileDataSource/PortableObjectFileDataSource.uplugin" 584
"../../../Engine/Plugins/Experimental/AVCodecs/LibVpxCodecs/LibVpxCodecs.uplugin" 585
"../../../Engine/Plugins/Experimental/Animation/MotionTrajectory/MotionTrajectory.uplugin" 586
"../../../Engine/Plugins/Experimental/AVCodecs/AMFCodecs/AMFCodecs.uplugin" 587
"../../../Engine/Plugins/Experimental/Animation/HierarchyTableBuiltin/HierarchyTableBuiltin.uplugin" 588
"../../../Engine/Plugins/Experimental/Animation/SkeletalMeshModelingTools/SkeletalMeshModelingTools.uplugin" 589
"../../../Engine/Plugins/Experimental/Animation/Optimus/Optimus.uplugin" 590
"../../../Engine/Plugins/Experimental/AVCodecs/NVCodecs/NVCodecs.uplugin" 591
"../../../Engine/Plugins/Experimental/AVCodecs/WMFCodecs/WMFCodecs.uplugin" 592
"../../../Engine/Plugins/Experimental/VirtualProduction/VPRoles/VPRoles.uplugin" 593
"../../../Engine/Plugins/Experimental/AVCodecs/VTCodecs/VTCodecs.uplugin" 594
"../../../Engine/Plugins/Experimental/VirtualProduction/VPSettings/VPSettings.uplugin" 595
"../../../Engine/Plugins/VirtualProduction/DMX/DMXControlConsole/DMXControlConsole.uplugin" 596
"../../../Engine/Plugins/VirtualProduction/DMX/DatasmithMVR/DatasmithMVR.uplugin" 597
"../../../Engine/Plugins/Experimental/VirtualProduction/LedWallCalibration/LedWallCalibration.uplugin" 598
"../../../Engine/Plugins/VirtualProduction/DMX/DMXDisplayCluster/DMXDisplayCluster.uplugin" 599
"../../../Engine/Plugins/Experimental/AVCodecs/AVCodecsCore/AVCodecsCore.uplugin" 600
"../../../Engine/Plugins/VirtualProduction/DMX/DMXEngine/DMXEngine.uplugin" 601
"../../../Engine/Plugins/VirtualProduction/DMX/DMXFixtures/DMXFixtures.uplugin" 602
"../../../Engine/Plugins/VirtualProduction/DMX/DMXGDTF/DMXGDTF.uplugin" 603
"../../../Engine/Plugins/VirtualProduction/DMX/DMXModularFeatures/DMXModularFeatures.uplugin" 604
"../../../Engine/Plugins/VirtualProduction/DMX/DMXProtocol/DMXProtocol.uplugin" 605
"../../../Engine/Plugins/Animation/MLDeformer/ChaosFleshGenerator/ChaosFleshGenerator.uplugin" 606
"../../../Engine/Plugins/Animation/MLDeformer/MLDeformerFramework/MLDeformerFramework.uplugin" 607
"../../../Engine/Plugins/Animation/MLDeformer/NearestNeighborModel/NearestNeighborModel.uplugin" 608
"../../../Engine/Plugins/Animation/MLDeformer/NeuralMorphModel/NeuralMorphModel.uplugin" 609
"../../../Engine/Plugins/Animation/MLDeformer/VertexDeltaModel/VertexDeltaModel.uplugin" 610
"../../../Engine/Plugins/Animation/MLDeformer/ChaosClothGenerator/ChaosClothGenerator.uplugin" 611
"../../../Engine/Plugins/Experimental/PCGInterops/PCGNiagaraInterop/PCGNiagaraInterop.uplugin" 612
"../../../Engine/Plugins/Experimental/PCGInterops/PCGWaterInterop/PCGWaterInterop.uplugin" 613
"../../../Engine/Plugins/VirtualProduction/DMX/DMXPixelMapping/DMXPixelMapping.uplugin" 614
"../../../Engine/Plugins/Experimental/Web/WebAPI/WebAPI.uplugin" 615
"../../../Engine/Plugins/Runtime/Windows/XInputDevice/XInputDevice.uplugin" 616
"../../../Engine/Plugins/Runtime/Windows/WinDualShock/WinDualShock.uplugin" 617
"../../../Engine/Plugins/Runtime/AR/ARUtilities/ARUtilities.uplugin" 618
"../../../Engine/Plugins/Online/Android/OnlineSubsystemGooglePlay/OnlineSubsystemGooglePlay.uplugin" 619
"../../../Engine/Plugins/Runtime/Nvidia/GeForceNOWWrapper/GeForceNOWWrapper.uplugin" 620
"../../../Engine/Plugins/Runtime/Nvidia/Reflex/Reflex.uplugin" 621
"../../../Engine/Plugins/Experimental/MetaHuman/MetaHumanRuntime/MetaHumanRuntime.uplugin" 622
"../../../Engine/Plugins/Online/Android/AndroidFetchBackgroundDownload/AndroidFetchBackgroundDownload.uplugin" 623
"../../../Engine/Plugins/Experimental/MetaHuman/MetaHumanSDK/MetaHumanSDK.uplugin" 624
"../../../Engine/Plugins/Runtime/Advertising/IOSTapJoy/IOSTapJoy.uplugin" 625
"../../../Engine/Plugins/Online/IOS/OnlineSubsystemIOS/OnlineSubsystemIOS.uplugin" 626
"../../../Engine/Plugins/Runtime/XR/XRVisualization/XRVisualization.uplugin" 627
"../../../Engine/Plugins/Runtime/XR/XRScribe/XRScribe.uplugin" 628
"../../../Engine/Plugins/Experimental/CharacterFXEditor/BaseCharacterFXEditor/BaseCharacterFXEditor.uplugin" 629
"../../../Engine/Plugins/Experimental/CharacterFXEditor/ExampleCharacterFXEditor/ExampleCharacterFXEditor.uplugin" 630
"../../../Engine/Plugins/Experimental/Enterprise/DataprepGeometryOperations/DataprepGeometryOperations.uplugin" 631
"../../../Engine/Plugins/Experimental/Enterprise/DatasmithInterchange/DatasmithInterchange.uplugin" 632
"../../../Engine/Plugins/Experimental/Enterprise/DatasmithRuntime/DatasmithRuntime.uplugin" 633
"../../../Engine/Plugins/Developer/Concert/ConcertMain/ConcertMain.uplugin" 634
"../../../Engine/Plugins/Runtime/Database/ADOSupport/ADOSupport.uplugin" 635
"../../../Engine/Plugins/Runtime/MeshReconstruction/DummyMeshReconstructor/DummyMeshReconstructor.uplugin" 636
"../../../Engine/Plugins/Runtime/Database/DatabaseSupport/DatabaseSupport.uplugin" 637
"../../../Engine/Plugins/Runtime/Database/RemoteDatabaseSupport/RemoteDatabaseSupport.uplugin" 638
"../../../Engine/Plugins/Runtime/Database/SQLiteCore/SQLiteCore.uplugin" 639
"../../../Engine/Plugins/Runtime/PacketHandlers/AESGCMHandlerComponent/AESGCMHandlerComponent.uplugin" 640
"../../../Engine/Plugins/Runtime/PacketHandlers/AESHandlerComponent/AESHandlerComponent.uplugin" 641
"../../../Engine/Plugins/Runtime/PacketHandlers/DTLSHandlerComponent/DTLSHandlerComponent.uplugin" 642
"../../../Engine/Plugins/Runtime/Database/SQLiteSupport/SQLiteSupport.uplugin" 643
"../../../Engine/Plugins/Runtime/Steam/SteamController/SteamController.uplugin" 644
"../../../Engine/Plugins/Runtime/Steam/SteamAudio/SteamAudio.uplugin" 645
"../../../Engine/Plugins/Runtime/Steam/SteamSockets/SteamSockets.uplugin" 646
"../../../Engine/Plugins/Runtime/Steam/SteamShared/SteamShared.uplugin" 647
"../../../Engine/Plugins/Developer/Concert/ConcertApp/DisasterRecoveryClient/DisasterRecoveryClient.uplugin" 648
"../../../Engine/Plugins/Developer/Concert/ConcertApp/MultiUserServer/MultiUserServer.uplugin" 649
"../../../Engine/Plugins/Developer/Concert/ConcertApp/MultiUserClient/MultiUserClient.uplugin" 650
"../../../Engine/Plugins/Developer/Concert/ConcertSync/ConcertSyncClient/ConcertSyncClient.uplugin" 651
"../../../Engine/Plugins/Developer/Concert/ConcertSync/ConcertSyncCore/ConcertSyncCore.uplugin" 652
"../../../Engine/Plugins/Developer/Concert/ConcertSync/ConcertSyncServer/ConcertSyncServer.uplugin" 653
"../../../Engine/Plugins/Developer/Concert/ConcertScripting/ConcertReplicationScripting/ConcertReplicationScripting.uplugin" 654
"../../../Engine/Plugins/Runtime/AR/AppleAR/AppleARKitFaceSupport/AppleARKitFaceSupport.uplugin" 655
"../../../Engine/Plugins/Runtime/AR/AppleAR/AppleARKit/AppleARKit.uplugin" 656
"../../../Engine/Plugins/Developer/Concert/ConcertInsights/ConcertInsightsClient/ConcertInsightsClient.uplugin" 657
"../../../Engine/Plugins/Developer/Concert/ConcertSync/ConcertSyncTest/ConcertSyncTest.uplugin" 658
"../../../Engine/Plugins/Runtime/AR/Google/GoogleARCore/GoogleARCore.uplugin" 659
"../../../Engine/Plugins/Runtime/AR/Google/GoogleARCoreServices/GoogleARCoreServices.uplugin" 660
"../../../Engine/Plugins/Developer/Concert/ConcertUI/ConcertClientSharedSlate/ConcertClientSharedSlate.uplugin" 661
"../../../Engine/Plugins/Developer/Concert/ConcertUI/ConcertSharedSlate/ConcertSharedSlate.uplugin" 662
"../../../Engine/Plugins/Developer/Concert/ConcertInsights/ConcertInsightsServer/ConcertInsightsServer.uplugin" 663
"../../../Engine/Plugins/Developer/Concert/ConcertInsights/ConcertInsightsVisualizer/ConcertInsightsVisualizer.uplugin" 664
"../../../Engine/Plugins/Developer/Concert/ConcertInsights/ConcertInsightsCore/ConcertInsightsCore.uplugin" 665
"D:/Skald_TurnBasedStrategy_Code/Plugins/VisualStudioTools/VisualStudioTools.uplugin" 666
"../../../Engine/Content/Internationalization/icudt64l/cnvalias.icu" 667
"../../../Engine/Content/Internationalization/icudt64l/res_index.res" 668
"../../../Engine/Content/Internationalization/icudt64l/plurals.res" 669
"../../../Engine/Content/Internationalization/icudt64l/lang/en.res" 670
"../../../Engine/Content/Internationalization/icudt64l/lang/pool.res" 671
"../../../Engine/Content/Internationalization/icudt64l/lang/root.res" 672
"../../../Engine/Content/Internationalization/icudt64l/region/en.res" 673
"../../../Engine/Content/Internationalization/icudt64l/region/pool.res" 674
"../../../Engine/Content/Internationalization/icudt64l/region/root.res" 675
"../../../Engine/Content/Internationalization/icudt64l/windowsZones.res" 676
"../../../Engine/Content/Internationalization/icudt64l/zoneinfo64.res" 677
"../../../Engine/Content/Internationalization/icudt64l/keyTypeData.res" 678
"../../../Engine/Content/Internationalization/icudt64l/timezoneTypes.res" 679
"../../../Engine/Content/Internationalization/icudt64l/likelySubtags.res" 680
"../../../Engine/Content/Internationalization/icudt64l/en_US.res" 681
"../../../Engine/Content/Internationalization/icudt64l/pool.res" 682
"../../../Engine/Content/Internationalization/icudt64l/en.res" 683
"../../../Engine/Content/Internationalization/icudt64l/root.res" 684
"../../../Engine/Content/Internationalization/icudt64l/supplementalData.res" 685
"../../../Engine/Config/ConfigRedirects.ini" 686
"../../../Engine/Saved/Config/WindowsEditor/Manifest.ini" 687
"../../../Engine/Config/BaseEngine.ini" 688
"../../../Engine/Config/Windows/BaseWindowsEngine.ini" 689
"../../../../Skald_TurnBasedStrategy_Code/Config/DefaultEngine.ini" 690
"../../../Engine/Config/Windows/WindowsEngine.ini" 691
"D:/Skald_TurnBasedStrategy_Code/Saved/Config/WindowsEditor/Engine.ini" 692
"../../../Engine/Config/BaseGame.ini" 693
"../../../../Skald_TurnBasedStrategy_Code/Config/DefaultGame.ini" 694
"../../../Engine/Config/Windows/WindowsGame.ini" 695
"D:/Skald_TurnBasedStrategy_Code/Saved/Config/WindowsEditor/Game.ini" 696
"../../../Engine/Config/BaseInput.ini" 697
"../../../Engine/Config/Windows/BaseWindowsInput.ini" 698
"../../../../Skald_TurnBasedStrategy_Code/Config/DefaultInput.ini" 699
"../../../Engine/Config/Windows/WindowsInput.ini" 700
"../../../Engine/Config/BaseDeviceProfiles.ini" 701
"../../../Engine/Config/BaseGameUserSettings.ini" 702
"D:/Skald_TurnBasedStrategy_Code/Saved/Config/WindowsEditor/GameUserSettings.ini" 703
"../../../Engine/Config/BaseScalability.ini" 704
"../../../Engine/Config/BaseRuntimeOptions.ini" 705
"../../../Engine/Config/BaseInstallBundle.ini" 706
"../../../Engine/Config/BaseHardware.ini" 707
"../../../Engine/Config/BaseLightmass.ini" 708
"../../../Engine/Config/BaseEditor.ini" 709
"../../../../Skald_TurnBasedStrategy_Code/Config/DefaultEditor.ini" 710
"D:/Skald_TurnBasedStrategy_Code/Saved/Config/WindowsEditor/Editor.ini" 711
"../../../Engine/Config/BaseEditorPerProjectUserSettings.ini" 712
"../../../Engine/Config/Windows/WindowsEditorPerProjectUserSettings.ini" 713
"D:/Skald_TurnBasedStrategy_Code/Saved/Config/WindowsEditor/EditorPerProjectUserSettings.ini" 714
"../../../Engine/Config/BaseEditorSettings.ini" 715
"../../../Engine/Saved/Config/WindowsEditor/EditorSettings.ini" 716
"../../../Engine/Config/BaseEditorKeyBindings.ini" 717
"../../../Engine/Config/Android/BaseAndroidEngine.ini" 718
"../../../Engine/Config/IOS/BaseIOSEngine.ini" 719
"../../../Engine/Config/Android/AndroidEngine.ini" 720
"../../../Engine/Config/IOS/BaseIOSGame.ini" 721
"../../../Engine/Config/Android/BaseAndroidGame.ini" 722
"../../../Engine/Config/IOS/IOSGame.ini" 723
"../../../Engine/Config/Linux/BaseLinuxEngine.ini" 724
"../../../Engine/Config/Unix/UnixEngine.ini" 725
"../../../Engine/Config/Android/AndroidScalability.ini" 726
"../../../Engine/Config/LinuxArm64/BaseLinuxArm64Engine.ini" 727
"../../../Engine/Config/Linux/LinuxEngine.ini" 728
"../../../Engine/Config/Android/BaseAndroidInstallBundle.ini" 729
"../../../Engine/Config/IOS/IOSScalability.ini" 730
"../../../Engine/Config/LinuxArm64/LinuxArm64Engine.ini" 731
"../../../Engine/Config/Linux/LinuxGame.ini" 732
"../../../Engine/Config/IOS/BaseIOSInstallBundle.ini" 733
"../../../Engine/Config/Mac/BaseMacEngine.ini" 734
"../../../Engine/Config/TVOS/TVOSEngine.ini" 735
"../../../Engine/Config/Mac/MacGame.ini" 736
"../../../Engine/Config/Mac/BaseMacInput.ini" 737
"../../../Engine/Platforms/VisionOS/Config/BaseVisionOSEngine.ini" 738
"../../../Engine/Platforms/VisionOS/Config/VisionOSEngine.ini" 739
"../../../../Skald_TurnBasedStrategy_Code/Binaries/Win64/ShaderCompileWorker.target" 740
"../../../../Skald_TurnBasedStrategy_Code/Binaries/Win64/Skald.target" 741
"../../../../Skald_TurnBasedStrategy_Code/Binaries/Win64/SkaldEditor.target" 742
"../../../Engine/Config/PluginBase.ini" 743
"../../../Engine/Plugins/ChaosVD/Config/DefaultChaosVD.ini" 744
"../../../Engine/Plugins/EnhancedInput/Config/BaseEnhancedInput.ini" 745
"../../../Engine/Plugins/TraceUtilities/Config/BaseTraceUtilities.ini" 746
"../../../Engine/Plugins/Editor/EditorScriptingUtilities/Config/BaseEditorScriptingUtilities.ini" 747
"../../../Engine/Plugins/Experimental/FullBodyIK/Config/BaseFullBodyIK.ini" 748
"../../../Engine/Plugins/Experimental/ToolPresets/Config/BaseToolPresets.ini" 749
"../../../Engine/Plugins/Runtime/HairStrands/Config/BaseHairStrands.ini" 750
"../../../Engine/Plugins/Runtime/Metasound/Config/BaseMetasound.ini" 751
"../../../Engine/Plugins/Runtime/Metasound/Config/DefaultMetasound.ini" 752
"../../../Engine/Plugins/Runtime/RigVM/Config/BaseRigVM.ini" 753
"../../../Engine/Plugins/Runtime/StateTree/Config/BaseStateTree.ini" 754
"../../../Engine/Plugins/Runtime/Synthesis/Config/BaseSynthesis.ini" 755
"../../../Engine/Plugins/VirtualProduction/Takes/Config/BaseTakes.ini" 756
"../../../Engine/Plugins/2D/Paper2D/Config/BasePaper2D.ini" 757
"../../../Engine/Plugins/Animation/ControlRig/Config/BaseControlRig.ini" 758
"../../../Engine/Plugins/Animation/DeformerGraph/Config/BaseDeformerGraph.ini" 759
"../../../Engine/Plugins/Animation/IKRig/Config/BaseIKRig.ini" 760
"../../../Engine/Plugins/Cameras/GameplayCameras/Config/BaseGameplayCameras.ini" 761
"../../../Engine/Plugins/Enterprise/DatasmithContent/Config/BaseDatasmithContent.ini" 762
"../../../Engine/Plugins/Enterprise/VariantManagerContent/Config/BaseVariantManagerContent.ini" 763
"../../../Engine/Plugins/Interchange/Assets/Config/BaseInterchangeAssets.ini" 764
"../../../Engine/Plugins/FX/Niagara/Config/BaseNiagara.ini" 765
"D:/Skald_TurnBasedStrategy_Code/Saved/Config/WindowsEditor/Niagara.ini" 766
"../../../Engine/Plugins/Experimental/Compositing/HoldoutComposite/Config/BaseHoldoutComposite.ini" 767
"../../../Engine/Plugins/Experimental/MetaHuman/MetaHumanSDK/Config/BaseMetaHumanSDK.ini" 768
"../../../Engine/Plugins/ChaosVD/Config/Engine.ini" 769
"../../../Engine/Plugins/EnhancedInput/Config/Input.ini" 770
"../../../Engine/Plugins/NNE/NNEDenoiser/Config/Game.ini" 771
"../../../Engine/Plugins/Runtime/InputDebugging/Config/Input.ini" 772
"../../../Engine/Plugins/Runtime/RigVM/Config/Editor.ini" 773
"../../../Engine/Plugins/Runtime/Windows/XInputDevice/Config/Input.ini" 774
"../../../Engine/Plugins/Online/OnlineSubsystem/Binaries/Win64/UnrealEditor.modules" 775
"../../../Engine/Plugins/Online/OnlineBase/Binaries/Win64/UnrealEditor.modules" 776
"../../../Engine/Plugins/Experimental/Landmass/Binaries/Win64/UnrealEditor.modules" 777
"../../../Engine/Plugins/Experimental/VirtualHeightfieldMesh/Binaries/Win64/UnrealEditor.modules" 778
"../../../Engine/Plugins/FX/CascadeToNiagaraConverter/Binaries/Win64/UnrealEditor.modules" 779
"../../../Engine/Plugins/FX/Niagara/Binaries/Win64/UnrealEditor.modules" 780
"../../../Engine/Plugins/Experimental/PythonScriptPlugin/Binaries/Win64/UnrealEditor.modules" 781
"../../../Engine/Plugins/Editor/EditorScriptingUtilities/Binaries/Win64/UnrealEditor.modules" 782
"../../../Engine/Plugins/Editor/ContentBrowser/ContentBrowserFileDataSource/Binaries/Win64/UnrealEditor.modules" 783
"../../../Engine/Plugins/Bridge/Binaries/Win64/UnrealEditor.modules" 784
"../../../Engine/Plugins/Experimental/MetaHuman/MetaHumanSDK/Binaries/Win64/UnrealEditor.modules" 785
"../../../Engine/Plugins/Animation/ControlRig/Binaries/Win64/UnrealEditor.modules" 786
"../../../Engine/Plugins/Runtime/HairStrands/Binaries/Win64/UnrealEditor.modules" 787
"../../../Engine/Plugins/Animation/RigLogic/Binaries/Win64/UnrealEditor.modules" 788
"../../../Engine/Plugins/Runtime/RigVM/Binaries/Win64/UnrealEditor.modules" 789
"../../../Engine/Plugins/MovieScene/LevelSequenceEditor/Binaries/Win64/UnrealEditor.modules" 790
"../../../Engine/Plugins/Runtime/PropertyAccess/Binaries/Win64/UnrealEditor.modules" 791
"../../../Engine/Plugins/MovieScene/SequencerScripting/Binaries/Win64/UnrealEditor.modules" 792
"../../../Engine/Plugins/Runtime/GeometryCache/Binaries/Win64/UnrealEditor.modules" 793
"../../../Engine/Plugins/Animation/DeformerGraph/Binaries/Win64/UnrealEditor.modules" 794
"../../../Engine/Plugins/Runtime/ComputeFramework/Binaries/Win64/UnrealEditor.modules" 795
"../../../Engine/Plugins/ChaosCloth/Binaries/Win64/UnrealEditor.modules" 796
"../../../Engine/Plugins/Experimental/ChaosCaching/Binaries/Win64/UnrealEditor.modules" 797
"../../../Engine/Plugins/VirtualProduction/Takes/Binaries/Win64/UnrealEditor.modules" 798
"../../../Engine/Plugins/Runtime/AudioCapture/Binaries/Win64/UnrealEditor.modules" 799
"../../../Engine/Plugins/ChaosVD/Binaries/Win64/UnrealEditor.modules" 800
"../../../Engine/Plugins/Runtime/GeometryProcessing/Binaries/Win64/UnrealEditor.modules" 801
"../../../Engine/Plugins/CmdLinkServer/Binaries/Win64/UnrealEditor.modules" 802
"../../../Engine/Plugins/EnhancedInput/Binaries/Win64/UnrealEditor.modules" 803
"../../../Engine/Plugins/Editor/DataValidation/Binaries/Win64/UnrealEditor.modules" 804
"../../../Engine/Plugins/FastBuildController/Binaries/Win64/UnrealEditor.modules" 805
"../../../Engine/Plugins/RenderGraphInsights/Binaries/Win64/UnrealEditor.modules" 806
"../../../Engine/Plugins/TraceUtilities/Binaries/Win64/UnrealEditor.modules" 807
"../../../Engine/Plugins/UbaController/Binaries/Win64/UnrealEditor.modules" 808
"../../../Engine/Plugins/WorldMetrics/Binaries/Win64/UnrealEditor.modules" 809
"../../../Engine/Plugins/XGEController/Binaries/Win64/UnrealEditor.modules" 810
"../../../Engine/Plugins/Developer/AnimationSharing/Binaries/Win64/UnrealEditor.modules" 811
"../../../Engine/Plugins/Runtime/SignificanceManager/Binaries/Win64/UnrealEditor.modules" 812
"../../../Engine/Plugins/Developer/CLionSourceCodeAccess/Binaries/Win64/UnrealEditor.modules" 813
"../../../Engine/Plugins/Developer/DumpGPUServices/Binaries/Win64/UnrealEditor.modules" 814
"../../../Engine/Plugins/Developer/GitSourceControl/Binaries/Win64/UnrealEditor.modules" 815
"../../../Engine/Plugins/Developer/N10XSourceCodeAccess/Binaries/Win64/UnrealEditor.modules" 816
"../../../Engine/Plugins/Developer/PixWinPlugin/Binaries/Win64/UnrealEditor.modules" 817
"../../../Engine/Plugins/Developer/PerforceSourceControl/Binaries/Win64/UnrealEditor.modules" 818
"../../../Engine/Plugins/Developer/PlasticSourceControl/Binaries/Win64/UnrealEditor.modules" 819
"../../../Engine/Plugins/Developer/PluginUtils/Binaries/Win64/UnrealEditor.modules" 820
"../../../Engine/Plugins/Developer/PropertyAccessNode/Binaries/Win64/UnrealEditor.modules" 821
"../../../Engine/Plugins/Developer/RiderSourceCodeAccess/Binaries/Win64/UnrealEditor.modules" 822
"../../../Engine/Plugins/Developer/RenderDocPlugin/Binaries/Win64/UnrealEditor.modules" 823
"../../../Engine/Plugins/Developer/SubversionSourceControl/Binaries/Win64/UnrealEditor.modules" 824
"../../../Engine/Plugins/Developer/TextureFormatOodle/Binaries/Win64/UnrealEditor.modules" 825
"../../../Engine/Plugins/Developer/UObjectPlugin/Binaries/Win64/UnrealEditor.modules" 826
"../../../Engine/Plugins/Developer/VisualStudioCodeSourceCodeAccess/Binaries/Win64/UnrealEditor.modules" 827
"../../../Engine/Plugins/Developer/VisualStudioSourceCodeAccess/Binaries/Win64/UnrealEditor.modules" 828
"../../../Engine/Plugins/Editor/AssetManagerEditor/Binaries/Win64/UnrealEditor.modules" 829
"../../../Engine/Plugins/Editor/ContentBrowser/ContentBrowserAssetDataSource/Binaries/Win64/UnrealEditor.modules" 830
"../../../Engine/Plugins/Editor/BlueprintHeaderView/Binaries/Win64/UnrealEditor.modules" 831
"../../../Engine/Plugins/Editor/ChangelistReview/Binaries/Win64/UnrealEditor.modules" 832
"../../../Engine/Plugins/Editor/ColorGrading/Binaries/Win64/UnrealEditor.modules" 833
"../../../Engine/Plugins/Editor/ObjectMixer/ObjectMixer/Binaries/Win64/UnrealEditor.modules" 834
"../../../Engine/Plugins/Editor/CryptoKeys/Binaries/Win64/UnrealEditor.modules" 835
"../../../Engine/Plugins/Editor/CurveEditorTools/Binaries/Win64/UnrealEditor.modules" 836
"../../../Engine/Plugins/Editor/EditorDebugTools/Binaries/Win64/UnrealEditor.modules" 837
"../../../Engine/Plugins/Editor/EngineAssetDefinitions/Binaries/Win64/UnrealEditor.modules" 838
"../../../Engine/Plugins/Editor/FacialAnimation/Binaries/Win64/UnrealEditor.modules" 839
"../../../Engine/Plugins/Editor/GameplayTagsEditor/Binaries/Win64/UnrealEditor.modules" 840
"../../../Engine/Plugins/Editor/GeometryMode/Binaries/Win64/UnrealEditor.modules" 841
"../../../Engine/Plugins/Editor/MobileLauncherProfileWizard/Binaries/Win64/UnrealEditor.modules" 842
"../../../Engine/Plugins/Editor/MaterialAnalyzer/Binaries/Win64/UnrealEditor.modules" 843
"../../../Engine/Plugins/Editor/PluginBrowser/Binaries/Win64/UnrealEditor.modules" 844
"../../../Engine/Plugins/Editor/SpeedTreeImporter/Binaries/Win64/UnrealEditor.modules" 845
"../../../Engine/Plugins/Editor/SequencerAnimTools/Binaries/Win64/UnrealEditor.modules" 846
"../../../Engine/Plugins/Editor/UVEditor/Binaries/Win64/UnrealEditor.modules" 847
"../../../Engine/Plugins/Runtime/MeshModelingToolset/Binaries/Win64/UnrealEditor.modules" 848
"../../../Engine/Plugins/Experimental/MeshModelingToolsetExp/Binaries/Win64/UnrealEditor.modules" 849
"../../../Engine/Plugins/Editor/ProxyLODPlugin/Binaries/Win64/UnrealEditor.modules" 850
"../../../Engine/Plugins/Experimental/PlanarCutPlugin/Binaries/Win64/UnrealEditor.modules" 851
"../../../Engine/Plugins/Editor/UMGWidgetPreview/Binaries/Win64/UnrealEditor.modules" 852
"../../../Engine/Plugins/Editor/WorldPartitionHLODUtilities/Binaries/Win64/UnrealEditor.modules" 853
"../../../Engine/Plugins/Experimental/AdvancedRenamer/Binaries/Win64/UnrealEditor.modules" 854
"../../../Engine/Plugins/Experimental/BackChannel/Binaries/Win64/UnrealEditor.modules" 855
"../../../Engine/Plugins/Experimental/AutomationUtils/Binaries/Win64/UnrealEditor.modules" 856
"../../../Engine/Plugins/Experimental/ChaosEditor/Binaries/Win64/UnrealEditor.modules" 857
"../../../Engine/Plugins/Experimental/GeometryCollectionPlugin/Binaries/Win64/UnrealEditor.modules" 858
"../../../Engine/Plugins/Experimental/Fracture/Binaries/Win64/UnrealEditor.modules" 859
"../../../Engine/Plugins/Runtime/ProceduralMeshComponent/Binaries/Win64/UnrealEditor.modules" 860
"../../../Engine/Plugins/Experimental/ChaosSolverPlugin/Binaries/Win64/UnrealEditor.modules" 861
"../../../Engine/Plugins/Experimental/Dataflow/Binaries/Win64/UnrealEditor.modules" 862
"../../../Engine/Plugins/Experimental/CharacterFXEditor/BaseCharacterFXEditor/Binaries/Win64/UnrealEditor.modules" 863
"../../../Engine/Plugins/Experimental/ChaosNiagara/Binaries/Win64/UnrealEditor.modules" 864
"../../../Engine/Plugins/Experimental/CharacterAI/Binaries/Win64/UnrealEditor.modules" 865
"../../../Engine/Plugins/Experimental/ChaosUserDataPT/Binaries/Win64/UnrealEditor.modules" 866
"../../../Engine/Plugins/Experimental/EditorDataStorage/Binaries/Win64/UnrealEditor.modules" 867
"../../../Engine/Plugins/Experimental/EditorPerformance/Binaries/Win64/UnrealEditor.modules" 868
"../../../Engine/Plugins/Experimental/StudioTelemetry/Binaries/Win64/UnrealEditor.modules" 869
"../../../Engine/Plugins/Experimental/EditorTelemetry/Binaries/Win64/UnrealEditor.modules" 870
"../../../Engine/Plugins/Experimental/LocalizableMessage/Binaries/Win64/UnrealEditor.modules" 871
"../../../Engine/Plugins/Experimental/NFORDenoise/Binaries/Win64/UnrealEditor.modules" 872
"../../../Engine/Plugins/Experimental/PlatformCrypto/Binaries/Win64/UnrealEditor.modules" 873
"../../../Engine/Plugins/Experimental/SkeletalReduction/Binaries/Win64/UnrealEditor.modules" 874
"../../../Engine/Plugins/Experimental/ToolPresets/Binaries/Win64/UnrealEditor.modules" 875
"../../../Engine/Plugins/Portal/LauncherChunkInstaller/Binaries/Win64/UnrealEditor.modules" 876
"../../../Engine/Plugins/Messaging/UdpMessaging/Binaries/Win64/UnrealEditor.modules" 877
"../../../Engine/Plugins/Messaging/TcpMessaging/Binaries/Win64/UnrealEditor.modules" 878
"../../../Engine/Plugins/MovieScene/ActorSequence/Binaries/Win64/UnrealEditor.modules" 879
"../../../Engine/Plugins/Importers/AlembicImporter/Binaries/Win64/UnrealEditor.modules" 880
"../../../Engine/Plugins/NNE/NNEDenoiser/Binaries/Win64/UnrealEditor.modules" 881
"../../../Engine/Plugins/NNE/NNERuntimeORT/Binaries/Win64/UnrealEditor.modules" 882
"../../../Engine/Plugins/Runtime/AndroidDeviceProfileSelector/Binaries/Win64/UnrealEditor.modules" 883
"../../../Engine/Plugins/Runtime/ActorLayerUtilities/Binaries/Win64/UnrealEditor.modules" 884
"../../../Engine/Plugins/Runtime/AndroidFileServer/Binaries/Win64/UnrealEditor.modules" 885
"../../../Engine/Plugins/Runtime/AndroidPermission/Binaries/Win64/UnrealEditor.modules" 886
"../../../Engine/Plugins/Runtime/ArchVisCharacter/Binaries/Win64/UnrealEditor.modules" 887
"../../../Engine/Plugins/Runtime/AppleImageUtils/Binaries/Win64/UnrealEditor.modules" 888
"../../../Engine/Plugins/Runtime/CustomMeshComponent/Binaries/Win64/UnrealEditor.modules" 889
"../../../Engine/Plugins/Runtime/CableComponent/Binaries/Win64/UnrealEditor.modules" 890
"../../../Engine/Plugins/Runtime/AssetTags/Binaries/Win64/UnrealEditor.modules" 891
"../../../Engine/Plugins/Runtime/ExampleDeviceProfileSelector/Binaries/Win64/UnrealEditor.modules" 892
"../../../Engine/Plugins/Runtime/ChunkDownloader/Binaries/Win64/UnrealEditor.modules" 893
"../../../Engine/Plugins/Runtime/GooglePAD/Binaries/Win64/UnrealEditor.modules" 894
"../../../Engine/Plugins/Runtime/InputDebugging/Binaries/Win64/UnrealEditor.modules" 895
"../../../Engine/Plugins/Runtime/LocationServicesBPLibrary/Binaries/Win64/UnrealEditor.modules" 896
"../../../Engine/Plugins/Runtime/Metasound/Binaries/Win64/UnrealEditor.modules" 897
"../../../Engine/Plugins/Runtime/AudioWidgets/Binaries/Win64/UnrealEditor.modules" 898
"../../../Engine/Plugins/Runtime/AudioSynesthesia/Binaries/Win64/UnrealEditor.modules" 899
"../../../Engine/Plugins/Runtime/WaveTable/Binaries/Win64/UnrealEditor.modules" 900
"../../../Engine/Plugins/Runtime/MobilePatchingUtils/Binaries/Win64/UnrealEditor.modules" 901
"../../../Engine/Plugins/Runtime/MsQuic/Binaries/Win64/UnrealEditor.modules" 902
"../../../Engine/Plugins/Runtime/ResonanceAudio/Binaries/Win64/UnrealEditor.modules" 903
"../../../Engine/Plugins/Runtime/SoundFields/Binaries/Win64/UnrealEditor.modules" 904
"../../../Engine/Plugins/Runtime/Synthesis/Binaries/Win64/UnrealEditor.modules" 905
"../../../Engine/Plugins/Runtime/WebMMoviePlayer/Binaries/Win64/UnrealEditor.modules" 906
"../../../Engine/Plugins/Media/WebMMedia/Binaries/Win64/UnrealEditor.modules" 907
"../../../Engine/Plugins/Runtime/WindowsDeviceProfileSelector/Binaries/Win64/UnrealEditor.modules" 908
"../../../Engine/Plugins/Runtime/WindowsMoviePlayer/Binaries/Win64/UnrealEditor.modules" 909
"../../../Engine/Plugins/2D/Paper2D/Binaries/Win64/UnrealEditor.modules" 910
"../../../Engine/Plugins/Animation/ACLPlugin/Binaries/Win64/UnrealEditor.modules" 911
"../../../Engine/Plugins/AI/EnvironmentQueryEditor/Binaries/Win64/UnrealEditor.modules" 912
"../../../Engine/Plugins/AI/AISupport/Binaries/Win64/UnrealEditor.modules" 913
"../../../Engine/Plugins/Animation/AnimationData/Binaries/Win64/UnrealEditor.modules" 914
"../../../Engine/Plugins/Animation/AnimationModifierLibrary/Binaries/Win64/UnrealEditor.modules" 915
"../../../Engine/Plugins/Animation/BlendSpaceMotionAnalysis/Binaries/Win64/UnrealEditor.modules" 916
"../../../Engine/Plugins/Animation/ControlRigSpline/Binaries/Win64/UnrealEditor.modules" 917
"../../../Engine/Plugins/Animation/IKRig/Binaries/Win64/UnrealEditor.modules" 918
"../../../Engine/Plugins/Experimental/FullBodyIK/Binaries/Win64/UnrealEditor.modules" 919
"../../../Engine/Plugins/Cameras/CameraShakePreviewer/Binaries/Win64/UnrealEditor.modules" 920
"../../../Engine/Plugins/Cameras/GameplayCameras/Binaries/Win64/UnrealEditor.modules" 921
"../../../Engine/Plugins/Runtime/StateTree/Binaries/Win64/UnrealEditor.modules" 922
"../../../Engine/Plugins/MovieScene/TemplateSequence/Binaries/Win64/UnrealEditor.modules" 923
"../../../Engine/Plugins/Cameras/EngineCameras/Binaries/Win64/UnrealEditor.modules" 924
"../../../Engine/Plugins/Compression/OodleNetwork/Binaries/Win64/UnrealEditor.modules" 925
"../../../Engine/Plugins/Enterprise/DatasmithContent/Binaries/Win64/UnrealEditor.modules" 926
"../../../Engine/Plugins/Enterprise/VariantManagerContent/Binaries/Win64/UnrealEditor.modules" 927
"../../../Engine/Plugins/FX/NiagaraSimCaching/Binaries/Win64/UnrealEditor.modules" 928
"../../../Engine/Plugins/Media/AndroidMedia/Binaries/Win64/UnrealEditor.modules" 929
"../../../Engine/Plugins/Media/AvfMedia/Binaries/Win64/UnrealEditor.modules" 930
"../../../Engine/Plugins/Media/ImgMedia/Binaries/Win64/UnrealEditor.modules" 931
"../../../Engine/Plugins/Media/MediaPlayerEditor/Binaries/Win64/UnrealEditor.modules" 932
"../../../Engine/Plugins/Media/MediaCompositing/Binaries/Win64/UnrealEditor.modules" 933
"../../../Engine/Plugins/Media/MediaPlate/Binaries/Win64/UnrealEditor.modules" 934
"../../../Engine/Plugins/Experimental/Compositing/HoldoutComposite/Binaries/Win64/UnrealEditor.modules" 935
"../../../Engine/Plugins/Media/WmfMedia/Binaries/Win64/UnrealEditor.modules" 936
"../../../Engine/Plugins/Online/OnlineSubsystemNull/Binaries/Win64/UnrealEditor.modules" 937
"../../../Engine/Plugins/Online/OnlineSubsystemUtils/Binaries/Win64/UnrealEditor.modules" 938
"../../../Engine/Plugins/Online/OnlineServices/Binaries/Win64/UnrealEditor.modules" 939
"../../../Engine/Plugins/Editor/ObjectMixer/LightMixer/Binaries/Win64/UnrealEditor.modules" 940
"../../../Engine/Plugins/Editor/ContentBrowser/ContentBrowserClassDataSource/Binaries/Win64/UnrealEditor.modules" 941
"../../../Engine/Plugins/Editor/Localization/PortableObjectFileDataSource/Binaries/Win64/UnrealEditor.modules" 942
"../../../Engine/Plugins/Experimental/Animation/SkeletalMeshModelingTools/Binaries/Win64/UnrealEditor.modules" 943
"../../../Engine/Plugins/Editor/ModelingToolsEditorMode/Binaries/Win64/UnrealEditor.modules" 944
"../../../Engine/Plugins/Editor/MeshLODToolset/Binaries/Win64/UnrealEditor.modules" 945
"../../../Engine/Plugins/Editor/StylusInput/Binaries/Win64/UnrealEditor.modules" 946
"../../../Engine/Plugins/Experimental/GeometryFlow/Binaries/Win64/UnrealEditor.modules" 947
"../../../Engine/Plugins/Runtime/Windows/XInputDevice/Binaries/Win64/UnrealEditor.modules" 948
"../../../Engine/Config/BaseSourceControlSettings.ini" 949
"../../../Engine/Content/Internationalization/icudt64l/coll/ucadata.icu" 950
"../../../Engine/Content/Internationalization/icudt64l/coll/en_US.res" 951
"../../../Engine/Content/Internationalization/icudt64l/coll/en.res" 952
"../../../Engine/Content/Internationalization/icudt64l/coll/root.res" 953
"../../../Engine/Content/Certificates/ThirdParty/cacert.pem" 954
"../../../Engine/Config/ConsoleVariables.ini" 955
"../../../Engine/Binaries/Win64/Android/UnrealEditor.modules" 956
"../../../Engine/Binaries/Win64/IOS/UnrealEditor.modules" 957
"../../../Engine/Binaries/Win64/Linux/UnrealEditor.modules" 958
"../../../Engine/Binaries/Win64/LinuxArm64/UnrealEditor.modules" 959
"../../../Engine/Content/Localization/Editor/en/Editor.locres" 960
"../../../Engine/Content/Localization/EditorTutorials/en/EditorTutorials.locres" 961
"../../../Engine/Content/Localization/Keywords/en/Keywords.locres" 962
"../../../Engine/Content/Localization/Category/en/Category.locres" 963
"../../../Engine/Content/Localization/ToolTips/en/ToolTips.locres" 964
"../../../Engine/Content/Localization/PropertyNames/en/PropertyNames.locres" 965
"../../../Engine/Content/Localization/Engine/en/Engine.locres" 966
"../../../Engine/Plugins/Online/OnlineSubsystem/Content/Localization/OnlineSubsystem/en/OnlineSubsystem.locres" 967
"../../../Engine/Plugins/Online/OnlineSubsystemUtils/Content/Localization/OnlineSubsystemUtils/en/OnlineSubsystemUtils.locres" 968
"../../../Engine/Plugins/Online/Android/OnlineSubsystemGooglePlay/Content/Localization/OnlineSubsystemGooglePlay/en/OnlineSubsystemGooglePlay.locres" 969
"../../../Engine/Plugins/Online/IOS/OnlineSubsystemIOS/Content/Localization/OnlineSubsystemIOS/en/OnlineSubsystemIOS.locres" 970
"../../../Engine/Content/Internationalization/icudt64l/numberingSystems.res" 971
"../../../Engine/Content/Internationalization/icudt64l/curr/supplementalData.res" 972
"../../../Engine/Content/Internationalization/icudt64l/curr/en.res" 973
"../../../Engine/Content/Internationalization/icudt64l/curr/pool.res" 974
"../../../Engine/Content/Internationalization/icudt64l/curr/root.res" 975
"../../../Engine/Content/Internationalization/icudt64l/lang/af.res" 976
"../../../Engine/Content/Internationalization/icudt64l/region/af.res" 977
"../../../Engine/Content/Internationalization/icudt64l/lang/agq.res" 978
"../../../Engine/Content/Internationalization/icudt64l/region/agq.res" 979
"../../../Engine/Content/Internationalization/icudt64l/lang/ak.res" 980
"../../../Engine/Content/Internationalization/icudt64l/region/ak.res" 981
"../../../Engine/Content/Internationalization/icudt64l/lang/am.res" 982
"../../../Engine/Content/Internationalization/icudt64l/region/am.res" 983
"../../../Engine/Content/Internationalization/icudt64l/lang/ar.res" 984
"../../../Engine/Content/Internationalization/icudt64l/region/ar.res" 985
"../../../Engine/Content/Internationalization/icudt64l/region/ar_AE.res" 986
"../../../Engine/Content/Internationalization/icudt64l/lang/ar_EG.res" 987
"../../../Engine/Content/Internationalization/icudt64l/lang/ar_LY.res" 988
"../../../Engine/Content/Internationalization/icudt64l/region/ar_LY.res" 989
"../../../Engine/Content/Internationalization/icudt64l/lang/ar_SA.res" 990
"../../../Engine/Content/Internationalization/icudt64l/region/ar_SA.res" 991
"../../../Engine/Content/Internationalization/icudt64l/lang/as.res" 992
"../../../Engine/Content/Internationalization/icudt64l/region/as.res" 993
"../../../Engine/Content/Internationalization/icudt64l/lang/asa.res" 994
"../../../Engine/Content/Internationalization/icudt64l/region/asa.res" 995
"../../../Engine/Content/Internationalization/icudt64l/lang/ast.res" 996
"../../../Engine/Content/Internationalization/icudt64l/region/ast.res" 997
"../../../Engine/Content/Internationalization/icudt64l/lang/az.res" 998
"../../../Engine/Content/Internationalization/icudt64l/lang/az_Cyrl.res" 999
"../../../Engine/Content/Internationalization/icudt64l/lang/az_AZ.res" 1000
"../../../Engine/Content/Internationalization/icudt64l/lang/az_Latn_AZ.res" 1001
"../../../Engine/Content/Internationalization/icudt64l/lang/az_Latn.res" 1002
"../../../Engine/Content/Internationalization/icudt64l/region/az_AZ.res" 1003
"../../../Engine/Content/Internationalization/icudt64l/region/az_Latn_AZ.res" 1004
"../../../Engine/Content/Internationalization/icudt64l/region/az_Latn.res" 1005
"../../../Engine/Content/Internationalization/icudt64l/region/az.res" 1006
"../../../Engine/Content/Internationalization/icudt64l/region/az_Cyrl.res" 1007
"../../../Engine/Content/Internationalization/icudt64l/lang/bas.res" 1008
"../../../Engine/Content/Internationalization/icudt64l/region/bas.res" 1009
"../../../Engine/Content/Internationalization/icudt64l/lang/be.res" 1010
"../../../Engine/Content/Internationalization/icudt64l/region/be.res" 1011
"../../../Engine/Content/Internationalization/icudt64l/lang/bem.res" 1012
"../../../Engine/Content/Internationalization/icudt64l/region/bem.res" 1013
"../../../Engine/Content/Internationalization/icudt64l/lang/bez.res" 1014
"../../../Engine/Content/Internationalization/icudt64l/region/bez.res" 1015
"../../../Engine/Content/Internationalization/icudt64l/lang/bg.res" 1016
"../../../Engine/Content/Internationalization/icudt64l/region/bg.res" 1017
"../../../Engine/Content/Internationalization/icudt64l/lang/bm.res" 1018
"../../../Engine/Content/Internationalization/icudt64l/region/bm.res" 1019
"../../../Engine/Content/Internationalization/icudt64l/lang/bn.res" 1020
"../../../Engine/Content/Internationalization/icudt64l/region/bn.res" 1021
"../../../Engine/Content/Internationalization/icudt64l/lang/bn_IN.res" 1022
"../../../Engine/Content/Internationalization/icudt64l/region/bn_IN.res" 1023
"../../../Engine/Content/Internationalization/icudt64l/lang/bo.res" 1024
"../../../Engine/Content/Internationalization/icudt64l/region/bo.res" 1025
"../../../Engine/Content/Internationalization/icudt64l/region/bo_IN.res" 1026
"../../../Engine/Content/Internationalization/icudt64l/lang/br.res" 1027
"../../../Engine/Content/Internationalization/icudt64l/region/br.res" 1028
"../../../Engine/Content/Internationalization/icudt64l/lang/brx.res" 1029
"../../../Engine/Content/Internationalization/icudt64l/region/brx.res" 1030
"../../../Engine/Content/Internationalization/icudt64l/lang/bs.res" 1031
"../../../Engine/Content/Internationalization/icudt64l/lang/bs_Cyrl.res" 1032
"../../../Engine/Content/Internationalization/icudt64l/lang/bs_BA.res" 1033
"../../../Engine/Content/Internationalization/icudt64l/lang/bs_Latn_BA.res" 1034
"../../../Engine/Content/Internationalization/icudt64l/lang/bs_Latn.res" 1035
"../../../Engine/Content/Internationalization/icudt64l/region/bs_BA.res" 1036
"../../../Engine/Content/Internationalization/icudt64l/region/bs_Latn_BA.res" 1037
"../../../Engine/Content/Internationalization/icudt64l/region/bs_Latn.res" 1038
"../../../Engine/Content/Internationalization/icudt64l/region/bs.res" 1039
"../../../Engine/Content/Internationalization/icudt64l/region/bs_Cyrl.res" 1040
"../../../Engine/Content/Internationalization/icudt64l/lang/ca.res" 1041
"../../../Engine/Content/Internationalization/icudt64l/region/ca.res" 1042
"../../../Engine/Content/Internationalization/icudt64l/lang/ccp.res" 1043
"../../../Engine/Content/Internationalization/icudt64l/region/ccp.res" 1044
"../../../Engine/Content/Internationalization/icudt64l/lang/ce.res" 1045
"../../../Engine/Content/Internationalization/icudt64l/region/ce.res" 1046
"../../../Engine/Content/Internationalization/icudt64l/lang/ceb.res" 1047
"../../../Engine/Content/Internationalization/icudt64l/region/ceb.res" 1048
"../../../Engine/Content/Internationalization/icudt64l/lang/cgg.res" 1049
"../../../Engine/Content/Internationalization/icudt64l/region/cgg.res" 1050
"../../../Engine/Content/Internationalization/icudt64l/lang/chr.res" 1051
"../../../Engine/Content/Internationalization/icudt64l/region/chr.res" 1052
"../../../Engine/Content/Internationalization/icudt64l/lang/ckb.res" 1053
"../../../Engine/Content/Internationalization/icudt64l/region/ckb.res" 1054
"../../../Engine/Content/Internationalization/icudt64l/lang/cs.res" 1055
"../../../Engine/Content/Internationalization/icudt64l/region/cs.res" 1056
"../../../Engine/Content/Internationalization/icudt64l/lang/cy.res" 1057
"../../../Engine/Content/Internationalization/icudt64l/region/cy.res" 1058
"../../../Engine/Content/Internationalization/icudt64l/lang/da.res" 1059
"../../../Engine/Content/Internationalization/icudt64l/region/da.res" 1060
"../../../Engine/Content/Internationalization/icudt64l/lang/dav.res" 1061
"../../../Engine/Content/Internationalization/icudt64l/region/dav.res" 1062
"../../../Engine/Content/Internationalization/icudt64l/lang/de.res" 1063
"../../../Engine/Content/Internationalization/icudt64l/lang/de_AT.res" 1064
"../../../Engine/Content/Internationalization/icudt64l/region/de_AT.res" 1065
"../../../Engine/Content/Internationalization/icudt64l/region/de.res" 1066
"../../../Engine/Content/Internationalization/icudt64l/lang/de_CH.res" 1067
"../../../Engine/Content/Internationalization/icudt64l/region/de_CH.res" 1068
"../../../Engine/Content/Internationalization/icudt64l/lang/de_LU.res" 1069
"../../../Engine/Content/Internationalization/icudt64l/lang/dje.res" 1070
"../../../Engine/Content/Internationalization/icudt64l/region/dje.res" 1071
"../../../Engine/Content/Internationalization/icudt64l/lang/dsb.res" 1072
"../../../Engine/Content/Internationalization/icudt64l/region/dsb.res" 1073
"../../../Engine/Content/Internationalization/icudt64l/lang/dua.res" 1074
"../../../Engine/Content/Internationalization/icudt64l/region/dua.res" 1075
"../../../Engine/Content/Internationalization/icudt64l/lang/dyo.res" 1076
"../../../Engine/Content/Internationalization/icudt64l/region/dyo.res" 1077
"../../../Engine/Content/Internationalization/icudt64l/lang/dz.res" 1078
"../../../Engine/Content/Internationalization/icudt64l/region/dz.res" 1079
"../../../Engine/Content/Internationalization/icudt64l/lang/ebu.res" 1080
"../../../Engine/Content/Internationalization/icudt64l/region/ebu.res" 1081
"../../../Engine/Content/Internationalization/icudt64l/lang/ee.res" 1082
"../../../Engine/Content/Internationalization/icudt64l/region/ee.res" 1083
"../../../Engine/Content/Internationalization/icudt64l/lang/el.res" 1084
"../../../Engine/Content/Internationalization/icudt64l/region/el.res" 1085
"../../../Engine/Content/Internationalization/icudt64l/lang/en_001.res" 1086
"../../../Engine/Content/Internationalization/icudt64l/lang/en_150.res" 1087
"../../../Engine/Content/Internationalization/icudt64l/region/en_150.res" 1088
"../../../Engine/Content/Internationalization/icudt64l/lang/en_AG.res" 1089
"../../../Engine/Content/Internationalization/icudt64l/region/en_AG.res" 1090
"../../../Engine/Content/Internationalization/icudt64l/lang/en_AI.res" 1091
"../../../Engine/Content/Internationalization/icudt64l/region/en_AI.res" 1092
"../../../Engine/Content/Internationalization/icudt64l/lang/en_AT.res" 1093
"../../../Engine/Content/Internationalization/icudt64l/region/en_AT.res" 1094
"../../../Engine/Content/Internationalization/icudt64l/lang/en_AU.res" 1095
"../../../Engine/Content/Internationalization/icudt64l/region/en_AU.res" 1096
"../../../Engine/Content/Internationalization/icudt64l/lang/en_BB.res" 1097
"../../../Engine/Content/Internationalization/icudt64l/region/en_BB.res" 1098
"../../../Engine/Content/Internationalization/icudt64l/lang/en_BE.res" 1099
"../../../Engine/Content/Internationalization/icudt64l/region/en_BE.res" 1100
"../../../Engine/Content/Internationalization/icudt64l/lang/en_BM.res" 1101
"../../../Engine/Content/Internationalization/icudt64l/region/en_BM.res" 1102
"../../../Engine/Content/Internationalization/icudt64l/lang/en_BS.res" 1103
"../../../Engine/Content/Internationalization/icudt64l/region/en_BS.res" 1104
"../../../Engine/Content/Internationalization/icudt64l/lang/en_BW.res" 1105
"../../../Engine/Content/Internationalization/icudt64l/region/en_BW.res" 1106
"../../../Engine/Content/Internationalization/icudt64l/lang/en_BZ.res" 1107
"../../../Engine/Content/Internationalization/icudt64l/region/en_BZ.res" 1108
"../../../Engine/Content/Internationalization/icudt64l/lang/en_CA.res" 1109
"../../../Engine/Content/Internationalization/icudt64l/region/en_CA.res" 1110
"../../../Engine/Content/Internationalization/icudt64l/lang/en_CC.res" 1111
"../../../Engine/Content/Internationalization/icudt64l/region/en_CC.res" 1112
"../../../Engine/Content/Internationalization/icudt64l/lang/en_CH.res" 1113
"../../../Engine/Content/Internationalization/icudt64l/region/en_CH.res" 1114
"../../../Engine/Content/Internationalization/icudt64l/lang/en_CK.res" 1115
"../../../Engine/Content/Internationalization/icudt64l/region/en_CK.res" 1116
"../../../Engine/Content/Internationalization/icudt64l/lang/en_CM.res" 1117
"../../../Engine/Content/Internationalization/icudt64l/region/en_CM.res" 1118
"../../../Engine/Content/Internationalization/icudt64l/lang/en_CX.res" 1119
"../../../Engine/Content/Internationalization/icudt64l/region/en_CX.res" 1120
"../../../Engine/Content/Internationalization/icudt64l/lang/en_CY.res" 1121
"../../../Engine/Content/Internationalization/icudt64l/region/en_CY.res" 1122
"../../../Engine/Content/Internationalization/icudt64l/lang/en_DE.res" 1123
"../../../Engine/Content/Internationalization/icudt64l/region/en_DE.res" 1124
"../../../Engine/Content/Internationalization/icudt64l/lang/en_DG.res" 1125
"../../../Engine/Content/Internationalization/icudt64l/region/en_DG.res" 1126
"../../../Engine/Content/Internationalization/icudt64l/lang/en_DK.res" 1127
"../../../Engine/Content/Internationalization/icudt64l/region/en_DK.res" 1128
"../../../Engine/Content/Internationalization/icudt64l/lang/en_DM.res" 1129
"../../../Engine/Content/Internationalization/icudt64l/region/en_DM.res" 1130
"../../../Engine/Content/Internationalization/icudt64l/lang/en_ER.res" 1131
"../../../Engine/Content/Internationalization/icudt64l/region/en_ER.res" 1132
"../../../Engine/Content/Internationalization/icudt64l/lang/en_FI.res" 1133
"../../../Engine/Content/Internationalization/icudt64l/region/en_FI.res" 1134
"../../../Engine/Content/Internationalization/icudt64l/lang/en_FJ.res" 1135
"../../../Engine/Content/Internationalization/icudt64l/region/en_FJ.res" 1136
"../../../Engine/Content/Internationalization/icudt64l/lang/en_FK.res" 1137
"../../../Engine/Content/Internationalization/icudt64l/region/en_FK.res" 1138
"../../../Engine/Content/Internationalization/icudt64l/lang/en_FM.res" 1139
"../../../Engine/Content/Internationalization/icudt64l/region/en_FM.res" 1140
"../../../Engine/Content/Internationalization/icudt64l/lang/en_GB.res" 1141
"../../../Engine/Content/Internationalization/icudt64l/region/en_GB.res" 1142
"../../../Engine/Content/Internationalization/icudt64l/lang/en_GD.res" 1143
"../../../Engine/Content/Internationalization/icudt64l/region/en_GD.res" 1144
"../../../Engine/Content/Internationalization/icudt64l/lang/en_GG.res" 1145
"../../../Engine/Content/Internationalization/icudt64l/region/en_GG.res" 1146
"../../../Engine/Content/Internationalization/icudt64l/lang/en_GH.res" 1147
"../../../Engine/Content/Internationalization/icudt64l/region/en_GH.res" 1148
"../../../Engine/Content/Internationalization/icudt64l/lang/en_GI.res" 1149
"../../../Engine/Content/Internationalization/icudt64l/region/en_GI.res" 1150
"../../../Engine/Content/Internationalization/icudt64l/lang/en_GM.res" 1151
"../../../Engine/Content/Internationalization/icudt64l/region/en_GM.res" 1152
"../../../Engine/Content/Internationalization/icudt64l/lang/en_GY.res" 1153
"../../../Engine/Content/Internationalization/icudt64l/region/en_GY.res" 1154
"../../../Engine/Content/Internationalization/icudt64l/lang/en_HK.res" 1155
"../../../Engine/Content/Internationalization/icudt64l/region/en_HK.res" 1156
"../../../Engine/Content/Internationalization/icudt64l/lang/en_IE.res" 1157
"../../../Engine/Content/Internationalization/icudt64l/region/en_IE.res" 1158
"../../../Engine/Content/Internationalization/icudt64l/lang/en_IL.res" 1159
"../../../Engine/Content/Internationalization/icudt64l/region/en_IL.res" 1160
"../../../Engine/Content/Internationalization/icudt64l/lang/en_IM.res" 1161
"../../../Engine/Content/Internationalization/icudt64l/region/en_IM.res" 1162
"../../../Engine/Content/Internationalization/icudt64l/lang/en_IN.res" 1163
"../../../Engine/Content/Internationalization/icudt64l/region/en_IN.res" 1164
"../../../Engine/Content/Internationalization/icudt64l/lang/en_IO.res" 1165
"../../../Engine/Content/Internationalization/icudt64l/region/en_IO.res" 1166
"../../../Engine/Content/Internationalization/icudt64l/lang/en_JE.res" 1167
"../../../Engine/Content/Internationalization/icudt64l/region/en_JE.res" 1168
"../../../Engine/Content/Internationalization/icudt64l/lang/en_JM.res" 1169
"../../../Engine/Content/Internationalization/icudt64l/region/en_JM.res" 1170
"../../../Engine/Content/Internationalization/icudt64l/lang/en_KE.res" 1171
"../../../Engine/Content/Internationalization/icudt64l/region/en_KE.res" 1172
"../../../Engine/Content/Internationalization/icudt64l/lang/en_KI.res" 1173
"../../../Engine/Content/Internationalization/icudt64l/region/en_KI.res" 1174
"../../../Engine/Content/Internationalization/icudt64l/lang/en_KN.res" 1175
"../../../Engine/Content/Internationalization/icudt64l/region/en_KN.res" 1176
"../../../Engine/Content/Internationalization/icudt64l/lang/en_KY.res" 1177
"../../../Engine/Content/Internationalization/icudt64l/region/en_KY.res" 1178
"../../../Engine/Content/Internationalization/icudt64l/lang/en_LC.res" 1179
"../../../Engine/Content/Internationalization/icudt64l/region/en_LC.res" 1180
"../../../Engine/Content/Internationalization/icudt64l/lang/en_LR.res" 1181
"../../../Engine/Content/Internationalization/icudt64l/region/en_LR.res" 1182
"../../../Engine/Content/Internationalization/icudt64l/lang/en_LS.res" 1183
"../../../Engine/Content/Internationalization/icudt64l/region/en_LS.res" 1184
"../../../Engine/Content/Internationalization/icudt64l/lang/en_MG.res" 1185
"../../../Engine/Content/Internationalization/icudt64l/region/en_MG.res" 1186
"../../../Engine/Content/Internationalization/icudt64l/lang/en_MO.res" 1187
"../../../Engine/Content/Internationalization/icudt64l/region/en_MO.res" 1188
"../../../Engine/Content/Internationalization/icudt64l/lang/en_MS.res" 1189
"../../../Engine/Content/Internationalization/icudt64l/region/en_MS.res" 1190
"../../../Engine/Content/Internationalization/icudt64l/lang/en_MT.res" 1191
"../../../Engine/Content/Internationalization/icudt64l/region/en_MT.res" 1192
"../../../Engine/Content/Internationalization/icudt64l/lang/en_MU.res" 1193
"../../../Engine/Content/Internationalization/icudt64l/region/en_MU.res" 1194
"../../../Engine/Content/Internationalization/icudt64l/lang/en_MW.res" 1195
"../../../Engine/Content/Internationalization/icudt64l/region/en_MW.res" 1196
"../../../Engine/Content/Internationalization/icudt64l/lang/en_MY.res" 1197
"../../../Engine/Content/Internationalization/icudt64l/region/en_MY.res" 1198
"../../../Engine/Content/Internationalization/icudt64l/lang/en_NA.res" 1199
"../../../Engine/Content/Internationalization/icudt64l/region/en_NA.res" 1200
"../../../Engine/Content/Internationalization/icudt64l/lang/en_NF.res" 1201
"../../../Engine/Content/Internationalization/icudt64l/region/en_NF.res" 1202
"../../../Engine/Content/Internationalization/icudt64l/lang/en_NG.res" 1203
"../../../Engine/Content/Internationalization/icudt64l/region/en_NG.res" 1204
"../../../Engine/Content/Internationalization/icudt64l/lang/en_NL.res" 1205
"../../../Engine/Content/Internationalization/icudt64l/region/en_NL.res" 1206
"../../../Engine/Content/Internationalization/icudt64l/lang/en_NR.res" 1207
"../../../Engine/Content/Internationalization/icudt64l/region/en_NR.res" 1208
"../../../Engine/Content/Internationalization/icudt64l/lang/en_NU.res" 1209
"../../../Engine/Content/Internationalization/icudt64l/region/en_NU.res" 1210
"../../../Engine/Content/Internationalization/icudt64l/lang/en_NZ.res" 1211
"../../../Engine/Content/Internationalization/icudt64l/region/en_NZ.res" 1212
"../../../Engine/Content/Internationalization/icudt64l/lang/en_PG.res" 1213
"../../../Engine/Content/Internationalization/icudt64l/region/en_PG.res" 1214
"../../../Engine/Content/Internationalization/icudt64l/lang/en_PH.res" 1215
"../../../Engine/Content/Internationalization/icudt64l/region/en_PH.res" 1216
"../../../Engine/Content/Internationalization/icudt64l/lang/en_PK.res" 1217
"../../../Engine/Content/Internationalization/icudt64l/region/en_PK.res" 1218
"../../../Engine/Content/Internationalization/icudt64l/lang/en_PN.res" 1219
"../../../Engine/Content/Internationalization/icudt64l/region/en_PN.res" 1220
"../../../Engine/Content/Internationalization/icudt64l/lang/en_PW.res" 1221
"../../../Engine/Content/Internationalization/icudt64l/region/en_PW.res" 1222
"../../../Engine/Content/Internationalization/icudt64l/lang/en_RW.res" 1223
"../../../Engine/Content/Internationalization/icudt64l/region/en_RW.res" 1224
"../../../Engine/Content/Internationalization/icudt64l/lang/en_SB.res" 1225
"../../../Engine/Content/Internationalization/icudt64l/region/en_SB.res" 1226
"../../../Engine/Content/Internationalization/icudt64l/lang/en_SC.res" 1227
"../../../Engine/Content/Internationalization/icudt64l/region/en_SC.res" 1228
"../../../Engine/Content/Internationalization/icudt64l/lang/en_SD.res" 1229
"../../../Engine/Content/Internationalization/icudt64l/region/en_SD.res" 1230
"../../../Engine/Content/Internationalization/icudt64l/lang/en_SE.res" 1231
"../../../Engine/Content/Internationalization/icudt64l/region/en_SE.res" 1232
"../../../Engine/Content/Internationalization/icudt64l/lang/en_SG.res" 1233
"../../../Engine/Content/Internationalization/icudt64l/region/en_SG.res" 1234
"../../../Engine/Content/Internationalization/icudt64l/lang/en_SH.res" 1235
"../../../Engine/Content/Internationalization/icudt64l/region/en_SH.res" 1236
"../../../Engine/Content/Internationalization/icudt64l/lang/en_SI.res" 1237
"../../../Engine/Content/Internationalization/icudt64l/region/en_SI.res" 1238
"../../../Engine/Content/Internationalization/icudt64l/lang/en_SL.res" 1239
"../../../Engine/Content/Internationalization/icudt64l/region/en_SL.res" 1240
"../../../Engine/Content/Internationalization/icudt64l/lang/en_SS.res" 1241
"../../../Engine/Content/Internationalization/icudt64l/region/en_SS.res" 1242
"../../../Engine/Content/Internationalization/icudt64l/lang/en_SX.res" 1243
"../../../Engine/Content/Internationalization/icudt64l/region/en_SX.res" 1244
"../../../Engine/Content/Internationalization/icudt64l/lang/en_SZ.res" 1245
"../../../Engine/Content/Internationalization/icudt64l/region/en_SZ.res" 1246
"../../../Engine/Content/Internationalization/icudt64l/lang/en_TC.res" 1247
"../../../Engine/Content/Internationalization/icudt64l/region/en_TC.res" 1248
"../../../Engine/Content/Internationalization/icudt64l/lang/en_TK.res" 1249
"../../../Engine/Content/Internationalization/icudt64l/region/en_TK.res" 1250
"../../../Engine/Content/Internationalization/icudt64l/lang/en_TO.res" 1251
"../../../Engine/Content/Internationalization/icudt64l/region/en_TO.res" 1252
"../../../Engine/Content/Internationalization/icudt64l/lang/en_TT.res" 1253
"../../../Engine/Content/Internationalization/icudt64l/region/en_TT.res" 1254
"../../../Engine/Content/Internationalization/icudt64l/lang/en_TV.res" 1255
"../../../Engine/Content/Internationalization/icudt64l/region/en_TV.res" 1256
"../../../Engine/Content/Internationalization/icudt64l/lang/en_TZ.res" 1257
"../../../Engine/Content/Internationalization/icudt64l/region/en_TZ.res" 1258
"../../../Engine/Content/Internationalization/icudt64l/lang/en_UG.res" 1259
"../../../Engine/Content/Internationalization/icudt64l/region/en_UG.res" 1260
"../../../Engine/Content/Internationalization/icudt64l/lang/en_VC.res" 1261
"../../../Engine/Content/Internationalization/icudt64l/region/en_VC.res" 1262
"../../../Engine/Content/Internationalization/icudt64l/lang/en_VG.res" 1263
"../../../Engine/Content/Internationalization/icudt64l/region/en_VG.res" 1264
"../../../Engine/Content/Internationalization/icudt64l/lang/en_VU.res" 1265
"../../../Engine/Content/Internationalization/icudt64l/region/en_VU.res" 1266
"../../../Engine/Content/Internationalization/icudt64l/lang/en_WS.res" 1267
"../../../Engine/Content/Internationalization/icudt64l/region/en_WS.res" 1268
"../../../Engine/Content/Internationalization/icudt64l/lang/en_ZA.res" 1269
"../../../Engine/Content/Internationalization/icudt64l/region/en_ZA.res" 1270
"../../../Engine/Content/Internationalization/icudt64l/lang/en_ZM.res" 1271
"../../../Engine/Content/Internationalization/icudt64l/region/en_ZM.res" 1272
"../../../Engine/Content/Internationalization/icudt64l/lang/en_ZW.res" 1273
"../../../Engine/Content/Internationalization/icudt64l/region/en_ZW.res" 1274
"../../../Engine/Content/Internationalization/icudt64l/lang/eo.res" 1275
"../../../Engine/Content/Internationalization/icudt64l/region/eo.res" 1276
"../../../Engine/Content/Internationalization/icudt64l/lang/es.res" 1277
"../../../Engine/Content/Internationalization/icudt64l/lang/es_419.res" 1278
"../../../Engine/Content/Internationalization/icudt64l/region/es_419.res" 1279
"../../../Engine/Content/Internationalization/icudt64l/region/es.res" 1280
"../../../Engine/Content/Internationalization/icudt64l/lang/es_AR.res" 1281
"../../../Engine/Content/Internationalization/icudt64l/region/es_AR.res" 1282
"../../../Engine/Content/Internationalization/icudt64l/lang/es_BO.res" 1283
"../../../Engine/Content/Internationalization/icudt64l/region/es_BO.res" 1284
"../../../Engine/Content/Internationalization/icudt64l/lang/es_BR.res" 1285
"../../../Engine/Content/Internationalization/icudt64l/region/es_BR.res" 1286
"../../../Engine/Content/Internationalization/icudt64l/lang/es_BZ.res" 1287
"../../../Engine/Content/Internationalization/icudt64l/region/es_BZ.res" 1288
"../../../Engine/Content/Internationalization/icudt64l/lang/es_CL.res" 1289
"../../../Engine/Content/Internationalization/icudt64l/region/es_CL.res" 1290
"../../../Engine/Content/Internationalization/icudt64l/lang/es_CO.res" 1291
"../../../Engine/Content/Internationalization/icudt64l/region/es_CO.res" 1292
"../../../Engine/Content/Internationalization/icudt64l/lang/es_CR.res" 1293
"../../../Engine/Content/Internationalization/icudt64l/region/es_CR.res" 1294
"../../../Engine/Content/Internationalization/icudt64l/lang/es_CU.res" 1295
"../../../Engine/Content/Internationalization/icudt64l/region/es_CU.res" 1296
"../../../Engine/Content/Internationalization/icudt64l/lang/es_DO.res" 1297
"../../../Engine/Content/Internationalization/icudt64l/region/es_DO.res" 1298
"../../../Engine/Content/Internationalization/icudt64l/lang/es_EC.res" 1299
"../../../Engine/Content/Internationalization/icudt64l/region/es_EC.res" 1300
"../../../Engine/Content/Internationalization/icudt64l/lang/es_GT.res" 1301
"../../../Engine/Content/Internationalization/icudt64l/region/es_GT.res" 1302
"../../../Engine/Content/Internationalization/icudt64l/lang/es_HN.res" 1303
"../../../Engine/Content/Internationalization/icudt64l/region/es_HN.res" 1304
"../../../Engine/Content/Internationalization/icudt64l/lang/es_MX.res" 1305
"../../../Engine/Content/Internationalization/icudt64l/region/es_MX.res" 1306
"../../../Engine/Content/Internationalization/icudt64l/lang/es_NI.res" 1307
"../../../Engine/Content/Internationalization/icudt64l/region/es_NI.res" 1308
"../../../Engine/Content/Internationalization/icudt64l/lang/es_PA.res" 1309
"../../../Engine/Content/Internationalization/icudt64l/region/es_PA.res" 1310
"../../../Engine/Content/Internationalization/icudt64l/lang/es_PE.res" 1311
"../../../Engine/Content/Internationalization/icudt64l/region/es_PE.res" 1312
"../../../Engine/Content/Internationalization/icudt64l/lang/es_PR.res" 1313
"../../../Engine/Content/Internationalization/icudt64l/region/es_PR.res" 1314
"../../../Engine/Content/Internationalization/icudt64l/lang/es_PY.res" 1315
"../../../Engine/Content/Internationalization/icudt64l/region/es_PY.res" 1316
"../../../Engine/Content/Internationalization/icudt64l/lang/es_SV.res" 1317
"../../../Engine/Content/Internationalization/icudt64l/region/es_SV.res" 1318
"../../../Engine/Content/Internationalization/icudt64l/lang/es_US.res" 1319
"../../../Engine/Content/Internationalization/icudt64l/region/es_US.res" 1320
"../../../Engine/Content/Internationalization/icudt64l/lang/es_UY.res" 1321
"../../../Engine/Content/Internationalization/icudt64l/region/es_UY.res" 1322
"../../../Engine/Content/Internationalization/icudt64l/lang/es_VE.res" 1323
"../../../Engine/Content/Internationalization/icudt64l/region/es_VE.res" 1324
"../../../Engine/Content/Internationalization/icudt64l/lang/et.res" 1325
"../../../Engine/Content/Internationalization/icudt64l/region/et.res" 1326
"../../../Engine/Content/Internationalization/icudt64l/lang/eu.res" 1327
"../../../Engine/Content/Internationalization/icudt64l/region/eu.res" 1328
"../../../Engine/Content/Internationalization/icudt64l/lang/ewo.res" 1329
"../../../Engine/Content/Internationalization/icudt64l/region/ewo.res" 1330
"../../../Engine/Content/Internationalization/icudt64l/lang/fa.res" 1331
"../../../Engine/Content/Internationalization/icudt64l/lang/fa_AF.res" 1332
"../../../Engine/Content/Internationalization/icudt64l/region/fa_AF.res" 1333
"../../../Engine/Content/Internationalization/icudt64l/region/fa.res" 1334
"../../../Engine/Content/Internationalization/icudt64l/lang/ff.res" 1335
"../../../Engine/Content/Internationalization/icudt64l/lang/ff_Latn.res" 1336
"../../../Engine/Content/Internationalization/icudt64l/region/ff.res" 1337
"../../../Engine/Content/Internationalization/icudt64l/region/ff_Latn.res" 1338
"../../../Engine/Content/Internationalization/icudt64l/lang/ff_CM.res" 1339
"../../../Engine/Content/Internationalization/icudt64l/lang/ff_Latn_CM.res" 1340
"../../../Engine/Content/Internationalization/icudt64l/region/ff_CM.res" 1341
"../../../Engine/Content/Internationalization/icudt64l/region/ff_Latn_CM.res" 1342
"../../../Engine/Content/Internationalization/icudt64l/lang/ff_GN.res" 1343
"../../../Engine/Content/Internationalization/icudt64l/lang/ff_Latn_GN.res" 1344
"../../../Engine/Content/Internationalization/icudt64l/region/ff_GN.res" 1345
"../../../Engine/Content/Internationalization/icudt64l/region/ff_Latn_GN.res" 1346
"../../../Engine/Content/Internationalization/icudt64l/lang/ff_MR.res" 1347
"../../../Engine/Content/Internationalization/icudt64l/lang/ff_Latn_MR.res" 1348
"../../../Engine/Content/Internationalization/icudt64l/region/ff_MR.res" 1349
"../../../Engine/Content/Internationalization/icudt64l/region/ff_Latn_MR.res" 1350
"../../../Engine/Content/Internationalization/icudt64l/lang/ff_SN.res" 1351
"../../../Engine/Content/Internationalization/icudt64l/lang/ff_Latn_SN.res" 1352
"../../../Engine/Content/Internationalization/icudt64l/region/ff_SN.res" 1353
"../../../Engine/Content/Internationalization/icudt64l/region/ff_Latn_SN.res" 1354
"../../../Engine/Content/Internationalization/icudt64l/lang/fi.res" 1355
"../../../Engine/Content/Internationalization/icudt64l/region/fi.res" 1356
"../../../Engine/Content/Internationalization/icudt64l/lang/fil.res" 1357
"../../../Engine/Content/Internationalization/icudt64l/lang/fil_PH.res" 1358
"../../../Engine/Content/Internationalization/icudt64l/region/fil_PH.res" 1359
"../../../Engine/Content/Internationalization/icudt64l/region/fil.res" 1360
"../../../Engine/Content/Internationalization/icudt64l/lang/fo.res" 1361
"../../../Engine/Content/Internationalization/icudt64l/region/fo.res" 1362
"../../../Engine/Content/Internationalization/icudt64l/lang/fr.res" 1363
"../../../Engine/Content/Internationalization/icudt64l/lang/fr_BE.res" 1364
"../../../Engine/Content/Internationalization/icudt64l/region/fr_BE.res" 1365
"../../../Engine/Content/Internationalization/icudt64l/region/fr.res" 1366
"../../../Engine/Content/Internationalization/icudt64l/lang/fr_CA.res" 1367
"../../../Engine/Content/Internationalization/icudt64l/region/fr_CA.res" 1368
"../../../Engine/Content/Internationalization/icudt64l/lang/fr_CH.res" 1369
"../../../Engine/Content/Internationalization/icudt64l/lang/fur.res" 1370
"../../../Engine/Content/Internationalization/icudt64l/region/fur.res" 1371
"../../../Engine/Content/Internationalization/icudt64l/lang/fy.res" 1372
"../../../Engine/Content/Internationalization/icudt64l/region/fy.res" 1373
"../../../Engine/Content/Internationalization/icudt64l/lang/ga.res" 1374
"../../../Engine/Content/Internationalization/icudt64l/region/ga.res" 1375
"../../../Engine/Content/Internationalization/icudt64l/lang/gd.res" 1376
"../../../Engine/Content/Internationalization/icudt64l/region/gd.res" 1377
"../../../Engine/Content/Internationalization/icudt64l/lang/gl.res" 1378
"../../../Engine/Content/Internationalization/icudt64l/region/gl.res" 1379
"../../../Engine/Content/Internationalization/icudt64l/lang/gsw.res" 1380
"../../../Engine/Content/Internationalization/icudt64l/region/gsw.res" 1381
"../../../Engine/Content/Internationalization/icudt64l/lang/gu.res" 1382
"../../../Engine/Content/Internationalization/icudt64l/region/gu.res" 1383
"../../../Engine/Content/Internationalization/icudt64l/lang/guz.res" 1384
"../../../Engine/Content/Internationalization/icudt64l/region/guz.res" 1385
"../../../Engine/Content/Internationalization/icudt64l/lang/gv.res" 1386
"../../../Engine/Content/Internationalization/icudt64l/region/gv.res" 1387
"../../../Engine/Content/Internationalization/icudt64l/lang/ha.res" 1388
"../../../Engine/Content/Internationalization/icudt64l/region/ha.res" 1389
"../../../Engine/Content/Internationalization/icudt64l/lang/ha_NE.res" 1390
"../../../Engine/Content/Internationalization/icudt64l/region/ha_NE.res" 1391
"../../../Engine/Content/Internationalization/icudt64l/lang/haw.res" 1392
"../../../Engine/Content/Internationalization/icudt64l/region/haw.res" 1393
"../../../Engine/Content/Internationalization/icudt64l/lang/he.res" 1394
"../../../Engine/Content/Internationalization/icudt64l/lang/he_IL.res" 1395
"../../../Engine/Content/Internationalization/icudt64l/region/he_IL.res" 1396
"../../../Engine/Content/Internationalization/icudt64l/region/he.res" 1397
"../../../Engine/Content/Internationalization/icudt64l/lang/hi.res" 1398
"../../../Engine/Content/Internationalization/icudt64l/region/hi.res" 1399
"../../../Engine/Content/Internationalization/icudt64l/lang/hr.res" 1400
"../../../Engine/Content/Internationalization/icudt64l/region/hr.res" 1401
"../../../Engine/Content/Internationalization/icudt64l/lang/hsb.res" 1402
"../../../Engine/Content/Internationalization/icudt64l/region/hsb.res" 1403
"../../../Engine/Content/Internationalization/icudt64l/lang/hu.res" 1404
"../../../Engine/Content/Internationalization/icudt64l/region/hu.res" 1405
"../../../Engine/Content/Internationalization/icudt64l/lang/hy.res" 1406
"../../../Engine/Content/Internationalization/icudt64l/region/hy.res" 1407
"../../../Engine/Content/Internationalization/icudt64l/lang/ia.res" 1408
"../../../Engine/Content/Internationalization/icudt64l/region/ia.res" 1409
"../../../Engine/Content/Internationalization/icudt64l/lang/id.res" 1410
"../../../Engine/Content/Internationalization/icudt64l/lang/id_ID.res" 1411
"../../../Engine/Content/Internationalization/icudt64l/region/id_ID.res" 1412
"../../../Engine/Content/Internationalization/icudt64l/region/id.res" 1413
"../../../Engine/Content/Internationalization/icudt64l/lang/ig.res" 1414
"../../../Engine/Content/Internationalization/icudt64l/region/ig.res" 1415
"../../../Engine/Content/Internationalization/icudt64l/lang/ii.res" 1416
"../../../Engine/Content/Internationalization/icudt64l/region/ii.res" 1417
"../../../Engine/Content/Internationalization/icudt64l/lang/is.res" 1418
"../../../Engine/Content/Internationalization/icudt64l/region/is.res" 1419
"../../../Engine/Content/Internationalization/icudt64l/lang/it.res" 1420
"../../../Engine/Content/Internationalization/icudt64l/region/it.res" 1421
"../../../Engine/Content/Internationalization/icudt64l/lang/ja.res" 1422
"../../../Engine/Content/Internationalization/icudt64l/lang/ja_JP.res" 1423
"../../../Engine/Content/Internationalization/icudt64l/region/ja_JP.res" 1424
"../../../Engine/Content/Internationalization/icudt64l/region/ja.res" 1425
"../../../Engine/Content/Internationalization/icudt64l/lang/jgo.res" 1426
"../../../Engine/Content/Internationalization/icudt64l/region/jgo.res" 1427
"../../../Engine/Content/Internationalization/icudt64l/lang/jmc.res" 1428
"../../../Engine/Content/Internationalization/icudt64l/region/jmc.res" 1429
"../../../Engine/Content/Internationalization/icudt64l/lang/jv.res" 1430
"../../../Engine/Content/Internationalization/icudt64l/region/jv.res" 1431
"../../../Engine/Content/Internationalization/icudt64l/lang/ka.res" 1432
"../../../Engine/Content/Internationalization/icudt64l/region/ka.res" 1433
"../../../Engine/Content/Internationalization/icudt64l/lang/kab.res" 1434
"../../../Engine/Content/Internationalization/icudt64l/region/kab.res" 1435
"../../../Engine/Content/Internationalization/icudt64l/lang/kam.res" 1436
"../../../Engine/Content/Internationalization/icudt64l/region/kam.res" 1437
"../../../Engine/Content/Internationalization/icudt64l/lang/kde.res" 1438
"../../../Engine/Content/Internationalization/icudt64l/region/kde.res" 1439
"../../../Engine/Content/Internationalization/icudt64l/lang/kea.res" 1440
"../../../Engine/Content/Internationalization/icudt64l/region/kea.res" 1441
"../../../Engine/Content/Internationalization/icudt64l/lang/khq.res" 1442
"../../../Engine/Content/Internationalization/icudt64l/region/khq.res" 1443
"../../../Engine/Content/Internationalization/icudt64l/lang/ki.res" 1444
"../../../Engine/Content/Internationalization/icudt64l/region/ki.res" 1445
"../../../Engine/Content/Internationalization/icudt64l/lang/kk.res" 1446
"../../../Engine/Content/Internationalization/icudt64l/region/kk.res" 1447
"../../../Engine/Content/Internationalization/icudt64l/lang/kkj.res" 1448
"../../../Engine/Content/Internationalization/icudt64l/region/kkj.res" 1449
"../../../Engine/Content/Internationalization/icudt64l/lang/kl.res" 1450
"../../../Engine/Content/Internationalization/icudt64l/region/kl.res" 1451
"../../../Engine/Content/Internationalization/icudt64l/lang/kln.res" 1452
"../../../Engine/Content/Internationalization/icudt64l/region/kln.res" 1453
"../../../Engine/Content/Internationalization/icudt64l/lang/km.res" 1454
"../../../Engine/Content/Internationalization/icudt64l/region/km.res" 1455
"../../../Engine/Content/Internationalization/icudt64l/lang/kn.res" 1456
"../../../Engine/Content/Internationalization/icudt64l/region/kn.res" 1457
"../../../Engine/Content/Internationalization/icudt64l/lang/ko.res" 1458
"../../../Engine/Content/Internationalization/icudt64l/region/ko_KP.res" 1459
"../../../Engine/Content/Internationalization/icudt64l/region/ko.res" 1460
"../../../Engine/Content/Internationalization/icudt64l/lang/kok.res" 1461
"../../../Engine/Content/Internationalization/icudt64l/region/kok.res" 1462
"../../../Engine/Content/Internationalization/icudt64l/lang/ks.res" 1463
"../../../Engine/Content/Internationalization/icudt64l/region/ks.res" 1464
"../../../Engine/Content/Internationalization/icudt64l/lang/ksb.res" 1465
"../../../Engine/Content/Internationalization/icudt64l/region/ksb.res" 1466
"../../../Engine/Content/Internationalization/icudt64l/lang/ksf.res" 1467
"../../../Engine/Content/Internationalization/icudt64l/region/ksf.res" 1468
"../../../Engine/Content/Internationalization/icudt64l/lang/ksh.res" 1469
"../../../Engine/Content/Internationalization/icudt64l/region/ksh.res" 1470
"../../../Engine/Content/Internationalization/icudt64l/lang/ku.res" 1471
"../../../Engine/Content/Internationalization/icudt64l/region/ku.res" 1472
"../../../Engine/Content/Internationalization/icudt64l/lang/kw.res" 1473
"../../../Engine/Content/Internationalization/icudt64l/region/kw.res" 1474
"../../../Engine/Content/Internationalization/icudt64l/lang/ky.res" 1475
"../../../Engine/Content/Internationalization/icudt64l/region/ky.res" 1476
"../../../Engine/Content/Internationalization/icudt64l/lang/lag.res" 1477
"../../../Engine/Content/Internationalization/icudt64l/region/lag.res" 1478
"../../../Engine/Content/Internationalization/icudt64l/lang/lb.res" 1479
"../../../Engine/Content/Internationalization/icudt64l/region/lb.res" 1480
"../../../Engine/Content/Internationalization/icudt64l/lang/lg.res" 1481
"../../../Engine/Content/Internationalization/icudt64l/region/lg.res" 1482
"../../../Engine/Content/Internationalization/icudt64l/lang/lkt.res" 1483
"../../../Engine/Content/Internationalization/icudt64l/region/lkt.res" 1484
"../../../Engine/Content/Internationalization/icudt64l/lang/ln.res" 1485
"../../../Engine/Content/Internationalization/icudt64l/region/ln.res" 1486
"../../../Engine/Content/Internationalization/icudt64l/lang/lo.res" 1487
"../../../Engine/Content/Internationalization/icudt64l/region/lo.res" 1488
"../../../Engine/Content/Internationalization/icudt64l/lang/lrc.res" 1489
"../../../Engine/Content/Internationalization/icudt64l/region/lrc.res" 1490
"../../../Engine/Content/Internationalization/icudt64l/lang/lt.res" 1491
"../../../Engine/Content/Internationalization/icudt64l/region/lt.res" 1492
"../../../Engine/Content/Internationalization/icudt64l/lang/lu.res" 1493
"../../../Engine/Content/Internationalization/icudt64l/region/lu.res" 1494
"../../../Engine/Content/Internationalization/icudt64l/lang/luo.res" 1495
"../../../Engine/Content/Internationalization/icudt64l/region/luo.res" 1496
"../../../Engine/Content/Internationalization/icudt64l/lang/luy.res" 1497
"../../../Engine/Content/Internationalization/icudt64l/region/luy.res" 1498
"../../../Engine/Content/Internationalization/icudt64l/lang/lv.res" 1499
"../../../Engine/Content/Internationalization/icudt64l/region/lv.res" 1500
"../../../Engine/Content/Internationalization/icudt64l/lang/mas.res" 1501
"../../../Engine/Content/Internationalization/icudt64l/region/mas.res" 1502
"../../../Engine/Content/Internationalization/icudt64l/lang/mer.res" 1503
"../../../Engine/Content/Internationalization/icudt64l/region/mer.res" 1504
"../../../Engine/Content/Internationalization/icudt64l/lang/mfe.res" 1505
"../../../Engine/Content/Internationalization/icudt64l/region/mfe.res" 1506
"../../../Engine/Content/Internationalization/icudt64l/lang/mg.res" 1507
"../../../Engine/Content/Internationalization/icudt64l/region/mg.res" 1508
"../../../Engine/Content/Internationalization/icudt64l/lang/mgh.res" 1509
"../../../Engine/Content/Internationalization/icudt64l/region/mgh.res" 1510
"../../../Engine/Content/Internationalization/icudt64l/lang/mgo.res" 1511
"../../../Engine/Content/Internationalization/icudt64l/region/mgo.res" 1512
"../../../Engine/Content/Internationalization/icudt64l/lang/mi.res" 1513
"../../../Engine/Content/Internationalization/icudt64l/region/mi.res" 1514
"../../../Engine/Content/Internationalization/icudt64l/lang/mk.res" 1515
"../../../Engine/Content/Internationalization/icudt64l/region/mk.res" 1516
"../../../Engine/Content/Internationalization/icudt64l/lang/ml.res" 1517
"../../../Engine/Content/Internationalization/icudt64l/region/ml.res" 1518
"../../../Engine/Content/Internationalization/icudt64l/lang/mn.res" 1519
"../../../Engine/Content/Internationalization/icudt64l/region/mn.res" 1520
"../../../Engine/Content/Internationalization/icudt64l/lang/mr.res" 1521
"../../../Engine/Content/Internationalization/icudt64l/region/mr.res" 1522
"../../../Engine/Content/Internationalization/icudt64l/lang/ms.res" 1523
"../../../Engine/Content/Internationalization/icudt64l/region/ms.res" 1524
"../../../Engine/Content/Internationalization/icudt64l/lang/mt.res" 1525
"../../../Engine/Content/Internationalization/icudt64l/region/mt.res" 1526
"../../../Engine/Content/Internationalization/icudt64l/lang/mua.res" 1527
"../../../Engine/Content/Internationalization/icudt64l/region/mua.res" 1528
"../../../Engine/Content/Internationalization/icudt64l/lang/my.res" 1529
"../../../Engine/Content/Internationalization/icudt64l/region/my.res" 1530
"../../../Engine/Content/Internationalization/icudt64l/lang/mzn.res" 1531
"../../../Engine/Content/Internationalization/icudt64l/region/mzn.res" 1532
"../../../Engine/Content/Internationalization/icudt64l/lang/naq.res" 1533
"../../../Engine/Content/Internationalization/icudt64l/region/naq.res" 1534
"../../../Engine/Content/Internationalization/icudt64l/lang/nb.res" 1535
"../../../Engine/Content/Internationalization/icudt64l/lang/nb_NO.res" 1536
"../../../Engine/Content/Internationalization/icudt64l/region/nb_NO.res" 1537
"../../../Engine/Content/Internationalization/icudt64l/region/nb.res" 1538
"../../../Engine/Content/Internationalization/icudt64l/lang/nd.res" 1539
"../../../Engine/Content/Internationalization/icudt64l/region/nd.res" 1540
"../../../Engine/Content/Internationalization/icudt64l/lang/nds.res" 1541
"../../../Engine/Content/Internationalization/icudt64l/region/nds.res" 1542
"../../../Engine/Content/Internationalization/icudt64l/lang/ne.res" 1543
"../../../Engine/Content/Internationalization/icudt64l/region/ne.res" 1544
"../../../Engine/Content/Internationalization/icudt64l/lang/nl.res" 1545
"../../../Engine/Content/Internationalization/icudt64l/region/nl.res" 1546
"../../../Engine/Content/Internationalization/icudt64l/lang/nmg.res" 1547
"../../../Engine/Content/Internationalization/icudt64l/region/nmg.res" 1548
"../../../Engine/Content/Internationalization/icudt64l/lang/nn.res" 1549
"../../../Engine/Content/Internationalization/icudt64l/lang/nn_NO.res" 1550
"../../../Engine/Content/Internationalization/icudt64l/region/nn_NO.res" 1551
"../../../Engine/Content/Internationalization/icudt64l/region/nn.res" 1552
"../../../Engine/Content/Internationalization/icudt64l/lang/nnh.res" 1553
"../../../Engine/Content/Internationalization/icudt64l/region/nnh.res" 1554
"../../../Engine/Content/Internationalization/icudt64l/lang/nus.res" 1555
"../../../Engine/Content/Internationalization/icudt64l/region/nus.res" 1556
"../../../Engine/Content/Internationalization/icudt64l/lang/nyn.res" 1557
"../../../Engine/Content/Internationalization/icudt64l/region/nyn.res" 1558
"../../../Engine/Content/Internationalization/icudt64l/lang/om.res" 1559
"../../../Engine/Content/Internationalization/icudt64l/region/om.res" 1560
"../../../Engine/Content/Internationalization/icudt64l/lang/or.res" 1561
"../../../Engine/Content/Internationalization/icudt64l/region/or.res" 1562
"../../../Engine/Content/Internationalization/icudt64l/lang/os.res" 1563
"../../../Engine/Content/Internationalization/icudt64l/region/os.res" 1564
"../../../Engine/Content/Internationalization/icudt64l/lang/pa.res" 1565
"../../../Engine/Content/Internationalization/icudt64l/lang/pa_Arab.res" 1566
"../../../Engine/Content/Internationalization/icudt64l/lang/pa_PK.res" 1567
"../../../Engine/Content/Internationalization/icudt64l/lang/pa_Arab_PK.res" 1568
"../../../Engine/Content/Internationalization/icudt64l/region/pa_PK.res" 1569
"../../../Engine/Content/Internationalization/icudt64l/region/pa_Arab_PK.res" 1570
"../../../Engine/Content/Internationalization/icudt64l/region/pa_Arab.res" 1571
"../../../Engine/Content/Internationalization/icudt64l/lang/pa_Guru.res" 1572
"../../../Engine/Content/Internationalization/icudt64l/lang/pa_IN.res" 1573
"../../../Engine/Content/Internationalization/icudt64l/lang/pa_Guru_IN.res" 1574
"../../../Engine/Content/Internationalization/icudt64l/region/pa_IN.res" 1575
"../../../Engine/Content/Internationalization/icudt64l/region/pa_Guru_IN.res" 1576
"../../../Engine/Content/Internationalization/icudt64l/region/pa_Guru.res" 1577
"../../../Engine/Content/Internationalization/icudt64l/region/pa.res" 1578
"../../../Engine/Content/Internationalization/icudt64l/lang/pl.res" 1579
"../../../Engine/Content/Internationalization/icudt64l/region/pl.res" 1580
"../../../Engine/Content/Internationalization/icudt64l/lang/ps.res" 1581
"../../../Engine/Content/Internationalization/icudt64l/region/ps.res" 1582
"../../../Engine/Content/Internationalization/icudt64l/lang/ps_PK.res" 1583
"../../../Engine/Content/Internationalization/icudt64l/region/ps_PK.res" 1584
"../../../Engine/Content/Internationalization/icudt64l/lang/pt.res" 1585
"../../../Engine/Content/Internationalization/icudt64l/lang/pt_AO.res" 1586
"../../../Engine/Content/Internationalization/icudt64l/lang/pt_PT.res" 1587
"../../../Engine/Content/Internationalization/icudt64l/region/pt_AO.res" 1588
"../../../Engine/Content/Internationalization/icudt64l/region/pt_PT.res" 1589
"../../../Engine/Content/Internationalization/icudt64l/region/pt.res" 1590
"../../../Engine/Content/Internationalization/icudt64l/lang/pt_CH.res" 1591
"../../../Engine/Content/Internationalization/icudt64l/region/pt_CH.res" 1592
"../../../Engine/Content/Internationalization/icudt64l/lang/pt_CV.res" 1593
"../../../Engine/Content/Internationalization/icudt64l/region/pt_CV.res" 1594
"../../../Engine/Content/Internationalization/icudt64l/lang/pt_GQ.res" 1595
"../../../Engine/Content/Internationalization/icudt64l/region/pt_GQ.res" 1596
"../../../Engine/Content/Internationalization/icudt64l/lang/pt_GW.res" 1597
"../../../Engine/Content/Internationalization/icudt64l/region/pt_GW.res" 1598
"../../../Engine/Content/Internationalization/icudt64l/lang/pt_LU.res" 1599
"../../../Engine/Content/Internationalization/icudt64l/region/pt_LU.res" 1600
"../../../Engine/Content/Internationalization/icudt64l/lang/pt_MO.res" 1601
"../../../Engine/Content/Internationalization/icudt64l/region/pt_MO.res" 1602
"../../../Engine/Content/Internationalization/icudt64l/lang/pt_MZ.res" 1603
"../../../Engine/Content/Internationalization/icudt64l/region/pt_MZ.res" 1604
"../../../Engine/Content/Internationalization/icudt64l/lang/pt_ST.res" 1605
"../../../Engine/Content/Internationalization/icudt64l/region/pt_ST.res" 1606
"../../../Engine/Content/Internationalization/icudt64l/lang/pt_TL.res" 1607
"../../../Engine/Content/Internationalization/icudt64l/region/pt_TL.res" 1608
"../../../Engine/Content/Internationalization/icudt64l/lang/qu.res" 1609
"../../../Engine/Content/Internationalization/icudt64l/region/qu.res" 1610
"../../../Engine/Content/Internationalization/icudt64l/lang/rm.res" 1611
"../../../Engine/Content/Internationalization/icudt64l/region/rm.res" 1612
"../../../Engine/Content/Internationalization/icudt64l/lang/rn.res" 1613
"../../../Engine/Content/Internationalization/icudt64l/region/rn.res" 1614
"../../../Engine/Content/Internationalization/icudt64l/lang/ro.res" 1615
"../../../Engine/Content/Internationalization/icudt64l/lang/ro_MD.res" 1616
"../../../Engine/Content/Internationalization/icudt64l/region/ro_MD.res" 1617
"../../../Engine/Content/Internationalization/icudt64l/region/ro.res" 1618
"../../../Engine/Content/Internationalization/icudt64l/lang/rof.res" 1619
"../../../Engine/Content/Internationalization/icudt64l/region/rof.res" 1620
"../../../Engine/Content/Internationalization/icudt64l/lang/ru.res" 1621
"../../../Engine/Content/Internationalization/icudt64l/region/ru.res" 1622
"../../../Engine/Content/Internationalization/icudt64l/region/ru_UA.res" 1623
"../../../Engine/Content/Internationalization/icudt64l/lang/rw.res" 1624
"../../../Engine/Content/Internationalization/icudt64l/region/rw.res" 1625
"../../../Engine/Content/Internationalization/icudt64l/lang/rwk.res" 1626
"../../../Engine/Content/Internationalization/icudt64l/region/rwk.res" 1627
"../../../Engine/Content/Internationalization/icudt64l/lang/sah.res" 1628
"../../../Engine/Content/Internationalization/icudt64l/region/sah.res" 1629
"../../../Engine/Content/Internationalization/icudt64l/lang/saq.res" 1630
"../../../Engine/Content/Internationalization/icudt64l/region/saq.res" 1631
"../../../Engine/Content/Internationalization/icudt64l/lang/sbp.res" 1632
"../../../Engine/Content/Internationalization/icudt64l/region/sbp.res" 1633
"../../../Engine/Content/Internationalization/icudt64l/lang/sd.res" 1634
"../../../Engine/Content/Internationalization/icudt64l/region/sd.res" 1635
"../../../Engine/Content/Internationalization/icudt64l/lang/se.res" 1636
"../../../Engine/Content/Internationalization/icudt64l/lang/se_FI.res" 1637
"../../../Engine/Content/Internationalization/icudt64l/region/se_FI.res" 1638
"../../../Engine/Content/Internationalization/icudt64l/region/se.res" 1639
"../../../Engine/Content/Internationalization/icudt64l/lang/seh.res" 1640
"../../../Engine/Content/Internationalization/icudt64l/region/seh.res" 1641
"../../../Engine/Content/Internationalization/icudt64l/lang/ses.res" 1642
"../../../Engine/Content/Internationalization/icudt64l/region/ses.res" 1643
"../../../Engine/Content/Internationalization/icudt64l/lang/sg.res" 1644
"../../../Engine/Content/Internationalization/icudt64l/region/sg.res" 1645
"../../../Engine/Content/Internationalization/icudt64l/lang/shi.res" 1646
"../../../Engine/Content/Internationalization/icudt64l/lang/shi_Latn.res" 1647
"../../../Engine/Content/Internationalization/icudt64l/lang/shi_MA.res" 1648
"../../../Engine/Content/Internationalization/icudt64l/lang/shi_Tfng_MA.res" 1649
"../../../Engine/Content/Internationalization/icudt64l/lang/shi_Tfng.res" 1650
"../../../Engine/Content/Internationalization/icudt64l/region/shi_MA.res" 1651
"../../../Engine/Content/Internationalization/icudt64l/region/shi_Tfng_MA.res" 1652
"../../../Engine/Content/Internationalization/icudt64l/region/shi_Tfng.res" 1653
"../../../Engine/Content/Internationalization/icudt64l/region/shi.res" 1654
"../../../Engine/Content/Internationalization/icudt64l/region/shi_Latn.res" 1655
"../../../Engine/Content/Internationalization/icudt64l/lang/si.res" 1656
"../../../Engine/Content/Internationalization/icudt64l/region/si.res" 1657
"../../../Engine/Content/Internationalization/icudt64l/lang/sk.res" 1658
"../../../Engine/Content/Internationalization/icudt64l/region/sk.res" 1659
"../../../Engine/Content/Internationalization/icudt64l/lang/sl.res" 1660
"../../../Engine/Content/Internationalization/icudt64l/region/sl.res" 1661
"../../../Engine/Content/Internationalization/icudt64l/lang/smn.res" 1662
"../../../Engine/Content/Internationalization/icudt64l/region/smn.res" 1663
"../../../Engine/Content/Internationalization/icudt64l/lang/sn.res" 1664
"../../../Engine/Content/Internationalization/icudt64l/region/sn.res" 1665
"../../../Engine/Content/Internationalization/icudt64l/lang/so.res" 1666
"../../../Engine/Content/Internationalization/icudt64l/region/so.res" 1667
"../../../Engine/Content/Internationalization/icudt64l/lang/sq.res" 1668
"../../../Engine/Content/Internationalization/icudt64l/region/sq.res" 1669
"../../../Engine/Content/Internationalization/icudt64l/lang/sr.res" 1670
"../../../Engine/Content/Internationalization/icudt64l/lang/sr_Cyrl.res" 1671
"../../../Engine/Content/Internationalization/icudt64l/lang/sr_BA.res" 1672
"../../../Engine/Content/Internationalization/icudt64l/lang/sr_Cyrl_BA.res" 1673
"../../../Engine/Content/Internationalization/icudt64l/region/sr_BA.res" 1674
"../../../Engine/Content/Internationalization/icudt64l/region/sr_Cyrl_BA.res" 1675
"../../../Engine/Content/Internationalization/icudt64l/region/sr_Cyrl.res" 1676
"../../../Engine/Content/Internationalization/icudt64l/region/sr.res" 1677
"../../../Engine/Content/Internationalization/icudt64l/lang/sr_ME.res" 1678
"../../../Engine/Content/Internationalization/icudt64l/lang/sr_Latn_ME.res" 1679
"../../../Engine/Content/Internationalization/icudt64l/lang/sr_Latn.res" 1680
"../../../Engine/Content/Internationalization/icudt64l/region/sr_ME.res" 1681
"../../../Engine/Content/Internationalization/icudt64l/region/sr_Latn_ME.res" 1682
"../../../Engine/Content/Internationalization/icudt64l/region/sr_Latn.res" 1683
"../../../Engine/Content/Internationalization/icudt64l/lang/sr_Cyrl_ME.res" 1684
"../../../Engine/Content/Internationalization/icudt64l/region/sr_Cyrl_ME.res" 1685
"../../../Engine/Content/Internationalization/icudt64l/lang/sr_RS.res" 1686
"../../../Engine/Content/Internationalization/icudt64l/lang/sr_Cyrl_RS.res" 1687
"../../../Engine/Content/Internationalization/icudt64l/region/sr_RS.res" 1688
"../../../Engine/Content/Internationalization/icudt64l/region/sr_Cyrl_RS.res" 1689
"../../../Engine/Content/Internationalization/icudt64l/lang/sr_XK.res" 1690
"../../../Engine/Content/Internationalization/icudt64l/lang/sr_Cyrl_XK.res" 1691
"../../../Engine/Content/Internationalization/icudt64l/region/sr_XK.res" 1692
"../../../Engine/Content/Internationalization/icudt64l/region/sr_Cyrl_XK.res" 1693
"../../../Engine/Content/Internationalization/icudt64l/lang/sr_Latn_BA.res" 1694
"../../../Engine/Content/Internationalization/icudt64l/region/sr_Latn_BA.res" 1695
"../../../Engine/Content/Internationalization/icudt64l/lang/sr_Latn_RS.res" 1696
"../../../Engine/Content/Internationalization/icudt64l/region/sr_Latn_RS.res" 1697
"../../../Engine/Content/Internationalization/icudt64l/lang/sr_Latn_XK.res" 1698
"../../../Engine/Content/Internationalization/icudt64l/region/sr_Latn_XK.res" 1699
"../../../Engine/Content/Internationalization/icudt64l/lang/sv.res" 1700
"../../../Engine/Content/Internationalization/icudt64l/region/sv.res" 1701
"../../../Engine/Content/Internationalization/icudt64l/lang/sv_FI.res" 1702
"../../../Engine/Content/Internationalization/icudt64l/lang/sw.res" 1703
"../../../Engine/Content/Internationalization/icudt64l/lang/sw_CD.res" 1704
"../../../Engine/Content/Internationalization/icudt64l/region/sw_CD.res" 1705
"../../../Engine/Content/Internationalization/icudt64l/region/sw.res" 1706
"../../../Engine/Content/Internationalization/icudt64l/lang/sw_KE.res" 1707
"../../../Engine/Content/Internationalization/icudt64l/region/sw_KE.res" 1708
"../../../Engine/Content/Internationalization/icudt64l/lang/ta.res" 1709
"../../../Engine/Content/Internationalization/icudt64l/region/ta.res" 1710
"../../../Engine/Content/Internationalization/icudt64l/lang/te.res" 1711
"../../../Engine/Content/Internationalization/icudt64l/region/te.res" 1712
"../../../Engine/Content/Internationalization/icudt64l/lang/teo.res" 1713
"../../../Engine/Content/Internationalization/icudt64l/region/teo.res" 1714
"../../../Engine/Content/Internationalization/icudt64l/lang/tg.res" 1715
"../../../Engine/Content/Internationalization/icudt64l/region/tg.res" 1716
"../../../Engine/Content/Internationalization/icudt64l/lang/th.res" 1717
"../../../Engine/Content/Internationalization/icudt64l/lang/th_TH.res" 1718
"../../../Engine/Content/Internationalization/icudt64l/region/th_TH.res" 1719
"../../../Engine/Content/Internationalization/icudt64l/region/th.res" 1720
"../../../Engine/Content/Internationalization/icudt64l/lang/ti.res" 1721
"../../../Engine/Content/Internationalization/icudt64l/region/ti.res" 1722
"../../../Engine/Content/Internationalization/icudt64l/lang/tk.res" 1723
"../../../Engine/Content/Internationalization/icudt64l/region/tk.res" 1724
"../../../Engine/Content/Internationalization/icudt64l/lang/to.res" 1725
"../../../Engine/Content/Internationalization/icudt64l/region/to.res" 1726
"../../../Engine/Content/Internationalization/icudt64l/lang/tr.res" 1727
"../../../Engine/Content/Internationalization/icudt64l/region/tr.res" 1728
"../../../Engine/Content/Internationalization/icudt64l/lang/tt.res" 1729
"../../../Engine/Content/Internationalization/icudt64l/region/tt.res" 1730
"../../../Engine/Content/Internationalization/icudt64l/lang/twq.res" 1731
"../../../Engine/Content/Internationalization/icudt64l/region/twq.res" 1732
"../../../Engine/Content/Internationalization/icudt64l/lang/tzm.res" 1733
"../../../Engine/Content/Internationalization/icudt64l/region/tzm.res" 1734
"../../../Engine/Content/Internationalization/icudt64l/lang/ug.res" 1735
"../../../Engine/Content/Internationalization/icudt64l/region/ug.res" 1736
"../../../Engine/Content/Internationalization/icudt64l/lang/uk.res" 1737
"../../../Engine/Content/Internationalization/icudt64l/region/uk.res" 1738
"../../../Engine/Content/Internationalization/icudt64l/lang/ur.res" 1739
"../../../Engine/Content/Internationalization/icudt64l/lang/ur_IN.res" 1740
"../../../Engine/Content/Internationalization/icudt64l/region/ur_IN.res" 1741
"../../../Engine/Content/Internationalization/icudt64l/region/ur.res" 1742
"../../../Engine/Content/Internationalization/icudt64l/lang/uz.res" 1743
"../../../Engine/Content/Internationalization/icudt64l/lang/uz_Arab.res" 1744
"../../../Engine/Content/Internationalization/icudt64l/lang/uz_AF.res" 1745
"../../../Engine/Content/Internationalization/icudt64l/lang/uz_Arab_AF.res" 1746
"../../../Engine/Content/Internationalization/icudt64l/region/uz_AF.res" 1747
"../../../Engine/Content/Internationalization/icudt64l/region/uz_Arab_AF.res" 1748
"../../../Engine/Content/Internationalization/icudt64l/region/uz_Arab.res" 1749
"../../../Engine/Content/Internationalization/icudt64l/lang/uz_Cyrl.res" 1750
"../../../Engine/Content/Internationalization/icudt64l/lang/uz_UZ.res" 1751
"../../../Engine/Content/Internationalization/icudt64l/lang/uz_Latn_UZ.res" 1752
"../../../Engine/Content/Internationalization/icudt64l/lang/uz_Latn.res" 1753
"../../../Engine/Content/Internationalization/icudt64l/region/uz_UZ.res" 1754
"../../../Engine/Content/Internationalization/icudt64l/region/uz_Latn_UZ.res" 1755
"../../../Engine/Content/Internationalization/icudt64l/region/uz_Latn.res" 1756
"../../../Engine/Content/Internationalization/icudt64l/region/uz.res" 1757
"../../../Engine/Content/Internationalization/icudt64l/region/uz_Cyrl.res" 1758
"../../../Engine/Content/Internationalization/icudt64l/lang/vai.res" 1759
"../../../Engine/Content/Internationalization/icudt64l/lang/vai_Latn.res" 1760
"../../../Engine/Content/Internationalization/icudt64l/lang/vai_LR.res" 1761
"../../../Engine/Content/Internationalization/icudt64l/lang/vai_Vaii_LR.res" 1762
"../../../Engine/Content/Internationalization/icudt64l/lang/vai_Vaii.res" 1763
"../../../Engine/Content/Internationalization/icudt64l/region/vai_LR.res" 1764
"../../../Engine/Content/Internationalization/icudt64l/region/vai_Vaii_LR.res" 1765
"../../../Engine/Content/Internationalization/icudt64l/region/vai_Vaii.res" 1766
"../../../Engine/Content/Internationalization/icudt64l/region/vai.res" 1767
"../../../Engine/Content/Internationalization/icudt64l/region/vai_Latn.res" 1768
"../../../Engine/Content/Internationalization/icudt64l/lang/vi.res" 1769
"../../../Engine/Content/Internationalization/icudt64l/region/vi.res" 1770
"../../../Engine/Content/Internationalization/icudt64l/lang/vun.res" 1771
"../../../Engine/Content/Internationalization/icudt64l/region/vun.res" 1772
"../../../Engine/Content/Internationalization/icudt64l/lang/wae.res" 1773
"../../../Engine/Content/Internationalization/icudt64l/region/wae.res" 1774
"../../../Engine/Content/Internationalization/icudt64l/lang/wo.res" 1775
"../../../Engine/Content/Internationalization/icudt64l/region/wo.res" 1776
"../../../Engine/Content/Internationalization/icudt64l/lang/xh.res" 1777
"../../../Engine/Content/Internationalization/icudt64l/region/xh.res" 1778
"../../../Engine/Content/Internationalization/icudt64l/lang/xog.res" 1779
"../../../Engine/Content/Internationalization/icudt64l/region/xog.res" 1780
"../../../Engine/Content/Internationalization/icudt64l/lang/yav.res" 1781
"../../../Engine/Content/Internationalization/icudt64l/region/yav.res" 1782
"../../../Engine/Content/Internationalization/icudt64l/lang/yi.res" 1783
"../../../Engine/Content/Internationalization/icudt64l/region/yi.res" 1784
"../../../Engine/Content/Internationalization/icudt64l/lang/yo.res" 1785
"../../../Engine/Content/Internationalization/icudt64l/lang/yo_BJ.res" 1786
"../../../Engine/Content/Internationalization/icudt64l/region/yo_BJ.res" 1787
"../../../Engine/Content/Internationalization/icudt64l/region/yo.res" 1788
"../../../Engine/Content/Internationalization/icudt64l/lang/yue.res" 1789
"../../../Engine/Content/Internationalization/icudt64l/lang/yue_Hans.res" 1790
"../../../Engine/Content/Internationalization/icudt64l/lang/yue_CN.res" 1791
"../../../Engine/Content/Internationalization/icudt64l/lang/yue_Hans_CN.res" 1792
"../../../Engine/Content/Internationalization/icudt64l/region/yue_CN.res" 1793
"../../../Engine/Content/Internationalization/icudt64l/region/yue_Hans_CN.res" 1794
"../../../Engine/Content/Internationalization/icudt64l/region/yue_Hans.res" 1795
"../../../Engine/Content/Internationalization/icudt64l/lang/yue_Hant.res" 1796
"../../../Engine/Content/Internationalization/icudt64l/lang/yue_HK.res" 1797
"../../../Engine/Content/Internationalization/icudt64l/lang/yue_Hant_HK.res" 1798
"../../../Engine/Content/Internationalization/icudt64l/region/yue_HK.res" 1799
"../../../Engine/Content/Internationalization/icudt64l/region/yue_Hant_HK.res" 1800
"../../../Engine/Content/Internationalization/icudt64l/region/yue_Hant.res" 1801
"../../../Engine/Content/Internationalization/icudt64l/region/yue.res" 1802
"../../../Engine/Content/Internationalization/icudt64l/lang/zgh.res" 1803
"../../../Engine/Content/Internationalization/icudt64l/region/zgh.res" 1804
"../../../Engine/Content/Internationalization/icudt64l/lang/zh.res" 1805
"../../../Engine/Content/Internationalization/icudt64l/lang/zh_Hans.res" 1806
"../../../Engine/Content/Internationalization/icudt64l/lang/zh_CN.res" 1807
"../../../Engine/Content/Internationalization/icudt64l/lang/zh_Hans_CN.res" 1808
"../../../Engine/Content/Internationalization/icudt64l/region/zh_CN.res" 1809
"../../../Engine/Content/Internationalization/icudt64l/region/zh_Hans_CN.res" 1810
"../../../Engine/Content/Internationalization/icudt64l/region/zh_Hans.res" 1811
"../../../Engine/Content/Internationalization/icudt64l/region/zh.res" 1812
"../../../Engine/Content/Internationalization/icudt64l/lang/zh_HK.res" 1813
"../../../Engine/Content/Internationalization/icudt64l/lang/zh_Hant_HK.res" 1814
"../../../Engine/Content/Internationalization/icudt64l/lang/zh_Hant.res" 1815
"../../../Engine/Content/Internationalization/icudt64l/region/zh_HK.res" 1816
"../../../Engine/Content/Internationalization/icudt64l/region/zh_Hant_HK.res" 1817
"../../../Engine/Content/Internationalization/icudt64l/region/zh_Hant.res" 1818
"../../../Engine/Content/Internationalization/icudt64l/lang/zh_MO.res" 1819
"../../../Engine/Content/Internationalization/icudt64l/lang/zh_Hant_MO.res" 1820
"../../../Engine/Content/Internationalization/icudt64l/region/zh_MO.res" 1821
"../../../Engine/Content/Internationalization/icudt64l/region/zh_Hant_MO.res" 1822
"../../../Engine/Content/Internationalization/icudt64l/lang/zh_SG.res" 1823
"../../../Engine/Content/Internationalization/icudt64l/lang/zh_Hans_SG.res" 1824
"../../../Engine/Content/Internationalization/icudt64l/region/zh_SG.res" 1825
"../../../Engine/Content/Internationalization/icudt64l/region/zh_Hans_SG.res" 1826
"../../../Engine/Content/Internationalization/icudt64l/lang/zh_TW.res" 1827
"../../../Engine/Content/Internationalization/icudt64l/lang/zh_Hant_TW.res" 1828
"../../../Engine/Content/Internationalization/icudt64l/region/zh_TW.res" 1829
"../../../Engine/Content/Internationalization/icudt64l/region/zh_Hant_TW.res" 1830
"../../../Engine/Content/Internationalization/icudt64l/lang/zu.res" 1831
"../../../Engine/Content/Internationalization/icudt64l/region/zu.res" 1832
"../../../Engine/Content/Internationalization/icudt64l/lang/no.res" 1833
"../../../Engine/Content/Internationalization/icudt64l/lang/tl.res" 1834
"../../../Engine/Config/Android/DataDrivenPlatformInfo.ini" 1835
"../../../Engine/Config/IOS/DataDrivenPlatformInfo.ini" 1836
"../../../Engine/Config/Linux/DataDrivenPlatformInfo.ini" 1837
"../../../Engine/Config/LinuxArm64/DataDrivenPlatformInfo.ini" 1838
"../../../Engine/Config/Mac/DataDrivenPlatformInfo.ini" 1839
"../../../Engine/Config/TVOS/DataDrivenPlatformInfo.ini" 1840
"../../../Engine/Config/Unix/DataDrivenPlatformInfo.ini" 1841
"../../../Engine/Config/VulkanPC/DataDrivenPlatformInfo.ini" 1842
"../../../Engine/Config/Windows/DataDrivenPlatformInfo.ini" 1843
"../../../Engine/Platforms/VisionOS/Config/DataDrivenPlatformInfo.ini" 1844
"../../../Engine/Content/Renderer/TessellationTable.bin" 1845
"D:/UE5.5.4/Engine/Saved/Zen/zen.version" 1846
"C:/Users/Matrocoles/AppData/Local/UnrealEngine/Common/Zen/Install/zen.version" 1847
"C:/Users/Matrocoles/AppData/Local/UnrealEngine/Common/Zen/Install/zenserver.runcontext" 1848
"../../../Engine/DerivedDataCache/TestData/0/TestData_4kb.dat" 1849
"../../../Engine/DerivedDataCache/TestData/1/TestData_4kb.dat" 1850
"../../../Engine/DerivedDataCache/TestData/0/TestData_8kb.dat" 1851
"../../../Engine/DerivedDataCache/TestData/1/TestData_8kb.dat" 1852
"../../../Engine/DerivedDataCache/TestData/0/TestData_16kb.dat" 1853
"../../../Engine/DerivedDataCache/TestData/1/TestData_16kb.dat" 1854
"../../../Engine/DerivedDataCache/TestData/0/TestData_64kb.dat" 1855
"../../../Engine/DerivedDataCache/TestData/1/TestData_64kb.dat" 1856
"../../../Engine/DerivedDataCache/TestData/0/TestData_128kb.dat" 1857
"../../../Engine/DerivedDataCache/TestData/1/TestData_128kb.dat" 1858
"../../../Engine/DerivedDataCache/TestData/0/TestData_256kb.dat" 1859
"../../../Engine/DerivedDataCache/TestData/1/TestData_256kb.dat" 1860
"../../../../Skald_TurnBasedStrategy_Code/Intermediate/ShaderAutogen/PCD3D_SM6/AutogenShaderHeaders.ush" 1861
"../../../Engine/Shaders/Private/HairStrands/HairStrandsVertexFactory.ush" 1862
"../../../Engine/Shaders/Private/VertexFactoryCommon.ush" 1863
"../../../Engine/Shaders/Private/Common.ush" 1864
"../../../Engine/Shaders/Public/Platform.ush" 1865
"../../../Engine/Shaders/Public/FP16Math.ush" 1866
"../../../Engine/Shaders/Public/Platform/D3D/D3DCommon.ush" 1867
"../../../Engine/Shaders/Shared/HLSLReservedSpaces.h" 1868
"../../../Engine/Shaders/Shared/RayTracingBuiltInResources.h" 1869
"../../../Engine/Shaders/Shared/RayTracingDefinitions.h" 1870
"../../../Engine/Shaders/Public/BindlessResources.ush" 1871
"../../../Engine/Shaders/Public/OverloadMacros.ush" 1872
"../../../Engine/Shaders/Public/ShaderVersion.ush" 1873
"../../../Engine/Shaders/Private/PackUnpack.ush" 1874
"../../../Engine/Shaders/Private/GeneratedUniformBufferTypes.ush" 1875
"../../../Engine/Shaders/Private/Nanite/NanitePackedNaniteView.ush" 1876
"../../../Engine/Shaders/Private/HairStrands/HairStrandsVisibilityCommonStruct.ush" 1877
"../../../Engine/Shaders/Private/HairStrands/HairStrandsVoxelPageCommonStruct.ush" 1878
"../../../Engine/Shaders/Private/HairStrands/HairStrandsDeepShadowCommonStruct.ush" 1879
"../../../Engine/Shaders/Shared/LightSceneData.h" 1880
"../../../Engine/Shaders/Shared/HLSLTypeAliases.h" 1881
"../../../Engine/Shaders/Private/LargeWorldCoordinates.ush" 1882
"../../../Engine/Shaders/Private/DoubleFloat.ush" 1883
"../../../Engine/Shaders/Private/RandomPCG.ush" 1884
"../../../Engine/Shaders/Private/DoubleFloatOperations.ush" 1885
"../../../Engine/Shaders/Private/DoubleFloatVectorDefinition.ush" 1886
"../../../Engine/Shaders/Private/LWCOperations.ush" 1887
"../../../Engine/Shaders/Shared/RayTracingTypes.h" 1888
"../../../Engine/Shaders/Shared/HLSLStaticAssert.h" 1889
"../../../Engine/Shaders/Private/CommonViewUniformBuffer.ush" 1890
"../../../Engine/Shaders/Private/InstancedStereo.ush" 1891
"../../../Engine/Shaders/Private/Definitions.usf" 1892
"../../../Engine/Shaders/Private/AssertionMacros.ush" 1893
"../../../Engine/Shaders/Private/FastMath.ush" 1894
"../../../Engine/Shaders/Private/FastMathThirdParty.ush" 1895
"../../../Engine/Shaders/Private/Random.ush" 1896
"../../../Engine/Shaders/Private/RandomInterleavedGradientNoise.ush" 1897
"../../../Engine/Shaders/Private/SceneData.ush" 1898
"../../../Engine/Shaders/Private/OctahedralCommon.ush" 1899
"../../../Engine/Shaders/Private/WaveOpUtil.ush" 1900
"../../../Engine/Shaders/Shared/SceneDefinitions.h" 1901
"../../../Engine/Shaders/Private/SceneDataMobileLoader.ush" 1902
"../../../Engine/Shaders/Private/LocalVertexFactoryCommon.ush" 1903
"../../../Engine/Shaders/Private/HairStrands/HairStrandsVisibilityCommon.ush" 1904
"../../../Engine/Shaders/Shared/HairStrandsDefinitions.h" 1905
"../../../Engine/Shaders/Private/HairStrands/HairStrandsVertexFactoryCommon.ush" 1906
"../../../Engine/Shaders/Private/HairStrands/HairStrandsPack.ush" 1907
"../../../Engine/Shaders/Private/HairStrands/HairStrandsAttributeCommon.ush" 1908
"../../../Engine/Shaders/Private/HairStrands/HairStrandsAttributeTemplate.ush" 1909
"../../../Engine/Shaders/Private/VertexFactoryDefaultInterface.ush" 1910
"../../../Engine/Shaders/Private/HairStrands/HairCardsVertexFactory.ush" 1911
"../../../Engine/Shaders/Private/HairStrands/HairCardsAttributeCommon.ush" 1912
"../../../Engine/Shaders/Private/RayTracing/RayTracingCommon.ush" 1913
"../../../Engine/Shaders/Private/ShadingCommon.ush" 1914
"../../../Engine/Shaders/Shared/RayTracingPayloadType.h" 1915
"../../../Engine/Shaders/Private/RayTracing/RayTracingRayCone.ush" 1916
"../../../Engine/Shaders/Private/Substrate/Substrate.ush" 1917
"../../../Engine/Shaders/Private/ShadingEnergyConservation.ush" 1918
"../../../Engine/Shaders/Private/ShadingEnergyConservationTemplate.ush" 1919
"../../../Engine/Shaders/Private/BRDF.ush" 1920
"../../../Engine/Shaders/Private/ColorSpace.ush" 1921
"../../../Engine/Shaders/Private/DeferredShadingCommon.ush" 1922
"../../../Engine/Shaders/Private/LightAccumulator.ush" 1923
"../../../Engine/Shaders/Private/SceneTexturesCommon.ush" 1924
"../../../Engine/Shaders/Private/MonteCarlo.ush" 1925
"../../../Engine/Shaders/Private/GBufferHelpers.ush" 1926
"../../../Engine/Shaders/Private/SceneTextureParameters.ush" 1927
"D:/Skald_TurnBasedStrategy_Code/Intermediate/ShaderAutogen/PCD3D_SM6/AutogenShaderHeaders.ush" 1928
"../../../Engine/Shaders/Private/ParticipatingMediaCommon.ush" 1929
"../../../Engine/Shaders/Private/ThinFilmBSDF.ush" 1930
"../../../Engine/Shaders/Private/MortonCode.ush" 1931
"../../../Engine/Shaders/Private/SubsurfaceProfileCommon.ush" 1932
"../../../Engine/Shaders/Private/BurleyNormalizedSSSCommon.ush" 1933
"../../../Engine/Shaders/Private/GammaCorrectionCommon.ush" 1934
"../../../Engine/Shaders/Shared/SubstrateDefinitions.h" 1935
"../../../Engine/Shaders/Private/Substrate/SubstrateStatisticalOperators.ush" 1936
"../../../Engine/Shaders/Private/Substrate/SubstrateSubsurface.ush" 1937
"../../../Engine/Shaders/Private/TransmissionCommon.ush" 1938
"../../../Engine/Shaders/Private/SpecularProfileCommon.ush" 1939
"../../../Engine/Shaders/Private/RayTracing/RayTracingCommonMetal.ush" 1940
"../../../Engine/Shaders/Private/PositionReconstructionCommon.ush" 1941
"../../../Engine/Shaders/Private/RayTracing/TraceRayInline.ush" 1942
"../../../Engine/Shaders/Private/RayTracing/TraceRayInlineCommon.ush" 1943
"../../../Engine/Shaders/Private/RayTracing/TraceRayInlineVulkan.ush" 1944
"../../../Engine/Shaders/Private/RayTracing/TraceRayInlineMetal.ush" 1945
"../../../Engine/Shaders/Private/RayTracing/RayTracingHitGroupCommon.ush" 1946
"../../../Engine/Shaders/Private/Nanite/NaniteDataDecode.ush" 1947
"../../../Engine/Shaders/Private/BitPacking.ush" 1948
"../../../Engine/Shaders/Private/BitStreamReaderImplementation.ush" 1949
"../../../Engine/Shaders/Private/BoneTransform.ush" 1950
"../../../Engine/Shaders/Private/Quaternion.ush" 1951
"../../../Engine/Shaders/Shared/NaniteDefinitions.h" 1952
"../../../Engine/Shaders/Private/Nanite/NaniteAttributeDecode.ush" 1953
"../../../Engine/Shaders/Private/Barycentrics.ush" 1954
"../../../Engine/Shaders/Private/DualNumber.ush" 1955
"../../../Engine/Plugins/FX/Niagara/Shaders/Private/NiagaraSpriteVertexFactory.ush" 1956
"../../../Engine/Shaders/Private/ParticleVertexFactoryCommon.ush" 1957
"../../../Engine/Plugins/FX/Niagara/Shaders/Private/NiagaraVFCommon.usf" 1958
"../../../Engine/Plugins/FX/Niagara/Shaders/Private/NiagaraVFParticleAccess.usf" 1959
"../../../Engine/Plugins/FX/Niagara/Shaders/Private/NiagaraParticleAccess.ush" 1960
"../../../Engine/Plugins/FX/Niagara/Shaders/Private/NiagaraRibbonVertexFactory.ush" 1961
"../../../Engine/Plugins/FX/Niagara/Shaders/Private/NiagaraMeshVertexFactory.ush" 1962
"../../../Engine/Plugins/FX/Niagara/Shaders/Private/NiagaraCommon.ush" 1963
"../../../Engine/Plugins/FX/Niagara/Shaders/Private/NiagaraMeshParticleUtils.ush" 1964
"../../../Engine/Plugins/Experimental/VirtualHeightfieldMesh/Shaders/Private/VirtualHeightfieldMeshVertexFactory.ush" 1965
"../../../Engine/Shaders/Private/VirtualTextureCommon.ush" 1966
"../../../Engine/Plugins/Experimental/VirtualHeightfieldMesh/Shaders/Private/VirtualHeightfieldMesh.ush" 1967
"../../../Engine/Shaders/Private/VectorFieldVisualizationVertexFactory.ush" 1968
"../../../Engine/Shaders/Private/Nanite/NaniteVertexFactory.ush" 1969
"../../../Engine/Shaders/Private/LightmapData.ush" 1970
"../../../Engine/Shaders/Private/SplineMeshCommon.ush" 1971
"../../../Engine/Shaders/Shared/SplineMeshShaderParams.h" 1972
"../../../Engine/Shaders/Private/ShaderPrint.ush" 1973
"../../../Engine/Shaders/Private/ShaderPrintCommon.ush" 1974
"../../../Engine/Shaders/Private/MiniFontCommon.ush" 1975
"../../../Engine/Shaders/Private/Nanite/NaniteSceneCommon.ush" 1976
"../../../Engine/Shaders/Private/Nanite/NaniteVertexDeformation.ush" 1977
"../../../Engine/Shaders/Private/ParticleSpriteVertexFactory.ush" 1978
"../../../Engine/Shaders/Private/ParticleGPUSpriteVertexFactory.ush" 1979
"../../../Engine/Shaders/Private/ParticleSimulationCommon.ush" 1980
"../../../Engine/Shaders/Private/ParticleBeamTrailVertexFactory.ush" 1981
"../../../Engine/Shaders/Private/MeshParticleVertexFactory.ush" 1982
"../../../Engine/Shaders/Private/LocalVertexFactory.ush" 1983
"../../../Engine/Shaders/Private/GpuSkinCommon.ush" 1984
"../../../Engine/Shaders/Private/GpuSkinVertexFactory.ush" 1985
"../../../Engine/Shaders/Private/GeometryCollectionVertexFactory.ush" 1986
"../../../Engine/Shaders/Private/GeometryCacheVertexFactory.ush" 1987
"../../../Engine/Shaders/Private/LandscapeVertexFactory.ush" 1988
"../../../Engine/Plugins/Experimental/Compositing/HoldoutComposite/Shaders/Private/HoldoutCompositeFinal.usf" 1989
"../../../Engine/Shaders/Private/ScreenPass.ush" 1990
"../../../Engine/Shaders/Private/LensDistortion.ush" 1991
"../../../Engine/Plugins/Experimental/Compositing/HoldoutComposite/Shaders/Private/HoldoutCompositeSSRInput.usf" 1992
"../../../Engine/Plugins/Experimental/Compositing/HoldoutComposite/Shaders/Private/HoldoutCompositeDilate.usf" 1993
"../../../Engine/Plugins/Media/WmfMedia/Shaders/Private/MediaHardwareVideoDecoding.usf" 1994
"../../../Engine/Shaders/Private/ColorUtils.ush" 1995
"../../../Engine/Plugins/Media/ImgMedia/Shaders/Private/ExrSwizzler.usf" 1996
"../../../Engine/Plugins/Runtime/HairStrands/Shaders/Private/NiagaraCopyVelocityGrid.usf" 1997
"../../../Engine/Plugins/Runtime/HairStrands/Shaders/Private/NiagaraClearVelocityGrid.usf" 1998
"../../../Engine/Plugins/Runtime/HairStrands/Shaders/Private/NiagaraClearPressureGrid.usf" 1999
"../../../Engine/Plugins/Runtime/HairStrands/Shaders/Private/NiagaraInterpolateGroomGuides.usf" 2000
"../../../Engine/Plugins/Runtime/HairStrands/Shaders/Private/NiagaraGroomInterpolationUtils.ush" 2001
"../../../Engine/Plugins/FX/Niagara/Shaders/Private/NiagaraQuaternionUtils.ush" 2002
"../../../Engine/Shaders/Private/HairStrands/HairStrandsMesh.usf" 2003
"../../../Engine/Shaders/Private/HairStrands/HairStrandsBindingCommon.ush" 2004
"../../../Engine/Shaders/Private/HairStrands/HairStrandsFollicleMask.usf" 2005
"../../../Engine/Shaders/Private/HairStrands/HairStrandsSkinUpdate.usf" 2006
"../../../Engine/Shaders/Private/HairStrands/HairStrandsClusterCulling.usf" 2007
"../../../Engine/Shaders/Private/ColorMap.ush" 2008
"../../../Engine/Shaders/Private/HairStrands/HairStrandsAABBCommon.ush" 2009
"../../../Engine/Shaders/Private/HairStrands/HairStrandsClusterCommon.ush" 2010
"../../../Engine/Shaders/Private/ThreadGroupPrefixSum.ush" 2011
"../../../Engine/Shaders/Private/HairStrands/HairStrandsRaytracingGeometry.usf" 2012
"../../../Engine/Shaders/Private/HairStrands/HairStrandsTangent.usf" 2013
"../../../Engine/Shaders/Private/HairStrands/HairCardsDeformation.usf" 2014
"../../../Engine/Shaders/Private/HairStrands/HairStrandsInterpolation.usf" 2015
"../../../Engine/Shaders/Private/HairStrands/HairStrandsGuideDeform.usf" 2016
"../../../Engine/Shaders/Private/HairStrands/HairStrandsTexturesGeneration.usf" 2017
"../../../Engine/Shaders/Private/HairStrands/HairCardsTextureCommon.ush" 2018
"../../../Engine/Shaders/Private/HairStrands/HairStrandsTranscode.usf" 2019
"../../../Engine/Shaders/Private/HairStrands/HairStrandsDebug.usf" 2020
"../../../Engine/Shaders/Private/HairShadingCommon.ush" 2021
"../../../Engine/Shaders/Private/PostProcessCommon.ush" 2022
"../../../Engine/Shaders/Private/Matrices.ush" 2023
"../../../Engine/Shaders/Private/ShadingModels.ush" 2024
"../../../Engine/Shaders/Private/CapsuleLight.ush" 2025
"../../../Engine/Shaders/Private/RectLight.ush" 2026
"../../../Engine/Shaders/Private/LightData.ush" 2027
"../../../Engine/Shaders/Shared/LightDefinitions.h" 2028
"../../../Engine/Shaders/Private/AreaLightCommon.ush" 2029
"../../../Engine/Shaders/Private/HairBsdf.ush" 2030
"../../../Engine/Shaders/Private/MobileGGX.ush" 2031
"../../../Engine/Shaders/Private/HairStrands/HairStrandsCommon.ush" 2032
"../../../Engine/Shaders/Private/HairStrands/HairStrandsEnvironmentLightingCommon.ush" 2033
"../../../Engine/Shaders/Private/HairStrands/HairStrandsDeepTransmittanceCommon.ush" 2034
"../../../Engine/Shaders/Private/HairStrands/HairStrandsDeepTransmittanceDualScattering.ush" 2035
"../../../Engine/Shaders/Private/HairStrands/HairStrandsDeepShadowCommon.ush" 2036
"../../../Engine/Shaders/Private/HairStrands/HairStrandsDebugCommonStruct.ush" 2037
"../../../Engine/Plugins/FX/Niagara/Shaders/Private/Stateless/NiagaraStatelessSimulationExample1.usf" 2038
"../../../Engine/Plugins/FX/Niagara/Shaders/Private/Stateless/NiagaraStatelessSimulationTemplate.ush" 2039
"../../../Engine/Plugins/FX/Niagara/Shaders/Private/Stateless/NiagaraStatelessCommon.ush" 2040
"../../../Engine/Plugins/FX/Niagara/Shaders/Shared/NiagaraStatelessDefinitions.h" 2041
"../../../Engine/Plugins/FX/Niagara/Shaders/Shared/NiagaraStatelessBuiltDistribution.h" 2042
"../../../Engine/Plugins/FX/Niagara/Shaders/Private/Stateless/NiagaraStatelessDistribution.ush" 2043
"../../../Engine/Shaders/Private/ComputeShaderUtils.ush" 2044
"../../../Engine/Plugins/FX/Niagara/Shaders/Private/Stateless/Modules/NiagaraStatelessModule_CalculateAccurateVelocity.ush" 2045
"../../../Engine/Plugins/FX/Niagara/Shaders/Private/Stateless/Modules/NiagaraStatelessModule_CameraOffset.ush" 2046
"../../../Engine/Plugins/FX/Niagara/Shaders/Private/Stateless/Modules/NiagaraStatelessModule_DynamicMaterialParameters.ush" 2047
"../../../Engine/Plugins/FX/Niagara/Shaders/Private/Stateless/Modules/NiagaraStatelessModule_InitializeParticle.ush" 2048
"../../../Engine/Plugins/FX/Niagara/Shaders/Private/Stateless/Modules/NiagaraStatelessModule_InitialMeshOrientation.ush" 2049
"../../../Engine/Plugins/FX/Niagara/Shaders/Private/Stateless/Modules/NiagaraStatelessModule_MeshIndex.ush" 2050
"../../../Engine/Plugins/FX/Niagara/Shaders/Private/Stateless/Modules/NiagaraStatelessModule_MeshRotationRate.ush" 2051
"../../../Engine/Plugins/FX/Niagara/Shaders/Private/Stateless/Modules/NiagaraStatelessModule_RotateAroundPoint.ush" 2052
"../../../Engine/Plugins/FX/Niagara/Shaders/Private/Stateless/Modules/NiagaraStatelessModule_ShapeLocation.ush" 2053
"../../../Engine/Plugins/FX/Niagara/Shaders/Private/Stateless/Modules/NiagaraStatelessModule_ScaleColor.ush" 2054
"../../../Engine/Plugins/FX/Niagara/Shaders/Private/Stateless/Modules/NiagaraStatelessModule_ScaleSpriteSize.ush" 2055
"../../../Engine/Plugins/FX/Niagara/Shaders/Private/Stateless/Modules/NiagaraStatelessModule_ScaleSpriteSizeBySpeed.ush" 2056
"../../../Engine/Plugins/FX/Niagara/Shaders/Private/Stateless/Modules/NiagaraStatelessModule_ScaleMeshSize.ush" 2057
"../../../Engine/Plugins/FX/Niagara/Shaders/Private/Stateless/Modules/NiagaraStatelessModule_ScaleMeshSizebySpeed.ush" 2058
"../../../Engine/Plugins/FX/Niagara/Shaders/Private/Stateless/Modules/NiagaraStatelessModule_SolveVelocitiesAndForces.ush" 2059
"../../../Engine/Plugins/FX/Niagara/Shaders/Private/Stateless/Modules/NiagaraStatelessModule_SpriteFacingAndAlignment.ush" 2060
"../../../Engine/Plugins/FX/Niagara/Shaders/Private/Stateless/Modules/NiagaraStatelessModule_SpriteRotationRate.ush" 2061
"../../../Engine/Plugins/FX/Niagara/Shaders/Private/Stateless/Modules/NiagaraStatelessModule_SubUVAnimation.ush" 2062
"../../../Engine/Plugins/FX/Niagara/Shaders/Private/Stateless/NiagaraStatelessSimulationDefault.usf" 2063
"../../../Engine/Plugins/FX/Niagara/Shaders/Private/NiagaraSVTToDenseBuffer.usf" 2064
"../../../Engine/Shaders/Private/SparseVolumeTexture/SparseVolumeTextureCommon.ush" 2065
"../../../Engine/Plugins/FX/Niagara/Shaders/Private/NiagaraFillIntBuffer.usf" 2066
"../../../Engine/Plugins/FX/Niagara/Shaders/Private/NiagaraComputeFreeIDs.usf" 2067
"../../../Engine/Plugins/FX/Niagara/Shaders/Private/NiagaraInitFreeIDBuffer.usf" 2068
"../../../Engine/Plugins/FX/Niagara/Shaders/Private/NiagaraEmitterInstanceShader.usf" 2069
"../../../Engine/Plugins/FX/Niagara/Shaders/Private/NiagaraShaderVersion.ush" 2070
"../../../Engine/Shaders/Private/DistanceField/GlobalDistanceFieldShared.ush" 2071
"../../../Engine/Plugins/FX/Niagara/Shaders/Private/NiagaraPhysicsCommon.ush" 2072
"../../../Engine/Plugins/FX/Niagara/Shaders/Private/Ribbons/NiagaraRibbonGenerateIndices.usf" 2073
"../../../Engine/Plugins/FX/Niagara/Shaders/Private/Ribbons/NiagaraRibbonCommon.ush" 2074
"../../../Engine/Plugins/FX/Niagara/Shaders/Private/Ribbons/NiagaraRibbonInitializeIndices.usf" 2075
"../../../Engine/Plugins/FX/Niagara/Shaders/Private/Ribbons/NiagaraRibbonRibbonUVParamCalculation.usf" 2076
"../../../Engine/Plugins/FX/Niagara/Shaders/Private/Ribbons/NiagaraRibbonVertexReductionFinalization.usf" 2077
"../../../Engine/Plugins/FX/Niagara/Shaders/Private/Ribbons/NiagaraRibbonVertexReductionPropagation.usf" 2078
"../../../Engine/Plugins/FX/Niagara/Shaders/Private/Ribbons/NiagaraRibbonVertexReductionInitialization.usf" 2079
"../../../Engine/Plugins/FX/Niagara/Shaders/Private/Ribbons/NiagaraRibbonSortParticles.usf" 2080
"../../../Engine/Plugins/FX/Niagara/Shaders/Private/NiagaraUpdateMeshGPUSceneInstances.usf" 2081
"../../../Engine/Shaders/Private/GPUScene/GPUSceneWriter.ush" 2082
"../../../Engine/Plugins/FX/Niagara/Shaders/Private/NiagaraGenerateMips.usf" 2083
"../../../Engine/Plugins/FX/Niagara/Shaders/Private/NiagaraDebugDraw.usf" 2084
"../../../Engine/Plugins/FX/Niagara/Shaders/Private/NiagaraDebugDraw.ush" 2085
"../../../Engine/Plugins/FX/Niagara/Shaders/Private/NiagaraVisualizeTexture.usf" 2086
"../../../Engine/Plugins/FX/Niagara/Shaders/Private/NiagaraClearCounts.usf" 2087
"../../../Engine/Plugins/FX/Niagara/Shaders/Private/NiagaraBatchedElements.usf" 2088
"../../../Engine/Plugins/FX/Niagara/Shaders/Private/NiagaraRayTracingShaders.usf" 2089
"../../../Engine/Plugins/FX/Niagara/Shaders/Private/NiagaraAsyncGpuTraceCommon.ush" 2090
"../../../Engine/Shaders/Private/HashTable.ush" 2091
"../../../Engine/Shaders/Private/Hash.ush" 2092
"../../../Engine/Shaders/Private/RayTracing/VFXTraceRay.ush" 2093
"../../../Engine/Plugins/FX/Niagara/Shaders/Private/NiagaraRayMarchingShaders.usf" 2094
"../../../Engine/Plugins/FX/Niagara/Shaders/Private/NiagaraRayTraceCollisionGroupShaders.usf" 2095
"../../../Engine/Plugins/FX/Niagara/Shaders/Private/NiagaraAsyncGpuTraceUtils.usf" 2096
"../../../Engine/Plugins/FX/Niagara/Shaders/Private/NiagaraSortKeyGen.usf" 2097
"../../../Engine/Plugins/FX/Niagara/Shaders/Private/NiagaraGPURayTracingTransforms.usf" 2098
"../../../Engine/Plugins/FX/Niagara/Shaders/Private/NiagaraDrawIndirectArgsGen.usf" 2099
"../../../Engine/Plugins/FX/Niagara/Shaders/Private/NiagaraDispatchIndirectArgsGen.usf" 2100
"../../../Engine/Plugins/Runtime/ComputeFramework/Shaders/Private/ComputeKernel.usf" 2101
"../../../Engine/Plugins/Runtime/ComputeFramework/Shaders/Private/ComputeKernelCommon.ush" 2102
"../../../Engine/Plugins/NNE/NNEDenoiser/Shaders/NNEDenoiserShadersTransferFunctionOidn.usf" 2103
"../../../Engine/Plugins/NNE/NNEDenoiser/Shaders/NNEDenoiserShadersMappedCopy.usf" 2104
"../../../Engine/Plugins/NNE/NNEDenoiser/Shaders/NNEDenoiserShadersDefaultIOProcess.usf" 2105
"../../../Engine/Plugins/NNE/NNEDenoiser/Shaders/NNEDenoiserShadersAutoExposureReduceFinal.usf" 2106
"../../../Engine/Plugins/NNE/NNEDenoiser/Shaders/NNEDenoiserShadersAutoExposureReduce.usf" 2107
"../../../Engine/Plugins/NNE/NNEDenoiser/Shaders/NNEDenoiserShadersAutoExposureDownsample.usf" 2108
"../../../Engine/Plugins/Experimental/VirtualHeightfieldMesh/Shaders/Private/VirtualHeightfieldMesh.usf" 2109
"../../../Engine/Plugins/Experimental/VirtualHeightfieldMesh/Shaders/Private/HeightfieldMinMaxRender.usf" 2110
"../../../Engine/Plugins/Experimental/NFORDenoise/Shaders/NFORDenoise.usf" 2111
"../../../Engine/Plugins/Experimental/NFORDenoise/Shaders/NFORRegressionCommon.ush" 2112
"../../../Engine/Plugins/Experimental/NFORDenoise/Shaders/NFORRegression.ush" 2113
"../../../Engine/Shaders/Private/VirtualTextureAdapter.usf" 2114
"../../../Engine/Shaders/Private/BlockCompressionCommon.ush" 2115
"../../../Engine/Shaders/Private/BCCompressionCommon.ush" 2116
"../../../Engine/Shaders/Private/TranslucentLightingShaders.usf" 2117
"../../../Engine/Shaders/Private/SHCommon.ush" 2118
"../../../Engine/Shaders/Private/ShadowProjectionCommon.ush" 2119
"../../../Engine/Shaders/Private/CubemapCommon.ush" 2120
"../../../Engine/Shaders/Private/VectorFieldCompositeShaders.usf" 2121
"../../../Engine/Shaders/Private/UpdateTextureShaders.usf" 2122
"../../../Engine/Shaders/Private/StereoLayerShader.usf" 2123
"../../../Engine/Shaders/Private/SparseVolumeTexture/UpdateSparseVolumeTexture.usf" 2124
"../../../Engine/Shaders/Private/MorphTargets.usf" 2125
"../../../Engine/Shaders/Private/SimpleElementColorChannelMaskPixelShader.usf" 2126
"../../../Engine/Shaders/Private/SimpleElementHitProxyPixelShader.usf" 2127
"../../../Engine/Shaders/Private/SimpleElementPixelShader.usf" 2128
"../../../Engine/Shaders/Private/IESLightProfilesCommon.ush" 2129
"../../../Engine/Shaders/Private/SimpleElementVertexShader.usf" 2130
"../../../Engine/Shaders/Private/ScreenPixelShaderOES.usf" 2131
"../../../Engine/Shaders/Private/ScreenVertexShader.usf" 2132
"../../../Engine/Shaders/Private/ScreenPixelShader.usf" 2133
"../../../Engine/Shaders/Private/SSProfilePreIntegratedMobile.usf" 2134
"../../../Engine/Shaders/Private/SpecularProfile.usf" 2135
"../../../Engine/Shaders/Private/Nanite/NaniteStreaming.usf" 2136
"../../../Engine/Shaders/Private/Nanite/NaniteStreaming.ush" 2137
"../../../Engine/Shaders/Private/Nanite/NaniteTranscode.usf" 2138
"../../../Engine/Shaders/Private/VolumetricLightmapStreaming.usf" 2139
"../../../Engine/Shaders/Private/PhysicsFieldReset.usf" 2140
"../../../Engine/Shaders/Private/PhysicsFieldBuilder.usf" 2141
"../../../Engine/Shaders/Private/PhysicsFieldEval.ush" 2142
"../../../Engine/Shaders/Private/ParticleSortKeyGen.usf" 2143
"../../../Engine/Shaders/Private/ParticleBoundsShader.usf" 2144
"../../../Engine/Shaders/Private/ParticleSimVisualizeShader.usf" 2145
"../../../Engine/Shaders/Private/ParticleInjectionShader.usf" 2146
"../../../Engine/Shaders/Private/ParticleSimulationShader.usf" 2147
"../../../Engine/Shaders/Private/ParticleCurveInjectionShader.usf" 2148
"../../../Engine/Shaders/Private/CopyUIntBuffer.usf" 2149
"../../../Engine/Shaders/Private/RadixSortShaders.usf" 2150
"../../../Engine/Shaders/Private/RecomputeTangentsPerVertexPass.usf" 2151
"../../../Engine/Shaders/Private/RecomputeTangentsCommon.ush" 2152
"../../../Engine/Shaders/Private/RecomputeTangentsPerTrianglePass.usf" 2153
"../../../Engine/Shaders/Private/GpuSkinCacheComputeShader.usf" 2154
"../../../Engine/Shaders/Private/HeightFieldAtlasManagement.usf" 2155
"../../../Engine/Shaders/Private/LandscapePhysicalMaterial.usf" 2156
"../../../Engine/Shaders/Private/MaterialTemplate.ush" 2157
"../../../Engine/Shaders/Private/WorldSpaceMath.ush" 2158
"../../../Engine/Shaders/Private/EyeAdaptationCommon.ush" 2159
"../../../Engine/Shaders/Private/SobolRandom.ush" 2160
"../../../Engine/Shaders/Private/DepthOfFieldCommon.ush" 2161
"../../../Engine/Shaders/Private/CircleDOFCommon.ush" 2162
"../../../Engine/Shaders/Private/PhysicsFieldSampler.ush" 2163
"../../../Engine/Shaders/Private/PhysicsFieldShared.ush" 2164
"../../../Engine/Shaders/Shared/EnvironmentComponentsFlags.h" 2165
"../../../Engine/Shaders/Private/MeshPaintTextureCommon.ush" 2166
"../../../Engine/Shaders/Private/SpeedTreeCommon.ush" 2167
"../../../Engine/Shaders/Private/MaterialTexture.ush" 2168
"../../../Engine/Shaders/Private/MinMaterialTexCoords.ush" 2169
"../../../Engine/Shaders/Private/SkyAtmosphereCommon.ush" 2170
"../../../Engine/Shaders/Private/SingleLayerWaterCommon.ush" 2171
"../../../Engine/Shaders/Private/TextureSampling.ush" 2172
"../../../Engine/Shaders/Private/PaniniProjection.ush" 2173
"../../../Engine/Shaders/Private/DBufferNormalReprojection.ush" 2174
"../../../Engine/Shaders/Public/SubstratePublic.ush" 2175
"../../../Engine/Shaders/Private/Substrate/SubstrateTree.ush" 2176
"../../../Engine/Shaders/Private/Substrate/SubstrateEvaluation.ush" 2177
"../../../Engine/Shaders/Private/Substrate/Glint/GlintThirdParty.ush" 2178
"../../../Engine/Shaders/Private/BlueNoise.ush" 2179
"../../../Engine/Shaders/Private/ShadingModelsSampling.ush" 2180
"../../../Engine/Shaders/Private/HairStrands/HairBsdfSample.ush" 2181
"../../../Engine/Shaders/Private/Substrate/SubstrateLegacyConversion.ush" 2182
"../../../Engine/Shaders/Private/DBufferDecalShared.ush" 2183
"../../../Engine/Shaders/Private/LandscapeGrassWeight.usf" 2184
"../../../Engine/Shaders/Private/Landscape/LandscapeEditLayersUtils.usf" 2185
"../../../Engine/Shaders/Private/Landscape/LandscapeCommon.ush" 2186
"../../../Engine/Shaders/Private/Landscape/LandscapeEditLayersWeightmaps.usf" 2187
"../../../Engine/Shaders/Private/Landscape/LandscapeEditLayersHeightmaps.usf" 2188
"../../../Engine/Shaders/Private/Landscape/LandscapeLayersWeightmapsPS.usf" 2189
"../../../Engine/Shaders/Private/Landscape/LandscapeLayersHeightmapsPS.usf" 2190
"../../../Engine/Shaders/Private/LandscapeLayersCS.usf" 2191
"../../../Engine/Shaders/Private/LandscapeLayersPS.usf" 2192
"../../../Engine/Shaders/Private/LandscapeLayersVS.usf" 2193
"../../../Engine/Shaders/Private/Landscape/LandscapeCulling.usf" 2194
"../../../Engine/Shaders/Private/Nanite/NaniteHZBCull.ush" 2195
"../../../Engine/Shaders/Private/Landscape/LandscapeMergeTexturesPS.usf" 2196
"../../../Engine/Shaders/Private/WideCustomResolveShaders.usf" 2197
"../../../Engine/Shaders/Private/WideCustomResolve_Wide.ush" 2198
"../../../Engine/Shaders/Private/WideCustomResolve_Wider.ush" 2199
"../../../Engine/Shaders/Private/WideCustomResolve_Widest.ush" 2200
"../../../Engine/Shaders/Private/WaterInfoTextureBlur.usf" 2201
"../../../Engine/Shaders/Private/WaterInfoTextureMerge.usf" 2202
"../../../Engine/Shaders/Private/PageTableUpdate.usf" 2203
"../../../Engine/Shaders/Private/VirtualTextureCompress.usf" 2204
"../../../Engine/Shaders/Private/ETCCompressionCommon.ush" 2205
"../../../Engine/Shaders/Private/VirtualTextureMaterial.usf" 2206
"../../../Engine/Shaders/Private/PixelShaderOutputCommon.ush" 2207
"../../../Engine/Shaders/Private/ShaderOutputCommon.ush" 2208
"../../../Engine/Shaders/Private/VolumetricRenderTarget.usf" 2209
"../../../Engine/Shaders/Private/HeightFogCommon.ush" 2210
"../../../Engine/Shaders/Private/LocalFogVolumes/LocalFogVolumeCommon.ush" 2211
"../../../Engine/Shaders/Private/ReflectionEnvironmentShared.ush" 2212
"../../../Engine/Shaders/Private/VolumetricFogVoxelization.usf" 2213
"../../../Engine/Shaders/Private/VolumetricCloudMaterialPixelCommon.ush" 2214
"../../../Engine/Shaders/Private/VolumetricFogLightFunction.usf" 2215
"../../../Engine/Shaders/Private/LightFunctionCommon.ush" 2216
"../../../Engine/Shaders/Private/VolumetricFog.usf" 2217
"../../../Engine/Shaders/Private/DeferredLightingCommon.ush" 2218
"../../../Engine/Shaders/Private/DynamicLightingCommon.ush" 2219
"../../../Engine/Shaders/Private/CapsuleLightIntegrate.ush" 2220
"../../../Engine/Shaders/Private/CapsuleLightSampling.ush" 2221
"../../../Engine/Shaders/Private/RectLightIntegrate.ush" 2222
"../../../Engine/Shaders/Private/ScreenSpaceShadowRayCast.ush" 2223
"../../../Engine/Shaders/Private/LightFunctionAtlas/LightFunctionAtlasCommon.usf" 2224
"../../../Engine/Shaders/Private/HeterogeneousVolumes/HeterogeneousVolumesAdaptiveVolumetricShadowMapSampling.ush" 2225
"../../../Engine/Shaders/Private/HeterogeneousVolumes/HeterogeneousVolumesAdaptiveVolumetricShadowMapUtils.ush" 2226
"../../../Engine/Shaders/Private/HeterogeneousVolumes/HeterogeneousVolumesRayMarchingUtils.ush" 2227
"../../../Engine/Shaders/Private/HeterogeneousVolumes/HeterogeneousVolumesRayMarchingTypes.ush" 2228
"../../../Engine/Shaders/Private/PathTracing/Utilities/PathTracingRandomSequence.ush" 2229
"../../../Engine/Shaders/Private/HeterogeneousVolumes/HeterogeneousVolumesTracingUtils.ush" 2230
"../../../Engine/Shaders/Private/VelocityCommon.ush" 2231
"../../../Engine/Shaders/Private/HeterogeneousVolumes/HeterogeneousVolumesTransmittanceVolumeUtils.ush" 2232
"../../../Engine/Shaders/Private/ForwardShadowingCommon.ush" 2233
"../../../Engine/Shaders/Private/ShadowFilteringCommon.ush" 2234
"../../../Engine/Shaders/Private/PixelQuadMessagePassing.ush" 2235
"../../../Engine/Shaders/Private/VolumeLightingCommon.ush" 2236
"../../../Engine/Shaders/Private/VolumeLightingCommonSampling.ush" 2237
"../../../Engine/Shaders/Private/Lumen/LumenTranslucencyVolumeShared.ush" 2238
"../../../Engine/Shaders/Private/Lumen/LumenRadianceCacheInterpolation.ush" 2239
"../../../Engine/Shaders/Private/HeterogeneousVolumes/HeterogeneousVolumesAdaptiveVolumetricShadowMapSampler.ush" 2240
"../../../Engine/Shaders/Private/LightGridCommon.ush" 2241
"../../../Engine/Shaders/Private/DistanceFieldAOShared.ush" 2242
"../../../Engine/Shaders/Private/IntersectionUtils.ush" 2243
"../../../Engine/Shaders/Private/VolumetricLightmapShared.ush" 2244
"../../../Engine/Shaders/Private/LightDataUniforms.ush" 2245
"../../../Engine/Shaders/Private/VirtualShadowMaps/VirtualShadowMapProjectionCommon.ush" 2246
"../../../Engine/Shaders/Private/VirtualShadowMaps/VirtualShadowMapPageAccessCommon.ush" 2247
"../../../Engine/Shaders/Shared/VirtualShadowMapDefinitions.h" 2248
"../../../Engine/Shaders/Shared/HLSLMathAliases.h" 2249
"../../../Engine/Shaders/Private/VirtualShadowMaps/VirtualShadowMapProjectionStructs.ush" 2250
"../../../Engine/Shaders/Private/VolumetricCloudCommon.ush" 2251
"../../../Engine/Shaders/Private/VolumetricCloud.usf" 2252
"../../../Engine/Shaders/Private/VisualizeVolumetricLightmap.usf" 2253
"../../../Engine/Shaders/Private/VirtualShadowMaps/VirtualShadowMapProjectionComposite.usf" 2254
"../../../Engine/Shaders/Private/LightShaderParameters.ush" 2255
"../../../Engine/Shaders/Private/VirtualShadowMaps/VirtualShadowMapMaskBitsCommon.ush" 2256
"../../../Engine/Shaders/Private/VirtualShadowMaps/VirtualShadowMapLightGrid.ush" 2257
"../../../Engine/Shaders/Private/VirtualShadowMaps/VirtualShadowMapProjection.usf" 2258
"../../../Engine/Shaders/Private/Visualization.ush" 2259
"../../../Engine/Shaders/Private/VirtualShadowMaps/VirtualShadowMapProjectionFilter.ush" 2260
"../../../Engine/Shaders/Private/VirtualShadowMaps/VirtualShadowMapProjectionDirectional.ush" 2261
"../../../Engine/Shaders/Private/VirtualShadowMaps/VirtualShadowMapSMRTCommon.ush" 2262
"../../../Engine/Shaders/Private/VirtualShadowMaps/VirtualShadowMapSMRTTemplate.ush" 2263
"../../../Engine/Shaders/Private/VirtualShadowMaps/VirtualShadowMapProjectionSpot.ush" 2264
"../../../Engine/Shaders/Private/VirtualShadowMaps/VirtualShadowMapTransmissionCommon.ush" 2265
"../../../Engine/Shaders/Private/VirtualShadowMaps/VirtualShadowMapScreenRayTrace.ush" 2266
"../../../Engine/Shaders/Private/VirtualShadowMaps/VirtualShadowMapStats.ush" 2267
"../../../Engine/Shaders/Private/HairStrands/HairStrandsVoxelPageCommon.ush" 2268
"../../../Engine/Shaders/Private/HairStrands/HairStrandsVoxelPageTraversal.ush" 2269
"../../../Engine/Shaders/Private/VirtualShadowMaps/VirtualShadowMapCacheLoadBalancer.usf" 2270
"../../../Engine/Shaders/Private/VirtualShadowMaps/VirtualShadowMapPageCacheCommon.ush" 2271
"../../../Engine/Shaders/Private/VirtualShadowMaps/VirtualShadowMapCacheInvalidation.ush" 2272
"../../../Engine/Shaders/Private/VirtualShadowMaps/VirtualShadowMapPageOverlap.ush" 2273
"../../../Engine/Shaders/Private/ScreenSpaceDenoise/SSDDefinitions.ush" 2274
"../../../Engine/Shaders/Private/InstanceCulling/InstanceCullingLoadBalancer.ush" 2275
"../../../Engine/Shaders/Private/VirtualShadowMaps/VirtualShadowMapCopyStats.usf" 2276
"../../../Engine/Shaders/Private/VirtualShadowMaps/VirtualShadowMapDebug.usf" 2277
"../../../Engine/Shaders/Private/VirtualShadowMaps/Desaturate.usf" 2278
"../../../Engine/Shaders/Private/VirtualShadowMaps/VirtualShadowMapPhysicalPageManagement.usf" 2279
"../../../Engine/Shaders/Private/ReductionCommon.ush" 2280
"../../../Engine/Shaders/Private/GPUMessaging.ush" 2281
"../../../Engine/Shaders/Private/VirtualShadowMaps/VirtualShadowMapPerPageDispatch.ush" 2282
"../../../Engine/Shaders/Private/VirtualShadowMaps/VirtualShadowMapBuildPerPageDrawCommands.usf" 2283
"../../../Engine/Shaders/Private/Nanite/NaniteCullingCommon.ush" 2284
"../../../Engine/Shaders/Private/Nanite/NaniteCulling.ush" 2285
"../../../Engine/Shaders/Private/Nanite/NaniteHierarchyTraversalCommon.ush" 2286
"../../../Engine/Shaders/Private/InstanceCulling/InstanceCullingCommon.ush" 2287
"../../../Engine/Shaders/Shared/InstanceCullingDefinitions.h" 2288
"../../../Engine/Shaders/Private/VirtualShadowMaps/VirtualShadowMapPrintStats.usf" 2289
"../../../Engine/Shaders/Private/VirtualShadowMaps/VirtualShadowMapPageManagement.usf" 2290
"../../../Engine/Shaders/Private/VirtualShadowMaps/VirtualShadowMapPageMarking.usf" 2291
"../../../Engine/Shaders/Shared/SingleLayerWaterDefinitions.h" 2292
"../../../Engine/Shaders/Private/HairStrands/HairStrandsTileCommon.ush" 2293
"../../../Engine/Shaders/Private/Froxel/Froxel.ush" 2294
"../../../Engine/Shaders/Shared/FroxelDefinitions.h" 2295
"../../../Engine/Shaders/Private/VariableRateShading/VRSShadingRatePreview.usf" 2296
"../../../Engine/Shaders/Private/VariableRateShading/VRSShadingRateCommon.ush" 2297
"../../../Engine/Shaders/Private/VariableRateShading/VRSShadingRateCombine.usf" 2298
"../../../Engine/Shaders/Private/VariableRateShading/VRSShadingRateFoveated.usf" 2299
"../../../Engine/Shaders/Private/VariableRateShading/VRSShadingRateReproject.usf" 2300
"../../../Engine/Shaders/Private/VariableRateShading/VRSShadingRateCalculate.usf" 2301
"../../../Engine/Shaders/Private/TranslucencyUpsampling.usf" 2302
"../../../Engine/Shaders/Private/ComposeSeparateTranslucency.usf" 2303
"../../../Engine/Shaders/Private/SeparateTranslucency.ush" 2304
"../../../Engine/Shaders/Private/TranslucentLightInjectionShaders.usf" 2305
"../../../Engine/Shaders/Private/TranslucentShadowDepthShaders.usf" 2306
"../../../Engine/Shaders/Private/ShadowDepthCommon.ush" 2307
"../../../Engine/Shaders/Private/RayTracing/RayTracingTest.usf" 2308
"../../../Engine/Shaders/Private/PostProcessSubsurfaceTile.usf" 2309
"../../../Engine/Shaders/Private/Substrate/SubstrateVisualize.usf" 2310
"../../../Engine/Shaders/Private/Substrate/SubstrateTile.ush" 2311
"../../../Engine/Shaders/Private/Substrate/SubstrateVisualizeCommon.ush" 2312
"../../../Engine/Shaders/Private/SkyLightingDiffuseShared.ush" 2313
"../../../Engine/Shaders/Private/SkyLightingShared.ush" 2314
"../../../Engine/Shaders/Private/ClearCoatCommon.ush" 2315
"../../../Engine/Shaders/Private/ReflectionEnvironmentComposite.ush" 2316
"../../../Engine/Shaders/Private/Substrate/SubstrateLightingCommon.ush" 2317
"../../../Engine/Shaders/Private/Substrate/SubstrateRoughRefraction.usf" 2318
"../../../Engine/Shaders/Private/PathTracing/Material/PathTracingFresnel.ush" 2319
"../../../Engine/Shaders/Private/PathTracing/Material/PathTracingGlossy.ush" 2320
"../../../Engine/Shaders/Private/Substrate/SubstrateTile.usf" 2321
"../../../Engine/Shaders/Private/Substrate/SubstrateMaterialClassification.usf" 2322
"../../../Engine/Shaders/Private/Substrate/SubstrateDBuffer.usf" 2323
"../../../Engine/Shaders/Private/StochasticLighting/StochasticLightingDenoising.usf" 2324
"../../../Engine/Shaders/Private/Lumen/LumenMaterial.ush" 2325
"../../../Engine/Shaders/Private/StochasticLighting/StochasticLightingCommon.ush" 2326
"../../../Engine/Shaders/Private/SplineMeshSceneTexture.usf" 2327
"../../../Engine/Shaders/Private/SparseVolumeTexture/VisualizeSparseVolumeTexture.usf" 2328
"../../../Engine/Shaders/Private/SkyAtmosphere.usf" 2329
"../../../Engine/Shaders/Private/CopyDepthTexture.usf" 2330
"../../../Engine/Shaders/Private/SingleLayerWaterComposite.usf" 2331
"../../../Engine/Shaders/Private/Froxel/FroxelBuild.ush" 2332
"../../../Engine/Shaders/Private/ScreenSpaceShadows.usf" 2333
"../../../Engine/Shaders/Private/bend_sss_gpu.ush" 2334
"../../../Engine/Shaders/Private/ShadowFactorsUpsampleCommon.ush" 2335
"../../../Engine/Shaders/Private/ShadowProjectionVertexShader.usf" 2336
"../../../Engine/Shaders/Private/ShadowProjectionPixelShader.usf" 2337
"../../../Engine/Shaders/Private/MobileLightingCommon.ush" 2338
"../../../Engine/Shaders/Private/PlanarReflectionShared.ush" 2339
"../../../Engine/Shaders/Private/MobileSSR.ush" 2340
"../../../Engine/Shaders/Private/SSRT/SSRTRayCast.ush" 2341
"../../../Engine/Shaders/Private/ShadowPercentageCloserFiltering.ush" 2342
"../../../Engine/Shaders/Private/TransmissionThickness.ush" 2343
"../../../Engine/Shaders/Private/CopyShadowMaps.usf" 2344
"../../../Engine/Shaders/Private/ShadowDepthPixelShader.usf" 2345
"../../../Engine/Shaders/Private/ShadowDepthVertexShader.usf" 2346
"../../../Engine/Shaders/Private/ShadingEnergyConservationTable.usf" 2347
"../../../Engine/Shaders/Shared/PathTracingDefinitions.h" 2348
"../../../Engine/Shaders/Private/ShadingFurnaceTest.usf" 2349
"../../../Engine/Shaders/Private/Substrate/SubstrateDeferredLighting.ush" 2350
"../../../Engine/Shaders/Private/ShaderPrintDraw.usf" 2351
"../../../Engine/Shaders/Private/ShaderPrintDrawPrimitive.usf" 2352
"../../../Engine/Shaders/Private/DefaultSSRTiles.usf" 2353
"../../../Engine/Shaders/Private/ScreenSpaceReflectionTileCommons.ush" 2354
"../../../Engine/Shaders/Private/SSRT/SSRTDiffuseIndirect.usf" 2355
"../../../Engine/Shaders/Private/SSRT/SSRTTileClassificationBuffer.ush" 2356
"../../../Engine/Shaders/Private/SSRT/SSRTReflections.usf" 2357
"../../../Engine/Shaders/Private/ScreenSpaceDenoise/SSDPublic.ush" 2358
"../../../Engine/Shaders/Private/SSRT/SSRTTileClassification.usf" 2359
"../../../Engine/Shaders/Private/SSRT/SSRTPrevFrameReduction.usf" 2360
"../../../Engine/Shaders/Private/ScreenSpaceDenoise/SSDComposeHarmonics.usf" 2361
"../../../Engine/Shaders/Private/ScreenSpaceDenoise/SSDPublicHarmonics.ush" 2362
"../../../Engine/Shaders/Private/ScreenSpaceDenoise/SSDSignalFramework.ush" 2363
"../../../Engine/Shaders/Private/ScreenSpaceDenoise/SSDCommon.ush" 2364
"../../../Engine/Shaders/Private/SphericalGaussian.ush" 2365
"../../../Engine/Shaders/Public/WaveBroadcastIntrinsics.ush" 2366
"../../../Engine/Shaders/Private/ScreenSpaceDenoise/SSDMetadata.ush" 2367
"../../../Engine/Shaders/Private/ScreenSpaceDenoise/SSDSignalCore.ush" 2368
"../../../Engine/Shaders/Private/ScreenSpaceDenoise/DenoisingCommon.ush" 2369
"../../../Engine/Shaders/Private/ScreenSpaceDenoise/SSDSignalArray.ush" 2370
"../../../Engine/Shaders/Private/ScreenSpaceDenoise/SSDSignalBufferEncoding.ush" 2371
"../../../Engine/Shaders/Private/ScreenSpaceDenoise/SSDPublicBufferEncoding.ush" 2372
"../../../Engine/Shaders/Private/Lumen/LumenBufferEncoding.ush" 2373
"../../../Engine/Shaders/Private/ScreenSpaceDenoise/SSDTemporalAccumulation.usf" 2374
"../../../Engine/Shaders/Private/ScreenSpaceDenoise/SSDSpatialKernel.ush" 2375
"../../../Engine/Shaders/Private/ScreenSpaceDenoise/SSDSignalAccumulatorArray.ush" 2376
"../../../Engine/Shaders/Private/ScreenSpaceDenoise/SSDSignalAccumulator.ush" 2377
"../../../Engine/Shaders/Private/ScreenSpaceDenoise/SSDSignalCompression.ush" 2378
"../../../Engine/Shaders/Private/ScreenSpaceDenoise/SSDSpatialAccumulation.usf" 2379
"../../../Engine/Shaders/Private/ScreenSpaceDenoise/SSDInjest.usf" 2380
"../../../Engine/Shaders/Private/ScreenSpaceDenoise/SSDCompressMetadata.usf" 2381
"../../../Engine/Shaders/Private/DownsampleDepthPixelShader.usf" 2382
"../../../Engine/Shaders/Private/ScreenPass.usf" 2383
"../../../Engine/Shaders/Private/HZB.usf" 2384
"../../../Engine/Shaders/Private/OcclusionFeedbackShaders.usf" 2385
"../../../Engine/Shaders/Private/HZBOcclusion.usf" 2386
"../../../Engine/Shaders/Private/OcclusionQueryPixelShader.usf" 2387
"../../../Engine/Shaders/Private/OcclusionQueryVertexShader.usf" 2388
"../../../Engine/Shaders/Private/HitProxyCopy.usf" 2389
"../../../Engine/Shaders/Private/HitProxyPixelShader.usf" 2390
"../../../Engine/Shaders/Private/HitProxyVertexShader.usf" 2391
"../../../Engine/Shaders/Private/SceneCulling/SceneCullingDebugRender.usf" 2392
"../../../Engine/Shaders/Private/SceneCulling/SceneCulling.ush" 2393
"../../../Engine/Shaders/Shared/SceneCullingDefinitions.h" 2394
"../../../Engine/Shaders/Private/SceneCulling/SceneCullingBuildExplicitBounds.usf" 2395
"../../../Engine/Shaders/Private/SceneCapturePixelShader.usf" 2396
"../../../Engine/Shaders/Private/RendererUtils.usf" 2397
"../../../Engine/Shaders/Private/RTWriteMaskDecode.usf" 2398
"../../../Engine/Shaders/Private/ReflectionEnvironmentShaders.usf" 2399
"../../../Engine/Shaders/Private/RectLightAtlas.usf" 2400
"../../../Engine/Shaders/Private/RayTracing/TraceRayInlineStatistics.usf" 2401
"../../../Engine/Shaders/Private/RayTracing/CompositeSkyLightPS.usf" 2402
"../../../Engine/Shaders/Private/RayTracing/GenerateSkyLightVisibilityRaysCS.usf" 2403
"../../../Engine/Shaders/Private/RayTracing/RayTracingSkyLightCommon.ush" 2404
"../../../Engine/Shaders/Private/RayTracing/SkyLightVisibilityRaysData.ush" 2405
"../../../Engine/Shaders/Private/Raytracing/RaytracingSkylightRGS.usf" 2406
"../../../Engine/Shaders/Private/HairStrands/HairStrandsRaytracing.ush" 2407
"../../../Engine/Shaders/Private/Raytracing/RayTracingSkyLightEvaluation.ush" 2408
"../../../Engine/Shaders/Private/Raytracing/RayTracingDeferredShadingCommon.ush" 2409
"../../../Engine/Shaders/Private/RayTracing/RayTracingOcclusionRGS.usf" 2410
"../../../Engine/Shaders/Private/RayTracing/RayTracingDirectionalLight.ush" 2411
"../../../Engine/Shaders/Private/RayTracing/RayTracingRectLight.ush" 2412
"../../../Engine/Shaders/Private/RayTracing/RayTracingSphereLight.ush" 2413
"../../../Engine/Shaders/Private/RayTracing/RayTracingCapsuleLight.ush" 2414
"../../../Engine/Shaders/Private/RayTracing/RayTracingPrimaryRays.usf" 2415
"../../../Engine/Shaders/Private/RayTracing/RayTracingLightingCommon.ush" 2416
"../../../Engine/Shaders/Private/RayTracing/RayTracingLightCullingCommon.ush" 2417
"../../../Engine/Shaders/Private/RayTracing/RayTracingMaterialDefaultHitShaders.usf" 2418
"../../../Engine/Shaders/Private/RayTracing/RayTracingMaterialHitShaders.usf" 2419
"../../../Engine/Shaders/Private/RayTracing/RayTracingShaderUtils.ush" 2420
"../../../Engine/Shaders/Private/RayTracing/RayTracingCalcInterpolants.ush" 2421
"../../../Engine/Shaders/Private/LightmapCommon.ush" 2422
"../../../Engine/Shaders/Private/Lumen/LumenHardwareRayTracingPayloadCommon.ush" 2423
"../../../Engine/Shaders/Shared/LumenDefinitions.h" 2424
"../../../Engine/Shaders/Private/Substrate/SubstrateExport.ush" 2425
"../../../Engine/Shaders/Private/RayTracing/RayTracingLightingMS.usf" 2426
"../../../Engine/Shaders/Private/RayTracing/RayTracingLightFunctionCommon.ush" 2427
"../../../Engine/Shaders/Private/RayTracing/RayTracingBuildLightGrid.usf" 2428
"../../../Engine/Shaders/Private/Raytracing/RayTracingInstanceBufferUtil.usf" 2429
"../../../Engine/Shaders/Private/RayTracing/RayTracingDynamicMesh.usf" 2430
"../../../Engine/Shaders/Private/RayTracing/RayTracingDefaultDecalHitShader.usf" 2431
"../../../Engine/Shaders/Private/RayTracing/RayTracingDecalMaterialShader.usf" 2432
"../../../Engine/Shaders/Private/PathTracing/PathTracingShaderUtils.ush" 2433
"../../../Engine/Shaders/Private/PathTracing/PathTracingCommon.ush" 2434
"../../../Engine/Shaders/Private/PathTracing/Material/PathTracingMaterialCommon.ush" 2435
"../../../Engine/Shaders/Private/RayTracing/RayTracingBuildDecalGrid.usf" 2436
"../../../Engine/Shaders/Private/RayTracing/RayTracingDebugHitStatsUtils.usf" 2437
"../../../Engine/Shaders/Private/RayTracing/RayTracingDebugInstanceOverlap.usf" 2438
"../../../Engine/Shaders/Private/RayTracing/RayTracingDebugPicking.usf" 2439
"../../../Engine/Shaders/Private/RayTracing/RayTracingDebugUtils.ush" 2440
"../../../Engine/Shaders/Shared/RayTracingDebugTypes.h" 2441
"../../../Engine/Shaders/Private/RayTracing/RayTracingDebugTraversal.usf" 2442
"../../../Engine/Shaders/Private/RayTracing/RayTracingDeferredMaterials.ush" 2443
"../../../Engine/Shaders/Shared/ThirdParty/AMD/ags_shader_intrinsics_dx12.h" 2444
"../../../Engine/Shaders/Shared/RayTracingDebugDefinitions.h" 2445
"../../../Engine/Shaders/Private/RayTracing/RayTracingDebugHitStatsCHS.usf" 2446
"../../../Engine/Shaders/Private/RayTracing/RayTracingDebugHitStats.usf" 2447
"../../../Engine/Shaders/Private/RayTracing/RayTracingDebugMS.usf" 2448
"../../../Engine/Shaders/Private/RayTracing/RayTracingDebugCHS.usf" 2449
"../../../Engine/Shaders/Private/RayTracing/RayTracingDebug.usf" 2450
"../../../Engine/Shaders/Private/RayTracing/RayTracingBuiltInShaders.usf" 2451
"../../../Engine/Shaders/Private/RayTracing/RayTracingBarycentrics.usf" 2452
"../../../Engine/Shaders/Private/RayTracing/RayTracingAmbientOcclusionRGS.usf" 2453
"../../../Engine/Shaders/Private/VisualizeShadingModels.usf" 2454
"../../../Engine/Shaders/Private/MotionBlur/VisualizeMotionVectors.usf" 2455
"../../../Engine/Shaders/Private/TemporalSuperResolution/TSRVisualize.usf" 2456
"../../../Engine/Shaders/Private/TemporalSuperResolution/TSRColorSpace.ush" 2457
"../../../Engine/Shaders/Private/TemporalSuperResolution/TSRCommon.ush" 2458
"../../../Engine/Shaders/Public/DualPixelVectorization.ush" 2459
"../../../Engine/Shaders/Private/TemporalSuperResolution/TSRReprojectionField.ush" 2460
"../../../Engine/Shaders/Private/TemporalSuperResolution/TSRResolveHistory.usf" 2461
"../../../Engine/Shaders/Private/TemporalSuperResolution/TSRConvolutionNetwork.ush" 2462
"../../../Engine/Shaders/Private/TemporalSuperResolution/TSRKernels.ush" 2463
"../../../Engine/Shaders/Public/LaneVectorization.ush" 2464
"../../../Engine/Shaders/Private/TemporalSuperResolution/TSRUpdateHistory.usf" 2465
"../../../Engine/Shaders/Private/TemporalSuperResolution/TSRSpatialAntiAliasing.ush" 2466
"../../../Engine/Shaders/Private/TemporalSuperResolution/TSRSpatialAntiAliasing.usf" 2467
"../../../Engine/Shaders/Private/TemporalSuperResolution/TSRRejectShading.usf" 2468
"../../../Engine/Shaders/Private/TemporalSuperResolution/TSRShadingAnalysis.ush" 2469
"../../../Engine/Shaders/Private/TemporalSuperResolution/TSRConvolutionNetworkPass.ush" 2470
"../../../Engine/Shaders/Private/TemporalSuperResolution/TSRDecimateHistory.usf" 2471
"../../../Engine/Shaders/Private/TemporalSuperResolution/TSRDepthVelocityAnalysis.ush" 2472
"../../../Engine/Shaders/Private/TemporalSuperResolution/TSRClosestOccluder.ush" 2473
"../../../Engine/Shaders/Private/TemporalSuperResolution/TSRDilateVelocity.usf" 2474
"../../../Engine/Shaders/Private/MotionBlur/MotionBlurVelocityFlatten.ush" 2475
"../../../Engine/Shaders/Private/MotionBlur/MotionBlurCommon.ush" 2476
"../../../Engine/Shaders/Private/TemporalSuperResolution/TSRClearPrevTextures.usf" 2477
"../../../Engine/Shaders/Private/TemporalSuperResolution/TSRMeasureFlickeringLuma.usf" 2478
"../../../Engine/Shaders/Private/TemporalAA.usf" 2479
"../../../Engine/Shaders/Private/FilterPixelShader.usf" 2480
"../../../Engine/Shaders/Private/FilterVertexShader.usf" 2481
"../../../Engine/Shaders/Private/PostProcessVisualizeBuffer.usf" 2482
"../../../Engine/Shaders/Private/PostProcessVisualizeLocalExposure.usf" 2483
"../../../Engine/Shaders/Private/PostProcessHistogramCommon.ush" 2484
"../../../Engine/Shaders/Private/TonemapCommon.ush" 2485
"../../../Engine/Shaders/Private/ACES.ush" 2486
"../../../Engine/Shaders/Private/PostProcessVisualizeLevelInstance.usf" 2487
"../../../Engine/Shaders/Private/PostProcessVisualizeHDR.usf" 2488
"../../../Engine/Shaders/Private/ShaderComplexityApplyPixelShader.usf" 2489
"../../../Engine/Shaders/Private/QuadOverdraw.ush" 2490
"../../../Engine/Shaders/Private/PostProcessUpscale.usf" 2491
"../../../Engine/Shaders/Private/PostProcessTonemap.usf" 2492
"../../../Engine/Shaders/Private/PostProcessing/FilmGrainPackConstants.usf" 2493
"../../../Engine/Shaders/Private/PostProcessing/FilmGrainReduce.usf" 2494
"../../../Engine/Shaders/Private/PostProcessTestImage.usf" 2495
"../../../Engine/Shaders/Private/PostProcessSubsurface.usf" 2496
"../../../Engine/Shaders/Private/SeparableSSS.ush" 2497
"../../../Engine/Shaders/Private/SubsurfaceBurleyNormalized.ush" 2498
"../../../Engine/Shaders/Private/PostProcessSelectionOutline.usf" 2499
"../../../Engine/Shaders/Private/PostProcessPixelProjectedReflectionMobile.usf" 2500
"../../../Engine/Shaders/Private/MotionBlur/MotionBlurVisualize.usf" 2501
"../../../Engine/Shaders/Private/MotionBlur/MotionBlurApply.usf" 2502
"../../../Engine/Shaders/Private/MotionBlur/MotionBlurFilterTileClassify.usf" 2503
"../../../Engine/Shaders/Private/MotionBlur/MotionBlurTileScatter.usf" 2504
"../../../Engine/Shaders/Private/MotionBlur/MotionBlurTileGather.usf" 2505
"../../../Engine/Shaders/Private/MotionBlur/MotionBlurVelocityFlatten.usf" 2506
"../../../Engine/Shaders/Private/PostProcessMobile.usf" 2507
"../../../Engine/Shaders/Private/PostProcessMitchellNetravali.usf" 2508
"../../../Engine/Shaders/Private/PostProcessMaterialShaders.usf" 2509
"../../../Engine/Shaders/Private/NeuralPostProcessCommon.usf" 2510
"../../../Engine/Shaders/Private/PostProcessLocalExposure.usf" 2511
"../../../Engine/Shaders/Private/PostProcessLensFlares.usf" 2512
"../../../Engine/Shaders/Private/PostProcessGBufferHints.usf" 2513
"../../../Engine/Shaders/Private/PostProcessHMD.usf" 2514
"../../../Engine/Shaders/Private/Histogram.usf" 2515
"../../../Engine/Shaders/Private/PostProcessHistogramReduce.usf" 2516
"../../../Engine/Shaders/Private/PostProcessHistogram.usf" 2517
"../../../Engine/Shaders/Private/Bloom/BloomFinalizeApplyConstants.usf" 2518
"../../../Engine/Shaders/Private/Bloom/BloomCommon.ush" 2519
"../../../Engine/Shaders/Private/Bloom/BloomResizeKernel.usf" 2520
"../../../Engine/Shaders/Private/Bloom/BloomDownsampleKernel.usf" 2521
"../../../Engine/Shaders/Private/Bloom/BloomClampKernel.usf" 2522
"../../../Engine/Shaders/Private/Bloom/BloomPackKernelConstants.usf" 2523
"../../../Engine/Shaders/Private/Bloom/BloomSumScatterDispersionEnergy.usf" 2524
"../../../Engine/Shaders/Private/Bloom/BloomReduceKernelSurvey.usf" 2525
"../../../Engine/Shaders/Private/Bloom/BloomSurveyKernelCenterEnergy.usf" 2526
"../../../Engine/Shaders/Private/Bloom/BloomSurveyMaxScatterDispersion.usf" 2527
"../../../Engine/Shaders/Private/Bloom/BloomFindKernelCenter.usf" 2528
"../../../Engine/Shaders/Private/PostProcessEyeAdaptation.usf" 2529
"../../../Engine/Shaders/Private/TranslucencyVolumeCommon.ush" 2530
"../../../Engine/Shaders/Private/PostProcessEyeAdaptationUtils.usf" 2531
"../../../Engine/Shaders/Private/PostProcessDownsample.usf" 2532
"../../../Engine/Shaders/Private/PostProcessDOF.usf" 2533
"../../../Engine/Shaders/Private/PostProcessDeviceEncodingOnly.usf" 2534
"../../../Engine/Shaders/Private/PostProcessCompositePrimitives.usf" 2535
"../../../Engine/Shaders/Private/PostProcessCombineLUTs.usf" 2536
"../../../Engine/Shaders/Private/PostProcessVisualizeDOF.usf" 2537
"../../../Engine/Shaders/Private/PostProcessBloom.usf" 2538
"../../../Engine/Shaders/Private/PostProcessAmbientOcclusionMobile.usf" 2539
"../../../Engine/Shaders/Private/PostProcessAmbientOcclusionCommon.ush" 2540
"../../../Engine/Shaders/Private/FXAAShader.usf" 2541
"../../../Engine/Shaders/Private/Fxaa3_11.ush" 2542
"../../../Engine/Shaders/Private/PaniniProjection.usf" 2543
"../../../Engine/Shaders/Private/DiaphragmDOF/DOFRecombine.usf" 2544
"../../../Engine/Shaders/Private/DiaphragmDOF/DOFCommon.ush" 2545
"../../../Engine/Shaders/Private/DiaphragmDOF/DOFHybridScatterPixelShader.usf" 2546
"../../../Engine/Shaders/Private/DiaphragmDOF/DOFHybridScatterCommon.ush" 2547
"../../../Engine/Shaders/Private/DiaphragmDOF/DOFHybridScatterVertexShader.usf" 2548
"../../../Engine/Shaders/Private/DiaphragmDOF/DOFPostfiltering.usf" 2549
"../../../Engine/Shaders/Private/DiaphragmDOF/DOFGatherTileSuggest.ush" 2550
"../../../Engine/Shaders/Private/DiaphragmDOF/DOFCocTileCommon.ush" 2551
"../../../Engine/Shaders/Private/DiaphragmDOF/DOFGatherPass.usf" 2552
"../../../Engine/Shaders/Private/DiaphragmDOF/DOFGatherCommon.ush" 2553
"../../../Engine/Shaders/Private/DiaphragmDOF/DOFGatherAccumulator.ush" 2554
"../../../Engine/Shaders/Private/DiaphragmDOF/DOFGatherKernel.ush" 2555
"../../../Engine/Shaders/Private/DiaphragmDOF/DOFBokehLUT.usf" 2556
"../../../Engine/Shaders/Private/DiaphragmDOF/DOFHybridScatterCompilation.usf" 2557
"../../../Engine/Shaders/Private/DiaphragmDOF/DOFReduce.usf" 2558
"../../../Engine/Shaders/Private/DiaphragmDOF/DOFDownsample.ush" 2559
"../../../Engine/Shaders/Private/DiaphragmDOF/DOFHybridScatterCompilation.ush" 2560
"../../../Engine/Shaders/Private/DiaphragmDOF/DOFDownsample.usf" 2561
"../../../Engine/Shaders/Private/DiaphragmDOF/DOFCocTileDilate.usf" 2562
"../../../Engine/Shaders/Private/DiaphragmDOF/DOFCocTileFlatten.usf" 2563
"../../../Engine/Shaders/Private/DiaphragmDOF/DOFSetup.usf" 2564
"../../../Engine/Shaders/Private/Tools/DebugAlphaChannel.usf" 2565
"../../../Engine/Shaders/Private/PlanarReflectionShaders.usf" 2566
"../../../Engine/Shaders/Private/PhysicsFieldVisualizer.usf" 2567
"../../../Engine/Shaders/Private/PathTracing/PathTracingSpatialTemporalDenoising.usf" 2568
"../../../Engine/Shaders/Private/ColorDifference.ush" 2569
"../../../Engine/Shaders/Private/PathTracing/PathTracingCompositingPixelShader.usf" 2570
"../../../Engine/Shaders/Private/PathTracing/PathTracingAdaptiveUtils.ush" 2571
"../../../Engine/Shaders/Private/PathTracing/PathTracingDefaultHitShader.usf" 2572
"../../../Engine/Shaders/Private/PathTracing/PathTracingGPULightmassMaterialHitShader.usf" 2573
"../../../Engine/Shaders/Private/PathTracing/PathTracingMaterialHitShader.usf" 2574
"../../../Engine/Shaders/Private/PathTracing/Material/PathTracingSubstrateCommon.ush" 2575
"../../../Engine/Shaders/Private/PathTracing/PathTracingLightingMissShader.usf" 2576
"../../../Engine/Shaders/Private/PathTracing/PathTracingMissShader.usf" 2577
"../../../Engine/Shaders/Private/PathTracing/PathTracingAdaptiveStart.usf" 2578
"../../../Engine/Shaders/Private/PathTracing/PathTracingBuildAdaptiveError.usf" 2579
"../../../Engine/Shaders/Private/PathTracing/PathTracingVolumetricCloudMaterialShader.usf" 2580
"../../../Engine/Shaders/Private/PathTracing/Volume/PathTracingCloudsMaterialCommon.ush" 2581
"../../../Engine/Shaders/Private/PathTracing/Volume/PathTracingVolumeCommon.ush" 2582
"../../../Engine/Shaders/Private/PathTracing/Volume/PathTracingCloudsCommon.ush" 2583
"../../../Engine/Shaders/Private/PathTracing/PathTracingBuildCloud.usf" 2584
"../../../Engine/Shaders/Private/PathTracing/Volume/PathTracingAtmosphereCommon.ush" 2585
"../../../Engine/Shaders/Private/PathTracing/PathTracingBuildCloudAccelerationMap.usf" 2586
"../../../Engine/Shaders/Private/PathTracing/PathTracingBuildAtmosphereLUT.usf" 2587
"../../../Engine/Shaders/Private/PathTracing/PathTracingSwizzleScanlines.usf" 2588
"../../../Engine/Shaders/Private/PathTracing/PathTracingInitExtinctionCoefficient.usf" 2589
"../../../Engine/Shaders/Private/PathTracing/PathTracingCopyDepth.usf" 2590
"../../../Engine/Shaders/Private/PathTracing/PathTracingDebug.usf" 2591
"../../../Engine/Shaders/Private/RayTracing/RayTracingDecalGrid.ush" 2592
"../../../Engine/Shaders/Private/PathTracing/Utilities/PathTracingRIS.ush" 2593
"../../../Engine/Shaders/Private/PathTracing/Light/PathTracingLightSampling.ush" 2594
"../../../Engine/Shaders/Private/PathTracing/Light/PathTracingLightCommon.ush" 2595
"../../../Engine/Shaders/Private/PathTracing/Light/PathTracingDirectionalLight.ush" 2596
"../../../Engine/Shaders/Private/PathTracing/Light/PathTracingPointLight.ush" 2597
"../../../Engine/Shaders/Private/PathTracing/Light/PathTracingCapsuleLight.ush" 2598
"../../../Engine/Shaders/Private/PathTracing/Light/PathTracingRectLight.ush" 2599
"../../../Engine/Shaders/Private/PathTracing/Light/PathTracingSkyLight.ush" 2600
"../../../Engine/Shaders/Private/PathTracing/Light/PathTracingLightGrid.ush" 2601
"../../../Engine/Shaders/Private/PathTracing/PathTracing.usf" 2602
"../../../Engine/Shaders/Private/PathTracing/PathTracingCore.ush" 2603
"../../../Engine/Shaders/Private/HeterogeneousVolumes/HeterogeneousVolumesVoxelGridTypes.ush" 2604
"../../../Engine/Shaders/Private/PathTracing/Material/PathTracingMaterialSampling.ush" 2605
"../../../Engine/Shaders/Private/PathTracing/Material/PathTracingLambert.ush" 2606
"../../../Engine/Shaders/Private/PathTracing/Material/PathTracingSubstrate.ush" 2607
"../../../Engine/Shaders/Private/PathTracing/Material/PathTracingSubstrateFoliage.ush" 2608
"../../../Engine/Shaders/Private/PathTracing/Material/PathTracingSubstrateSolidGlass.ush" 2609
"../../../Engine/Shaders/Private/PathTracing/Material/PathTracingSubstrateThinGlass.ush" 2610
"../../../Engine/Shaders/Private/PathTracing/Material/PathTracingSolidGlass.ush" 2611
"../../../Engine/Shaders/Private/PathTracing/Material/PathTracingEnergyConservation.ush" 2612
"../../../Engine/Shaders/Private/PathTracing/Material/PathTracingThinGlass.ush" 2613
"../../../Engine/Shaders/Private/PathTracing/Material/PathTracingDefaultLit.ush" 2614
"../../../Engine/Shaders/Private/PathTracing/Material/PathTracingClearCoat.ush" 2615
"../../../Engine/Shaders/Private/PathTracing/Material/PathTracingTwoSidedFoliage.ush" 2616
"../../../Engine/Shaders/Private/PathTracing/Material/PathTracingCloth.ush" 2617
"../../../Engine/Shaders/Private/PathTracing/Material/PathTracingSubsurfaceProfile.ush" 2618
"../../../Engine/Shaders/Private/PathTracing/Material/PathTracingEye.ush" 2619
"../../../Engine/Shaders/Private/PathTracing/Material/PathTracingHair.ush" 2620
"../../../Engine/Shaders/Private/PathTracing/Material/PathTracingMedium.ush" 2621
"../../../Engine/Shaders/Private/PathTracing/Volume/PathTracingVolume.ush" 2622
"../../../Engine/Shaders/Private/PathTracing/Volume/PathTracingAtmosphere.ush" 2623
"../../../Engine/Shaders/Private/PathTracing/Volume/PathTracingClouds.ush" 2624
"../../../Engine/Shaders/Private/PathTracing/Volume/PathTracingFog.ush" 2625
"../../../Engine/Shaders/Private/PathTracing/Volume/PathTracingHeterogeneousVolumes.ush" 2626
"../../../Engine/Shaders/Private/HeterogeneousVolumes/HeterogeneousVolumesVoxelGridTraversal.ush" 2627
"../../../Engine/Shaders/Private/HeterogeneousVolumes/HeterogeneousVolumesVoxelGridUtils.ush" 2628
"../../../Engine/Shaders/Private/HeterogeneousVolumes/HeterogeneousVolumesFrustumVoxelGridUtils.ush" 2629
"../../../Engine/Shaders/Private/PathTracing/Volume/PathTracingVolumeSampling.ush" 2630
"../../../Engine/Shaders/Private/PathTracing/PathTracingBuildLightGrid.usf" 2631
"../../../Engine/Shaders/Private/PathTracing/PathTracingSkylightMISCompensation.usf" 2632
"../../../Engine/Shaders/Private/PathTracing/PathTracingSkylightPrepare.usf" 2633
"../../../Engine/Shaders/Private/OIT/OITSorting.usf" 2634
"../../../Engine/Shaders/Private/OITCombine.usf" 2635
"../../../Engine/Shaders/Private/OITCommon.ush" 2636
"../../../Engine/Shaders/Private/Nanite/Voxel/RasterizeBricks.usf" 2637
"../../../Engine/Shaders/Private/Nanite/Voxel/Brick.ush" 2638
"../../../Engine/Shaders/Private/Nanite/Voxel/Voxel.ush" 2639
"../../../Engine/Shaders/Private/Nanite/Voxel/ScatterBricks.usf" 2640
"../../../Engine/Shaders/Private/Nanite/Voxel/TileBricks.usf" 2641
"../../../Engine/Shaders/Private/Nanite/Voxel/AutoVoxel.usf" 2642
"../../../Engine/Shaders/Private/Nanite/NaniteDebugViews.usf" 2643
"../../../Engine/Shaders/Private/Nanite/NaniteEditorCommon.ush" 2644
"../../../Engine/Shaders/Private/BinarySearch.ush" 2645
"../../../Engine/Shaders/Private/Nanite/NaniteDepthDecode.usf" 2646
"../../../Engine/Shaders/Private/HTileEncoding.ush" 2647
"../../../Engine/Shaders/Private/Nanite/NaniteVisualize.usf" 2648
"../../../Engine/Shaders/Private/Nanite/NaniteStreamOut.usf" 2649
"../../../Engine/Shaders/Private/Nanite/NaniteHierarchyTraversal.ush" 2650
"../../../Engine/Shaders/Private/Skinning/TransformProviders.usf" 2651
"../../../Engine/Shaders/Private/Nanite/NaniteShadeBinning.usf" 2652
"../../../Engine/Shaders/Private/Nanite/NaniteShadeCommon.ush" 2653
"../../../Engine/Shaders/Private/Nanite/NaniteFastClear.usf" 2654
"../../../Engine/Shaders/Private/Nanite/NaniteExportGBuffer.usf" 2655
"../../../Engine/Shaders/Private/Nanite/NaniteClusterCulling.usf" 2656
"../../../Engine/Shaders/Private/Nanite/NanitePrintStats.usf" 2657
"../../../Engine/Shaders/Private/Nanite/NaniteRasterizer.usf" 2658
"../../../Engine/Shaders/Private/Nanite/NaniteRasterizationCommon.ush" 2659
"../../../Engine/Shaders/Private/Nanite/NaniteRasterizer.ush" 2660
"../../../Engine/Shaders/Private/Nanite/NaniteWritePixel.ush" 2661
"../../../Engine/Shaders/Private/Nanite/NaniteTessellation.ush" 2662
"../../../Engine/Shaders/Private/WorkDistribution.ush" 2663
"../../../Engine/Shaders/Private/Nanite/NaniteDice.ush" 2664
"../../../Engine/Shaders/Private/ShaderBundleWorkGraphCommon.ush" 2665
"../../../Engine/Shaders/Public/RootConstants.ush" 2666
"../../../Engine/Shaders/Public/Platform/D3D/D3DRootConstants.ush" 2667
"../../../Engine/Shaders/Private/Nanite/NaniteSplit.usf" 2668
"../../../Engine/Shaders/Private/Nanite/NaniteRasterBinning.usf" 2669
"../../../Engine/Shaders/Private/Nanite/NaniteInstanceCulling.usf" 2670
"../../../Engine/Shaders/Private/Nanite/NaniteImposter.ush" 2671
"../../../Engine/Shaders/Private/Nanite/NaniteInstanceHierarchyCulling.usf" 2672
"../../../Engine/Shaders/Private/Nanite/NanitePrimitiveFilter.usf" 2673
"../../../Engine/Shaders/Private/Nanite/NaniteRasterClear.usf" 2674
"../../../Engine/Shaders/Private/Nanite/NaniteDepthExport.usf" 2675
"../../../Engine/Shaders/Private/Nanite/NaniteEmitShadow.usf" 2676
"../../../Engine/Shaders/Private/MobileDeferredUtils.usf" 2677
"../../../Engine/Shaders/Private/MobileLocalLightsBuffer.usf" 2678
"../../../Engine/Shaders/Private/MobileFog.usf" 2679
"../../../Engine/Shaders/Private/DistortApplyScreenPS.usf" 2680
"../../../Engine/Shaders/Private/MobileDeferredShading.usf" 2681
"../../../Engine/Shaders/Private/MobileBasePassPixelShader.usf" 2682
"../../../Engine/Shaders/Private/MobileBasePassCommon.ush" 2683
"../../../Engine/Shaders/Private/BasePassCommon.ush" 2684
"../../../Engine/Shaders/Private/ShadingModelsMaterial.ush" 2685
"../../../Engine/Shaders/Private/ThinTranslucentCommon.ush" 2686
"../../../Engine/Shaders/Private/SingleLayerWaterShading.ush" 2687
"../../../Engine/Shaders/Private/DistortionCommon.ush" 2688
"../../../Engine/Shaders/Private/Substrate/SubstrateMobileForwardLighting.ush" 2689
"../../../Engine/Shaders/Private/MobileBasePassVertexShader.usf" 2690
"../../../Engine/Shaders/Private/MeshEdges.usf" 2691
"../../../Engine/Shaders/Private/MegaLights/MegaLightsVSMTracing.usf" 2692
"../../../Engine/Shaders/Private/MegaLights/MegaLights.ush" 2693
"../../../Engine/Shaders/Private/Lumen/LumenPosition.ush" 2694
"../../../Engine/Shaders/Private/MegaLights/MegaLightsRayTracing.ush" 2695
"../../../Engine/Shaders/Private/MegaLights/MegaLightsRayTracing.usf" 2696
"../../../Engine/Shaders/Private/DistanceField/GlobalDistanceFieldUtils.ush" 2697
"../../../Engine/Shaders/Private/Lumen/LumenScreenTracing.ush" 2698
"../../../Engine/Shaders/Private/MegaLights/MegaLightsVolumeRayTracing.usf" 2699
"../../../Engine/Shaders/Private/MegaLights/MegaLightsVolume.ush" 2700
"../../../Engine/Shaders/Private/MegaLights/MegaLightsVolumeHardwareRayTracing.usf" 2701
"../../../Engine/Shaders/Private/Lumen/LumenHardwareRayTracingCommon.ush" 2702
"../../../Engine/Shaders/Private/RayTracing/RayTracingReflectionEnvironment.ush" 2703
"../../../Engine/Shaders/Private/Lumen/LumenHardwareRayTracingPlatformCommon.ush" 2704
"../../../Engine/Shaders/Private/Lumen/LumenReflectionsCombine.ush" 2705
"../../../Engine/Shaders/Private/Lumen/LumenTracingCommon.ush" 2706
"../../../Engine/Shaders/Private/Lumen/SurfaceCache/LumenSurfaceCacheSampling.ush" 2707
"../../../Engine/Shaders/Private/Lumen/SurfaceCache/LumenSurfaceCache.ush" 2708
"../../../Engine/Shaders/Private/Lumen/LumenCardCommon.ush" 2709
"../../../Engine/Shaders/Private/Lumen/LumenCardTileShadowDownsampleFactor.ush" 2710
"../../../Engine/Shaders/Private/MegaLights/MegaLightsHardwareRayTracing.usf" 2711
"../../../Engine/Shaders/Private/MegaLights/MegaLightsFilterVisibleLightHash.usf" 2712
"../../../Engine/Shaders/Private/MegaLights/MegaLightsDenoiserSpatial.usf" 2713
"../../../Engine/Shaders/Private/MegaLights/MegaLightsShading.ush" 2714
"../../../Engine/Shaders/Private/Lumen/LumenReflectionDenoiserCommon.ush" 2715
"../../../Engine/Shaders/Private/MegaLights/MegaLightsDenoiserTemporal.usf" 2716
"../../../Engine/Shaders/Private/MegaLights/MegaLightsShading.usf" 2717
"../../../Engine/Shaders/Private/MegaLights/MegaLightsVolumeShading.usf" 2718
"../../../Engine/Shaders/Private/MegaLights/MegaLightsVisibleLightHash.usf" 2719
"../../../Engine/Shaders/Private/MegaLights/MegaLightsSampling.usf" 2720
"../../../Engine/Shaders/Private/MegaLights/MegaLightsVolumeSampling.usf" 2721
"../../../Engine/Shaders/Private/MegaLights/MegaLights.usf" 2722
"../../../Engine/Shaders/Private/Lumen/LumenVisualizeRadianceCache.usf" 2723
"../../../Engine/Shaders/Private/Lumen/LumenRadianceCacheCommon.ush" 2724
"../../../Engine/Shaders/Private/Lumen/LumenVisualizeHardwareRayTracing.usf" 2725
"../../../Engine/Shaders/Private/Lumen/LumenVisualize.ush" 2726
"../../../Engine/Shaders/Private/Lumen/LumenHairTracing.ush" 2727
"../../../Engine/Shaders/Private/Lumen/LumenVisualize.usf" 2728
"../../../Engine/Shaders/Private/Lumen/LumenSoftwareRayTracing.ush" 2729
"../../../Engine/Shaders/Private/DistanceField/GlobalDistanceFieldObjectGrid.ush" 2730
"../../../Engine/Shaders/Private/DistanceFieldLightingShared.ush" 2731
"../../../Engine/Shaders/Private/Lumen/LumenVisualizeTraces.ush" 2732
"../../../Engine/Shaders/Private/Lumen/LumenTranslucencyVolumeLighting.usf" 2733
"../../../Engine/Shaders/Private/Lumen/LumenRadianceCacheMarkCommon.ush" 2734
"../../../Engine/Shaders/Private/Lumen/LumenTranslucencyVolumeLightingShared.ush" 2735
"../../../Engine/Shaders/Private/Lumen/LumenScreenProbeCommon.ush" 2736
"../../../Engine/Shaders/Private/RayTracing/RayGenUtils.ush" 2737
"../../../Engine/Shaders/Private/Lumen/LumenRadianceCacheTracingCommon.ush" 2738
"../../../Engine/Shaders/Private/Lumen/LumenTranslucencyVolumeHardwareRayTracing.usf" 2739
"../../../Engine/Shaders/Private/Lumen/LumenTranslucencyRadianceCacheMarkShaders.usf" 2740
"../../../Engine/Shaders/Private/Lumen/SurfaceCache/LumenSurfaceCacheFeedback.usf" 2741
"../../../Engine/Shaders/Private/Lumen/SurfaceCache/LumenSurfaceCache.usf" 2742
"../../../Engine/Shaders/Private/Lumen/LumenShortRangeAOHardwareRayTracing.usf" 2743
"../../../Engine/Shaders/Private/Lumen/LumenScreenSpaceBentNormal.usf" 2744
"../../../Engine/Shaders/Private/Lumen/LumenScreenProbeTracing.usf" 2745
"../../../Engine/Shaders/Private/Lumen/LumenScreenProbeTracingCommon.ush" 2746
"../../../Engine/Shaders/Private/Lumen/LumenFloatQuantization.ush" 2747
"../../../Engine/Shaders/Private/Lumen/LumenScreenProbeImportanceSampling.usf" 2748
"../../../Engine/Shaders/Private/Lumen/LumenScreenProbeImportanceSamplingShared.ush" 2749
"../../../Engine/Shaders/Private/Lumen/LumenScreenProbeHardwareRayTracing.usf" 2750
"../../../Engine/Shaders/Private/Lumen/LumenScreenProbeGather.usf" 2751
"../../../Engine/Shaders/Private/Lumen/LumenScreenSpaceBentNormal.ush" 2752
"../../../Engine/Shaders/Private/Lumen/LumenScreenProbeLightSampling.usf" 2753
"../../../Engine/Shaders/Private/Lumen/LumenScreenProbeFiltering.usf" 2754
"../../../Engine/Shaders/Private/Lumen/LumenSceneLighting.usf" 2755
"../../../Engine/Shaders/Private/Lumen/LumenCardTile.ush" 2756
"../../../Engine/Shaders/Private/Lumen/LumenSceneLighting.ush" 2757
"../../../Engine/Shaders/Private/Lumen/Radiosity/LumenRadiosity.ush" 2758
"../../../Engine/Shaders/Private/Lumen/LumenSceneLightingDebug.usf" 2759
"../../../Engine/Shaders/Private/Lumen/LumenScene.usf" 2760
"../../../Engine/Shaders/Private/Lumen/LumenSceneDirectLightingHardwareRayTracing.usf" 2761
"../../../Engine/Shaders/Private/Lumen/LumenReflectionCommon.ush" 2762
"../../../Engine/Shaders/Private/Lumen/LumenSceneDirectLighting.ush" 2763
"../../../Engine/Shaders/Private/Lumen/LumenSceneDebugHardwareRayTracing.usf" 2764
"../../../Engine/Shaders/Private/Lumen/LumenSceneDirectLightingStochastic.usf" 2765
"../../../Engine/Shaders/Private/Lumen/LumenSceneDirectLightingSoftwareRayTracing.usf" 2766
"../../../Engine/Shaders/Private/DistanceFieldShadowingShared.ush" 2767
"../../../Engine/Shaders/Private/Lumen/LumenSceneDirectLightingPerLightShadowCommon.ush" 2768
"../../../Engine/Shaders/Private/Lumen/LumenSceneDirectLightingShadowMask.usf" 2769
"../../../Engine/Shaders/Private/Lumen/LumenSceneDirectLighting.usf" 2770
"../../../Engine/Shaders/Private/Lumen/LumenSceneDirectLightingCulling.usf" 2771
"../../../Engine/Shaders/Private/Lumen/LumenCardComputeShader.usf" 2772
"../../../Engine/Shaders/Private/Lumen/LumenCardPixelShader.usf" 2773
"../../../Engine/Shaders/Private/Lumen/LumenCardVertexShader.usf" 2774
"../../../Engine/Shaders/Private/Lumen/LumenReSTIRGather.usf" 2775
"../../../Engine/Shaders/Private/Lumen/LumenReflectionTracing.usf" 2776
"../../../Engine/Shaders/Private/Lumen/LumenReflectionDenoiserSpatial.usf" 2777
"../../../Engine/Shaders/Private/Lumen/LumenReflectionDenoiserClear.usf" 2778
"../../../Engine/Shaders/Private/Lumen/LumenReflectionDenoiserTemporal.usf" 2779
"../../../Engine/Shaders/Private/Lumen/LumenReflectionResolve.usf" 2780
"../../../Engine/Shaders/Private/Lumen/LumenReflections.usf" 2781
"../../../Engine/Shaders/Private/Lumen/LumenReflectionHardwareRayTracing.usf" 2782
"../../../Engine/Shaders/Private/Lumen/Radiosity/LumenVisualizeRadiosityProbes.usf" 2783
"../../../Engine/Shaders/Private/Lumen/Radiosity/LumenRadiosity.usf" 2784
"../../../Engine/Shaders/Private/Lumen/Radiosity/LumenRadiosityHardwareRayTracing.usf" 2785
"../../../Engine/Shaders/Private/Lumen/Radiosity/LumenRadiosityCulling.usf" 2786
"../../../Engine/Shaders/Private/Lumen/LumenRadianceCacheHardwareRayTracing.usf" 2787
"../../../Engine/Shaders/Private/Lumen/LumenRadianceCache.usf" 2788
"../../../Engine/Shaders/Private/Lumen/LumenRadianceCacheUpdate.ush" 2789
"../../../Engine/Shaders/Private/Lumen/LumenRadianceCacheDebug.usf" 2790
"../../../Engine/Shaders/Private/Lumen/LumenRadianceCacheUpdate.usf" 2791
"../../../Engine/Shaders/Private/Lumen/LumenMeshSDFCulling.usf" 2792
"../../../Engine/Shaders/Private/HybridIndirectLighting.ush" 2793
"../../../Engine/Shaders/Private/MeshDistanceFieldCommon.ush" 2794
"../../../Engine/Shaders/Private/Lumen/LumenIrradianceFieldGather.usf" 2795
"../../../Engine/Shaders/Private/Lumen/LumenHardwareRayTracingMaterials.usf" 2796
"../../../Engine/Shaders/Private/Lumen/LumenFrontLayerTranslucency.usf" 2797
"../../../Engine/Shaders/Private/LocalFogVolumes/LocalFogVolumeSplat.usf" 2798
"../../../Engine/Shaders/Private/LocalFogVolumes/LocalFogVolumeTiledCulling.usf" 2799
"../../../Engine/Shaders/Private/LightShaftShader.usf" 2800
"../../../Engine/Shaders/Private/StationaryLightOverlapShaders.usf" 2801
"../../../Engine/Shaders/Private/DeferredLightPixelShaders.usf" 2802
"../../../Engine/Shaders/Private/HairStrands/HairStrandsVisibilityUtils.ush" 2803
"../../../Engine/Shaders/Private/DeferredLightVertexShaders.usf" 2804
"../../../Engine/Shaders/Private/LightMapDensityShader.usf" 2805
"../../../Engine/Shaders/Private/LightGridInjection.usf" 2806
"../../../Engine/Shaders/Shared/LightGridDefinitions.h" 2807
"../../../Engine/Shaders/Private/LightFunctionPixelShader.usf" 2808
"../../../Engine/Shaders/Private/LightFunctionVertexShader.usf" 2809
"../../../Engine/Shaders/Private/LightFunctionAtlas/LightFunctionAtlasRender.usf" 2810
"../../../Engine/Shaders/Private/InstanceCulling/InstanceCullingOcclusionQuery.usf" 2811
"../../../Engine/Shaders/Private/InstanceCulling/InstanceCullingSetup.ush" 2812
"../../../Engine/Shaders/Private/InstanceCulling/BuildInstanceDrawCommands.usf" 2813
"../../../Engine/Shaders/Private/InstanceCulling/InstanceCompactionCommon.ush" 2814
"../../../Engine/Shaders/Private/SceneDataMobileWriter.ush" 2815
"../../../Engine/Shaders/Private/InstanceCulling/CompactVisibleInstances.usf" 2816
"../../../Engine/Shaders/Private/ReflectionEnvironmentPixelShader.usf" 2817
"../../../Engine/Shaders/Private/AmbientCubemapComposite.usf" 2818
"../../../Engine/Shaders/Private/DiffuseIndirectComposite.usf" 2819
"../../../Engine/Shaders/Private/IESAtlas.usf" 2820
"../../../Engine/Shaders/Private/HeterogeneousVolumes/HeterogeneousVolumesVoxelGridShadows.usf" 2821
"../../../Engine/Shaders/Private/HeterogeneousVolumes/HeterogeneousVolumesStochasticFiltering.ush" 2822
"../../../Engine/Shaders/Private/HeterogeneousVolumes/HeterogeneousVolumesVoxelGridRenderingUtils.ush" 2823
"../../../Engine/Shaders/Private/HeterogeneousVolumes/HeterogeneousVolumesLightingUtils.ush" 2824
"../../../Engine/Shaders/Private/HeterogeneousVolumes/HeterogeneousVolumesVoxelGridRendering.usf" 2825
"../../../Engine/Shaders/Private/HeterogeneousVolumes/HeterogeneousVolumesVoxelGridPipeline.usf" 2826
"../../../Engine/Shaders/Private/HeterogeneousVolumes/HeterogeneousVolumesMaterialBakingPipeline.usf" 2827
"../../../Engine/Shaders/Private/HeterogeneousVolumes/HeterogeneousVolumesLiveShadingUtils.ush" 2828
"../../../Engine/Shaders/Private/HeterogeneousVolumes/HeterogeneousVolumesFrustumVoxelGrid.usf" 2829
"../../../Engine/Shaders/Private/HeterogeneousVolumes/HeterogeneousVolumesSparseVoxelPipeline.usf" 2830
"../../../Engine/Shaders/Private/HeterogeneousVolumes/HeterogeneousVolumesSparseVoxelUtils.ush" 2831
"../../../Engine/Shaders/Private/HeterogeneousVolumes/HeterogeneousVolumesSparseVoxelUniformBufferUtils.ush" 2832
"../../../Engine/Shaders/Private/HeterogeneousVolumes/HeterogeneousVolumesPreshadingPipeline.usf" 2833
"../../../Engine/Shaders/Private/HeterogeneousVolumes/HeterogeneousVolumesLiveShadingShadows.usf" 2834
"../../../Engine/Shaders/Private/HeterogeneousVolumes/HeterogeneousVolumesLiveShadingGlobalPipeline.usf" 2835
"../../../Engine/Shaders/Private/HeterogeneousVolumes/HeterogeneousVolumesLiveShadingPipeline.usf" 2836
"../../../Engine/Shaders/Private/HeterogeneousVolumes/HeterogeneousVolumesHardwareRayTracing.usf" 2837
"../../../Engine/Shaders/Private/HeterogeneousVolumes/HeterogeneousVolumesAmbientOcclusionPipeline.usf" 2838
"../../../Engine/Shaders/Private/HeterogeneousVolumes/HeterogeneousVolumesComposite.usf" 2839
"../../../Engine/Shaders/Private/HdrCustomResolveShaders.usf" 2840
"../../../Engine/Shaders/Private/HairStrands/HairStrandsVoxelRasterCompute.usf" 2841
"../../../Engine/Shaders/Private/HairStrands/HairStrandsHitProxy.usf" 2842
"../../../Engine/Shaders/Private/HairStrands/HairStrandsVisibilityRasterComputeNaive.usf" 2843
"../../../Engine/Shaders/Private/HairStrands/HairStrandsVisibilityRasterHW.usf" 2844
"../../../Engine/Shaders/Private/HairStrands/HairStrandsVisibilityRasterCompute.usf" 2845
"../../../Engine/Shaders/Private/HairStrands/HairStrandsVisibilityRasterClassification.usf" 2846
"../../../Engine/Shaders/Private/HairStrands/HairStrandsCoverage.usf" 2847
"../../../Engine/Shaders/Private/HairStrands/HairStrandsVisibilityDepthPS.usf" 2848
"../../../Engine/Shaders/Private/HairStrands/HairStrandsVisibilityTransmittanceDepthPS.usf" 2849
"../../../Engine/Shaders/Private/HairStrands/HairStrandsVisibilityFillOpaqueDepthPS.usf" 2850
"../../../Engine/Shaders/Private/HairStrands/HairStrandsVisibilityCompactionComputeRaster.usf" 2851
"../../../Engine/Shaders/Private/HairStrands/HairStrandsVisibilityCompaction.usf" 2852
"../../../Engine/Shaders/Private/HairStrands/HairStrandsVisibilityCopyIndirectArg.usf" 2853
"../../../Engine/Shaders/Private/HairStrands/HairStrandsVisibilityClearPS.usf" 2854
"../../../Engine/Shaders/Private/HairStrands/HairStrandsVisibilityPS.usf" 2855
"../../../Engine/Shaders/Private/HairStrands/HairStrandsVisibilityVS.usf" 2856
"../../../Engine/Shaders/Private/HairStrands/HairStrandsVelocity.usf" 2857
"../../../Engine/Shaders/Private/HairStrands/HairStrandsVisibilityComputeSampleCoverage.usf" 2858
"../../../Engine/Shaders/Private/HairStrands/HairStrandsMaterialPS.usf" 2859
"../../../Engine/Shaders/Private/HairStrands/HairStrandsMaterialCommon.ush" 2860
"../../../Engine/Shaders/Private/HairStrands/HairStrandsMaterialVS.usf" 2861
"../../../Engine/Shaders/Private/HairStrands/HairStrandsLightSample.usf" 2862
"../../../Engine/Shaders/Private/HairStrands/HairStrandsDeepShadowMask.usf" 2863
"../../../Engine/Shaders/Private/HairStrands/HairStrandsDeepTransmittanceMask.usf" 2864
"../../../Engine/Shaders/Private/HairStrands/HairStrandsVisibilityTile.usf" 2865
"../../../Engine/Shaders/Private/HairStrands/HairStrandsDeepShadowPS.usf" 2866
"../../../Engine/Shaders/Private/HairStrands/HairStrandsDeepShadowVS.usf" 2867
"../../../Engine/Shaders/Private/HairStrands/HairStrandsAABB.usf" 2868
"../../../Engine/Shaders/Private/HairStrands/HairStrandsLUT.usf" 2869
"../../../Engine/Shaders/Private/HairStrands/HairStrandsForwardRaster.usf" 2870
"../../../Engine/Shaders/Private/HairStrands/HairStrandsForwardCulling.usf" 2871
"../../../Engine/Shaders/Private/HairStrands/HairStrandsEnvironmentLighting.usf" 2872
"../../../Engine/Shaders/Private/HairStrands/HairStrandsEnvironmentAO.usf" 2873
"../../../Engine/Shaders/Private/HairStrands/HairStrandsDeepShadowAllocation.usf" 2874
"../../../Engine/Shaders/Private/HairStrands/HairStrandsVoxelDebug.usf" 2875
"../../../Engine/Shaders/Private/HairStrands/HairStrandsComposition.usf" 2876
"../../../Engine/Shaders/Private/HairStrands/HairStrandsGBufferCommon.ush" 2877
"../../../Engine/Shaders/Private/GPUScene/GPUSceneDataManagement.usf" 2878
"../../../Engine/Shaders/Private/GPUSceneDebugRender.usf" 2879
"../../../Engine/Shaders/Private/GPUFastFourierTransform.usf" 2880
"../../../Engine/Shaders/Private/GPUFastFourierTransform2DCore.ush" 2881
"../../../Engine/Shaders/Private/GPUFastFourierTransformCore.ush" 2882
"../../../Engine/Shaders/Private/GPUBenchmark.usf" 2883
"../../../Engine/Shaders/Private/DistanceField/GlobalDistanceFieldDebug.usf" 2884
"../../../Engine/Shaders/Private/DistanceField/GlobalDistanceFieldUpdate.ush" 2885
"../../../Engine/Shaders/Private/DistanceField/GlobalDistanceFieldMip.usf" 2886
"../../../Engine/Shaders/Private/DistanceField/GlobalDistanceField.usf" 2887
"../../../Engine/Shaders/Private/DistanceField/GlobalDistanceFieldCompositeObjects.usf" 2888
"../../../Engine/Shaders/Private/DistanceField/GlobalDistanceFieldHeightfields.usf" 2889
"../../../Engine/Shaders/Private/HeightfieldLightingShared.ush" 2890
"../../../Engine/Shaders/Private/GenerateConservativeDepth.usf" 2891
"../../../Engine/Shaders/Private/HeightFogPixelShader.usf" 2892
"../../../Engine/Shaders/Private/HeightFogVertexShader.usf" 2893
"../../../Engine/Shaders/Private/DistortFiltering.usf" 2894
"../../../Engine/Shaders/Private/DistortAccumulatePS.usf" 2895
"../../../Engine/Shaders/Private/DistortAccumulateVS.usf" 2896
"../../../Engine/Shaders/Private/DistanceFieldVisualization.usf" 2897
"../../../Engine/Shaders/Private/DistanceFieldStreaming.usf" 2898
"../../../Engine/Shaders/Private/DistanceFieldShadowing.usf" 2899
"../../../Engine/Shaders/Private/DistanceFieldScreenGridLighting.usf" 2900
"../../../Engine/Shaders/Private/DistanceFieldObjectCulling.usf" 2901
"../../../Engine/Shaders/Private/DistanceFieldLightingPost.usf" 2902
"../../../Engine/Shaders/Private/DitheredTransitionStencil.usf" 2903
"../../../Engine/Shaders/Private/CopyDepthTextureCS.usf" 2904
"../../../Engine/Shaders/Private/DeferredDecal.usf" 2905
"../../../Engine/Shaders/Private/DecalCommon.ush" 2906
"../../../Engine/Shaders/Private/DebugViewModeVertexShader.usf" 2907
"../../../Engine/Shaders/Private/DebugViewModeCommon.ush" 2908
"../../../Engine/Shaders/Private/DebugViewModePixelShader.usf" 2909
"../../../Engine/Shaders/Private/DebugProbes.usf" 2910
"../../../Engine/Shaders/Private/MeshDecals.usf" 2911
"../../../Engine/Shaders/Private/PostProcessAmbientOcclusion.usf" 2912
"../../../Engine/Shaders/Private/ClusteredDeferredShadingPixelShader.usf" 2913
"../../../Engine/Shaders/Private/ClusteredDeferredShadingVertexShader.usf" 2914
"../../../Engine/Shaders/Private/CapsuleShadowShaders.usf" 2915
"../../../Engine/Shaders/Private/BasePassPixelShader.usf" 2916
"../../../Engine/Shaders/Private/ForwardLightingCommon.ush" 2917
"../../../Engine/Shaders/Private/Substrate/SubstrateForwardLighting.ush" 2918
"../../../Engine/Shaders/Private/ComputeShaderOutputCommon.ush" 2919
"../../../Engine/Shaders/Private/BasePassVertexShader.usf" 2920
"../../../Engine/Shaders/Private/BasePassVertexCommon.ush" 2921
"../../../Engine/Shaders/Private/SimpleElementVolumeTexturePreviewPixelShader.usf" 2922
"../../../Engine/Shaders/Private/SimpleElementTexture2DPreviewPixelShader.usf" 2923
"../../../Engine/Shaders/Private/SimpleElementNormalMapPixelShader.usf" 2924
"../../../Engine/Shaders/Private/meshpaintdilatepixelshader.usf" 2925
"../../../Engine/Shaders/Private/meshpaintdilatevertexshader.usf" 2926
"../../../Engine/Shaders/Private/MeshPaintPixelShader.usf" 2927
"../../../Engine/Shaders/Private/MeshPaintVertexShader.usf" 2928
"../../../Engine/Shaders/Private/SlateElementPixelShader.usf" 2929
"../../../Engine/Shaders/Private/SlateShaderCommon.ush" 2930
"../../../Engine/Shaders/Private/SlateMaskingShader.usf" 2931
"../../../Engine/Shaders/Private/SlateVertexShader.usf" 2932
"../../../Engine/Shaders/Private/CompositeUIPixelShader.usf" 2933
"../../../Engine/Shaders/Private/ColorDeficiency.ush" 2934
"../../../Engine/Shaders/Private/SlatePostProcessColorDeficiencyPixelShader.usf" 2935
"../../../Engine/Shaders/Private/SlatePostProcessPixelShader.usf" 2936
"../../../Engine/Shaders/Private/Tools/VisualizeTexture.usf" 2937
"../../../Engine/Shaders/Private/UpdateDescriptorHandle.usf" 2938
"../../../Engine/Shaders/Private/ByteBuffer.usf" 2939
"../../../Engine/Shaders/Private/ShaderBundleWorkGraphDispatch.usf" 2940
"../../../Engine/Shaders/Private/ShaderBundleDispatch.usf" 2941
"../../../Engine/Shaders/Private/ResolveVertexShader.usf" 2942
"../../../Engine/Shaders/Private/ResolvePixelShader.usf" 2943
"../../../Engine/Shaders/Private/Tools/SetupIndirectArgs.usf" 2944
"../../../Engine/Shaders/Private/ClearReplacementShaders.usf" 2945
"../../../Engine/Shaders/Private/Tools/DrawTexture.usf" 2946
"../../../Engine/Shaders/Private/RayTracing/RayTracingValidation.usf" 2947
"../../../Engine/Shaders/Private/RenderGraphUtilities.usf" 2948
"../../../Engine/Shaders/Private/OneColorShader.usf" 2949
"../../../Engine/Shaders/Private/OculusShaders.usf" 2950
"../../../Engine/Shaders/Private/MediaShaders.usf" 2951
"../../../Engine/Shaders/Private/GPUMessaging.usf" 2952
"../../../Engine/Shaders/Private/Tools/GPUDebugCrashUtils.usf" 2953
"../../../Engine/Shaders/Private/NullPixelShader.usf" 2954
"../../../Engine/Shaders/Private/ComputeGenerateMips.usf" 2955
"../../../Engine/Shaders/Private/Tools/DumpTexture.usf" 2956
"../../../Engine/Shaders/Private/CopyTextureShaders.usf" 2957
"../../../Engine/Shaders/Private/Tools/FullscreenVertexShader.usf" 2958
"../../../Engine/Shaders/Private/RayTracing/RayTracingDispatchDesc.usf" 2959
"../../../Engine/Shaders/Private/Bink.usf" 2960
"../../../Engine/Shaders/Private/VelocityShader.usf" 2961
"../../../Engine/Shaders/Private/DepthOnlyPixelShader.usf" 2962
"../../../Engine/Shaders/Private/PositionOnlyDepthVertexShader.usf" 2963
"../../../Engine/Shaders/Private/DepthOnlyVertexShader.usf" 2964
"../../../Engine/Shaders/Private/AnisotropyPassShader.usf" 2965
"D:/Skald_TurnBasedStrategy_Code/Content/C++_BPs/Skald_TM.uasset" 2966
"D:/Skald_TurnBasedStrategy_Code/Content/C++_BPs/Skald_MainHUDBP.uasset" 2967
"D:/Skald_TurnBasedStrategy_Code/Content/C++_BPs/Skald_AiController.uasset" 2968
"D:/Skald_TurnBasedStrategy_Code/Content/C++_BPs/Skald_GameInstance.uasset" 2969
"D:/Skald_TurnBasedStrategy_Code/Content/Blueprints/UI/Skald_DiceEntryWidget.uasset" 2970
"D:/Skald_TurnBasedStrategy_Code/Content/Blueprints/UI/Skald_DiceResolutionPanel.uasset" 2971
"D:/Skald_TurnBasedStrategy_Code/Content/Blueprints/UI/Skald_DeployWidget.uasset" 2972
"D:/Skald_TurnBasedStrategy_Code/Content/Blueprints/UI/Skald_BattleResultWidget.uasset" 2973
"D:/Skald_TurnBasedStrategy_Code/Content/Blueprints/UI/Skald_BattleHudWidget.uasset" 2974
"D:/Skald_TurnBasedStrategy_Code/Content/Blueprints/Maps/Skald_BM_Island_01.umap" 2975
"D:/Skald_TurnBasedStrategy_Code/Content/Additions/Realistic_Starter_VFX_Pack_Vol2/Materials/M_Wood.uasset" 2976
"D:/Skald_TurnBasedStrategy_Code/Content/Additions/Realistic_Starter_VFX_Pack_Vol2/Materials/M_Lightning_small.uasset" 2977
"D:/Skald_TurnBasedStrategy_Code/Content/Additions/Realistic_Starter_VFX_Pack_Vol2/Materials/M_Glow_A.uasset" 2978
"/Engine/EditorResources/S_Actor" 2979
"../../../Engine/Content/EditorResources/S_Actor.uasset" 2980
"D:/Skald_TurnBasedStrategy_Code/Content/Blueprints/UI/UISoundFX/WizardWords/WizardVoice_CriticalHit_1_Cue.uasset" 2981
"D:/Skald_TurnBasedStrategy_Code/Content/Additions/Realistic_Starter_VFX_Pack_Vol2/Particles/Destruction/P_Destruction_Electric_Converted.uasset" 2982
"D:/Skald_TurnBasedStrategy_Code/Content/Additions/Realistic_Starter_VFX_Pack_Vol2/Particles/Destruction/P_Destruction_Wood_Converted.uasset" 2983
"/Engine/EditorResources/S_BoxReflectionCapture" 2984
"D:/Skald_TurnBasedStrategy_Code/Content/Additions/Realistic_Starter_VFX_Pack_Vol2/Particles/Destruction/P_Destruction_Ceramic_Converted.uasset" 2985
"D:/Skald_TurnBasedStrategy_Code/Content/Additions/Realistic_Starter_VFX_Pack_Vol2/Particles/Destruction/P_Destruction_Building_A_Converted.uasset" 2986
"../../../Engine/Content/EditorResources/S_BoxReflectionCapture.uasset" 2987
"/Engine/EngineResources/DefaultTexture" 2988
"../../../Engine/Content/EngineResources/DefaultTexture.uasset" 2989
"/Engine/EngineResources/DefaultTextureCube" 2990
"../../../Engine/Content/EngineResources/DefaultTextureCube.uasset" 2991
"/Engine/EngineResources/DefaultVolumeTexture" 2992
"../../../Engine/Content/EngineResources/DefaultVolumeTexture.uasset" 2993
"../../../Engine/Content/EngineResources/DefaultVolumeTexture2D.uasset" 2994
"/Engine/EngineFonts/RobotoDistanceField" 2995
"../../../Engine/Content/EngineFonts/RobotoDistanceField.uasset" 2996
"/Engine/EngineMaterials/DefaultTextMaterialOpaque" 2997
"../../../Engine/Content/EngineMaterials/DefaultTextMaterialOpaque.uasset" 2998
"/Engine/Functions/Engine_MaterialFunctions01/Shading/PowerToRoughness" 2999
"../../../Engine/Content/Functions/Engine_MaterialFunctions01/Shading/PowerToRoughness.uasset" 3000
"/Engine/Functions/Engine_MaterialFunctions01/Shading/ConvertFromDiffSpec" 3001
"../../../Engine/Content/Functions/Engine_MaterialFunctions01/Shading/ConvertFromDiffSpec.uasset" 3002
"/Engine/EngineMaterials/WorldGridMaterial" 3003
"../../../Engine/Content/EngineMaterials/WorldGridMaterial.uasset" 3004
"../../../Engine/Content/Functions/Engine_MaterialFunctions01/Opacity/CameraDepthFade.uasset" 3005
"../../../Engine/Content/EngineMaterials/T_Default_Material_Grid_M.uasset" 3006
"../../../Engine/Content/EngineMaterials/T_Default_Material_Grid_N.uasset" 3007
"/Engine/EngineMaterials/DefaultDeferredDecalMaterial" 3008
"../../../Engine/Content/EngineMaterials/DefaultDeferredDecalMaterial.uasset" 3009
"../../../Engine/Content/EngineMaterials/DefaultDiffuse.uasset" 3010
"/Engine/EngineMaterials/DefaultLightFunctionMaterial" 3011
"../../../Engine/Content/EngineMaterials/DefaultLightFunctionMaterial.uasset" 3012
"/Engine/EngineMaterials/DefaultPostProcessMaterial" 3013
"../../../Engine/Content/EngineMaterials/DefaultPostProcessMaterial.uasset" 3014
"../../../Engine/Content/Functions/Engine_MaterialFunctions02/Utility/BreakOutFloat2Components.uasset" 3015
"/Engine/EditorResources/S_Trigger" 3016
"../../../Engine/Content/EditorResources/S_Trigger.uasset" 3017
"/Engine/EditorResources/S_TriggerBox" 3018
"../../../Engine/Content/EditorResources/S_TriggerBox.uasset" 3019
"/Engine/EditorResources/S_TriggerCapsule" 3020
"../../../Engine/Content/EditorResources/S_TriggerCapsule.uasset" 3021
"/Engine/EditorResources/S_TriggerSphere" 3022
"../../../Engine/Content/EditorResources/S_TriggerSphere.uasset" 3023
"/Engine/EngineDamageTypes/DmgTypeBP_Environmental" 3024
"../../../Engine/Content/EngineDamageTypes/DmgTypeBP_Environmental.uasset" 3025
"/Engine/EngineSky/VolumetricClouds/m_SimpleVolumetricCloud_Inst" 3026
"../../../Engine/Content/EngineSky/VolumetricClouds/m_SimpleVolumetricCloud_Inst.uasset" 3027
"../../../Engine/Content/EngineSky/VolumetricClouds/m_SimpleVolumetricCloud.uasset" 3028
"../../../Engine/Content/Functions/Engine_MaterialFunctions01/Units/Km-to-Cm.uasset" 3029
"../../../Engine/Content/Functions/Engine_MaterialFunctions02/Utility/BreakOutFloat3Components.uasset" 3030
"../../../Engine/Content/Functions/Engine_MaterialFunctions02/Utility/BreakOutFloat4Components.uasset" 3031
"../../../Engine/Content/Functions/Engine_MaterialFunctions02/Utility/MakeFloat3.uasset" 3032
"../../../Engine/Content/Functions/Engine_MaterialFunctions02/Utility/MakeFloat4.uasset" 3033
"../../../Engine/Content/EngineSky/VolumetricClouds/T_CloudMask.uasset" 3034
"../../../Engine/Content/EngineSky/VolumetricClouds/T_CloudPattern.uasset" 3035
"../../../Engine/Content/EngineSky/VolumetricClouds/T_Profile_08.uasset" 3036
"../../../Engine/Content/EngineSky/VolumetricClouds/VT_Lightning.uasset" 3037
"../../../Engine/Content/EngineSky/VolumetricClouds/VT_PerlinWorley_Balanced.uasset" 3038
"/Engine/EngineMeshes/Sphere" 3039
"../../../Engine/Content/EngineMeshes/Sphere.uasset" 3040
"/Engine/EngineResources/WhiteSquareTexture" 3041
"../../../Engine/Content/EngineResources/WhiteSquareTexture.uasset" 3042
"/Engine/EngineResources/GradientTexture0" 3043
"../../../Engine/Content/EngineResources/GradientTexture0.uasset" 3044
"/Engine/EngineResources/Black" 3045
"../../../Engine/Content/EngineResources/Black.uasset" 3046
"/Engine/EngineMaterials/Widget3DPassThrough_Translucent" 3047
"../../../Engine/Content/EngineMaterials/Widget3DPassThrough_Translucent.uasset" 3048
"../../../Engine/Content/EngineMaterials/Widget3DPassThrough.uasset" 3049
"/Engine/EngineMaterials/Widget3DPassThrough_Translucent_OneSided" 3050
"../../../Engine/Content/EngineMaterials/Widget3DPassThrough_Translucent_OneSided.uasset" 3051
"/Engine/EngineMaterials/Widget3DPassThrough_Opaque" 3052
"../../../Engine/Content/EngineMaterials/Widget3DPassThrough_Opaque.uasset" 3053
"/Engine/EngineMaterials/Widget3DPassThrough_Opaque_OneSided" 3054
"../../../Engine/Content/EngineMaterials/Widget3DPassThrough_Opaque_OneSided.uasset" 3055
"/Engine/EngineMaterials/Widget3DPassThrough_Masked" 3056
"../../../Engine/Content/EngineMaterials/Widget3DPassThrough_Masked.uasset" 3057
"/Engine/EngineMaterials/Widget3DPassThrough_Masked_OneSided" 3058
"../../../Engine/Content/EngineMaterials/Widget3DPassThrough_Masked_OneSided.uasset" 3059
"/Engine/VREditor/TransformGizmo/SM_Sequencer_Node" 3060
"../../../Engine/Content/VREditor/TransformGizmo/SM_Sequencer_Node.uasset" 3061
"../../../Engine/Content/VREditor/TransformGizmo/Main.uasset" 3062
"../../../Engine/Content/VREditor/TransformGizmo/Xray.uasset" 3063
"/Engine/EditorResources/S_Solver" 3064
"../../../Engine/Content/EditorResources/S_Solver.uasset" 3065
"/Engine/EngineDebugMaterials/VolumeToRender" 3066
"../../../Engine/Content/EngineDebugMaterials/VolumeToRender.uasset" 3067
"/Engine/EngineDebugMaterials/M_VolumeRenderSphereTracePP" 3068
"../../../Engine/Content/EngineDebugMaterials/M_VolumeRenderSphereTracePP.uasset" 3069
"../../../Engine/Content/Functions/Engine_MaterialFunctions02/Utility/CameraDirectionVector.uasset" 3070
"/Engine/VREditor/ViewportInteractionAssetContainerData" 3071
"../../../Engine/Content/VREditor/ViewportInteractionAssetContainerData.uasset" 3072
"../../../Engine/Content/VREditor/SnapGrid/SnapGridMaterial.uasset" 3073
"../../../Engine/Content/VREditor/TransformGizmo/TransformGizmoMaterial_Inst.uasset" 3074
"../../../Engine/Content/VREditor/TransformGizmo/TranslucentTransformGizmoMaterial_Inst.uasset" 3075
"../../../Engine/Content/VREditor/SnapGrid/SnapGridPlaneMesh.uasset" 3076
"../../../Engine/Content/VREditor/Sounds/UI/Drop_Item_From_ContentBrowser.uasset" 3077
"../../../Engine/Content/VREditor/Sounds/UI/Gizmo_Handle_Clicked.uasset" 3078
"../../../Engine/Content/VREditor/Sounds/UI/Object_PickUp.uasset" 3079
"../../../Engine/Content/VREditor/Sounds/UI/Object_Snaps_To_Another_Actor.uasset" 3080
"../../../Engine/Content/VREditor/Sounds/UI/Object_Snaps_To_Grid.uasset" 3081
"../../../Engine/Content/VREditor/Sounds/UI/Scaling_Down.uasset" 3082
"../../../Engine/Content/VREditor/Sounds/UI/Scaling_Up.uasset" 3083
"../../../Engine/Content/VREditor/Sounds/UI/Selection_Changes.uasset" 3084
"../../../Engine/Content/VREditor/TransformGizmo/PlaneTranslationHandle.uasset" 3085
"../../../Engine/Content/VREditor/TransformGizmo/RotationHandleFull.uasset" 3086
"../../../Engine/Content/VREditor/TransformGizmo/RotationHandleIndicator.uasset" 3087
"../../../Engine/Content/VREditor/TransformGizmo/RotationHandleQuarter.uasset" 3088
"../../../Engine/Content/VREditor/TransformGizmo/StartRotationHandleIndicator.uasset" 3089
"../../../Engine/Content/VREditor/TransformGizmo/TransformGizmoFreeRotation.uasset" 3090
"../../../Engine/Content/VREditor/TransformGizmo/TranslateArrowHandle.uasset" 3091
"../../../Engine/Content/VREditor/TransformGizmo/UniformScaleHandle.uasset" 3092
"../../../Engine/Content/Functions/Engine_MaterialFunctions02/Math/Transform3x3Matrix.uasset" 3093
"../../../Engine/Content/Functions/Engine_MaterialFunctions02/SplitComponents.uasset" 3094
"../../../Engine/Content/VREditor/TransformGizmo/TransformGizmoMaterial.uasset" 3095
"../../../Engine/Content/VREditor/TransformGizmo/TranslucentTransformGizmoMaterial.uasset" 3096
"../../../Engine/Content/VREditor/LaserPointer/VR_LaserPower_01.uasset" 3097
"/Engine/VREditor/TransformGizmo/BoundingBoxCorner" 3098
"../../../Engine/Content/VREditor/TransformGizmo/BoundingBoxCorner.uasset" 3099
"/Engine/VREditor/TransformGizmo/BoundingBoxEdge" 3100
"../../../Engine/Content/VREditor/TransformGizmo/BoundingBoxEdge.uasset" 3101
"/Engine/EditorMeshes/Camera/SM_CraneRig_Base" 3102
"../../../Engine/Content/EditorMeshes/Camera/SM_CraneRig_Base.uasset" 3103
"../../../Engine/Content/EditorMaterials/Camera/MI_CineMat_Rig.uasset" 3104
"../../../Engine/Content/EditorMaterials/Camera/CineMat.uasset" 3105
"/Engine/EditorMeshes/Camera/SM_CraneRig_Arm" 3106
"../../../Engine/Content/EditorMeshes/Camera/SM_CraneRig_Arm.uasset" 3107
"/Engine/EditorMeshes/Camera/SM_CraneRig_Mount" 3108
"../../../Engine/Content/EditorMeshes/Camera/SM_CraneRig_Mount.uasset" 3109
"/Engine/EditorMeshes/Camera/SM_CraneRig_Body" 3110
"../../../Engine/Content/EditorMeshes/Camera/SM_CraneRig_Body.uasset" 3111
"/Engine/EditorMeshes/Camera/SM_RailRig_Track" 3112
"../../../Engine/Content/EditorMeshes/Camera/SM_RailRig_Track.uasset" 3113
"/Engine/EditorMeshes/Camera/SM_RailRig_Mount" 3114
"../../../Engine/Content/EditorMeshes/Camera/SM_RailRig_Mount.uasset" 3115
"/Engine/ArtTools/RenderToTexture/Meshes/S_1_Unit_Plane" 3116
"../../../Engine/Content/ArtTools/RenderToTexture/Meshes/S_1_Unit_Plane.uasset" 3117
"/Engine/EngineDebugMaterials/M_SimpleUnlitTranslucent" 3118
"../../../Engine/Content/EngineDebugMaterials/M_SimpleUnlitTranslucent.uasset" 3119
"/Engine/EngineFonts/Roboto" 3120
"../../../Engine/Content/EngineFonts/Roboto.uasset" 3121
"../../../Engine/Content/EngineFonts/Faces/DroidSansFallback.uasset" 3122
"../../../Engine/Content/EngineFonts/Faces/RobotoBold.uasset" 3123
"../../../Engine/Content/EngineFonts/Faces/RobotoBoldItalic.uasset" 3124
"../../../Engine/Content/EngineFonts/Faces/RobotoItalic.uasset" 3125
"../../../Engine/Content/EngineFonts/Faces/RobotoLight.uasset" 3126
"../../../Engine/Content/EngineFonts/Faces/RobotoRegular.uasset" 3127
"/Engine/EditorMaterials/ParticleSystems/PSysThumbnail_NoImage" 3128
"../../../Engine/Content/EditorMaterials/ParticleSystems/PSysThumbnail_NoImage.uasset" 3129
"/Engine/EditorMaterials/ParticleSystems/PSysThumbnail_OOD" 3130
"../../../Engine/Content/EditorMaterials/ParticleSystems/PSysThumbnail_OOD.uasset" 3131
"/Engine/EditorLandscapeResources/SplineEditorMesh" 3132
"../../../Engine/Content/EditorLandscapeResources/SplineEditorMesh.uasset" 3133
"../../../Engine/Content/EditorLandscapeResources/SplineEditorMeshMat.uasset" 3134
"/Engine/EngineResources/LandscapeVisibilityLayerInfo" 3135
"../../../Engine/Content/EngineResources/LandscapeVisibilityLayerInfo.uasset" 3136
"/HairStrands/Materials/HairDebugMaterial" 3137
"../../Plugins/Runtime/HairStrands/Content/Materials/HairDebugMaterial.uasset" 3138
"../../../Engine/Content/Functions/Engine_MaterialFunctions02/Utility/MakeFloat2.uasset" 3139
"../../../Engine/Content/EngineMaterials/HairColorMap.uasset" 3140
"../../../Engine/Content/EngineMaterials/HairDebugColor.uasset" 3141
"../../Plugins/Runtime/HairStrands/Content/Materials/HairGroupColors.uasset" 3142
"/HairStrands/Materials/HairDefaultMaterial" 3143
"../../Plugins/Runtime/HairStrands/Content/Materials/HairDefaultMaterial.uasset" 3144
"/HairStrands/Materials/HairCardsDefaultMaterial" 3145
"../../Plugins/Runtime/HairStrands/Content/Materials/HairCardsDefaultMaterial.uasset" 3146
"/HairStrands/Materials/HairMeshesDefaultMaterial" 3147
"../../Plugins/Runtime/HairStrands/Content/Materials/HairMeshesDefaultMaterial.uasset" 3148
"/ACLPlugin/ACLAnimBoneCompressionSettings" 3149
"../../Plugins/Animation/ACLPlugin/Content/ACLAnimBoneCompressionSettings.uasset" 3150
"/Engine/Animation/DefaultRecorderBoneCompression" 3151
"../../../Engine/Content/Animation/DefaultRecorderBoneCompression.uasset" 3152
"/ACLPlugin/ACLAnimCurveCompressionSettings" 3153
"../../Plugins/Animation/ACLPlugin/Content/ACLAnimCurveCompressionSettings.uasset" 3154
"/Engine/Animation/DefaultVariableFrameStrippingSettings" 3155
"../../../Engine/Content/Animation/DefaultVariableFrameStrippingSettings.uasset" 3156
"/ControlRig/Controls/ControlRigXRayMaterial" 3157
"../../Plugins/Animation/ControlRig/Content/Controls/ControlRigXRayMaterial.uasset" 3158
"/ControlRig/Controls/DefaultGizmoLibraryNormalized" 3159
"../../Plugins/Animation/ControlRig/Content/Controls/DefaultGizmoLibraryNormalized.uasset" 3160
"/AudioWidgets/AudioMaterialSlate/MI_AudioMaterialToggleButton" 3161
"../../Plugins/Runtime/AudioWidgets/Content/AudioMaterialSlate/MI_AudioMaterialToggleButton.uasset" 3162
"../../Plugins/Runtime/AudioWidgets/Content/AudioMaterialSlate/M_AudioMaterialToggleButton.uasset" 3163
"../../Plugins/Runtime/AudioWidgets/Content/AudioMaterialSlate/Functions/MF_AngleGradient.uasset" 3164
"../../Plugins/Runtime/AudioWidgets/Content/AudioMaterialSlate/Functions/MF_SingleLine.uasset" 3165
"../../Plugins/Runtime/AudioWidgets/Content/AudioMaterialSlate/Functions/MF_SingleLine_Smooth.uasset" 3166
"../../../Engine/Content/Functions/Engine_MaterialFunctions01/Gradient/SphereGradient-2D.uasset" 3167
"../../../Engine/Content/Functions/Engine_MaterialFunctions01/Texturing/ScaleUVsByCenter.uasset" 3168
"../../../Engine/Content/Functions/Engine_MaterialFunctions02/Texturing/CustomRotator.uasset" 3169
"/AudioWidgets/Resources/ScrubHandleDown_Clamped" 3170
"../../Plugins/Runtime/AudioWidgets/Content/Resources/ScrubHandleDown_Clamped.uasset" 3171
"/AudioWidgets/AudioMaterialSlate/MI_AudioMaterialKnob" 3172
"../../Plugins/Runtime/AudioWidgets/Content/AudioMaterialSlate/MI_AudioMaterialKnob.uasset" 3173
"../../Plugins/Runtime/AudioWidgets/Content/AudioMaterialSlate/M_AudioMaterialKnob.uasset" 3174
"../../../Engine/Content/Functions/Engine_MaterialFunctions02/Lerp_3Color.uasset" 3175
"/AudioWidgets/AudioMaterialSlate/MI_AudioMaterialMeter" 3176
"../../Plugins/Runtime/AudioWidgets/Content/AudioMaterialSlate/MI_AudioMaterialMeter.uasset" 3177
"../../Plugins/Runtime/AudioWidgets/Content/AudioMaterialSlate/M_AudioMaterialMeter.uasset" 3178
"../../Plugins/Runtime/AudioWidgets/Content/AudioMaterialSlate/Functions/MF_Lines.uasset" 3179
"/AudioWidgets/AudioMaterialSlate/MI_AudioMaterialEnvelope_ADSR" 3180
"../../Plugins/Runtime/AudioWidgets/Content/AudioMaterialSlate/MI_AudioMaterialEnvelope_ADSR.uasset" 3181
"../../Plugins/Runtime/AudioWidgets/Content/AudioMaterialSlate/M_AudioMaterialEnvelope_ADSR.uasset" 3182
"../../Plugins/Runtime/AudioWidgets/Content/AudioMaterialSlate/Functions/MF_DotOutlined.uasset" 3183
"../../../Engine/Content/Functions/Engine_MaterialFunctions01/Gradient/GeneratedRoundRect.uasset" 3184
"../../../Engine/Content/Functions/Engine_MaterialFunctions02/Utility/VectorLength.uasset" 3185
"/AudioWidgets/AudioMaterialSlate/MI_AudioMaterialRoundedSlider" 3186
"../../Plugins/Runtime/AudioWidgets/Content/AudioMaterialSlate/MI_AudioMaterialRoundedSlider.uasset" 3187
"../../Plugins/Runtime/AudioWidgets/Content/AudioMaterialSlate/M_AudioMaterialRoundedSlider.uasset" 3188
"/Paper2D/MaskedUnlitSpriteMaterial" 3189
"../../Plugins/2D/Paper2D/Content/MaskedUnlitSpriteMaterial.uasset" 3190
"../../Plugins/2D/Paper2D/Content/DefaultSpriteMaterial.uasset" 3191
"../../Plugins/2D/Paper2D/Content/PlaceholderTextures/DummySpriteTexture.uasset" 3192
"/Paper2D/OpaqueUnlitSpriteMaterial" 3193
"../../Plugins/2D/Paper2D/Content/OpaqueUnlitSpriteMaterial.uasset" 3194
"/Paper2D/DefaultPaperTerrainMaterial" 3195
"../../Plugins/2D/Paper2D/Content/DefaultPaperTerrainMaterial.uasset" 3196
"../../Plugins/2D/Paper2D/Content/DummySprite.uasset" 3197
"/ControlRig/M_Manip" 3198
"../../Plugins/Animation/ControlRig/Content/M_Manip.uasset" 3199
"../../../Engine/Content/Functions/Engine_MaterialFunctions02/WorldPositionOffset/CameraOffset.uasset" 3200
"/Game/Blueprints/UI/Skald_DeployWidget" 3201
"../../../../Skald_TurnBasedStrategy_Code/Content/Blueprints/UI/Skald_DeployWidget.uasset" 3202
"../../../../Skald_TurnBasedStrategy_Code/Content/Blueprints/UI/UI_PNGs/ButtonsAndSliders/Slider_Bar_Neutral.uasset" 3203
"../../../../Skald_TurnBasedStrategy_Code/Content/Blueprints/UI/UI_PNGs/CancelButton_Transparent_Upscaled_x4.uasset" 3204
"../../../../Skald_TurnBasedStrategy_Code/Content/Blueprints/UI/UI_PNGs/GreenSeal_Fehu_x4.uasset" 3205
"../../../../Skald_TurnBasedStrategy_Code/Content/Blueprints/UI/UISoundFX/Button_01.uasset" 3206
"../../../../Skald_TurnBasedStrategy_Code/Content/Blueprints/UI/UISoundFX/Button_02.uasset" 3207
"/Game/Blueprints/UI/Skald_ConfirmAttackWidget" 3208
"../../../../Skald_TurnBasedStrategy_Code/Content/Blueprints/UI/Skald_ConfirmAttackWidget.uasset" 3209
"../../../../Skald_TurnBasedStrategy_Code/Content/Blueprints/UI/UISoundFX/AttackConfirmed.uasset" 3210
"/Game/Blueprints/UI/Skald_ChoosePlayerWidget" 3211
"../../../../Skald_TurnBasedStrategy_Code/Content/Blueprints/UI/Skald_ChoosePlayerWidget.uasset" 3212
"../../../../Skald_TurnBasedStrategy_Code/Content/Blueprints/UI/UI_PNGs/Button_Frame_Upscaled_x4.uasset" 3213
"../../../../Skald_TurnBasedStrategy_Code/Content/Blueprints/UI/UI_PNGs/MainMenuFrame.uasset" 3214
"/Game/Blueprints/UI/Skald_SaveGameWidget" 3215
"../../../../Skald_TurnBasedStrategy_Code/Content/Blueprints/UI/Skald_SaveGameWidget.uasset" 3216
"/Game/Blueprints/UI/Skald_LoadGameWidget" 3217
"../../../../Skald_TurnBasedStrategy_Code/Content/Blueprints/UI/Skald_LoadGameWidget.uasset" 3218
"/Game/Blueprints/UI/Skald_SettingsWidget" 3219
"../../../../Skald_TurnBasedStrategy_Code/Content/Blueprints/UI/Skald_SettingsWidget.uasset" 3220
"../../../../Skald_TurnBasedStrategy_Code/Content/Blueprints/UI/UI_PNGs/A_traditional_painting_in_a_highly_detailed__reali_x8.uasset" 3221
"../../../../Skald_TurnBasedStrategy_Code/Content/Blueprints/UI/UI_PNGs/ButtonsAndSliders/Menu.uasset" 3222
"../../../../Skald_TurnBasedStrategy_Code/Content/Blueprints/UI/UI_PNGs/ButtonsAndSliders/Select.uasset" 3223
"../../../../Skald_TurnBasedStrategy_Code/Content/Blueprints/UI/UI_PNGs/ButtonsAndSliders/Slider_Thumb_Neutral.uasset" 3224
"../../../../Skald_TurnBasedStrategy_Code/Content/Blueprints/UI/UI_PNGs/PrimaryButton_Transparent_Upscaled_x4.uasset" 3225
"../../../../Skald_TurnBasedStrategy_Code/Content/Blueprints/UI/UISoundFX/AcceptButton.uasset" 3226
"../../../../Skald_TurnBasedStrategy_Code/Content/Blueprints/UI/UISoundFX/MainButton.uasset" 3227
"/Game/Blueprints/UI/Skald_StartGameWidget" 3228
"../../../../Skald_TurnBasedStrategy_Code/Content/Blueprints/UI/Skald_StartGameWidget.uasset" 3229
"../../../../Skald_TurnBasedStrategy_Code/Content/Blueprints/UI/UI_PNGs/ButtonsAndSliders/Lock_In.uasset" 3230
"../../../../Skald_TurnBasedStrategy_Code/Content/Blueprints/UI/UI_PNGs/TerritoriesPanel_Parchment_Upscaled_x4.uasset" 3231
"../../../../Skald_TurnBasedStrategy_Code/Content/Blueprints/UI/UISoundFX/Lockin_Button.uasset" 3232
"/Engine/BasicShapes/Sphere" 3233
"../../../Engine/Content/BasicShapes/Sphere.uasset" 3234
"../../../Engine/Content/EngineMaterials/DefaultMaterial.uasset" 3235
"/Engine/BasicShapes/BasicShapeMaterial" 3236
"../../../Engine/Content/BasicShapes/BasicShapeMaterial.uasset" 3237
"D:/UE5.5.4/Default.uprojectdirs" 3238
"../../../Engine/Intermediate/ProjectFiles/PrimaryProjectPath.txt" 3239
"/SpeedTreeImporter/SpeedTree9/SpeedTreeMaster" 3240
"../../Plugins/Editor/SpeedTreeImporter/Content/SpeedTree9/SpeedTreeMaster.uasset" 3241
"../../../Engine/Content/Functions/Engine_MaterialFunctions02/ObjectLocalBounds.uasset" 3242
"../../../Engine/Content/Functions/Engine_MaterialFunctions02/SafeNormalize.uasset" 3243
"../../../Engine/Content/Functions/Engine_MaterialFunctions02/UVs/BoundingBoxBased_0-1_UVW.uasset" 3244
"../../../Engine/Content/Functions/Engine_MaterialFunctions02/WorldPositionOffset/ObjectScale.uasset" 3245
"../../Plugins/Editor/SpeedTreeImporter/Content/SpeedTree9/SpeedTreeBranchMotion.uasset" 3246
"../../Plugins/Editor/SpeedTreeImporter/Content/SpeedTree9/SpeedTreeCameraFacing.uasset" 3247
"../../Plugins/Editor/SpeedTreeImporter/Content/SpeedTree9/SpeedTreeWind.uasset" 3248
"../../Plugins/Editor/SpeedTreeImporter/Content/SpeedTree9/SpeedTreeWindMotion.uasset" 3249
"../../Plugins/Editor/SpeedTreeImporter/Content/SpeedTree9/UnpackDirection.uasset" 3250
"../../Plugins/Editor/SpeedTreeImporter/Content/SpeedTree9/UnpackInteger3.uasset" 3251
"../../Plugins/Editor/SpeedTreeImporter/Content/SpeedTree9/Empty.uasset" 3252
"../../Plugins/Editor/SpeedTreeImporter/Content/SpeedTree9/EmptyNormal.uasset" 3253
"../../Plugins/Editor/SpeedTreeImporter/Content/SpeedTree9/game_wind_noise.uasset" 3254
"/SpeedTreeImporter/SpeedTree9/SpeedTreeBillboardMaster" 3255
"../../Plugins/Editor/SpeedTreeImporter/Content/SpeedTree9/SpeedTreeBillboardMaster.uasset" 3256
"../../Plugins/Editor/SpeedTreeImporter/Content/SpeedTree9/SpeedTreeBillboard.uasset" 3257
"/Landmass/Landscape/BlueprintBrushes/Materials/Internal/BrushBounds" 3258
"../../Plugins/Experimental/Landmass/Content/Landscape/BlueprintBrushes/Materials/Internal/BrushBounds.uasset" 3259
"../../../Engine/Content/EditorMaterials/TilingAAGrid.uasset" 3260
"../../../Engine/Content/EditorMaterials/TilingAALineBoxFiltered.uasset" 3261
"../../../Engine/Content/EditorMaterials/TilingAALineIntegral.uasset" 3262
"../../../Engine/Content/Functions/Engine_MaterialFunctions01/ImageAdjustment/SCurve.uasset" 3263
"../../../Engine/Content/Functions/Engine_MaterialFunctions02/WorldPositionOffset/V2/ObjectScale.uasset" 3264
"../../../Engine/Content/Functions/Engine_MaterialFunctions03/Blends/Blend_Screen.uasset" 3265
"../../../Engine/Content/Functions/Engine_MaterialFunctions03/Procedurals/ComputeFilterWidth.uasset" 3266
"../../Plugins/Experimental/Landmass/Content/Landscape/BlueprintBrushes/Materials/BrushMaterials/BasicFunctions/LandmassBrush_ShapeMask.uasset" 3267
"../../Plugins/Experimental/Landmass/Content/Landscape/BlueprintBrushes/MF/Landmass_BrushTilt.uasset" 3268
"../../Plugins/Experimental/Landmass/Content/Landscape/BlueprintBrushes/MF/LandmassBrush_EdgeFalloff.uasset" 3269
"../../Plugins/Experimental/Landmass/Content/Landscape/BlueprintBrushes/MF/LandmassBrush_Noise.uasset" 3270
"../../Plugins/Experimental/Landmass/Content/Landscape/BlueprintBrushes/MF/LandmassBrush_UVs.uasset" 3271
"../../Plugins/Experimental/Landmass/Content/Landscape/BlueprintBrushes/MF/PointSampleLandscapeUVs.uasset" 3272
"../../Plugins/Experimental/Landmass/Content/Landscape/OldPrototype_BP/Mats/MF/UnpackRG8Height.uasset" 3273
"../../Plugins/Experimental/Landmass/Content/Landscape/BlueprintBrushes/MPC/MPC_Landscape.uasset" 3274
"../../../Engine/Content/ArtTools/RenderToTexture/Textures/T_EV_BlankWhite_01.uasset" 3275
"../../../Engine/Content/EngineMaterials/BlendFunc_DefBase.uasset" 3276
"../../../Engine/Content/EngineMaterials/BlendFunc_DefBlend.uasset" 3277
"../../../Engine/Content/EngineResources/Black_Low.uasset" 3278
"/Landmass/Landscape/Meshes/S_SpritePlane" 3279
"../../Plugins/Experimental/Landmass/Content/Landscape/Meshes/S_SpritePlane.uasset" 3280
"/Landmass/Landscape/BlueprintBrushes/Materials/Sprite/M_BrushSprite_01" 3281
"../../Plugins/Experimental/Landmass/Content/Landscape/BlueprintBrushes/Materials/Sprite/M_BrushSprite_01.uasset" 3282
"../../../Engine/Content/Functions/Engine_MaterialFunctions02/WorldPositionOffset/ComponentPivotLocation.uasset" 3283
"../../../Engine/Content/Functions/Engine_MaterialFunctions02/WorldPositionOffset/Sprite.uasset" 3284
"../../../Engine/Content/EditorResources/S_Terrain.uasset" 3285
"/MediaPlate/SM_MediaPlateScreen" 3286
"../../Plugins/Media/MediaPlate/Content/SM_MediaPlateScreen.uasset" 3287
"/Engine/EditorMaterials/Dataflow/DataflowVertexMaterial" 3288
"../../../Engine/Content/EditorMaterials/Dataflow/DataflowVertexMaterial.uasset" 3289
"/Engine/EditorMaterials/Dataflow/DataflowTwoSidedVertexMaterial" 3290
"../../../Engine/Content/EditorMaterials/Dataflow/DataflowTwoSidedVertexMaterial.uasset" 3291
"C:/Users/Matrocoles/AppData/Local/UnrealEngine/Editor/UInteractiveToolsPresetCollectionAsset_DefaultCollection.json" 3292
"/Engine/EngineMaterials/NaniteHiddenSectionMaterial" 3293
"../../../Engine/Content/EngineMaterials/NaniteHiddenSectionMaterial.uasset" 3294
"/Engine/EngineMaterials/RemoveSurfaceMaterial" 3295
"../../../Engine/Content/EngineMaterials/RemoveSurfaceMaterial.uasset" 3296
"/Engine/EngineDebugMaterials/DebugMeshMaterial" 3297
"../../../Engine/Content/EngineDebugMaterials/DebugMeshMaterial.uasset" 3298
"/Engine/EngineMaterials/EmissiveMeshMaterial" 3299
"../../../Engine/Content/EngineMaterials/EmissiveMeshMaterial.uasset" 3300
"../../../Engine/Content/EngineMaterials/DefaultWhiteGrid_Low.uasset" 3301
"/Engine/EngineMaterials/M_InvalidLightmapSettings" 3302
"../../../Engine/Content/EngineMaterials/M_InvalidLightmapSettings.uasset" 3303
"../../../Engine/Content/EngineMaterials/InvalidLightmapSettings.uasset" 3304
"/Engine/EngineMaterials/GizmoMaterial" 3305
"../../../Engine/Content/EngineMaterials/GizmoMaterial.uasset" 3306
"/Engine/EngineMaterials/PhAT_JointLimitMaterial" 3307
"../../../Engine/Content/EngineMaterials/PhAT_JointLimitMaterial.uasset" 3308
"/Engine/EngineMaterials/FlattenMaterial" 3309
"../../../Engine/Content/EngineMaterials/FlattenMaterial.uasset" 3310
"../../../Engine/Content/EngineMaterials/BaseFlattenDiffuseMap.uasset" 3311
"../../../Engine/Content/EngineMaterials/BaseFlattenEmissiveMap.uasset" 3312
"../../../Engine/Content/EngineMaterials/BaseFlattenGrayscaleMap.uasset" 3313
"../../../Engine/Content/EngineMaterials/BaseFlattenLinearColor.uasset" 3314
"../../../Engine/Content/EngineMaterials/BaseFlattenNormalMap.uasset" 3315
"../../../Engine/Content/Functions/Engine_MaterialFunctions02/PivotPainter2/Black_1x1_EXR_Texture.uasset" 3316
"/Engine/EngineMaterials/FlattenMaterial_VT" 3317
"../../../Engine/Content/EngineMaterials/FlattenMaterial_VT.uasset" 3318
"../../../Engine/Content/EngineMaterials/BaseFlattenDiffuseMap_VT.uasset" 3319
"../../../Engine/Content/EngineMaterials/BaseFlattenEmissiveMap_VT.uasset" 3320
"../../../Engine/Content/EngineMaterials/BaseFlattenGrayscaleMap_VT.uasset" 3321
"../../../Engine/Content/EngineMaterials/BaseFlattenLinearColor_VT.uasset" 3322
"../../../Engine/Content/EngineMaterials/BaseFlattenNormalMap_VT.uasset" 3323
"../../../Engine/Content/EngineMaterials/Black_1x1_EXR_Texture_VT.uasset" 3324
"/Engine/EngineMaterials/FlattenMaterial_WS_Normal_VT" 3325
"../../../Engine/Content/EngineMaterials/FlattenMaterial_WS_Normal_VT.uasset" 3326
"/Engine/EngineMaterials/Good64x64TilingNoiseHighFreq" 3327
"../../../Engine/Content/EngineMaterials/Good64x64TilingNoiseHighFreq.uasset" 3328
"/Engine/EngineMaterials/DefaultBokeh" 3329
"../../../Engine/Content/EngineMaterials/DefaultBokeh.uasset" 3330
"/Engine/EngineMaterials/MiniFont" 3331
"../../../Engine/Content/EngineMaterials/MiniFont.uasset" 3332
"/Engine/EngineMaterials/WeightMapPlaceholderTexture" 3333
"../../../Engine/Content/EngineMaterials/WeightMapPlaceholderTexture.uasset" 3334
"/Engine/EngineMaterials/WeightMapArrayPlaceholderTexture" 3335
"../../../Engine/Content/EngineMaterials/WeightMapArrayPlaceholderTexture.uasset" 3336
"/Engine/EngineMaterials/DefaultWhiteGrid" 3337
"../../../Engine/Content/EngineMaterials/DefaultWhiteGrid.uasset" 3338
"/Engine/EngineMaterials/PreintegratedSkinBRDF" 3339
"../../../Engine/Content/EngineMaterials/PreintegratedSkinBRDF.uasset" 3340
"/Engine/EngineMaterials/LTC/GGX_LTCAmp" 3341
"../../../Engine/Content/EngineMaterials/LTC/GGX_LTCAmp.uasset" 3342
"/Engine/EngineMaterials/LTC/GGX_LTCMat" 3343
"../../../Engine/Content/EngineMaterials/LTC/GGX_LTCMat.uasset" 3344
"/Engine/EngineMaterials/EnergyConservation/GGX_ReflectionEnergy" 3345
"../../../Engine/Content/EngineMaterials/EnergyConservation/GGX_ReflectionEnergy.uasset" 3346
"/Engine/EngineMaterials/EnergyConservation/GGX_TransmissionEnergyArray" 3347
"../../../Engine/Content/EngineMaterials/EnergyConservation/GGX_TransmissionEnergyArray.uasset" 3348
"/Engine/EngineMaterials/EnergyConservation/SheenLegacy_Energy" 3349
"../../../Engine/Content/EngineMaterials/EnergyConservation/SheenLegacy_Energy.uasset" 3350
"/Engine/EngineMaterials/DefaultPhysicalMaterial" 3351
"../../../Engine/Content/EngineMaterials/DefaultPhysicalMaterial.uasset" 3352
"/Engine/EngineMaterials/DefaultDestructiblePhysicalMaterial" 3353
"../../../Engine/Content/EngineMaterials/DefaultDestructiblePhysicalMaterial.uasset" 3354
"/MeshModelingToolset/Materials/M_DynamicMeshComponentVtxColor" 3355
"../../Plugins/Runtime/MeshModelingToolset/Content/Materials/M_DynamicMeshComponentVtxColor.uasset" 3356
"/Niagara/ParameterDefinitions/SpriteRenderer" 3357
"../../Plugins/FX/Niagara/Content/ParameterDefinitions/SpriteRenderer.uasset" 3358
"/Niagara/ParameterDefinitions/RibbonRenderer" 3359
"../../Plugins/FX/Niagara/Content/ParameterDefinitions/RibbonRenderer.uasset" 3360
"/Niagara/ParameterDefinitions/MeshRenderer" 3361
"../../Plugins/FX/Niagara/Content/ParameterDefinitions/MeshRenderer.uasset" 3362
"/Niagara/ParameterDefinitions/LightRenderer" 3363
"../../Plugins/FX/Niagara/Content/ParameterDefinitions/LightRenderer.uasset" 3364
"/Niagara/ParameterDefinitions/DecalRenderer" 3365
"../../Plugins/FX/Niagara/Content/ParameterDefinitions/DecalRenderer.uasset" 3366
"/Niagara/ParameterDefinitions/CoreParameters" 3367
"../../Plugins/FX/Niagara/Content/ParameterDefinitions/CoreParameters.uasset" 3368
"/DeformerGraph/Deformers/DG_LinearBlendSkin_Morph_Cloth" 3369
"../../Plugins/Animation/DeformerGraph/Content/Deformers/DG_LinearBlendSkin_Morph_Cloth.uasset" 3370
"/DeformerGraph/DeformerFunctions/DG_Function_LinearBlendSkin_Morph_Cloth" 3371
"../../Plugins/Animation/DeformerGraph/Content/DeformerFunctions/DG_Function_LinearBlendSkin_Morph_Cloth.uasset" 3372
"/DeformerGraph/Deformers/DG_LinearBlendSkin_Morph_Cloth_RecomputeNormals" 3373
"../../Plugins/Animation/DeformerGraph/Content/Deformers/DG_LinearBlendSkin_Morph_Cloth_RecomputeNormals.uasset" 3374
"/DeformerGraph/DeformerFunctions/DG_Function_LinearBlendSkin_Morph_Cloth_PositionOnly" 3375
"../../Plugins/Animation/DeformerGraph/Content/DeformerFunctions/DG_Function_LinearBlendSkin_Morph_Cloth_PositionOnly.uasset" 3376
"/DeformerGraph/DeformerFunctions/DG_Function_ComputeNormalsTangents" 3377
"../../Plugins/Animation/DeformerGraph/Content/DeformerFunctions/DG_Function_ComputeNormalsTangents.uasset" 3378
"/Engine/BasicShapes/Cube" 3379
"../../../Engine/Content/BasicShapes/Cube.uasset" 3380
"/Engine/BasicShapes/Cylinder" 3381
"../../../Engine/Content/BasicShapes/Cylinder.uasset" 3382
"/Engine/BasicShapes/Cone" 3383
"../../../Engine/Content/BasicShapes/Cone.uasset" 3384
"/Engine/BasicShapes/Plane" 3385
"../../../Engine/Content/BasicShapes/Plane.uasset" 3386
"../../../Engine/Documentation/Source/Shared/Types/ABrush/ABrush.INT.udn" 3387
"../../../Engine/Content/Internationalization/icudt64l/brkitr/en_US.res" 3388
"../../../Engine/Content/Internationalization/icudt64l/brkitr/en.res" 3389
"../../../Engine/Content/Internationalization/icudt64l/brkitr/root.res" 3390
"../../../Engine/Content/Internationalization/icudt64l/brkitr/char.brk" 3391
"../../../Engine/Content/Internationalization/icudt64l/brkitr/word.brk" 3392
"/Engine/EditorResources/SequenceRecorder/Countdown" 3393
"../../../Engine/Content/EditorResources/SequenceRecorder/Countdown.uasset" 3394
"/Engine/EditorResources/SequenceRecorder/RecordingIndicator" 3395
"../../../Engine/Content/EditorResources/SequenceRecorder/RecordingIndicator.uasset" 3396
"/Engine/EditorMaterials/PhAT_UnselectedMaterial" 3397
"../../../Engine/Content/EditorMaterials/PhAT_UnselectedMaterial.uasset" 3398
"/Engine/EditorMaterials/PhAT_NoCollisionMaterial" 3399
"../../../Engine/Content/EditorMaterials/PhAT_NoCollisionMaterial.uasset" 3400
"/Engine/EditorLandscapeResources/DefaultAlphaTexture" 3401
"../../../Engine/Content/EditorLandscapeResources/DefaultAlphaTexture.uasset" 3402
"../../../Engine/Plugins/FX/Niagara/Shaders/Private/NiagaraDataInterfaceTexture2DArrayTemplate.ush" 3403
"../../../Engine/Plugins/FX/Niagara/Shaders/Private/NiagaraDataInterfaceActorComponentTemplate.ush" 3404
"../../../Engine/Plugins/FX/Niagara/Shaders/Private/NiagaraDataInterfaceArrayTemplate.ush" 3405
"../../../Engine/Plugins/FX/Niagara/Shaders/Private/NiagaraDataInterfaceArrayRWTemplate.ush" 3406
"../../../Engine/Plugins/FX/Niagara/Shaders/Private/NiagaraDataInterfaceAsyncGpuTrace.ush" 3407
"../../../Engine/Plugins/FX/Niagara/Shaders/Private/NiagaraDataInterfaceAsyncGpuTraceTemplate.ush" 3408
"../../../Engine/Plugins/FX/Niagara/Shaders/Private/NiagaraDataInterfaceCamera.ush" 3409
"../../../Engine/Plugins/Experimental/ChaosNiagara/Shaders/NiagaraDataInterfaceChaosDestruction.ush" 3410
"../../../Engine/Plugins/FX/Niagara/Shaders/Private/NiagaraDataInterfaceCollisionQuery.ush" 3411
"D:/Skald_TurnBasedStrategy_Code/Intermediate/ShaderAutogen/PCD3D_SM5/AutogenShaderHeaders.ush" 3412
"../../../Engine/Plugins/FX/Niagara/Shaders/Private/NiagaraDataInterfaceCollisionQueryTemplate.ush" 3413
"../../../Engine/Plugins/FX/Niagara/Shaders/Private/NiagaraDataInterfaceCurveTemplate.ush" 3414
"../../../Engine/Plugins/FX/Niagara/Shaders/Private/NiagaraDataInterfaceCubeTextureTemplate.ush" 3415
"../../../Engine/Plugins/FX/Niagara/Shaders/Private/DataChannel/NiagaraDataInterfaceDataChannelCommon.ush" 3416
"../../../Engine/Plugins/FX/Niagara/Shaders/Private/DataChannel/NiagaraDataInterfaceDataChannelTemplateCommon.ush" 3417
"../../../Engine/Plugins/FX/Niagara/Shaders/Private/DataChannel/NiagaraDataInterfaceDataChannelTemplateReadCommon.ush" 3418
"../../../Engine/Plugins/FX/Niagara/Shaders/Private/DataChannel/NiagaraDataInterfaceDataChannelTemplate_Read.ush" 3419
"../../../Engine/Plugins/FX/Niagara/Shaders/Private/DataChannel/NiagaraDataInterfaceDataChannelTemplate_Consume.ush" 3420
"../../../Engine/Plugins/FX/Niagara/Shaders/Private/DataChannel/NiagaraDataInterfaceDataChannelTemplateWriteCommon.ush" 3421
"../../../Engine/Plugins/FX/Niagara/Shaders/Private/DataChannel/NiagaraDataInterfaceDataChannelTemplate_Append.ush" 3422
"../../../Engine/Plugins/FX/Niagara/Shaders/Private/NiagaraDataInterfaceDebugDraw.ush" 3423
"../../../Engine/Plugins/FX/Niagara/Shaders/Private/NiagaraDataInterfaceDebugDrawTemplate.ush" 3424
"../../../Engine/Plugins/FX/Niagara/Shaders/Private/NiagaraDataInterfaceDynamicMeshTemplate.ush" 3425
"../../../Engine/Plugins/FX/Niagara/Shaders/Private/NiagaraDataInterfaceEmitterPropertiesTemplate.ush" 3426
"../../../Engine/Plugins/FX/Niagara/Shaders/Private/NiagaraDataInterfaceExportTemplate.ush" 3427
"../../../Engine/Plugins/FX/Niagara/Shaders/Private/NiagaraDataInterfaceGBufferTemplate.ush" 3428
"../../../Engine/Plugins/Experimental/ChaosNiagara/Shaders/NiagaraDataInterfaceGeometryCollection.ush" 3429
"../../../Engine/Plugins/FX/Niagara/Shaders/Private/NiagaraTransformUtils.ush" 3430
"../../../Engine/Plugins/Runtime/HairStrands/Shaders/Private/NiagaraStrandsExternalForce.ush" 3431
"../../../Engine/Plugins/Runtime/HairStrands/Shaders/Private/NiagaraHookeSpringMaterial.ush" 3432
"../../../Engine/Plugins/Runtime/HairStrands/Shaders/Private/NiagaraAngularSpringMaterial.ush" 3433
"../../../Engine/Plugins/Runtime/HairStrands/Shaders/Private/NiagaraConstantVolumeMaterial.ush" 3434
"../../../Engine/Plugins/Runtime/HairStrands/Shaders/Private/NiagaraCosseratRodMaterial.ush" 3435
"../../../Engine/Plugins/Runtime/HairStrands/Shaders/Private/NiagaraStaticCollisionConstraint.ush" 3436
"../../../Engine/Plugins/Runtime/HairStrands/Shaders/Private/NiagaraDataInterfaceHairStrands.ush" 3437
"../../../Engine/Plugins/Runtime/HairStrands/Shaders/Private/NiagaraDataInterfaceHairStrandsTemplate.ush" 3438
"../../../Engine/Plugins/FX/Niagara/Shaders/Private/NiagaraDataInterfaceIntRenderTarget2D.ush" 3439
"../../../Engine/Plugins/FX/Niagara/Shaders/Private/NiagaraDataInterfaceLandscape.ush" 3440
"../../../Engine/Plugins/FX/Niagara/Shaders/Private/NiagaraDataInterfaceMemoryBufferTemplate.ush" 3441
"../../../Engine/Plugins/FX/Niagara/Shaders/Private/NiagaraDataInterfaceMeshRendererInfoTemplate.ush" 3442
"../../../Engine/Plugins/FX/Niagara/Shaders/Private/NiagaraDataInterfaceOcclusion.ush" 3443
"../../../Engine/Plugins/FX/Niagara/Shaders/Private/NiagaraDataInterfacePhysicsAsset.ush" 3444
"../../../Engine/Plugins/Experimental/ChaosNiagara/Shaders/NiagaraDataInterfacePhysicsField.ush" 3445
"../../../Engine/Plugins/FX/Niagara/Shaders/Private/NiagaraDataInterfacePlatformSetTemplate.ush" 3446
"../../../Engine/Plugins/Runtime/HairStrands/Shaders/Private/NiagaraDataInterfaceVelocityGrid.ush" 3447
"../../../Engine/Plugins/Runtime/HairStrands/Shaders/Private/NiagaraDataInterfaceVelocityGridTemplate.ush" 3448
"../../../Engine/Plugins/Runtime/HairStrands/Shaders/Private/NiagaraDataInterfacePressureGrid.ush" 3449
"../../../Engine/Plugins/Runtime/HairStrands/Shaders/Private/NiagaraDataInterfacePressureGridTemplate.ush" 3450
"../../../Engine/Plugins/FX/Niagara/Shaders/Private/NiagaraDataInterfaceRenderTarget2DTemplate.ush" 3451
"../../../Engine/Plugins/FX/Niagara/Shaders/Private/NiagaraDataInterfaceRenderTarget2DArrayTemplate.ush" 3452
"../../../Engine/Plugins/FX/Niagara/Shaders/Private/NiagaraDataInterfaceRenderTargetCubeTemplate.ush" 3453
"../../../Engine/Plugins/FX/Niagara/Shaders/Private/NiagaraDataInterfaceRenderTargetVolumeTemplate.ush" 3454
"../../../Engine/Plugins/FX/Niagara/Shaders/Private/NiagaraDataInterfaceRigidMeshCollisionQuery.ush" 3455
"../../../Engine/Plugins/FX/Niagara/Shaders/Private/NiagaraDistanceFieldQueries.ush" 3456
"../../../Engine/Plugins/FX/Niagara/Shaders/Private/NiagaraDataInterfaceSceneCapture2DTemplate.ush" 3457
"../../../Engine/Plugins/FX/Niagara/Shaders/Private/NiagaraDataInterfaceSimCacheReaderTemplate.ush" 3458
"../../../Engine/Plugins/FX/Niagara/Shaders/Private/NiagaraDataInterfaceSimpleCounterTemplate.ush" 3459
"../../../Engine/Plugins/FX/Niagara/Shaders/Private/NiagaraDataInterfaceSkeletalMesh.ush" 3460
"../../../Engine/Plugins/FX/Niagara/Shaders/Private/NiagaraBaryCentricUtils.ush" 3461
"../../../Engine/Plugins/FX/Niagara/Shaders/Private/NiagaraDataInterfaceSkeletalMeshTemplate.ush" 3462
"../../../Engine/Plugins/FX/Niagara/Shaders/Private/NiagaraDataInterfaceSocketReaderTemplate.ush" 3463
"../../../Engine/Plugins/FX/Niagara/Shaders/Private/NiagaraDataInterfaceSparseVolumeTextureTemplate.ush" 3464
"../../../Engine/Plugins/FX/Niagara/Shaders/Private/NiagaraDataInterfaceSplineTemplate.ush" 3465
"../../../Engine/Plugins/FX/Niagara/Shaders/Private/NiagaraDataInterfaceSpriteRendererInfoTemplate.ush" 3466
"../../../Engine/Plugins/FX/Niagara/Shaders/Private/NiagaraDataInterfaceStaticMeshTemplate.ush" 3467
"../../../Engine/Plugins/FX/Niagara/Shaders/Private/NiagaraDataInterfaceTextureTemplate.ush" 3468
"../../../Engine/Plugins/FX/Niagara/Shaders/Private/NiagaraDataInterfaceVirtualTexture.ush" 3469
"../../../Engine/Plugins/FX/Niagara/Shaders/Private/NiagaraDataInterfaceVirtualTextureTemplate.ush" 3470
"../../../Engine/Plugins/FX/Niagara/Shaders/Private/NiagaraDataInterfaceVolumeCache.ush" 3471
"../../../Engine/Plugins/FX/Niagara/Shaders/Private/NiagaraDataInterfaceVolumeTextureTemplate.ush" 3472
"../../../../Skald_TurnBasedStrategy_Code/Intermediate/ShaderAutogen/PCD3D_SM5/AutogenShaderHeaders.ush" 3473
"../../../Engine/Content/EngineMaterials/LTC/Sheen_LTC.uasset" 3474
"../../../Engine/Content/EngineMaterials/EnergyConservation/Diffuse_Energy.uasset" 3475
"../../../Engine/Content/EngineSounds/Master.uasset" 3476
"../../../Engine/Content/EngineMaterials/EnergyConservation/Sheen_Energy.uasset" 3477
"../../../Engine/Content/EngineMaterials/FastBlueNoise_vec2_128x128x64.uasset" 3478
"../../../Engine/Plugins/Animation/ControlRig/Content/Controls/ControlRigGizmoMaterial.uasset" 3479
"../../../Engine/Content/EngineMaterials/FastBlueNoise_scalar_128x128x64.uasset" 3480
"../../../Engine/Content/EngineResources/FilmGrains/Marcie_Grain_v3_128_M2_000.uasset" 3481
"../../../Engine/Content/EngineMaterials/DefaultBloomKernel.uasset" 3482
"../../../Engine/Content/EditorResources/BSPVertex.uasset" 3483
"../../../Engine/Content/EngineDebugMaterials/DebugEditorMaterial.uasset" 3484
"/ControlRig/Controls/ControlRigGizmoMaterial" 3485
"/Engine/EngineSounds/Master" 3486
"/Engine/EngineMaterials/EnergyConservation/Diffuse_Energy" 3487
"/Engine/EngineMaterials/EnergyConservation/Sheen_Energy" 3488
"/Engine/EngineMaterials/LTC/Sheen_LTC" 3489
"/Engine/EngineMaterials/FastBlueNoise_vec2_128x128x64" 3490
"/Engine/EngineMaterials/FastBlueNoise_scalar_128x128x64" 3491
"/Engine/EngineDebugMaterials/DebugEditorMaterial" 3492
"/Engine/EngineResources/FilmGrains/Marcie_Grain_v3_128_M2_000" 3493
"/Engine/EngineMaterials/DefaultBloomKernel" 3494
"/Engine/EditorResources/BSPVertex" 3495
"../../../Engine/Plugins/Animation/DeformerGraph/Shaders/Private/DataInterfaceSkinnedMeshExec.ush" 3496
"../../../Engine/Plugins/Animation/DeformerGraph/Shaders/Private/DataInterfaceCloth.ush" 3497
"../../../Engine/Plugins/Animation/DeformerGraph/Shaders/Private/DataInterfaceSkinnedMesh.ush" 3498
"../../../Engine/Plugins/Animation/DeformerGraph/Shaders/Private/DataInterfaceSkeleton.ush" 3499
"../../../Engine/Plugins/Animation/DeformerGraph/Shaders/Private/DataInterfaceSkeletonCommon.ush" 3500
"../../../Engine/Plugins/Animation/DeformerGraph/Shaders/Private/DataInterfaceMorphTarget.ush" 3501
"../../../Engine/Plugins/Animation/DeformerGraph/Shaders/Private/DataInterfaceSkinnedMeshWrite.ush" 3502
"../../../Engine/Plugins/Animation/DeformerGraph/Shaders/Private/DataInterfaceRawBuffer.ush" 3503
"../../../Engine/Plugins/Runtime/ComputeFramework/Shaders/Private/BufferAlias.ush" 3504
"../../../Engine/Plugins/Animation/DeformerGraph/Shaders/Private/DataInterfaceHalfEdge.ush" 3505
"D:/Skald_TurnBasedStrategy_Code/DerivedDataCache/VT/TEXTURE_7C16439390E24F1F9468894FB4D4BC55_VTCHUNK02D4C3BCAD7DFA48AB32B8281FB06B8B83DB6275" 3506
"D:/Skald_TurnBasedStrategy_Code/DerivedDataCache/VT/TEXTURE_7C16439390E24F1F9468894FB4D4BC55_VTCHUNK2A5F9F60441DA258D18B46D59C64D5BAD50E8EE3" 3507
"D:/Skald_TurnBasedStrategy_Code/DerivedDataCache/VT/TEXTURE_7C16439390E24F1F9468894FB4D4BC55_VTCHUNK44B429B40BB45A070EB17C1259C28734996A2F49" 3508
"D:/Skald_TurnBasedStrategy_Code/DerivedDataCache/VT/TEXTURE_7C16439390E24F1F9468894FB4D4BC55_VTCHUNK967C747FFC357A828288FA05D93CD5DCECDA891B" 3509
"D:/Skald_TurnBasedStrategy_Code/DerivedDataCache/VT/TEXTURE_7C16439390E24F1F9468894FB4D4BC55_VTCHUNKC0393DE8C5B4673D99D1BECB92AA8C1F72FEB491" 3510
"../../../Engine/Plugins/NNE/NNEDenoiser/Content/NNE_oidn2-3-0_rt_hdr_calb_cnrm_large__dyn__fp16_opset11_DenoiseAlpha.uasset" 3511
"../../../Engine/Plugins/NNE/NNEDenoiser/Content/NNE_oidn2-3-0_rt_hdr_calb_cnrm_large__dyn__fp16_opset11_ForwardAlpha.uasset" 3512
"../../../Engine/Plugins/NNE/NNEDenoiser/Content/NNE_oidn2-3-0_rt_hdr_alb_nrm__dyn__fp16_opset11_DenoiseAlpha.uasset" 3513
"../../../Engine/Plugins/NNE/NNEDenoiser/Content/NNE_oidn2-3-0_rt_hdr_alb_nrm_small__dyn__fp16_opset11_ForwardAlpha.uasset" 3514
"../../../Engine/Plugins/NNE/NNEDenoiser/Content/NNE_oidn2-3-0_rt_hdr_alb_nrm__dyn__fp16_opset11_ForwardAlpha.uasset" 3515
"../../../Engine/Plugins/NNE/NNEDenoiser/Content/NNE_oidn2-3-0_rt_hdr_alb_nrm_small__dyn__fp16_opset11_DenoiseAlpha.uasset" 3516
"../../../Engine/Plugins/NNE/NNEDenoiser/Content/NNED_Oidn2-3_HighQuality.uasset" 3517
"../../../Engine/Plugins/NNE/NNEDenoiser/Content/NNED_Oidn2-3_HighQuality_Alpha.uasset" 3518
"../../../Engine/Plugins/NNE/NNEDenoiser/Content/NNED_Oidn2-3_Fast_Alpha.uasset" 3519
"../../../Engine/Plugins/NNE/NNEDenoiser/Content/NNED_Oidn2-3_Fast.uasset" 3520
"../../../Engine/Plugins/NNE/NNEDenoiser/Content/NNED_Oidn2-3_Balanced_Alpha.uasset" 3521
"/NNEDenoiser/NNED_Oidn2-3_Balanced_Alpha" 3522
"/NNEDenoiser/NNED_Oidn2-3_Fast" 3523
"/NNEDenoiser/NNED_Oidn2-3_Fast_Alpha" 3524
"/NNEDenoiser/NNED_Oidn2-3_HighQuality" 3525
"/NNEDenoiser/NNED_Oidn2-3_HighQuality_Alpha" 3526
"/NNEDenoiser/NNE_oidn2-3-0_rt_hdr_alb_nrm_small__dyn__fp16_opset11_DenoiseAlpha" 3527
"/NNEDenoiser/NNE_oidn2-3-0_rt_hdr_alb_nrm_small__dyn__fp16_opset11_ForwardAlpha" 3528
"/NNEDenoiser/NNE_oidn2-3-0_rt_hdr_alb_nrm__dyn__fp16_opset11_DenoiseAlpha" 3529
"/NNEDenoiser/NNE_oidn2-3-0_rt_hdr_alb_nrm__dyn__fp16_opset11_ForwardAlpha" 3530
"/NNEDenoiser/NNE_oidn2-3-0_rt_hdr_calb_cnrm_large__dyn__fp16_opset11_DenoiseAlpha" 3531
"../../../Engine/Plugins/NNE/NNEDenoiser/Content/NNED_Oidn2-3_Balanced.uasset" 3532
"/NNEDenoiser/NNE_oidn2-3-0_rt_hdr_calb_cnrm_large__dyn__fp16_opset11_ForwardAlpha" 3533
"/NNEDenoiser/NNED_Oidn2-3_Balanced" 3534
"../../../Engine/Plugins/NNE/NNEDenoiser/Content/NNEDTIM_ColorAlbedoNormal_Alpha.uasset" 3535
"../../../Engine/Plugins/NNE/NNEDenoiser/Content/NNEDT_Oidn2-3_Balanced.uasset" 3536
"../../../Engine/Plugins/NNE/NNEDenoiser/Content/NNEDTIM_ColorAlbedoNormal_Default.uasset" 3537
"../../../Engine/Plugins/NNE/NNEDenoiser/Content/NNEDTOM_Output_Alpha.uasset" 3538
"../../../Engine/Plugins/NNE/NNEDenoiser/Content/NNEDTOM_Output_Default.uasset" 3539
"../../../Engine/Plugins/NNE/NNEDenoiser/Content/NNEDOM_Output_Default.uasset" 3540
"../../../Engine/Plugins/NNE/NNEDenoiser/Content/NNEDOM_Output_Alpha.uasset" 3541
"../../../Engine/Plugins/NNE/NNEDenoiser/Content/NNEDIM_ColorAlbedoNormal_Default.uasset" 3542
"../../../Engine/Plugins/NNE/NNEDenoiser/Content/NNEDIM_HighQuality_Default.uasset" 3543
"../../../Engine/Plugins/NNE/NNEDenoiser/Content/NNEDIM_HighQuality_Alpha.uasset" 3544
"../../../Engine/Plugins/NNE/NNEDenoiser/Content/NNEDT_Oidn2-3_Balanced_Alpha.uasset" 3545
"../../../Engine/Content/EngineMaterials/DefaultCalibrationGrayscale.uasset" 3546
"../../../Engine/Content/MobileResources/HUD/VirtualJoystick_Thumb.uasset" 3547
"../../../Engine/Content/EngineMaterials/DefaultCalibrationColor.uasset" 3548
"../../../Engine/Content/MobileResources/HUD/VirtualJoystick_Background.uasset" 3549
"D:/Skald_TurnBasedStrategy_Code/Content/C++_BPs/Skald_PlayerState.uasset" 3550
"D:/Skald_TurnBasedStrategy_Code/Content/C++_BPs/Skald_GS.uasset" 3551
"../../../Engine/Content/EngineSounds/Submixes/MasterEQEffectPreset.uasset" 3552
"D:/Skald_TurnBasedStrategy_Code/Content/C++_BPs/Skald_PC.uasset" 3553
"../../../Engine/Content/EngineSounds/Submixes/MasterReverbEffectPreset.uasset" 3554
"../../../Engine/Content/EditorMaterials/PreviewShadowIndicator.uasset" 3555
"../../../Engine/Content/EngineSky/M_SimpleSkyDome.uasset" 3556
"D:/Skald_TurnBasedStrategy_Code/Content/M4/Maps/PaintWeights/Tundra_Demo_sharedassets/Remove_Flatland_B_LayerInfo.uasset" 3557
"D:/Skald_TurnBasedStrategy_Code/Content/M4/Blueprints/SystemResources/RVT/Height/RuntimeVirtualTextureHeightSmall.uasset" 3558
"D:/Skald_TurnBasedStrategy_Code/Content/M4/Foliage/ProceduralPlacers/PaintLayers/Custom02_PaintLayerFoliage.uasset" 3559
"D:/Skald_TurnBasedStrategy_Code/Content/M4/Foliage/ProceduralPlacers/PaintLayers/Forest_PaintLayerFoliage.uasset" 3560
"D:/Skald_TurnBasedStrategy_Code/Content/M4/Maps/PaintWeights/Tundra_Demo_sharedassets/Custom01_LayerInfo.uasset" 3561
"D:/Skald_TurnBasedStrategy_Code/Content/M4/Maps/PaintWeights/Tundra_Demo_sharedassets/Remove_Slope_LayerInfo.uasset" 3562
"D:/Skald_TurnBasedStrategy_Code/Content/M4/Foliage/ProceduralPlacers/Tundra/Tundra_FlatlandB.uasset" 3563
"D:/Skald_TurnBasedStrategy_Code/Content/M4/Foliage/ProceduralPlacers/Desert/Desert_EdgeOfSlope.uasset" 3564
"../../../Engine/Plugins/NNE/NNEDenoiser/Content/NNEDIM_ColorAlbedoNormal_Alpha.uasset" 3565
"D:/Skald_TurnBasedStrategy_Code/Intermediate/ORTOptimizerPass_Optimized7F383AB34B8D0E5D152BE7BE999A3431.onnx" 3566
"D:/Skald_TurnBasedStrategy_Code/Intermediate/ORTOptimizerPass_Optimized2B4FDF8E4E608D85863537BC6F44EF4B.onnx" 3567
"D:/Skald_TurnBasedStrategy_Code/Intermediate/ORTOptimizerPass_OptimizedCB465AC74EE752A14D84B5A79CDE10E8.onnx" 3568
"D:/Skald_TurnBasedStrategy_Code/Intermediate/ORTOptimizerPass_Optimized28C494094A431082B593B9AD0F2DA739.onnx" 3569
"D:/Skald_TurnBasedStrategy_Code/Intermediate/ORTOptimizerPass_Optimized3C57586148A9F472CEA9BAB3D95EEF64.onnx" 3570
"D:/Skald_TurnBasedStrategy_Code/Intermediate/ORTOptimizerPass_Optimized22A041E84F69B7F7E237CB8F3CFC1680.onnx" 3571
"D:/Skald_TurnBasedStrategy_Code/Intermediate/ORTOptimizerPass_Optimized65E737C74163666C0AB34D85759D7D7A.onnx" 3572
"D:/Skald_TurnBasedStrategy_Code/Intermediate/ORTOptimizerPass_OptimizedF896707947FCF1E555A1588FC4EC1C77.onnx" 3573
"D:/Skald_TurnBasedStrategy_Code/Intermediate/ORTOptimizerPass_OptimizedB8E189C441C9B6A9799836A8D2D8A8F5.onnx" 3574
"D:/Skald_TurnBasedStrategy_Code/Intermediate/ORTOptimizerPass_Optimized807105AD4457FBA280D79CA13B79A954.onnx" 3575
"D:/Skald_TurnBasedStrategy_Code/Intermediate/ORTOptimizerPass_OptimizedAE235B154582540BCE14729B7C5B038E.onnx" 3576
"D:/Skald_TurnBasedStrategy_Code/Intermediate/ORTOptimizerPass_Optimized6B6A03AC4AA21905C47A82A549FF696C.onnx" 3577
"/Game/M4/Foliage/ProceduralPlacers/Tundra/Tundra_FlatlandB" 3578
"/Game/M4/Maps/PaintWeights/Tundra_Demo_sharedassets/Custom01_LayerInfo" 3579
"/Game/M4/Foliage/ProceduralPlacers/PaintLayers/Custom02_PaintLayerFoliage" 3580
"/Game/M4/Blueprints/SystemResources/RVT/Height/RuntimeVirtualTextureHeightSmall" 3581
"/Game/M4/Foliage/ProceduralPlacers/PaintLayers/Forest_PaintLayerFoliage" 3582
"/Game/M4/Maps/PaintWeights/Tundra_Demo_sharedassets/Remove_Flatland_B_LayerInfo" 3583
"/Engine/EngineSky/M_SimpleSkyDome" 3584
"/Game/C++_BPs/Skald_PC" 3585
"/Game/C++_BPs/Skald_GS" 3586
"/Game/C++_BPs/Skald_PlayerState" 3587
"/Game/C++_BPs/Skald_TM" 3588
"/Engine/EditorMaterials/PreviewShadowIndicator" 3589
"/Engine/EngineSounds/Submixes/MasterReverbEffectPreset" 3590
"/Engine/EngineSounds/Submixes/MasterEQEffectPreset" 3591
"/Engine/MobileResources/HUD/VirtualJoystick_Thumb" 3592
"/Engine/MobileResources/HUD/VirtualJoystick_Background" 3593
"/Engine/EngineMaterials/DefaultCalibrationColor" 3594
"/Engine/EngineMaterials/DefaultCalibrationGrayscale" 3595
"/NNEDenoiser/NNEDIM_ColorAlbedoNormal_Alpha" 3596
"/Game/M4/Foliage/ProceduralPlacers/Desert/Desert_EdgeOfSlope" 3597
"/NNEDenoiser/NNEDIM_ColorAlbedoNormal_Default" 3598
"/NNEDenoiser/NNEDIM_HighQuality_Alpha" 3599
"/NNEDenoiser/NNEDIM_HighQuality_Default" 3600
"/NNEDenoiser/NNEDOM_Output_Alpha" 3601
"/NNEDenoiser/NNEDOM_Output_Default" 3602
"/NNEDenoiser/NNEDTIM_ColorAlbedoNormal_Alpha" 3603
"/NNEDenoiser/NNEDTIM_ColorAlbedoNormal_Default" 3604
"/NNEDenoiser/NNEDTOM_Output_Alpha" 3605
"/NNEDenoiser/NNEDTOM_Output_Default" 3606
"/NNEDenoiser/NNEDT_Oidn2-3_Balanced" 3607
"/NNEDenoiser/NNEDT_Oidn2-3_Balanced_Alpha" 3608
"/Game/M4/Maps/PaintWeights/Tundra_Demo_sharedassets/Remove_Slope_LayerInfo" 3609
"D:/Skald_TurnBasedStrategy_Code/Content/M4/Maps/PaintWeights/Tundra_Demo_sharedassets/Custom02_LayerInfo.uasset" 3610
"D:/Skald_TurnBasedStrategy_Code/Content/M4/Foliage/ProceduralPlacers/Tundra/Tundra_FlatlandA.uasset" 3611
"/Game/M4/Foliage/ProceduralPlacers/Tundra/Tundra_FlatlandA" 3612
"/Game/M4/Maps/PaintWeights/Tundra_Demo_sharedassets/Custom02_LayerInfo" 3613
"D:/Skald_TurnBasedStrategy_Code/Content/M4/Maps/PaintWeights/Tundra_Demo_sharedassets/Remove_Foliage_LayerInfo.uasset" 3614
"D:/Skald_TurnBasedStrategy_Code/Content/M4/Foliage/ProceduralPlacers/Tundra/Tundra_EdgeOfSlope.uasset" 3615
"D:/Skald_TurnBasedStrategy_Code/Content/M4/SoundSystem/PhysicalMaterials/FlatlandB_PM.uasset" 3616
"D:/Skald_TurnBasedStrategy_Code/Content/M4/Maps/PaintWeights/Tundra_Demo_sharedassets/Auto_LayerInfo.uasset" 3617
"D:/Skald_TurnBasedStrategy_Code/Content/M4/Maps/PaintWeights/Tundra_Demo_sharedassets/Lighten_LayerInfo.uasset" 3618
"../../../Engine/Plugins/Experimental/Landmass/Content/PreviewContent/LayerInfos/Sand_LayerInfo.uasset" 3619
"D:/Skald_TurnBasedStrategy_Code/Content/M4/Maps/PaintWeights/Tundra_Demo_sharedassets/Dirt_LayerInfo.uasset" 3620
"D:/Skald_TurnBasedStrategy_Code/Content/M4/Maps/PaintWeights/Tundra_Demo_sharedassets/Island-Multi-Biome_LayerInfo.uasset" 3621
"D:/Skald_TurnBasedStrategy_Code/Content/M4/Maps/PaintWeights/Tundra_Demo_sharedassets/Jagged_Rock_LayerInfo.uasset" 3622
"D:/Skald_TurnBasedStrategy_Code/Content/M4/Foliage/ProceduralPlacers/PaintLayers/Custom01_PaintLayerFoliage.uasset" 3623
"D:/Skald_TurnBasedStrategy_Code/Content/M4/Blueprints/SystemResources/RVT/Color/RuntimeVirtualTextureColorSmall.uasset" 3624
"D:/Skald_TurnBasedStrategy_Code/Content/M4/Blueprints/SystemResources/RVT/Color/RuntimeVirtualTextureColorLarge.uasset" 3625
"D:/Skald_TurnBasedStrategy_Code/Content/M4/Foliage/ProceduralPlacers/Tundra/Tundra_FlatlandRandom.uasset" 3626
"D:/Skald_TurnBasedStrategy_Code/Content/M4/Maps/PaintWeights/Tundra_Demo_sharedassets/Darken_LayerInfo.uasset" 3627
"D:/Skald_TurnBasedStrategy_Code/Content/M4/Foliage/ProceduralPlacers/Desert/Desert_FlatlandRandom.uasset" 3628
"D:/Skald_TurnBasedStrategy_Code/Content/M4/Maps/PaintWeights/Tundra_Demo_sharedassets/Desert-Multi-Biome_LayerInfo.uasset" 3629
"../../../Engine/Plugins/Experimental/Landmass/Content/PreviewContent/LayerInfos/Grass_LayerInfo.uasset" 3630
"D:/Skald_TurnBasedStrategy_Code/Content/M4/SoundSystem/PhysicalMaterials/FlatlandA_PM.uasset" 3631
"D:/Skald_TurnBasedStrategy_Code/Content/M4/Foliage/ProceduralPlacers/Desert/Desert_FlatlandA.uasset" 3632
"D:/Skald_TurnBasedStrategy_Code/Content/M4/Maps/PaintWeights/Tundra_Demo_sharedassets/Stones_LayerInfo.uasset" 3633
"D:/Skald_TurnBasedStrategy_Code/Content/M4/Maps/PaintWeights/Tundra_Demo_sharedassets/Flat_Ice_LayerInfo.uasset" 3634
"D:/Skald_TurnBasedStrategy_Code/Content/M4/Foliage/ProceduralPlacers/Desert/Desert_FlatlandB.uasset" 3635
"/Game/M4/Maps/PaintWeights/Tundra_Demo_sharedassets/Stones_LayerInfo" 3636
"../../../Engine/Plugins/Experimental/Landmass/Content/PreviewContent/LayerInfos/Mud_LayerInfo.uasset" 3637
"/Game/M4/Maps/PaintWeights/Tundra_Demo_sharedassets/Flat_Ice_LayerInfo" 3638
"/Game/M4/Foliage/ProceduralPlacers/Desert/Desert_FlatlandA" 3639
"/Game/M4/SoundSystem/PhysicalMaterials/FlatlandA_PM" 3640
"/Game/M4/Maps/PaintWeights/Tundra_Demo_sharedassets/Desert-Multi-Biome_LayerInfo" 3641
"/Game/M4/Foliage/ProceduralPlacers/Desert/Desert_FlatlandRandom" 3642
"/Landmass/PreviewContent/LayerInfos/Grass_LayerInfo" 3643
"/Game/M4/Maps/PaintWeights/Tundra_Demo_sharedassets/Darken_LayerInfo" 3644
"/Game/M4/Foliage/ProceduralPlacers/Tundra/Tundra_FlatlandRandom" 3645
"/Game/M4/Blueprints/SystemResources/RVT/Color/RuntimeVirtualTextureColorLarge" 3646
"/Game/M4/Foliage/ProceduralPlacers/Desert/Desert_FlatlandB" 3647
"/Game/M4/Foliage/ProceduralPlacers/PaintLayers/Custom01_PaintLayerFoliage" 3648
"/Game/M4/Blueprints/SystemResources/RVT/Color/RuntimeVirtualTextureColorSmall" 3649
"D:/Skald_TurnBasedStrategy_Code/Content/M4/Maps/PaintWeights/Tundra_Demo_sharedassets/Forest_LayerInfo.uasset" 3650
"D:/Skald_TurnBasedStrategy_Code/Content/M4/Foliage/ProceduralPlacers/Beach/Beach_DryLayer.uasset" 3651
"/Game/M4/Maps/PaintWeights/Tundra_Demo_sharedassets/Island-Multi-Biome_LayerInfo" 3652
"/Game/M4/Maps/PaintWeights/Tundra_Demo_sharedassets/Jagged_Rock_LayerInfo" 3653
"/Game/M4/Maps/PaintWeights/Tundra_Demo_sharedassets/Dirt_LayerInfo" 3654
"/Landmass/PreviewContent/LayerInfos/Sand_LayerInfo" 3655
"/Game/M4/Maps/PaintWeights/Tundra_Demo_sharedassets/Lighten_LayerInfo" 3656
"/Game/M4/Maps/PaintWeights/Tundra_Demo_sharedassets/Auto_LayerInfo" 3657
"/Game/M4/Maps/PaintWeights/Tundra_Demo_sharedassets/Remove_Foliage_LayerInfo" 3658
"/Game/M4/Foliage/ProceduralPlacers/Tundra/Tundra_EdgeOfSlope" 3659
"/Game/M4/SoundSystem/PhysicalMaterials/FlatlandB_PM" 3660
"/Game/M4/Foliage/ProceduralPlacers/Beach/Beach_DryLayer" 3661
"/Game/M4/Maps/PaintWeights/Tundra_Demo_sharedassets/Forest_LayerInfo" 3662
"/Landmass/PreviewContent/LayerInfos/Mud_LayerInfo" 3663
"D:/Skald_TurnBasedStrategy_Code/Content/M4/Maps/PaintWeights/Tundra_Demo_sharedassets/Remove_Flatland_A_LayerInfo.uasset" 3664
"/Game/M4/Maps/PaintWeights/Tundra_Demo_sharedassets/Remove_Flatland_A_LayerInfo" 3665
"D:/Skald_TurnBasedStrategy_Code/Content/M4/SoundSystem/PhysicalMaterials/Slope_PM.uasset" 3666
"D:/Skald_TurnBasedStrategy_Code/Content/M4/Maps/PaintWeights/Tundra_Demo_sharedassets/Tundra-Multi-Biome_LayerInfo.uasset" 3667
"D:/Skald_TurnBasedStrategy_Code/Content/M4/Blueprints/SystemResources/RVT/Height/RuntimeVirtualTextureHeightLarge.uasset" 3668
"D:/Skald_TurnBasedStrategy_Code/Content/M4/Blueprints/SystemResources/RVT/Color/RuntimeVirtualTextureColorMedium.uasset" 3669
"D:/Skald_TurnBasedStrategy_Code/Content/Blueprints/Music/Skald_BattleMusic_SavageTribes_.uasset" 3670
"D:/Skald_TurnBasedStrategy_Code/Content/Blueprints/Music/Skald_BattleMusic_Dwarven_.uasset" 3671
"D:/Skald_TurnBasedStrategy_Code/Content/Blueprints/Music/Steel_and_Shadow.uasset" 3672
"D:/Skald_TurnBasedStrategy_Code/Content/Blueprints/Music/Ancient_Valor.uasset" 3673
"D:/Skald_TurnBasedStrategy_Code/Content/Blueprints/Camera/BP_HitCameraShake.uasset" 3674
"D:/Skald_TurnBasedStrategy_Code/Content/Blueprints/Camera/BP_MissCameraShake.uasset" 3675
"D:/Skald_TurnBasedStrategy_Code/Content/M4/Blueprints/SystemResources/MagicMapMaterialBP/MPCs/PTM-MPC-Variables.uasset" 3676
"D:/Skald_TurnBasedStrategy_Code/Content/M4/Blueprints/SystemResources/Heightfield/Enums/HeightfieldLOD_Enum.uasset" 3677
"D:/Skald_TurnBasedStrategy_Code/Content/Blueprints/Music/The_Endless_Horizon.uasset" 3678
"D:/Skald_TurnBasedStrategy_Code/Content/M4/Textures/GravelAndDirt/A/GravelDirt_Diffuse.uasset" 3679
"D:/Skald_TurnBasedStrategy_Code/Content/M4/Textures/CliffWalls/A/Cliff_Diffuse_A_NORM.uasset" 3680
"D:/Skald_TurnBasedStrategy_Code/Content/M4/Textures/Noise/T_MacroVariation_Normal.uasset" 3681
"D:/Skald_TurnBasedStrategy_Code/Content/M4/Foliage/ProceduralPlacers/Beach/Beach_WetLayer.uasset" 3682
"D:/Skald_TurnBasedStrategy_Code/Content/M4/Textures/Tutorials/CustomPaintLayerSR.uasset" 3683
"D:/Skald_TurnBasedStrategy_Code/Content/M4/Textures/Snow/Snow_Normal.uasset" 3684
"D:/Skald_TurnBasedStrategy_Code/Content/M4/Textures/GravelAndDirt/A/GravelDirt_Disp_LC.uasset" 3685
"/Game/M4/SoundSystem/PhysicalMaterials/Slope_PM" 3686
"D:/Skald_TurnBasedStrategy_Code/Content/M4/Textures/Tutorials/CustomPaintLayerNormal.uasset" 3687
"D:/Skald_TurnBasedStrategy_Code/Content/M4/Textures/Tutorials/CustomPaintLayerTexture.uasset" 3688
"D:/Skald_TurnBasedStrategy_Code/Content/M4/Textures/CliffWalls/A/Cliff_Diffuse_A.uasset" 3689
"D:/Skald_TurnBasedStrategy_Code/Content/M4/Textures/Noise/StaticNoise_LC.uasset" 3690
"D:/Skald_TurnBasedStrategy_Code/Content/M4/Textures/Noise/StaticNoise_Normal.uasset" 3691
"D:/Skald_TurnBasedStrategy_Code/Content/M4/Textures/CliffWalls/A/Cliff_Disp_A_LC.uasset" 3692
"D:/Skald_TurnBasedStrategy_Code/Content/M4/Textures/Foothills/G/ProceduralFoothill_Disp_G_LC.uasset" 3693
"D:/Skald_TurnBasedStrategy_Code/Content/M4/Textures/Noise/T_MacroVariation_Disp_LC.uasset" 3694
"D:/Skald_TurnBasedStrategy_Code/Content/M4/Textures/Sand/B/SandBaseDisplacement.uasset" 3695
"D:/Skald_TurnBasedStrategy_Code/Content/M4/Textures/Sand/B/SandBaseColor_C.uasset" 3696
"D:/Skald_TurnBasedStrategy_Code/Content/M4/Textures/Sand/B/SandBaseNormal.uasset" 3697
"D:/Skald_TurnBasedStrategy_Code/Content/M4/Textures/Noise/SnowFlakes_Normal.uasset" 3698
"/Game/M4/Blueprints/SystemResources/RVT/Color/RuntimeVirtualTextureColorMedium" 3699
"/Game/M4/Foliage/ProceduralPlacers/Beach/Beach_WetLayer" 3700
"/Game/M4/Maps/PaintWeights/Tundra_Demo_sharedassets/Tundra-Multi-Biome_LayerInfo" 3701
"/Game/M4/Textures/Snow/Snow_Normal" 3702
"/Game/M4/Textures/Tutorials/CustomPaintLayerSR" 3703
"/Game/M4/Textures/Noise/T_MacroVariation_Normal" 3704
"/Game/M4/Textures/CliffWalls/A/Cliff_Diffuse_A_NORM" 3705
"/Game/M4/Textures/GravelAndDirt/A/GravelDirt_Disp_LC" 3706
"/Game/M4/Textures/GravelAndDirt/A/GravelDirt_Diffuse" 3707
"/Game/M4/Blueprints/SystemResources/Heightfield/Enums/HeightfieldLOD_Enum" 3708
"/Game/M4/Blueprints/SystemResources/MagicMapMaterialBP/MPCs/PTM-MPC-Variables" 3709
"/Game/Blueprints/Camera/BP_HitCameraShake" 3710
"/Game/Blueprints/Camera/BP_MissCameraShake" 3711
"/Game/Blueprints/Music/The_Endless_Horizon" 3712
"/Game/Blueprints/Music/Ancient_Valor" 3713
"/Game/Blueprints/Music/Skald_BattleMusic_SavageTribes_" 3714
"/Game/Blueprints/Music/Steel_and_Shadow" 3715
"/Game/Blueprints/Music/Skald_BattleMusic_Dwarven_" 3716
"/Game/M4/Blueprints/SystemResources/RVT/Height/RuntimeVirtualTextureHeightLarge" 3717
"/Game/M4/Textures/Noise/SnowFlakes_Normal" 3718
"/Game/M4/Textures/Sand/B/SandBaseDisplacement" 3719
"/Game/M4/Textures/Foothills/G/ProceduralFoothill_Disp_G_LC" 3720
"/Game/M4/Textures/Noise/T_MacroVariation_Disp_LC" 3721
"/Game/M4/Textures/CliffWalls/A/Cliff_Disp_A_LC" 3722
"/Game/M4/Textures/Noise/StaticNoise_Normal" 3723
"/Game/M4/Textures/Noise/StaticNoise_LC" 3724
"/Game/M4/Textures/CliffWalls/A/Cliff_Diffuse_A" 3725
"D:/Skald_TurnBasedStrategy_Code/Content/M4/Textures/GravelAndDirt/A/GravelDirt_Normal.uasset" 3726
"D:/Skald_TurnBasedStrategy_Code/Content/M4/Textures/Foothills/G/ProceduralFoothill_Normal_G.uasset" 3727
"/Game/M4/Textures/Tutorials/CustomPaintLayerTexture" 3728
"/Game/M4/Textures/Sand/B/SandBaseColor_C" 3729
"/Game/M4/Textures/Sand/B/SandBaseNormal" 3730
"/Game/M4/Textures/Tutorials/CustomPaintLayerNormal" 3731
"/Game/M4/Textures/Foothills/G/ProceduralFoothill_Normal_G" 3732
"/Game/M4/Textures/GravelAndDirt/A/GravelDirt_Normal" 3733
"D:/Skald_TurnBasedStrategy_Code/Content/M4/Textures/Noise/T_MacroVariation.uasset" 3734
"D:/Skald_TurnBasedStrategy_Code/Content/M4/Textures/Foothills/G/ProceduralFoothill_Diffuse_G.uasset" 3735
"D:/Skald_TurnBasedStrategy_Code/Content/M4/Textures/Snow/Snow_Diffuse.uasset" 3736
"/Game/M4/Textures/Foothills/G/ProceduralFoothill_Diffuse_G" 3737
"D:/Skald_TurnBasedStrategy_Code/Content/M4/Textures/Distance/Forest/B/FarForest_Normal_B.uasset" 3738
"/Game/M4/Textures/Noise/T_MacroVariation" 3739
"/Game/M4/Textures/Snow/Snow_Diffuse" 3740
"/Game/M4/Textures/Distance/Forest/B/FarForest_Normal_B" 3741
"D:/Skald_TurnBasedStrategy_Code/Content/M4/Textures/GroundGrass/4k/B/ProceduralGrass_Roughness_LC.uasset" 3742
"D:/Skald_TurnBasedStrategy_Code/Content/M4/Textures/Pebbles/A/MediumPebbleRock_Normal.uasset" 3743
"D:/Skald_TurnBasedStrategy_Code/Content/M4/Textures/GroundGrass/4k/B/ProceduralGrass_Disp_LC.uasset" 3744
"D:/Skald_TurnBasedStrategy_Code/Content/M4/Textures/GroundGrass/4k/B/ProceduralGrass_Diffuse.uasset" 3745
"D:/Skald_TurnBasedStrategy_Code/Content/M4/Textures/Distance/Forest/B/FarForest_Diffuse_B.uasset" 3746
"D:/Skald_TurnBasedStrategy_Code/Content/DataTables/TerritoriesDataTable.uasset" 3747
"D:/Skald_TurnBasedStrategy_Code/Content/M4/Textures/GroundGrass/4k/B/ProceduralGrass_Normal.uasset" 3748
"D:/Skald_TurnBasedStrategy_Code/Content/M4/Textures/Sand/B/SandBaseRoughness.uasset" 3749
"/Game/DataTables/TerritoriesDataTable" 3750
"/Game/M4/Textures/GroundGrass/4k/B/ProceduralGrass_Normal" 3751
"/Game/M4/Textures/Distance/Forest/B/FarForest_Diffuse_B" 3752
"/Game/M4/Textures/GroundGrass/4k/B/ProceduralGrass_Disp_LC" 3753
"D:/Skald_TurnBasedStrategy_Code/Content/Blueprints/Map/MapPNGs/Skald_Map_Upscaled_4K.uasset" 3754
"D:/Skald_TurnBasedStrategy_Code/Content/Blueprints/Map/MapPNGs/Skald_Map_Roughness.uasset" 3755
"D:/Skald_TurnBasedStrategy_Code/Content/Blueprints/Map/MapPNGs/Skald_Map_Normal.uasset" 3756
"/Game/M4/Textures/GroundGrass/4k/B/ProceduralGrass_Diffuse" 3757
"/Game/M4/Textures/GroundGrass/4k/B/ProceduralGrass_Roughness_LC" 3758
"/Game/M4/Textures/Pebbles/A/MediumPebbleRock_Normal" 3759
"/Game/Blueprints/Map/MapPNGs/Skald_Map_Upscaled_4K" 3760
"/Game/Blueprints/Map/MapPNGs/Skald_Map_Roughness" 3761
"/Game/M4/Textures/Sand/B/SandBaseRoughness" 3762
"/Game/Blueprints/Map/MapPNGs/Skald_Map_Normal" 3763
"D:/Skald_TurnBasedStrategy_Code/Content/Blueprints/UI/UI_PNGs/StatIcons/AttackDice_icon.uasset" 3764
"D:/Skald_TurnBasedStrategy_Code/Content/Blueprints/UI/UI_PNGs/ButtonsAndSliders/Activate_Button.uasset" 3765
"D:/Skald_TurnBasedStrategy_Code/Content/Blueprints/UI/UI_PNGs/ButtonsAndSliders/Move.uasset" 3766
"D:/Skald_TurnBasedStrategy_Code/Content/Blueprints/UI/Skald_FloatingText.uasset" 3767
"/Game/Blueprints/UI/UI_PNGs/ButtonsAndSliders/Move" 3768
"D:/Skald_TurnBasedStrategy_Code/Content/Blueprints/UI/UI_PNGs/ButtonsAndSliders/RollButton_Glow_x4.uasset" 3769
"/Game/Blueprints/UI/UI_PNGs/ButtonsAndSliders/Activate_Button" 3770
"/Game/Blueprints/UI/UI_PNGs/StatIcons/AttackDice_icon" 3771
"/Game/Blueprints/UI/Skald_FloatingText" 3772
"D:/Skald_TurnBasedStrategy_Code/Content/Blueprints/UI/UI_PNGs/StatIcons/Health_Icon.uasset" 3773
"D:/Skald_TurnBasedStrategy_Code/Content/Blueprints/UI/UI_PNGs/ButtonsAndSliders/End_Turn.uasset" 3774
"/Game/Blueprints/UI/UI_PNGs/ButtonsAndSliders/End_Turn" 3775
"/Game/Blueprints/UI/UI_PNGs/ButtonsAndSliders/RollButton_Glow_x4" 3776
"/Game/Blueprints/UI/UI_PNGs/StatIcons/Health_Icon" 3777
"D:/Skald_TurnBasedStrategy_Code/Content/Blueprints/UI/UISoundFX/Medieval_fantasy_gam-1760760956942.uasset" 3778
"D:/Skald_TurnBasedStrategy_Code/Content/Blueprints/UI/UI_PNGs/StatIcons/Movement_icon.uasset" 3779
"/Game/Blueprints/UI/UISoundFX/Medieval_fantasy_gam-1760760956942" 3780
"/Game/Blueprints/UI/UI_PNGs/StatIcons/Movement_icon" 3781
"D:/Skald_TurnBasedStrategy_Code/Content/Blueprints/UI/UI_PNGs/ButtonsAndSliders/Attack.uasset" 3782
"D:/Skald_TurnBasedStrategy_Code/Content/Blueprints/UI/UI_PNGs/StatIcons/Strength_icon.uasset" 3783
"D:/Skald_TurnBasedStrategy_Code/Content/Blueprints/UI/UI_PNGs/Dice/ChatGPT_Image_Sep_28__2025__04_51_33_PM.uasset" 3784
"D:/Skald_TurnBasedStrategy_Code/Content/Blueprints/UI/UI_PNGs/StatIcons/Defence_icon.uasset" 3785
"/Game/Blueprints/UI/UI_PNGs/StatIcons/Defence_icon" 3786
"/Game/Blueprints/UI/UI_PNGs/Dice/ChatGPT_Image_Sep_28__2025__04_51_33_PM" 3787
"/Game/Blueprints/UI/UI_PNGs/StatIcons/Strength_icon" 3788
"/Game/Blueprints/UI/UI_PNGs/ButtonsAndSliders/Attack" 3789
"D:/Skald_TurnBasedStrategy_Code/Content/Blueprints/UI/UI_PNGs/ButtonsAndSliders/RollButton_Pressed_x4.uasset" 3790
"D:/Skald_TurnBasedStrategy_Code/Content/Blueprints/UI/UISoundFX/Medieval_fantasy_gam__2-1760760828977.uasset" 3791
"/Game/Blueprints/UI/UISoundFX/Medieval_fantasy_gam__2-1760760828977" 3792
"/Game/Blueprints/UI/UI_PNGs/ButtonsAndSliders/RollButton_Pressed_x4" 3793
"D:/Skald_TurnBasedStrategy_Code/Content/Blueprints/UI/UI_PNGs/Dice/Set_01/SkaldDice_1.uasset" 3794
"/Game/Blueprints/UI/UI_PNGs/Dice/Set_01/SkaldDice_1" 3795
"D:/Skald_TurnBasedStrategy_Code/Content/Blueprints/UI/UI_PNGs/Dice/Set_01/SkaldDice_2.uasset" 3796
"D:/Skald_TurnBasedStrategy_Code/Content/Blueprints/UI/UI_PNGs/Dice/Set_01/SkaldDice_4.uasset" 3797
"/Game/Blueprints/UI/UI_PNGs/Dice/Set_01/SkaldDice_4" 3798
"D:/Skald_TurnBasedStrategy_Code/Content/Blueprints/UI/UI_PNGs/Dice/Set_01/SkaldDice_3.uasset" 3799
"/Game/Blueprints/UI/UI_PNGs/Dice/Set_01/SkaldDice_2" 3800
"/Game/Blueprints/UI/UI_PNGs/Dice/Set_01/SkaldDice_3" 3801
"D:/Skald_TurnBasedStrategy_Code/Content/Blueprints/UI/UI_PNGs/Dice/Set_01/SkaldDice_5.uasset" 3802
"D:/Skald_TurnBasedStrategy_Code/Content/Blueprints/UI/UI_PNGs/StatIcons/UnitCost_icon.uasset" 3803
"D:/Skald_TurnBasedStrategy_Code/Content/Blueprints/UI/UI_PNGs/Dice/Set_01/SkaldDice_6.uasset" 3804
"/Game/Blueprints/UI/UI_PNGs/StatIcons/UnitCost_icon" 3805
"/Game/Blueprints/UI/UI_PNGs/Dice/Set_01/SkaldDice_6" 3806
"/Game/Blueprints/UI/UI_PNGs/Dice/Set_01/SkaldDice_5" 3807
"D:/Skald_TurnBasedStrategy_Code/Content/Blueprints/UI/UI_PNGs/ChracterSelector/CharacterSelectContainer.uasset" 3808
"/Game/Blueprints/UI/UI_PNGs/ChracterSelector/CharacterSelectContainer" 3809
"D:/Skald_TurnBasedStrategy_Code/Content/Blueprints/UI/UISoundFX/WizardWords/WizardVoice_CriticalHit_1.uasset" 3810
"D:/Skald_TurnBasedStrategy_Code/Content/Blueprints/UI/UI_PNGs/StatIcons/AttackDamage_Icon.uasset" 3811
"D:/Skald_TurnBasedStrategy_Code/Content/Blueprints/UI/UI_PNGs/PlayerListFrame_Transparent_Upscaled_x4.uasset" 3812
"D:/Skald_TurnBasedStrategy_Code/Content/Blueprints/UI/UISoundFX/WizardWords/WizardVoice_CriticalHit_2.uasset" 3813
"D:/Skald_TurnBasedStrategy_Code/Content/Blueprints/UI/UISoundFX/WizardWords/WizardVoice_YourTurn_1.uasset" 3814
"/Game/Blueprints/UI/UI_PNGs/StatIcons/AttackDamage_Icon" 3815
"/Game/Blueprints/UI/UISoundFX/WizardWords/WizardVoice_CriticalHit_2" 3816
"/Game/Blueprints/UI/UISoundFX/WizardWords/WizardVoice_CriticalHit_1" 3817
"/Game/Blueprints/UI/UI_PNGs/PlayerListFrame_Transparent_Upscaled_x4" 3818
"/Game/Blueprints/UI/UISoundFX/WizardWords/WizardVoice_YourTurn_1" 3819
"D:/Skald_TurnBasedStrategy_Code/Content/Blueprints/UI/UISoundFX/WizardWords/WizardVoice_YourTurn_3.uasset" 3820
"D:/Skald_TurnBasedStrategy_Code/Content/Blueprints/UI/UISoundFX/WizardWords/WizardVoice_YourTurn_2.uasset" 3821
"D:/Skald_TurnBasedStrategy_Code/Content/Blueprints/Sounds/Combat/Sword_Slash_connecti__3-1760941573347.uasset" 3822
"D:/Skald_TurnBasedStrategy_Code/Content/Blueprints/Sounds/Combat/Sword_Slash_connecti__2-1760941573346.uasset" 3823
"D:/Skald_TurnBasedStrategy_Code/Content/Blueprints/Sounds/Combat/Sword_Slash_connecti-1760941573344.uasset" 3824
"D:/Skald_TurnBasedStrategy_Code/Content/Blueprints/Sounds/Combat/Sword_Slash_connecti__1-1760941573345.uasset" 3825
"/Game/Blueprints/Sounds/Combat/Sword_Slash_connecti-1760941573344" 3826
"D:/Skald_TurnBasedStrategy_Code/Content/Blueprints/UI/UISoundFX/Defeat_Music.uasset" 3827
"/Game/Blueprints/UI/UISoundFX/WizardWords/WizardVoice_YourTurn_3" 3828
"/Game/Blueprints/Sounds/Combat/Sword_Slash_connecti__3-1760941573347" 3829
"/Game/Blueprints/UI/UISoundFX/WizardWords/WizardVoice_YourTurn_2" 3830
"/Game/Blueprints/Sounds/Combat/Sword_Slash_connecti__2-1760941573346" 3831
"D:/Skald_TurnBasedStrategy_Code/Content/Blueprints/Sounds/Combat/Sword_swing__3-1760744510744.uasset" 3832
"/Game/Blueprints/UI/UISoundFX/Defeat_Music" 3833
"D:/Skald_TurnBasedStrategy_Code/Content/Blueprints/Sounds/Combat/Sword_swing__2-1760744503229.uasset" 3834
"D:/Skald_TurnBasedStrategy_Code/Content/Blueprints/UI/UISoundFX/Dark_medieval_brass___1-1760760584951.uasset" 3835
"/Game/Blueprints/Sounds/Combat/Sword_Slash_connecti__1-1760941573345" 3836
"/Game/Blueprints/Sounds/Combat/Sword_swing__3-1760744510744" 3837
"D:/Skald_TurnBasedStrategy_Code/Content/Blueprints/Sounds/Combat/Sword_swing-1760744495743.uasset" 3838
"/Game/Blueprints/Sounds/Combat/Sword_swing-1760744495743" 3839
"/Game/Blueprints/Sounds/Combat/Sword_swing__2-1760744503229" 3840
"/Game/Blueprints/UI/UISoundFX/Dark_medieval_brass___1-1760760584951" 3841
"D:/Skald_TurnBasedStrategy_Code/Content/Blueprints/Sounds/Combat/Sword_swing__1-1760744500630.uasset" 3842
"D:/Skald_TurnBasedStrategy_Code/Content/Blueprints/UI/UISoundFX/WizardWords/WizardVoice_Initiative_1.uasset" 3843
"/Game/Blueprints/UI/UISoundFX/WizardWords/WizardVoice_Initiative_1" 3844
"D:/Skald_TurnBasedStrategy_Code/Content/Blueprints/Character/SkaldFactions/Orcs/PNGS/Orc_2hAxe_PNG.uasset" 3845
"/Game/Blueprints/Sounds/Combat/Sword_swing__1-1760744500630" 3846
"D:/Skald_TurnBasedStrategy_Code/Content/Blueprints/Character/SkaldFactions/LizardFolk/PNG/LizardFolk_MountedShield.uasset" 3847
"D:/Skald_TurnBasedStrategy_Code/Content/Blueprints/Character/SkaldFactions/Humans/PNGS/Human_Mage.uasset" 3848
"/Game/Blueprints/Character/SkaldFactions/LizardFolk/PNG/LizardFolk_MountedShield" 3849
"/Game/Blueprints/Character/SkaldFactions/Orcs/PNGS/Orc_2hAxe_PNG" 3850
"/Game/Blueprints/Character/SkaldFactions/Humans/PNGS/Human_Mage" 3851
"D:/Skald_TurnBasedStrategy_Code/Content/Blueprints/Character/SkaldFactions/Elves/PNG/Elf_Mage_PNG.uasset" 3852
"D:/Skald_TurnBasedStrategy_Code/Content/Blueprints/Character/SkaldFactions/RavPack/PNG/Ravpack_Archer.uasset" 3853
"D:/Skald_TurnBasedStrategy_Code/Content/Blueprints/Character/SkaldFactions/Orcs/PNGS/Orc_Mage_PNG.uasset" 3854
"D:/Skald_TurnBasedStrategy_Code/Content/Blueprints/Character/SkaldFactions/Ironlegion/PNG/IronLegion_2hSword_PNG.uasset" 3855
"D:/Skald_TurnBasedStrategy_Code/Content/Blueprints/Character/SkaldFactions/Humans/PNGS/Human_SpearnShield.uasset" 3856
"D:/Skald_TurnBasedStrategy_Code/Content/Blueprints/UI/UI_PNGs/StatIcons/AttackRange_icon.uasset" 3857
"/Game/Blueprints/UI/UI_PNGs/StatIcons/AttackRange_icon" 3858
"/Game/Blueprints/Character/SkaldFactions/Ironlegion/PNG/IronLegion_2hSword_PNG" 3859
"/Game/Blueprints/Character/SkaldFactions/Humans/PNGS/Human_SpearnShield" 3860
"/Game/Blueprints/Character/SkaldFactions/Elves/PNG/Elf_Mage_PNG" 3861
"D:/Skald_TurnBasedStrategy_Code/Content/Blueprints/Character/SkaldFactions/Elves/PNG/Elf_Archer_PNG.uasset" 3862
"/Game/Blueprints/Character/SkaldFactions/Orcs/PNGS/Orc_Mage_PNG" 3863
"D:/Skald_TurnBasedStrategy_Code/Content/Blueprints/Character/SkaldFactions/Elves/PNG/Elf_SwordnShield_PNG.uasset" 3864
"D:/Skald_TurnBasedStrategy_Code/Content/Blueprints/Character/SkaldFactions/Undead/PNGS/Undead_CyclopeanHorror_PNG.uasset" 3865
"/Game/Blueprints/Character/SkaldFactions/RavPack/PNG/Ravpack_Archer" 3866
"/Game/Blueprints/Character/SkaldFactions/Elves/PNG/Elf_Archer_PNG" 3867
"D:/Skald_TurnBasedStrategy_Code/Content/Blueprints/Character/SkaldFactions/LizardFolk/PNG/LizardFolk_MountedSpear.uasset" 3868
"/Game/Blueprints/Character/SkaldFactions/Undead/PNGS/Undead_CyclopeanHorror_PNG" 3869
"/Game/Blueprints/Character/SkaldFactions/Elves/PNG/Elf_SwordnShield_PNG" 3870
"D:/Skald_TurnBasedStrategy_Code/Content/Blueprints/UI/UISoundFX/WizardWords/WizardVoice_Initiative_3.uasset" 3871
"/Game/Blueprints/UI/UISoundFX/WizardWords/WizardVoice_Initiative_3" 3872
"/Game/Blueprints/Character/SkaldFactions/LizardFolk/PNG/LizardFolk_MountedSpear" 3873
"D:/Skald_TurnBasedStrategy_Code/Content/Blueprints/Character/SkaldFactions/Gnolls/PNG/Gnoll_DualWield_PNG.uasset" 3874
"D:/Skald_TurnBasedStrategy_Code/Content/Blueprints/Character/SkaldFactions/Undead/PNGS/Undead_SwordnShield_PNG.uasset" 3875
"D:/Skald_TurnBasedStrategy_Code/Content/Blueprints/Character/SkaldFactions/ToadFolk/PNG/ToadFolk_Mage_PNG.uasset" 3876
"/Game/Blueprints/Character/SkaldFactions/Undead/PNGS/Undead_SwordnShield_PNG" 3877
"/Game/Blueprints/Character/SkaldFactions/ToadFolk/PNG/ToadFolk_Mage_PNG" 3878
"/Game/Blueprints/Character/SkaldFactions/Gnolls/PNG/Gnoll_DualWield_PNG" 3879
"D:/Skald_TurnBasedStrategy_Code/Content/Blueprints/Character/SkaldFactions/Humans/PNGS/Human_2hSword.uasset" 3880
"D:/Skald_TurnBasedStrategy_Code/Content/Blueprints/Character/SkaldFactions/Dwarves/PNGS/Dwarf_Mage_Png.uasset" 3881
"/Game/Blueprints/Character/SkaldFactions/Humans/PNGS/Human_2hSword" 3882
"/Game/Blueprints/Character/SkaldFactions/Dwarves/PNGS/Dwarf_Mage_Png" 3883
"D:/Skald_TurnBasedStrategy_Code/Content/Blueprints/Character/SkaldFactions/RavPack/PNG/Ravpack_2hSword.uasset" 3884
"D:/Skald_TurnBasedStrategy_Code/Content/Blueprints/Character/SkaldFactions/Orcs/PNGS/Orc_MountedSpear_PNG.uasset" 3885
"D:/Skald_TurnBasedStrategy_Code/Content/Blueprints/Character/SkaldFactions/Orcs/PNGS/Orc_DualWield_PNG.uasset" 3886
"D:/Skald_TurnBasedStrategy_Code/Content/Blueprints/Character/SkaldFactions/Dwarves/PNGS/Dwarf_Archer_Png.uasset" 3887
"/Game/Blueprints/Character/SkaldFactions/RavPack/PNG/Ravpack_2hSword" 3888
"/Game/Blueprints/Character/SkaldFactions/Orcs/PNGS/Orc_DualWield_PNG" 3889
"/Game/Blueprints/Character/SkaldFactions/Orcs/PNGS/Orc_MountedSpear_PNG" 3890
"/Game/Blueprints/Character/SkaldFactions/Dwarves/PNGS/Dwarf_Archer_Png" 3891
"D:/Skald_TurnBasedStrategy_Code/Content/Blueprints/Character/SkaldFactions/Gnolls/PNG/Gnoll_MountedShield_PNG.uasset" 3892
"D:/Skald_TurnBasedStrategy_Code/Content/Blueprints/Character/SkaldFactions/LizardFolk/PNG/LizardFolk_Mage.uasset" 3893
"D:/Skald_TurnBasedStrategy_Code/Content/Blueprints/Character/SkaldFactions/Elves/PNG/Elf_SpearnShield_PNG.uasset" 3894
"/Game/Blueprints/Character/SkaldFactions/LizardFolk/PNG/LizardFolk_Mage" 3895
"/Game/Blueprints/Character/SkaldFactions/Gnolls/PNG/Gnoll_MountedShield_PNG" 3896
"/Game/Blueprints/Character/SkaldFactions/Elves/PNG/Elf_SpearnShield_PNG" 3897
"D:/Skald_TurnBasedStrategy_Code/Content/Blueprints/Character/SkaldFactions/Inflicted/PNG/Inflicted_Archer.uasset" 3898
"D:/Skald_TurnBasedStrategy_Code/Content/Blueprints/Character/SkaldFactions/Dwarves/PNGS/Dwarf_AxeandShield_Png.uasset" 3899
"D:/Skald_TurnBasedStrategy_Code/Content/Blueprints/Character/SkaldFactions/Ironlegion/PNG/IronLegion_ArcherPNG.uasset" 3900
"D:/Skald_TurnBasedStrategy_Code/Content/Blueprints/Character/SkaldFactions/Ironlegion/PNG/IronLegion_SpearAndShield_PNG.uasset" 3901
"D:/Skald_TurnBasedStrategy_Code/Content/Blueprints/Character/SkaldFactions/Humans/PNGS/Human_MountedSpear.uasset" 3902
"/Game/Blueprints/Character/SkaldFactions/Ironlegion/PNG/IronLegion_ArcherPNG" 3903
"/Game/Blueprints/Character/SkaldFactions/Inflicted/PNG/Inflicted_Archer" 3904
"/Game/Blueprints/Character/SkaldFactions/Humans/PNGS/Human_MountedSpear" 3905
"/Game/Blueprints/Character/SkaldFactions/Dwarves/PNGS/Dwarf_AxeandShield_Png" 3906
"D:/Skald_TurnBasedStrategy_Code/Content/Blueprints/Character/SkaldFactions/LizardFolk/PNG/LizardFolk_SpearnShield.uasset" 3907
"D:/Skald_TurnBasedStrategy_Code/Content/Blueprints/Character/SkaldFactions/Humans/PNGS/Human_Griffon_PNG.uasset" 3908
"D:/Skald_TurnBasedStrategy_Code/Content/Blueprints/Character/SkaldFactions/Undead/PNGS/Undead_SpearnShield_PNG.uasset" 3909
"D:/Skald_TurnBasedStrategy_Code/Content/Blueprints/Character/SkaldFactions/Dwarves/PNGS/Dwarf_2hMace_PNG.uasset" 3910
"/Game/Blueprints/Character/SkaldFactions/Ironlegion/PNG/IronLegion_SpearAndShield_PNG" 3911
"/Game/Blueprints/Character/SkaldFactions/LizardFolk/PNG/LizardFolk_SpearnShield" 3912
"/Game/Blueprints/Character/SkaldFactions/Humans/PNGS/Human_Griffon_PNG" 3913
"/Game/Blueprints/Character/SkaldFactions/Undead/PNGS/Undead_SpearnShield_PNG" 3914
"/Game/Blueprints/Character/SkaldFactions/Dwarves/PNGS/Dwarf_2hMace_PNG" 3915
"D:/Skald_TurnBasedStrategy_Code/Content/Blueprints/Character/SkaldFactions/Undead/PNGS/Undead_2hmace_PNG.uasset" 3916
"D:/Skald_TurnBasedStrategy_Code/Content/Blueprints/Character/SkaldFactions/Orcs/PNGS/Orc_Archer_PNG.uasset" 3917
"D:/Skald_TurnBasedStrategy_Code/Content/Blueprints/Character/SkaldFactions/Inflicted/PNG/Inflicted_MountedShield.uasset" 3918
"D:/Skald_TurnBasedStrategy_Code/Content/Blueprints/Character/SkaldFactions/Orcs/PNGS/Orc_AxenShield_PNG.uasset" 3919
"/Game/Blueprints/Character/SkaldFactions/Undead/PNGS/Undead_2hmace_PNG" 3920
"D:/Skald_TurnBasedStrategy_Code/Content/Blueprints/Character/SkaldFactions/RavPack/PNG/Ravpack_Mounted_Shield.uasset" 3921
"/Game/Blueprints/Character/SkaldFactions/Orcs/PNGS/Orc_Archer_PNG" 3922
"/Game/Blueprints/Character/SkaldFactions/Inflicted/PNG/Inflicted_MountedShield" 3923
"/Game/Blueprints/Character/SkaldFactions/Orcs/PNGS/Orc_AxenShield_PNG" 3924
"/Game/Blueprints/Character/SkaldFactions/RavPack/PNG/Ravpack_Mounted_Shield" 3925
"D:/Skald_TurnBasedStrategy_Code/Content/Blueprints/Character/SkaldFactions/Inflicted/PNG/Inflicted_DualWield.uasset" 3926
"D:/Skald_TurnBasedStrategy_Code/Content/Blueprints/Character/SkaldFactions/RavPack/PNG/Ravpack_DualWield.uasset" 3927
"D:/Skald_TurnBasedStrategy_Code/Content/Blueprints/Character/SkaldFactions/Orcs/PNGS/Orc_2hClub_PNG.uasset" 3928
"D:/Skald_TurnBasedStrategy_Code/Content/Blueprints/Character/SkaldFactions/Dwarves/PNGS/CrystalBeast_PNG.uasset" 3929
"D:/Skald_TurnBasedStrategy_Code/Content/Blueprints/Character/SkaldFactions/Undead/PNGS/Undead_Archer_PNG.uasset" 3930
"/Game/Blueprints/Character/SkaldFactions/Inflicted/PNG/Inflicted_DualWield" 3931
"/Game/Blueprints/Character/SkaldFactions/RavPack/PNG/Ravpack_DualWield" 3932
"D:/Skald_TurnBasedStrategy_Code/Content/Blueprints/Character/SkaldFactions/Ironlegion/PNG/IronLegion_MountedShield_PNG.uasset" 3933
"/Game/Blueprints/Character/SkaldFactions/Orcs/PNGS/Orc_2hClub_PNG" 3934
"/Game/Blueprints/Character/SkaldFactions/Dwarves/PNGS/CrystalBeast_PNG" 3935
"/Game/Blueprints/Character/SkaldFactions/Undead/PNGS/Undead_Archer_PNG" 3936
"D:/Skald_TurnBasedStrategy_Code/Content/Blueprints/Character/SkaldFactions/Undead/PNGS/Undead_mage_PNG.uasset" 3937
"/Game/Blueprints/Character/SkaldFactions/Ironlegion/PNG/IronLegion_MountedShield_PNG" 3938
"/Game/Blueprints/Character/SkaldFactions/Undead/PNGS/Undead_mage_PNG" 3939
"D:/Skald_TurnBasedStrategy_Code/Content/Blueprints/Character/SkaldFactions/Humans/PNGS/Human_SwordnShield.uasset" 3940
"D:/Skald_TurnBasedStrategy_Code/Content/Blueprints/Character/SkaldFactions/Elves/PNG/Elf_AncientEnt_PNG.uasset" 3941
"D:/Skald_TurnBasedStrategy_Code/Content/Blueprints/Character/SkaldFactions/RavPack/PNG/Ravpack_SwordnShield.uasset" 3942
"D:/Skald_TurnBasedStrategy_Code/Content/Blueprints/Character/SkaldFactions/Orcs/PNGS/Orc_Hydra_PNG.uasset" 3943
"D:/Skald_TurnBasedStrategy_Code/Content/Blueprints/Character/SkaldFactions/Ironlegion/PNG/IronLegion_MountedSpear_PNG.uasset" 3944
"D:/Skald_TurnBasedStrategy_Code/Content/Blueprints/Character/SkaldFactions/Inflicted/PNG/Inflicted_2hSpear.uasset" 3945
"/Game/Blueprints/Character/SkaldFactions/Elves/PNG/Elf_AncientEnt_PNG" 3946
"/Game/Blueprints/Character/SkaldFactions/Orcs/PNGS/Orc_Hydra_PNG" 3947
"/Game/Blueprints/Character/SkaldFactions/RavPack/PNG/Ravpack_SwordnShield" 3948
"D:/Skald_TurnBasedStrategy_Code/Content/Blueprints/Character/SkaldFactions/Ironlegion/PNG/IronLegion_2hSpear_PNG.uasset" 3949
"/Game/Blueprints/Character/SkaldFactions/Humans/PNGS/Human_SwordnShield" 3950
"/Game/Blueprints/Character/SkaldFactions/Inflicted/PNG/Inflicted_2hSpear" 3951
"/Game/Blueprints/Character/SkaldFactions/Ironlegion/PNG/IronLegion_MountedSpear_PNG" 3952
"/Game/Blueprints/Character/SkaldFactions/Ironlegion/PNG/IronLegion_2hSpear_PNG" 3953
"D:/Skald_TurnBasedStrategy_Code/Content/Blueprints/Character/SkaldFactions/ToadFolk/PNG/ToadFolk_MountedShield_PNG.uasset" 3954
"D:/Skald_TurnBasedStrategy_Code/Content/Blueprints/Character/SkaldFactions/Elves/PNG/Elf_DualWield_PNG.uasset" 3955
"D:/Skald_TurnBasedStrategy_Code/Content/Blueprints/Character/SkaldFactions/ToadFolk/PNG/ToadFolk_2hMace_PNG.uasset" 3956
"D:/Skald_TurnBasedStrategy_Code/Content/Blueprints/Character/SkaldFactions/ToadFolk/PNG/ToadFolk_SwordAndShield_PNG.uasset" 3957
"/Game/Blueprints/Character/SkaldFactions/Elves/PNG/Elf_DualWield_PNG" 3958
"/Game/Blueprints/Character/SkaldFactions/ToadFolk/PNG/ToadFolk_2hMace_PNG" 3959
"D:/Skald_TurnBasedStrategy_Code/Content/Blueprints/Character/SkaldFactions/LizardFolk/PNG/LizardFolk_2hSpear.uasset" 3960
"/Game/Blueprints/Character/SkaldFactions/ToadFolk/PNG/ToadFolk_MountedShield_PNG" 3961
"/Game/Blueprints/Character/SkaldFactions/ToadFolk/PNG/ToadFolk_SwordAndShield_PNG" 3962
"D:/Skald_TurnBasedStrategy_Code/Content/Blueprints/Character/SkaldFactions/RavPack/PNG/Ravpack_Mounted_Spear.uasset" 3963
"/Game/Blueprints/Character/SkaldFactions/LizardFolk/PNG/LizardFolk_2hSpear" 3964
"/Game/Blueprints/Character/SkaldFactions/RavPack/PNG/Ravpack_Mounted_Spear" 3965
"D:/Skald_TurnBasedStrategy_Code/Content/Blueprints/Character/SkaldFactions/Inflicted/PNG/Inflicted_SwordnShield.uasset" 3966
"D:/Skald_TurnBasedStrategy_Code/Content/Blueprints/Character/SkaldFactions/ToadFolk/PNG/ToadFolk_DualWield_PNG.uasset" 3967
"D:/Skald_TurnBasedStrategy_Code/Content/Blueprints/Character/SkaldFactions/Gnolls/PNG/Gnoll_Archer_PNG.uasset" 3968
"D:/Skald_TurnBasedStrategy_Code/Content/Blueprints/Character/SkaldFactions/Gnolls/PNG/Gnoll_AxenShield_PNG.uasset" 3969
"/Game/Blueprints/Character/SkaldFactions/ToadFolk/PNG/ToadFolk_DualWield_PNG" 3970
"/Game/Blueprints/Character/SkaldFactions/Inflicted/PNG/Inflicted_SwordnShield" 3971
"/Game/Blueprints/Character/SkaldFactions/Gnolls/PNG/Gnoll_Archer_PNG" 3972
"/Game/Blueprints/Character/SkaldFactions/Gnolls/PNG/Gnoll_AxenShield_PNG" 3973
"D:/Skald_TurnBasedStrategy_Code/Content/Blueprints/Character/SkaldFactions/ToadFolk/PNG/ToadFolk_MountedSpear_PNG.uasset" 3974
"D:/Skald_TurnBasedStrategy_Code/Content/Blueprints/Character/SkaldFactions/Undead/PNGS/Undead_mountedSpear_PNG.uasset" 3975
"D:/Skald_TurnBasedStrategy_Code/Content/Blueprints/Character/SkaldFactions/Elves/PNG/Elf_2hSpear_PNG.uasset" 3976
"D:/Skald_TurnBasedStrategy_Code/Content/Blueprints/Character/SkaldFactions/Inflicted/PNG/Inflicted_SpearnShield.uasset" 3977
"/Game/Blueprints/Character/SkaldFactions/Undead/PNGS/Undead_mountedSpear_PNG" 3978
"/Game/Blueprints/Character/SkaldFactions/ToadFolk/PNG/ToadFolk_MountedSpear_PNG" 3979
"/Game/Blueprints/Character/SkaldFactions/Elves/PNG/Elf_2hSpear_PNG" 3980
"D:/Skald_TurnBasedStrategy_Code/Content/Blueprints/Character/SkaldFactions/Orcs/PNGS/Orc_MountedShield_PNG.uasset" 3981
"/Game/Blueprints/Character/SkaldFactions/Inflicted/PNG/Inflicted_SpearnShield" 3982
"D:/Skald_TurnBasedStrategy_Code/Content/Blueprints/Character/SkaldFactions/Gnolls/PNG/Gnoll_2hSpear_PNG.uasset" 3983
"D:/Skald_TurnBasedStrategy_Code/Content/Blueprints/Character/SkaldFactions/Inflicted/PNG/Inflicted_2hSword.uasset" 3984
"D:/Skald_TurnBasedStrategy_Code/Content/Blueprints/Character/SkaldFactions/Undead/PNGS/Undead_MountedShieldPNG.uasset" 3985
"D:/Skald_TurnBasedStrategy_Code/Content/Blueprints/Character/SkaldFactions/RavPack/PNG/Ravpack_2hSpear.uasset" 3986
"D:/Skald_TurnBasedStrategy_Code/Content/Blueprints/Character/SkaldFactions/Humans/PNGS/Human_Archer.uasset" 3987
"/Game/Blueprints/Character/SkaldFactions/Orcs/PNGS/Orc_MountedShield_PNG" 3988
"/Game/Blueprints/Character/SkaldFactions/Gnolls/PNG/Gnoll_2hSpear_PNG" 3989
"/Game/Blueprints/Character/SkaldFactions/Undead/PNGS/Undead_MountedShieldPNG" 3990
"/Game/Blueprints/Character/SkaldFactions/RavPack/PNG/Ravpack_2hSpear" 3991
"/Game/Blueprints/Character/SkaldFactions/Humans/PNGS/Human_Archer" 3992
"D:/Skald_TurnBasedStrategy_Code/Content/Blueprints/Character/SkaldFactions/ToadFolk/PNG/ToadFolk_Titanoad_PNG.uasset" 3993
"/Game/Blueprints/Character/SkaldFactions/Inflicted/PNG/Inflicted_2hSword" 3994
"/Game/Blueprints/Character/SkaldFactions/ToadFolk/PNG/ToadFolk_Titanoad_PNG" 3995
"D:/Skald_TurnBasedStrategy_Code/Content/Blueprints/Character/SkaldFactions/Elves/PNG/Elf_MountedShield_PNG.uasset" 3996
"D:/Skald_TurnBasedStrategy_Code/Content/Blueprints/Character/SkaldFactions/Gnolls/PNG/Gnoll_SpearnShield.uasset" 3997
"D:/Skald_TurnBasedStrategy_Code/Content/Blueprints/Character/SkaldFactions/Undead/PNGS/Undead_DualWield_PNG.uasset" 3998
"D:/Skald_TurnBasedStrategy_Code/Content/Blueprints/Character/SkaldFactions/Inflicted/PNG/Inflicted_beholder.uasset" 3999
"/Game/Blueprints/Character/SkaldFactions/Elves/PNG/Elf_MountedShield_PNG" 4000
"/Game/Blueprints/Character/SkaldFactions/Undead/PNGS/Undead_DualWield_PNG" 4001
"/Game/Blueprints/Character/SkaldFactions/Gnolls/PNG/Gnoll_SpearnShield" 4002
"D:/Skald_TurnBasedStrategy_Code/Content/Blueprints/Character/SkaldFactions/Dwarves/PNGS/Dwarf_MountedAxe_PNG.uasset" 4003
"D:/Skald_TurnBasedStrategy_Code/Content/Blueprints/Character/SkaldFactions/Ironlegion/PNG/IronLegion_SwordAndShield_PNG.uasset" 4004
"/Game/Blueprints/Character/SkaldFactions/Inflicted/PNG/Inflicted_beholder" 4005
"/Game/Blueprints/Character/SkaldFactions/Ironlegion/PNG/IronLegion_SwordAndShield_PNG" 4006
"/Game/Blueprints/Character/SkaldFactions/Dwarves/PNGS/Dwarf_MountedAxe_PNG" 4007
"D:/Skald_TurnBasedStrategy_Code/Content/Blueprints/Character/SkaldFactions/Undead/PNGS/Undead_2hSword_PNG.uasset" 4008
"D:/Skald_TurnBasedStrategy_Code/Content/Blueprints/Character/SkaldFactions/Humans/PNGS/Human_MountedShield.uasset" 4009
"D:/Skald_TurnBasedStrategy_Code/Content/Blueprints/Character/SkaldFactions/LizardFolk/PNG/LizardFolk_2hClub.uasset" 4010
"D:/Skald_TurnBasedStrategy_Code/Content/Blueprints/Character/SkaldFactions/ToadFolk/PNG/ToadFolk_2hSword_PNG.uasset" 4011
"D:/Skald_TurnBasedStrategy_Code/Content/Blueprints/Character/SkaldFactions/LizardFolk/PNG/LizardFolk_Archer.uasset" 4012
"/Game/Blueprints/Character/SkaldFactions/ToadFolk/PNG/ToadFolk_2hSword_PNG" 4013
"/Game/Blueprints/Character/SkaldFactions/LizardFolk/PNG/LizardFolk_2hClub" 4014
"/Game/Blueprints/Character/SkaldFactions/Humans/PNGS/Human_MountedShield" 4015
"/Game/Blueprints/Character/SkaldFactions/Undead/PNGS/Undead_2hSword_PNG" 4016
"D:/Skald_TurnBasedStrategy_Code/Content/Blueprints/Character/SkaldFactions/Dwarves/PNGS/Dwarf_mountedSpear_PNG.uasset" 4017
"D:/Skald_TurnBasedStrategy_Code/Content/Blueprints/Character/SkaldFactions/Ironlegion/PNG/IronLegion_DualWield_PNG.uasset" 4018
"/Game/Blueprints/Character/SkaldFactions/LizardFolk/PNG/LizardFolk_Archer" 4019
"/Game/Blueprints/Character/SkaldFactions/Ironlegion/PNG/IronLegion_DualWield_PNG" 4020
"/Game/Blueprints/Character/SkaldFactions/Dwarves/PNGS/Dwarf_mountedSpear_PNG" 4021
"D:/Skald_TurnBasedStrategy_Code/Content/Blueprints/Character/SkaldFactions/Ironlegion/PNG/IronLegion_Mage_PNG.uasset" 4022
"D:/Skald_TurnBasedStrategy_Code/Content/Blueprints/Character/SkaldFactions/Dwarves/PNGS/Dwarf_2hAxe_Png.uasset" 4023
"D:/Skald_TurnBasedStrategy_Code/Content/Blueprints/Character/SkaldFactions/Elves/PNG/Elf_2hSword_PNG.uasset" 4024
"D:/Skald_TurnBasedStrategy_Code/Content/Blueprints/Character/SkaldFactions/RavPack/PNG/Ravpack_MutatedRavager.uasset" 4025
"D:/Skald_TurnBasedStrategy_Code/Content/Blueprints/Character/SkaldFactions/Dwarves/PNGS/Dwarf_SpearAndShield_Png.uasset" 4026
"/Game/Blueprints/Character/SkaldFactions/Ironlegion/PNG/IronLegion_Mage_PNG" 4027
"/Game/Blueprints/Character/SkaldFactions/Dwarves/PNGS/Dwarf_SpearAndShield_Png" 4028
"/Game/Blueprints/Character/SkaldFactions/Dwarves/PNGS/Dwarf_2hAxe_Png" 4029
"/Game/Blueprints/Character/SkaldFactions/Elves/PNG/Elf_2hSword_PNG" 4030
"/Game/Blueprints/Character/SkaldFactions/RavPack/PNG/Ravpack_MutatedRavager" 4031
"D:/Skald_TurnBasedStrategy_Code/Content/Blueprints/Character/SkaldFactions/ToadFolk/PNG/ToadFolk_Archer_PNG.uasset" 4032
"D:/Skald_TurnBasedStrategy_Code/Content/Blueprints/Character/SkaldFactions/Humans/PNGS/Human_2hAxe.uasset" 4033
"/Game/Blueprints/Character/SkaldFactions/ToadFolk/PNG/ToadFolk_Archer_PNG" 4034
"/Game/Blueprints/Character/SkaldFactions/Humans/PNGS/Human_2hAxe" 4035
"D:/Skald_TurnBasedStrategy_Code/Content/Blueprints/Character/SkaldFactions/Elves/PNG/Elf_MountedSpear_PNG.uasset" 4036
"D:/Skald_TurnBasedStrategy_Code/Content/Blueprints/Character/SkaldFactions/Humans/PNGS/Human_DualWield.uasset" 4037
"D:/Skald_TurnBasedStrategy_Code/Content/Blueprints/Character/SkaldFactions/LizardFolk/PNG/LizardFolk_SwordnShield.uasset" 4038
"D:/Skald_TurnBasedStrategy_Code/Content/Blueprints/Character/SkaldFactions/LizardFolk/PNG/LizardFolk_DualWield.uasset" 4039
"D:/Skald_TurnBasedStrategy_Code/Content/Blueprints/Character/SkaldFactions/Dwarves/PNGS/Dwarf_DualWield_PNG.uasset" 4040
"/Game/Blueprints/Character/SkaldFactions/Dwarves/PNGS/Dwarf_DualWield_PNG" 4041
"/Game/Blueprints/Character/SkaldFactions/Elves/PNG/Elf_MountedSpear_PNG" 4042
"D:/Skald_TurnBasedStrategy_Code/Content/Blueprints/Character/SkaldFactions/Gnolls/PNG/Gnoll_2hClub_PNG.uasset" 4043
"/Game/Blueprints/Character/SkaldFactions/Humans/PNGS/Human_DualWield" 4044
"D:/Skald_TurnBasedStrategy_Code/Content/Blueprints/Character/SkaldFactions/Orcs/PNGS/Orc_SpearnShield_PNG.uasset" 4045
"/Game/Blueprints/Character/SkaldFactions/LizardFolk/PNG/LizardFolk_SwordnShield" 4046
"D:/Skald_TurnBasedStrategy_Code/Content/Blueprints/Character/SkaldFactions/RavPack/PNG/Ravpack_Mage.uasset" 4047
"/Game/Blueprints/Character/SkaldFactions/Orcs/PNGS/Orc_SpearnShield_PNG" 4048
"/Game/Blueprints/Character/SkaldFactions/LizardFolk/PNG/LizardFolk_DualWield" 4049
"D:/Skald_TurnBasedStrategy_Code/Content/Blueprints/Character/SkaldFactions/Ironlegion/PNG/IronLegion_Juggernaught_PNG.uasset" 4050
"D:/Skald_TurnBasedStrategy_Code/Content/Blueprints/Character/SkaldFactions/Inflicted/PNG/Inflicted_Mage.uasset" 4051
"/Game/Blueprints/Character/SkaldFactions/Gnolls/PNG/Gnoll_2hClub_PNG" 4052
"/Game/Blueprints/Character/SkaldFactions/Ironlegion/PNG/IronLegion_Juggernaught_PNG" 4053
"/Game/Blueprints/Character/SkaldFactions/RavPack/PNG/Ravpack_Mage" 4054
"D:/Skald_TurnBasedStrategy_Code/Content/Blueprints/Character/SkaldFactions/Gnolls/PNG/Gnoll_Cerebane_PNG.uasset" 4055
"/Game/Blueprints/Character/SkaldFactions/Inflicted/PNG/Inflicted_Mage" 4056
"D:/Skald_TurnBasedStrategy_Code/Content/Blueprints/Character/SkaldFactions/Gnolls/PNG/Gnoll_MountedSpear_PNG.uasset" 4057
"/Game/Blueprints/Character/SkaldFactions/Gnolls/PNG/Gnoll_Cerebane_PNG" 4058
"D:/Skald_TurnBasedStrategy_Code/Content/Blueprints/Character/SkaldFactions/Gnolls/PNG/Gnoll_Mage_PNG.uasset" 4059
"/Game/Blueprints/Character/SkaldFactions/Gnolls/PNG/Gnoll_MountedSpear_PNG" 4060
"/Game/Blueprints/Character/SkaldFactions/Gnolls/PNG/Gnoll_Mage_PNG" 4061
"D:/Skald_TurnBasedStrategy_Code/Content/Blueprints/Character/SkaldFactions/ToadFolk/PNG/ToadFolk_ClubAndShield_PNG.uasset" 4062
"../../../Engine/Content/OpenWorldTemplate/LandscapeMaterial/T_GridChecker_A.uasset" 4063
"../../../Engine/Content/Functions/Engine_MaterialFunctions01/Gradient/LinearGradient.uasset" 4064
"../../../Engine/Content/EngineSky/T_Sky_Stars.uasset" 4065
"/Engine/Functions/Engine_MaterialFunctions01/Gradient/LinearGradient" 4066
"/Engine/OpenWorldTemplate/LandscapeMaterial/T_GridChecker_A" 4067
"/Engine/EngineSky/T_Sky_Stars" 4068
"/Game/Blueprints/Character/SkaldFactions/ToadFolk/PNG/ToadFolk_ClubAndShield_PNG" 4069
"../../../Engine/Content/Functions/Engine_MaterialFunctions03/Procedurals/PreparePerturbNormalHQ.uasset" 4070
"../../../Engine/Content/EngineSky/T_Sky_Clouds_M.uasset" 4071
"/Engine/Functions/Engine_MaterialFunctions03/Procedurals/PreparePerturbNormalHQ" 4072
"/Engine/EngineSky/T_Sky_Clouds_M" 4073
"../../../Engine/Content/Functions/Engine_MaterialFunctions01/Texturing/FlattenNormal.uasset" 4074
"/Engine/Functions/Engine_MaterialFunctions01/Texturing/FlattenNormal" 4075
"../../../Engine/Content/EngineSky/T_Sky_Blue.uasset" 4076
"/Engine/EngineSky/T_Sky_Blue" 4077
"../../../Engine/Content/Functions/Engine_MaterialFunctions02/Utility/AppendMany.uasset" 4078
"D:/Skald_TurnBasedStrategy_Code/Content/M4/Blueprints/SystemResources/RenderTargets/SplatBaker/IslandHM/IslandFinalizedSplatmap.uasset" 4079
"D:/Skald_TurnBasedStrategy_Code/Content/M4/Textures/Pebbles/B/Pebbles_Normal.uasset" 4080
"D:/Skald_TurnBasedStrategy_Code/Content/M4/Textures/Ice/B/IceB_Diffuse.uasset" 4081
"/Game/M4/Blueprints/SystemResources/RenderTargets/SplatBaker/IslandHM/IslandFinalizedSplatmap" 4082
"D:/Skald_TurnBasedStrategy_Code/Content/M4/Extras/UDS-EasyIntegration/TerrainFunctions/IntegrateUDS-Dynamic_Weather_Effects.uasset" 4083
"/Game/M4/Textures/Ice/B/IceB_Diffuse" 4084
"D:/Skald_TurnBasedStrategy_Code/Content/M4/Materials/MasterMaterials/Functions/CameraDistanceDetection.uasset" 4085
"D:/Skald_TurnBasedStrategy_Code/Content/M4/Textures/Mud/M4_Mud_Height.uasset" 4086
"/Engine/Functions/Engine_MaterialFunctions02/Utility/AppendMany" 4087
"/Game/M4/Textures/Pebbles/B/Pebbles_Normal" 4088
"/Game/M4/Materials/MasterMaterials/Functions/CameraDistanceDetection" 4089
"/Game/M4/Textures/Mud/M4_Mud_Height" 4090
"/Game/M4/Extras/UDS-EasyIntegration/TerrainFunctions/IntegrateUDS-Dynamic_Weather_Effects" 4091
"../../../Engine/Content/Functions/Engine_MaterialFunctions02/Utility/BlendAngleCorrectedNormals.uasset" 4092
"/Engine/Functions/Engine_MaterialFunctions02/Utility/BlendAngleCorrectedNormals" 4093
"D:/Skald_TurnBasedStrategy_Code/Content/M4/Textures/Forest/B/ForestGroundDiffuseB.uasset" 4094
"D:/Skald_TurnBasedStrategy_Code/Content/M4/Textures/Noise/SmoothPerlinRGB.uasset" 4095
"D:/Skald_TurnBasedStrategy_Code/Content/M4/Materials/MasterMaterials/Functions/Sounds/M4AutomaterialMasks.uasset" 4096
"D:/Skald_TurnBasedStrategy_Code/Content/M4/Textures/Ice/B/IceB_Roughness_LC.uasset" 4097
"/Game/M4/Textures/Forest/B/ForestGroundDiffuseB" 4098
"/Game/M4/Materials/MasterMaterials/Functions/Sounds/M4AutomaterialMasks" 4099
"D:/Skald_TurnBasedStrategy_Code/Content/M4/Textures/Ice/B/IceB_Normal.uasset" 4100
"D:/Skald_TurnBasedStrategy_Code/Content/M4/Textures/Mud/M4_Mud_R.uasset" 4101
"D:/Skald_TurnBasedStrategy_Code/Content/M4/Textures/Pebbles/B/Pebbles_Albedo.uasset" 4102
"/Game/M4/Textures/Noise/SmoothPerlinRGB" 4103
"../../../Engine/Content/Functions/Engine_MaterialFunctions03/Procedurals/PerturbNormalHQ.uasset" 4104
"/Game/M4/Textures/Ice/B/IceB_Normal" 4105
"/Game/M4/Textures/Ice/B/IceB_Roughness_LC" 4106
"/Engine/Functions/Engine_MaterialFunctions03/Procedurals/PerturbNormalHQ" 4107
"D:/Skald_TurnBasedStrategy_Code/Content/M4/Materials/MasterMaterials/Functions/TextureCoordinateOverride.uasset" 4108
"D:/Skald_TurnBasedStrategy_Code/Content/M4/Textures/Tutorials/RVT-Warning.uasset" 4109
"/Game/M4/Textures/Pebbles/B/Pebbles_Albedo" 4110
"/Game/M4/Textures/Mud/M4_Mud_R" 4111
"../../../Engine/Content/EngineVolumetrics/Fogsheet/Materials/T_EV_BlankWhite_01.uasset" 4112
"/Engine/EngineVolumetrics/Fogsheet/Materials/T_EV_BlankWhite_01" 4113
"D:/Skald_TurnBasedStrategy_Code/Content/Blueprints/Character/SkaldFactions/RavPack/PNG/Ravpack_SpearnShield.uasset" 4114
"/Game/M4/Materials/MasterMaterials/Functions/TextureCoordinateOverride" 4115
"D:/Skald_TurnBasedStrategy_Code/Content/M4/Textures/Noise/TilingNoise05.uasset" 4116
"/Game/M4/Textures/Tutorials/RVT-Warning" 4117
"/Game/Blueprints/Character/SkaldFactions/RavPack/PNG/Ravpack_SpearnShield" 4118
"/Game/M4/Textures/Noise/TilingNoise05" 4119
"D:/Skald_TurnBasedStrategy_Code/Content/M4/Textures/Noise/NoiseTextureLowRes.uasset" 4120
"D:/Skald_TurnBasedStrategy_Code/Content/M4/Textures/Mud/M4_Mud_BC.uasset" 4121
"D:/Skald_TurnBasedStrategy_Code/Content/M4/Textures/Forest/B/ForestGroundDetailNormalB.uasset" 4122
"../../../Engine/Content/EditorResources/S_VectorFieldVol.uasset" 4123
"/Engine/EditorResources/S_VectorFieldVol" 4124
"/Game/M4/Textures/Forest/B/ForestGroundDetailNormalB" 4125
"/Game/M4/Textures/Noise/NoiseTextureLowRes" 4126
"/Game/M4/Textures/Mud/M4_Mud_BC" 4127
"../../../Engine/Content/Functions/Engine_MaterialFunctions02/Math/InverseTransformMatrix.uasset" 4128
"/Engine/Functions/Engine_MaterialFunctions02/Math/InverseTransformMatrix" 4129
"D:/Skald_TurnBasedStrategy_Code/Content/M4/Textures/Pebbles/B/Pebbles_Displacement.uasset" 4130
"/Game/M4/Textures/Pebbles/B/Pebbles_Displacement" 4131
"D:/Skald_TurnBasedStrategy_Code/Content/M4/Textures/Mud/M4_Mud_N.uasset" 4132
"D:/Skald_TurnBasedStrategy_Code/Content/M4/Extras/UDS-EasyIntegration/TerrainFunctions/PrepareUDS-Dynamic_Weather_Effects.uasset" 4133
"../../../Engine/Content/Functions/Engine_MaterialFunctions02/Utility/Swizzle.uasset" 4134
"D:/Skald_TurnBasedStrategy_Code/Content/M4/Textures/Forest/B/ForestGroundNormalB.uasset" 4135
"/Engine/Functions/Engine_MaterialFunctions02/Utility/Swizzle" 4136
"../../../Engine/Content/Functions/Engine_MaterialFunctions01/Shading/FuzzyShadingGrass.uasset" 4137
"/Game/M4/Textures/Mud/M4_Mud_N" 4138
"/Game/M4/Extras/UDS-EasyIntegration/TerrainFunctions/PrepareUDS-Dynamic_Weather_Effects" 4139
"D:/Skald_TurnBasedStrategy_Code/Content/M4/Blueprints/SystemResources/Trails/Textures/RTs/V3/TerrainTrails/RT_Trails_Persistent_Blurred.uasset" 4140
"../../../Engine/Content/EngineDebugMaterials/HeatmapGradient.uasset" 4141
"/Game/M4/Textures/Forest/B/ForestGroundNormalB" 4142
"D:/Skald_TurnBasedStrategy_Code/Content/M4/Materials/MasterMaterials/Functions/PaintFunctions/Lighten+DarkenPaintLayers.uasset" 4143
"D:/Skald_TurnBasedStrategy_Code/Content/M4/Extras/UDS-EasyIntegration/TerrainFunctions/PrepareVHF+UDS-Dynamic_Weather_Effects.uasset" 4144
"/Game/M4/Extras/UDS-EasyIntegration/TerrainFunctions/PrepareVHF+UDS-Dynamic_Weather_Effects" 4145
"/Game/M4/Blueprints/SystemResources/Trails/Textures/RTs/V3/TerrainTrails/RT_Trails_Persistent_Blurred" 4146
"/Game/M4/Materials/MasterMaterials/Functions/PaintFunctions/Lighten+DarkenPaintLayers" 4147
"/Engine/EngineDebugMaterials/HeatmapGradient" 4148
"/Engine/Functions/Engine_MaterialFunctions01/Shading/FuzzyShadingGrass" 4149
"D:/Skald_TurnBasedStrategy_Code/Content/M4/Textures/Pebbles/A/MediumPebbleRock_Disp.uasset" 4150
"D:/Skald_TurnBasedStrategy_Code/Content/M4/Blueprints/SystemResources/Env/Lighting/CloudSSProfile.uasset" 4151
"D:/Skald_TurnBasedStrategy_Code/Content/M4/Materials/MasterMaterials/Functions/VHFM/VHFM_VisibilityMasking.uasset" 4152
"D:/Skald_TurnBasedStrategy_Code/Content/M4/Textures/Noise/SmoothPerlin.uasset" 4153
"D:/Skald_TurnBasedStrategy_Code/Content/M4/Textures/Tutorials/NaniteLandscapeAttention.uasset" 4154
"D:/Skald_TurnBasedStrategy_Code/Content/M4/Textures/Tutorials/NaniteLandscapeWarning.uasset" 4155
"/Game/M4/Textures/Noise/SmoothPerlin" 4156
"../../../Engine/Content/MapTemplates/Materials/BasicAsset01.uasset" 4157
"D:/Skald_TurnBasedStrategy_Code/Content/M4/Materials/MasterMaterials/Functions/UE5/Custom_PerturbNormalHQ.uasset" 4158
"/Game/M4/Textures/Pebbles/A/MediumPebbleRock_Disp" 4159
"/Game/M4/Textures/Tutorials/NaniteLandscapeWarning" 4160
"/Game/M4/Blueprints/SystemResources/Env/Lighting/CloudSSProfile" 4161
"/Game/M4/Textures/Tutorials/NaniteLandscapeAttention" 4162
"/Game/M4/Materials/MasterMaterials/Functions/VHFM/VHFM_VisibilityMasking" 4163
"/Engine/MapTemplates/Materials/BasicAsset01" 4164
"/Game/M4/Materials/MasterMaterials/Functions/UE5/Custom_PerturbNormalHQ" 4165
"D:/Skald_TurnBasedStrategy_Code/Content/Blueprints/Meshes/Random_Materials/Skald_NeutralMapColor.uasset" 4166
"../../../Engine/Content/MapTemplates/Materials/BasicAsset03.uasset" 4167
"D:/Skald_TurnBasedStrategy_Code/Content/Blueprints/UI/UISoundFX/DiceRoll_03.uasset" 4168
"D:/Skald_TurnBasedStrategy_Code/Content/Blueprints/UI/UISoundFX/DiceRoll_06.uasset" 4169
"D:/Skald_TurnBasedStrategy_Code/Content/Blueprints/UI/UISoundFX/DiceRoll_02.uasset" 4170
"D:/Skald_TurnBasedStrategy_Code/Content/Blueprints/UI/UISoundFX/DiceRoll_01.uasset" 4171
"/Engine/MapTemplates/Materials/BasicAsset03" 4172
"D:/Skald_TurnBasedStrategy_Code/Content/Blueprints/UI/UISoundFX/DiceRoll_05.uasset" 4173
"/Game/Blueprints/UI/UISoundFX/DiceRoll_01" 4174
"/Game/Blueprints/Meshes/Random_Materials/Skald_NeutralMapColor" 4175
"/Game/Blueprints/UI/Skald_DiceEntryWidget" 4176
"/Game/Blueprints/UI/UISoundFX/DiceRoll_06" 4177
"/Game/Blueprints/UI/UISoundFX/DiceRoll_03" 4178
"/Game/Blueprints/UI/UISoundFX/DiceRoll_02" 4179
"/Game/Blueprints/UI/UISoundFX/DiceRoll_05" 4180
"D:/Skald_TurnBasedStrategy_Code/Content/Blueprints/UI/UI_PNGs/ChracterSelector/CharacterCardBase.uasset" 4181
"D:/Skald_TurnBasedStrategy_Code/Content/M4/Blueprints/SystemResources/MagicMapMaterialBP/BPI_EditorTick.uasset" 4182
"D:/Skald_TurnBasedStrategy_Code/Content/Blueprints/UI/UI_PNGs/ButtonsAndSliders/Cancel.uasset" 4183
"D:/Skald_TurnBasedStrategy_Code/Content/M4/Blueprints/SystemResources/MagicMapMaterialBP/Enums/PerformancePreferences.uasset" 4184
"/Game/Blueprints/UI/UI_PNGs/ChracterSelector/CharacterCardBase" 4185
"/Game/M4/Blueprints/SystemResources/MagicMapMaterialBP/BPI_EditorTick" 4186
"D:/Skald_TurnBasedStrategy_Code/Content/M4/Blueprints/SystemResources/Trails/Textures/RTs/V3/TerrainTrails/RT_Trails_Persistent_Normals.uasset" 4187
"/Game/Blueprints/UI/UI_PNGs/ButtonsAndSliders/Cancel" 4188
"D:/Skald_TurnBasedStrategy_Code/Content/M4/Blueprints/SystemResources/MagicMapMaterialBP/Enums/EditorTickTypes.uasset" 4189
"/Game/M4/Blueprints/SystemResources/MagicMapMaterialBP/Enums/PerformancePreferences" 4190
"/Game/M4/Blueprints/SystemResources/Trails/Textures/RTs/V3/TerrainTrails/RT_Trails_Persistent_Normals" 4191
"/Game/M4/Blueprints/SystemResources/MagicMapMaterialBP/Enums/EditorTickTypes" 4192
"D:/Skald_TurnBasedStrategy_Code/Content/Additions/Realistic_Starter_VFX_Pack_Vol2/Textures/T_Smoke_Puff_color.uasset" 4193
"D:/Skald_TurnBasedStrategy_Code/Content/M4/Textures/Water/SmoothWave.uasset" 4194
"D:/Skald_TurnBasedStrategy_Code/Content/Additions/Realistic_Starter_VFX_Pack_Vol2/Materials/M_Derbis.uasset" 4195
"/Game/Additions/Realistic_Starter_VFX_Pack_Vol2/Textures/T_Smoke_Puff_color" 4196
"/Game/Additions/Realistic_Starter_VFX_Pack_Vol2/Materials/M_Derbis" 4197
"/Game/M4/Textures/Water/SmoothWave" 4198
"D:/Skald_TurnBasedStrategy_Code/Content/Additions/Realistic_Starter_VFX_Pack_Vol2/Textures/T_Rocks.uasset" 4199
"D:/Skald_TurnBasedStrategy_Code/Content/Additions/Realistic_Starter_VFX_Pack_Vol2/Textures/T_Rocks_NM.uasset" 4200
"/Game/Additions/Realistic_Starter_VFX_Pack_Vol2/Textures/T_Rocks" 4201
"D:/Skald_TurnBasedStrategy_Code/Content/Additions/Realistic_Starter_VFX_Pack_Vol2/Textures/T_Smoke_Wisp.uasset" 4202
"D:/Skald_TurnBasedStrategy_Code/Content/Additions/Realistic_Starter_VFX_Pack_Vol2/Textures/T_Dirt_C.uasset" 4203
"/Game/Additions/Realistic_Starter_VFX_Pack_Vol2/Textures/T_Rocks_NM" 4204
"/Game/Additions/Realistic_Starter_VFX_Pack_Vol2/Textures/T_Dirt_C" 4205
"/Game/Additions/Realistic_Starter_VFX_Pack_Vol2/Textures/T_Smoke_Wisp" 4206
"D:/Skald_TurnBasedStrategy_Code/Content/Additions/Realistic_Starter_VFX_Pack_Vol2/Textures/T_Dirt_B.uasset" 4207
"../../../Engine/Content/Functions/Engine_MaterialFunctions01/Density/ExponentialDensity.uasset" 4208
"D:/Skald_TurnBasedStrategy_Code/Content/Skald_HitFloat.uasset" 4209
"D:/Skald_TurnBasedStrategy_Code/Content/Additions/Realistic_Starter_VFX_Pack_Vol2/Textures/T_Smoke_B.uasset" 4210
"/Engine/Functions/Engine_MaterialFunctions01/Density/ExponentialDensity" 4211
"D:/Skald_TurnBasedStrategy_Code/Content/Blueprints/UI/UI_PNGs/Fighter_Spent.uasset" 4212
"D:/Skald_TurnBasedStrategy_Code/Content/Additions/Realistic_Starter_VFX_Pack_Vol2/Textures/T_Splash_A.uasset" 4213
"/Game/Additions/Realistic_Starter_VFX_Pack_Vol2/Textures/T_Dirt_B" 4214
"/Game/Skald_HitFloat" 4215
"/Game/Additions/Realistic_Starter_VFX_Pack_Vol2/Textures/T_Smoke_B" 4216
"/Game/Blueprints/UI/UI_PNGs/Fighter_Spent" 4217
"../../../Engine/Content/Functions/Engine_MaterialFunctions02/Utility/VectorToRadialValue.uasset" 4218
"/Game/Additions/Realistic_Starter_VFX_Pack_Vol2/Textures/T_Splash_A" 4219
"/Engine/Functions/Engine_MaterialFunctions02/Utility/VectorToRadialValue" 4220
"../../../Engine/Content/Functions/Engine_MaterialFunctions01/Vectors/RotateVector.uasset" 4221
"/Engine/Functions/Engine_MaterialFunctions01/Vectors/RotateVector" 4222
"../../../Engine/Content/Functions/Engine_MaterialFunctions02/FixRotateAboutAxisNormals.uasset" 4223
"D:/Skald_TurnBasedStrategy_Code/Content/Blueprints/UI/UI_PNGs/Fighter_Activated.uasset" 4224
"../../../Engine/Content/Functions/Engine_MaterialFunctions02/WorldPositionOffset/ObjectPivotPoint.uasset" 4225
"/Game/Blueprints/UI/UI_PNGs/Fighter_Activated" 4226
"/Engine/Functions/Engine_MaterialFunctions02/FixRotateAboutAxisNormals" 4227
"/Engine/Functions/Engine_MaterialFunctions02/WorldPositionOffset/ObjectPivotPoint" 4228
"D:/Skald_TurnBasedStrategy_Code/Content/M4/Blueprints/SystemResources/Heightfield/Textures/NewTessLogo.uasset" 4229
"/Game/M4/Blueprints/SystemResources/Heightfield/Textures/NewTessLogo" 4230
"D:/Skald_TurnBasedStrategy_Code/Content/M4/Foliage/Plants/Textures/FlowerTop-White.uasset" 4231
"D:/Skald_TurnBasedStrategy_Code/Content/M4/Foliage/Plants/Textures/BushLeavesWithAlpha_SPEC.uasset" 4232
"/Game/M4/Foliage/Plants/Textures/FlowerTop-White" 4233
"/Game/M4/Foliage/Plants/Textures/BushLeavesWithAlpha_SPEC" 4234
"D:/Skald_TurnBasedStrategy_Code/Content/M4/Foliage/Plants/Textures/BushLeavesWithAlpha_NORM.uasset" 4235
"D:/Skald_TurnBasedStrategy_Code/Content/M4/Foliage/Plants/Textures/BushLeavesWithAlpha.uasset" 4236
"/Game/M4/Foliage/Plants/Textures/BushLeavesWithAlpha_NORM" 4237
"D:/Skald_TurnBasedStrategy_Code/Content/M4/Foliage/Plants/Textures/GhostGrass_normals.uasset" 4238
"D:/Skald_TurnBasedStrategy_Code/Content/M4/Foliage/Plants/Textures/GrassWithAlpha3.uasset" 4239
"/Game/M4/Foliage/Plants/Textures/BushLeavesWithAlpha" 4240
"/Game/M4/Foliage/Plants/Textures/GrassWithAlpha3" 4241
"D:/Skald_TurnBasedStrategy_Code/Content/M4/Foliage/Plants/Textures/GrassWithAlpha.uasset" 4242
"/Game/M4/Foliage/Plants/Textures/GhostGrass_normals" 4243
"/Game/M4/Foliage/Plants/Textures/GrassWithAlpha" 4244
"D:/Skald_TurnBasedStrategy_Code/Content/M4/Foliage/Plants/Textures/SmallBushAO_occlusion.uasset" 4245
"D:/Skald_TurnBasedStrategy_Code/Content/M4/Foliage/Plants/Materials/Common/SimpleColorMat.uasset" 4246
"D:/Skald_TurnBasedStrategy_Code/Content/M4/Foliage/Plants/Textures/SmallBush01LODCFP.uasset" 4247
"/Game/M4/Foliage/Plants/Textures/SmallBushAO_occlusion" 4248
"/Game/M4/Foliage/Plants/Materials/Common/SimpleColorMat" 4249
"/Game/M4/Foliage/Plants/Textures/SmallBush01LODCFP" 4250
"D:/Skald_TurnBasedStrategy_Code/Content/M4/Foliage/Rocks/Textures/RockSet01_Normal.uasset" 4251
"/Game/M4/Foliage/Rocks/Textures/RockSet01_Normal" 4252
"D:/Skald_TurnBasedStrategy_Code/Content/M4/Foliage/Rocks/Textures/RockSet01_Diffuse.uasset" 4253
"D:/Skald_TurnBasedStrategy_Code/Content/M4/Foliage/Plants/Textures/CatTailLODCFP.uasset" 4254
"D:/Skald_TurnBasedStrategy_Code/Content/Medieval_Tents/Textures/FreeCloths/T_FreeCloths_BaseColor.uasset" 4255
"D:/Skald_TurnBasedStrategy_Code/Content/M4/Blueprints/SystemResources/MagicMapMaterialBP/Mats/BP_SS_Profile.uasset" 4256
"D:/Skald_TurnBasedStrategy_Code/Content/Medieval_Tents/Textures/FreeCloths/T_FreeCloths_Normal.uasset" 4257
"/Game/Medieval_Tents/Textures/FreeCloths/T_FreeCloths_BaseColor" 4258
"/Game/M4/Foliage/Plants/Textures/CatTailLODCFP" 4259
"/Game/M4/Foliage/Rocks/Textures/RockSet01_Diffuse" 4260
"/Game/M4/Blueprints/SystemResources/MagicMapMaterialBP/Mats/BP_SS_Profile" 4261
"/Game/Medieval_Tents/Textures/FreeCloths/T_FreeCloths_Normal" 4262
"D:/Skald_TurnBasedStrategy_Code/Content/Medieval_Tents/Textures/FreeCloths/T_FreeCloths_OcclusionRoughnessMetallic.uasset" 4263
"D:/Skald_TurnBasedStrategy_Code/Content/M4/Blueprints/SystemResources/MagicMapMaterialBP/Enums/TerrainBiomePresets.uasset" 4264
"/Game/M4/Blueprints/SystemResources/MagicMapMaterialBP/Enums/TerrainBiomePresets" 4265
"D:/Skald_TurnBasedStrategy_Code/Content/Medieval_Tents/Textures/Tents/BigTents/T_BigTentsVar2_BaseColor.uasset" 4266
"D:/Skald_TurnBasedStrategy_Code/Content/Medieval_Tents/Textures/Tents/BigTents/T_BigTentsVar2_Normal.uasset" 4267
"/Game/Medieval_Tents/Textures/FreeCloths/T_FreeCloths_OcclusionRoughnessMetallic" 4268
"D:/Skald_TurnBasedStrategy_Code/Content/Medieval_Tents/Textures/CampProps/T_CampProps_OcclusionRoughnessMetallic.uasset" 4269
"/Game/Medieval_Tents/Textures/Tents/BigTents/T_BigTentsVar2_Normal" 4270
"D:/Skald_TurnBasedStrategy_Code/Content/Medieval_Tents/Textures/CampProps/T_CampProps_BaseColor.uasset" 4271
"D:/Skald_TurnBasedStrategy_Code/Content/Medieval_Tents/Textures/Tents/BigTents/T_BigTentsVar2_OcclusionRoughnessMetallic.uasset" 4272
"D:/Skald_TurnBasedStrategy_Code/Content/Medieval_Tents/Textures/CampProps/T_CampProps_Normal.uasset" 4273
"/Game/Medieval_Tents/Textures/Tents/BigTents/T_BigTentsVar2_BaseColor" 4274
"/Game/Medieval_Tents/Textures/CampProps/T_CampProps_OcclusionRoughnessMetallic" 4275
"/Game/Medieval_Tents/Textures/CampProps/T_CampProps_BaseColor" 4276
"D:/Skald_TurnBasedStrategy_Code/Content/M4/Foliage/Plants/Textures/GrassWithAlpha2.uasset" 4277
"D:/Skald_TurnBasedStrategy_Code/Content/M4/Foliage/Plants/Textures/WindNormalMap.uasset" 4278
"/Game/Medieval_Tents/Textures/CampProps/T_CampProps_Normal" 4279
"/Game/Medieval_Tents/Textures/Tents/BigTents/T_BigTentsVar2_OcclusionRoughnessMetallic" 4280
"/Game/M4/Foliage/Plants/Textures/WindNormalMap" 4281
"D:/Skald_TurnBasedStrategy_Code/Content/M4/Materials/MasterMaterials/Functions/ColorCurves/Curves/SlopeColorCurve_DesertA.uasset" 4282
"D:/Skald_TurnBasedStrategy_Code/Content/M4/Materials/MasterMaterials/Functions/ColorCurves/Curves/SlopeColorCurve_DesertB.uasset" 4283
"/Game/M4/Foliage/Plants/Textures/GrassWithAlpha2" 4284
"/Game/M4/Materials/MasterMaterials/Functions/ColorCurves/Curves/SlopeColorCurve_DesertB" 4285
"D:/Skald_TurnBasedStrategy_Code/Content/M4/Materials/MasterMaterials/Functions/ColorCurves/Curves/SlopeColorCurve_IslandC.uasset" 4286
"D:/Skald_TurnBasedStrategy_Code/Content/M4/Materials/MasterMaterials/Functions/ColorCurves/Curves/SlopeColorCurve_IslandB.uasset" 4287
"/Game/M4/Materials/MasterMaterials/Functions/ColorCurves/Curves/SlopeColorCurve_DesertA" 4288
"/Game/M4/Materials/MasterMaterials/Functions/ColorCurves/Curves/SlopeColorCurve_IslandB" 4289
"/Game/M4/Materials/MasterMaterials/Functions/ColorCurves/Curves/SlopeColorCurve_IslandC" 4290
"../../../Engine/Content/Functions/Engine_MaterialFunctions02/Texturing/ScreenAlignedPixelToPixelUVs.uasset" 4291
"D:/Skald_TurnBasedStrategy_Code/Content/M4/Materials/MasterMaterials/Functions/ColorCurves/Curves/SlopeColorCurve_TundraA.uasset" 4292
"D:/Skald_TurnBasedStrategy_Code/Content/Medieval_Tents/Textures/Tents/BigTents/T_BigTentsVar1_OcclusionRoughnessMetallic.uasset" 4293
"D:/Skald_TurnBasedStrategy_Code/Content/Medieval_Tents/Textures/Tents/BigTents/T_BigTentsVar1_BaseColor.uasset" 4294
"D:/Skald_TurnBasedStrategy_Code/Content/M4/Materials/MasterMaterials/Functions/ColorCurves/Curves/SlopeColorCurve_IslandA.uasset" 4295
"/Game/Medieval_Tents/Textures/Tents/BigTents/T_BigTentsVar1_BaseColor" 4296
"/Game/M4/Materials/MasterMaterials/Functions/ColorCurves/Curves/SlopeColorCurve_TundraA" 4297
"/Engine/Functions/Engine_MaterialFunctions02/Texturing/ScreenAlignedPixelToPixelUVs" 4298
"D:/Skald_TurnBasedStrategy_Code/Content/Medieval_Tents/Textures/Tents/BigTents/T_BigTentsVar1_Normal.uasset" 4299
"/Game/M4/Materials/MasterMaterials/Functions/ColorCurves/Curves/SlopeColorCurve_IslandA" 4300
"/Game/Medieval_Tents/Textures/Tents/BigTents/T_BigTentsVar1_Normal" 4301
"/Game/Medieval_Tents/Textures/Tents/BigTents/T_BigTentsVar1_OcclusionRoughnessMetallic" 4302
"D:/Skald_TurnBasedStrategy_Code/Content/Medieval_Tents/Textures/Tents/BigTents/T_BigTents_Normal.uasset" 4303
"D:/Skald_TurnBasedStrategy_Code/Content/Medieval_Tents/Textures/Tents/BigTents/T_BigTents_BaseColor.uasset" 4304
"/Game/Medieval_Tents/Textures/Tents/BigTents/T_BigTents_BaseColor" 4305
"/Game/Medieval_Tents/Textures/Tents/BigTents/T_BigTents_Normal" 4306
"D:/Skald_TurnBasedStrategy_Code/Content/Blueprints/UI/UISoundFX/Bag_of_coins_being_d__1-1760760229403.uasset" 4307
"/Game/Blueprints/UI/UISoundFX/Bag_of_coins_being_d__1-1760760229403" 4308
"D:/Skald_TurnBasedStrategy_Code/Content/Medieval_Tents/Textures/Tents/BigTents/T_BigTents_OcclusionRoughnessMetallic.uasset" 4309
"D:/Skald_TurnBasedStrategy_Code/Content/Blueprints/UI/UISoundFX/Bag_of_coins_being_d-1760760229401.uasset" 4310
"D:/Skald_TurnBasedStrategy_Code/Content/M4/Textures/Distance/Forest/A/FarForest_Diffuse_A.uasset" 4311
"D:/Skald_TurnBasedStrategy_Code/Content/M4/Textures/Distance/Forest/A/FarForest_Normal_A.uasset" 4312
"D:/Skald_TurnBasedStrategy_Code/Content/M4/Textures/Distance/Forest/A/FarForest_Roughness_A.uasset" 4313
"D:/Skald_TurnBasedStrategy_Code/Content/M4/Textures/Tutorials/RVT_Quick_Setup.uasset" 4314
"/Game/M4/Textures/Distance/Forest/A/FarForest_Roughness_A" 4315
"/Game/M4/Textures/Distance/Forest/A/FarForest_Diffuse_A" 4316
"/Game/Blueprints/UI/UISoundFX/Bag_of_coins_being_d-1760760229401" 4317
"/Game/Medieval_Tents/Textures/Tents/BigTents/T_BigTents_OcclusionRoughnessMetallic" 4318
"D:/Skald_TurnBasedStrategy_Code/Content/M4/Blueprints/SystemResources/RenderTargets/SplatBaker/DesertHM/DesertFinalizedSplatmap.uasset" 4319
"D:/Skald_TurnBasedStrategy_Code/Content/M4/Textures/Tutorials/VHF_Warning.uasset" 4320
"D:/Skald_TurnBasedStrategy_Code/Content/M4/Blueprints/SystemResources/RenderTargets/SplatBaker/TundraHM/TundraFinalizedSplatmap.uasset" 4321
"/Game/M4/Textures/Distance/Forest/A/FarForest_Normal_A" 4322
"/Game/M4/Textures/Tutorials/RVT_Quick_Setup" 4323
"/Game/M4/Blueprints/SystemResources/RenderTargets/SplatBaker/DesertHM/DesertFinalizedSplatmap" 4324
"/Game/M4/Textures/Tutorials/VHF_Warning" 4325
"../../../Engine/Content/Functions/Engine_MaterialFunctions02/ExampleContent/Textures/LowResBlurredNoise.uasset" 4326
"D:/Skald_TurnBasedStrategy_Code/Content/M4/Blueprints/SystemResources/MagicMapMaterialBP/Textures/IslandImage.uasset" 4327
"D:/Skald_TurnBasedStrategy_Code/Content/M4/Foliage/Plants/Textures/Middle_Gradient.uasset" 4328
"/Game/M4/Blueprints/SystemResources/RenderTargets/SplatBaker/TundraHM/TundraFinalizedSplatmap" 4329
"/Engine/Functions/Engine_MaterialFunctions02/ExampleContent/Textures/LowResBlurredNoise" 4330
"/Game/M4/Blueprints/SystemResources/MagicMapMaterialBP/Textures/IslandImage" 4331
"/Game/M4/Foliage/Plants/Textures/Middle_Gradient" 4332
"D:/Skald_TurnBasedStrategy_Code/Content/M4/Extras/UniversalColorCorrector/FoliageColorCorrectorMPC.uasset" 4333
"D:/Skald_TurnBasedStrategy_Code/Content/M4/Foliage/Plants/Textures/PerlinNoise.uasset" 4334
"/Game/M4/Extras/UniversalColorCorrector/FoliageColorCorrectorMPC" 4335
"/Game/M4/Foliage/Plants/Textures/PerlinNoise" 4336
"D:/Skald_TurnBasedStrategy_Code/Content/M4/Foliage/Plants/Materials/WorldCoords-XY.uasset" 4337
"D:/Skald_TurnBasedStrategy_Code/Content/M4/Foliage/Plants/Textures/Orange_Flower_Small_Petals.uasset" 4338
"/Game/M4/Foliage/Plants/Materials/WorldCoords-XY" 4339
"../../../Engine/Content/Functions/Engine_MaterialFunctions01/WorldPositionOffset/SimpleGrassWind.uasset" 4340
"/Engine/Functions/Engine_MaterialFunctions01/WorldPositionOffset/SimpleGrassWind" 4341
"D:/Skald_TurnBasedStrategy_Code/Content/M4/Foliage/Plants/Materials/Grass/Misc/ColorVariationFunction.uasset" 4342
"D:/Skald_TurnBasedStrategy_Code/Content/M4/Materials/MasterMaterials/Functions/UE5/NaniteObjectPosition.uasset" 4343
"/Game/M4/Foliage/Plants/Textures/Orange_Flower_Small_Petals" 4344
"../../../Engine/Content/Functions/Engine_MaterialFunctions02/TangentBasis.uasset" 4345
"D:/Skald_TurnBasedStrategy_Code/Content/M4/Blueprints/SystemResources/Trails/MaterialFuncs/MF_MaskUV0-1.uasset" 4346
"D:/Skald_TurnBasedStrategy_Code/Content/M4/Textures/Noise/ScratchNoiseAlpha.uasset" 4347
"/Game/M4/Blueprints/SystemResources/Trails/MaterialFuncs/MF_MaskUV0-1" 4348
"/Engine/Functions/Engine_MaterialFunctions02/TangentBasis" 4349
"/Game/M4/Foliage/Plants/Materials/Grass/Misc/ColorVariationFunction" 4350
"/Game/M4/Materials/MasterMaterials/Functions/UE5/NaniteObjectPosition" 4351
"/Game/M4/Textures/Noise/ScratchNoiseAlpha" 4352
"D:/Skald_TurnBasedStrategy_Code/Content/M4/Foliage/Plants/Materials/Grass/AdvancedGrassSystem/Eccentricity-AGS.uasset" 4353
"/Game/M4/Foliage/Plants/Materials/Grass/AdvancedGrassSystem/Eccentricity-AGS" 4354
"D:/Skald_TurnBasedStrategy_Code/Content/M4/Foliage/Plants/Materials/Grass/AdvancedGrassSystem/ColorVariation.uasset" 4355
"D:/Skald_TurnBasedStrategy_Code/Content/M4/Blueprints/SystemResources/Trails/Textures/RTs/V3/FoliageInteraction/RT_FoliageI_PersistentBlurred.uasset" 4356
"/Game/M4/Foliage/Plants/Materials/Grass/AdvancedGrassSystem/ColorVariation" 4357
"/Game/M4/Blueprints/SystemResources/Trails/Textures/RTs/V3/FoliageInteraction/RT_FoliageI_PersistentBlurred" 4358
"D:/Skald_TurnBasedStrategy_Code/Content/M4/Foliage/Plants/Textures/CatTailTopDiffuse.uasset" 4359
"../../../Engine/Content/Functions/Engine_MaterialFunctions01/SpeedTree/SpeedTreeColorVariation.uasset" 4360
"D:/Skald_TurnBasedStrategy_Code/Content/M4/Foliage/Plants/Textures/NewgrasstexturefromblenderNORMALMAP5.uasset" 4361
"D:/Skald_TurnBasedStrategy_Code/Content/M4/Foliage/Plants/Textures/Clover_NRM.uasset" 4362
"/Engine/Functions/Engine_MaterialFunctions01/SpeedTree/SpeedTreeColorVariation" 4363
"/Game/M4/Foliage/Plants/Textures/NewgrasstexturefromblenderNORMALMAP5" 4364
"/Game/M4/Foliage/Plants/Textures/Clover_NRM" 4365
"/Game/M4/Foliage/Plants/Textures/CatTailTopDiffuse" 4366
"../../../Engine/Content/Functions/Engine_MaterialFunctions03/Particles/Distance_Blend.uasset" 4367
"D:/Skald_TurnBasedStrategy_Code/Content/M4/Foliage/Plants/Textures/Center_Gradient_NRM.uasset" 4368
"../../../Engine/Content/Functions/Engine_MaterialFunctions02/Utility/CustomReflectionVector.uasset" 4369
"D:/Skald_TurnBasedStrategy_Code/Content/M4/Foliage/Plants/Textures/SingleBladeofGrassAlphaBlurred.uasset" 4370
"D:/Skald_TurnBasedStrategy_Code/Content/M4/Foliage/Plants/Textures/Center_Gradient.uasset" 4371
"/Engine/Functions/Engine_MaterialFunctions03/Particles/Distance_Blend" 4372
"/Engine/Functions/Engine_MaterialFunctions02/Utility/CustomReflectionVector" 4373
"/Game/M4/Foliage/Plants/Textures/SingleBladeofGrassAlphaBlurred" 4374
"/Game/M4/Foliage/Plants/Textures/Center_Gradient_NRM" 4375
"/Game/M4/Foliage/Plants/Textures/Center_Gradient" 4376
"D:/Skald_TurnBasedStrategy_Code/Content/Blueprints/Meshes/Territory_Capital/medieval_metal_crown_1015055751_texture_roughness.uasset" 4377
"/Game/Blueprints/Meshes/Territory_Capital/medieval_metal_crown_1015055751_texture_roughness" 4378
"D:/Skald_TurnBasedStrategy_Code/Content/Blueprints/Meshes/Territory_Capital/medieval_metal_crown_1015055751_texture_metallic.uasset" 4379
"D:/Skald_TurnBasedStrategy_Code/Content/Blueprints/Meshes/Territory_Capital/medieval_metal_crown_1015055751_texture_normal.uasset" 4380
"../../../Engine/Plugins/Interchange/Assets/Content/Functions/MF_PhongToMetalRoughness.uasset" 4381
"../../../Engine/Content/Functions/Engine_MaterialFunctions02/ScreenResolution.uasset" 4382
"D:/Skald_TurnBasedStrategy_Code/Content/Blueprints/Meshes/Territory_Capital/texture_0.uasset" 4383
"/Game/Blueprints/Meshes/Territory_Capital/medieval_metal_crown_1015055751_texture_normal" 4384
"/Game/Blueprints/Meshes/Territory_Capital/texture_0" 4385
"/InterchangeAssets/Functions/MF_PhongToMetalRoughness" 4386
"/Engine/Functions/Engine_MaterialFunctions02/ScreenResolution" 4387
"/Game/Blueprints/Meshes/Territory_Capital/medieval_metal_crown_1015055751_texture_metallic" 4388
"D:/Skald_TurnBasedStrategy_Code/Content/M4/Textures/Tutorials/LandscapeInitializationDone.uasset" 4389
"/Game/M4/Textures/Tutorials/LandscapeInitializationDone" 4390
"D:/Skald_TurnBasedStrategy_Code/Content/M4/Textures/Tutorials/LandscapeInitializationV2.uasset" 4391
"D:/Skald_TurnBasedStrategy_Code/Content/Blueprints/Character/SkaldFactions/Inflicted/2hSword/Inflicted_2hword_Skal_1011005149_texture_roughness.uasset" 4392
"D:/Skald_TurnBasedStrategy_Code/Content/M4/Blueprints/SystemResources/MagicMapMaterialBP/Textures/DesertImage.uasset" 4393
"/Game/Blueprints/Character/SkaldFactions/Inflicted/2hSword/Inflicted_2hword_Skal_1011005149_texture_roughness" 4394
"/Game/M4/Blueprints/SystemResources/MagicMapMaterialBP/Textures/DesertImage" 4395
"/Game/M4/Textures/Tutorials/LandscapeInitializationV2" 4396
"D:/Skald_TurnBasedStrategy_Code/Content/M4/Blueprints/SystemResources/MagicMapMaterialBP/Textures/TundraImage.uasset" 4397
"D:/Skald_TurnBasedStrategy_Code/Content/Blueprints/Character/SkaldFactions/Inflicted/2hSword/Inflicted_2hword_Skal_1011005149_texture_normal.uasset" 4398
"D:/Skald_TurnBasedStrategy_Code/Content/Blueprints/Character/SkaldFactions/Inflicted/2hSword/Inflicted_2hword_Skal_1011005149_texture_metallic.uasset" 4399
"D:/Skald_TurnBasedStrategy_Code/Content/Blueprints/Character/SkaldFactions/RavPack/Mage/Skald_RavPack_Mage_1015210716_texture_normal.uasset" 4400
"D:/Skald_TurnBasedStrategy_Code/Content/Blueprints/Character/SkaldFactions/Inflicted/2hSword/Inflicted_2hword_Skal_1011005149_texture.uasset" 4401
"/Game/Blueprints/Character/SkaldFactions/Inflicted/2hSword/Inflicted_2hword_Skal_1011005149_texture" 4402
"D:/Skald_TurnBasedStrategy_Code/Content/Blueprints/Character/SkaldFactions/RavPack/Mage/Skald_RavPack_Mage_1015210716_texture_roughness.uasset" 4403
"D:/Skald_TurnBasedStrategy_Code/Content/Blueprints/Character/SkaldFactions/RavPack/Mage/Skald_RavPack_Mage_1015210716_texture_metallic.uasset" 4404
"/Game/M4/Blueprints/SystemResources/MagicMapMaterialBP/Textures/TundraImage" 4405
"/Game/Blueprints/Character/SkaldFactions/Inflicted/2hSword/Inflicted_2hword_Skal_1011005149_texture_metallic" 4406
"/Game/Blueprints/Character/SkaldFactions/RavPack/Mage/Skald_RavPack_Mage_1015210716_texture_normal" 4407
"/Game/Blueprints/Character/SkaldFactions/Inflicted/2hSword/Inflicted_2hword_Skal_1011005149_texture_normal" 4408
"/Game/Blueprints/Character/SkaldFactions/RavPack/Mage/Skald_RavPack_Mage_1015210716_texture_metallic" 4409
"D:/Skald_TurnBasedStrategy_Code/Content/Blueprints/Character/SkaldFactions/Undead/2hSword/Undead_2hSword_Skald_0926190422_tex.uasset" 4410
"/Game/Blueprints/Character/SkaldFactions/RavPack/Mage/Skald_RavPack_Mage_1015210716_texture_roughness" 4411
"/Game/Blueprints/Character/SkaldFactions/Undead/2hSword/Undead_2hSword_Skald_0926190422_tex" 4412
"D:/Skald_TurnBasedStrategy_Code/Content/Blueprints/Character/SkaldFactions/Undead/2hSword/Undead_2hSword_Skald_0926190422_texture_roughness.uasset" 4413
"D:/Skald_TurnBasedStrategy_Code/Content/Blueprints/Character/SkaldFactions/RavPack/Mage/Skald_RavPack_Mage_1015210716_texture.uasset" 4414
"/Game/Blueprints/Character/SkaldFactions/Undead/2hSword/Undead_2hSword_Skald_0926190422_texture_roughness" 4415
"D:/Skald_TurnBasedStrategy_Code/Content/Blueprints/Character/SkaldFactions/Undead/2hSword/Undead_2hSword_Skald_0926190422_texture_metallic.uasset" 4416
"D:/Skald_TurnBasedStrategy_Code/Content/Blueprints/Character/SkaldFactions/Undead/2hSword/Undead_2hSword_Skald_0926190422_texture_normal.uasset" 4417
"/Game/Blueprints/Character/SkaldFactions/RavPack/Mage/Skald_RavPack_Mage_1015210716_texture" 4418
"/Game/Blueprints/Character/SkaldFactions/Undead/2hSword/Undead_2hSword_Skald_0926190422_texture_metallic" 4419
"D:/Skald_TurnBasedStrategy_Code/Content/Blueprints/Character/SkaldFactions/Inflicted/DualWield/Inflicted_DualWield_S_1011005442_texture_metallic.uasset" 4420
"/Game/Blueprints/Character/SkaldFactions/Undead/2hSword/Undead_2hSword_Skald_0926190422_texture_normal" 4421
"/Game/Blueprints/Character/SkaldFactions/Inflicted/DualWield/Inflicted_DualWield_S_1011005442_texture_metallic" 4422
"D:/Skald_TurnBasedStrategy_Code/Content/Blueprints/Character/SkaldFactions/Inflicted/DualWield/Inflicted_DualWield_S_1011005442_texture.uasset" 4423
"D:/Skald_TurnBasedStrategy_Code/Content/Blueprints/Character/SkaldFactions/Orcs/SpearnShield/Orc_SpearnShield_Skal_0926074410_texture.uasset" 4424
"D:/Skald_TurnBasedStrategy_Code/Content/Blueprints/Character/SkaldFactions/Inflicted/DualWield/Inflicted_DualWield_S_1011005442_texture_normal.uasset" 4425
"D:/Skald_TurnBasedStrategy_Code/Content/Blueprints/Character/SkaldFactions/Inflicted/DualWield/Inflicted_DualWield_S_1011005442_texture_roughness.uasset" 4426
"D:/Skald_TurnBasedStrategy_Code/Content/Blueprints/Character/SkaldFactions/Orcs/SpearnShield/Orc_SpearnShield_Skal_0926074410_texture_normal.uasset" 4427
"/Game/Blueprints/Character/SkaldFactions/Inflicted/DualWield/Inflicted_DualWield_S_1011005442_texture" 4428
"/Game/Blueprints/Character/SkaldFactions/Inflicted/DualWield/Inflicted_DualWield_S_1011005442_texture_roughness" 4429
"/Game/Blueprints/Character/SkaldFactions/Inflicted/DualWield/Inflicted_DualWield_S_1011005442_texture_normal" 4430
"/Game/Blueprints/Character/SkaldFactions/Orcs/SpearnShield/Orc_SpearnShield_Skal_0926074410_texture_normal" 4431
"/Game/Blueprints/Character/SkaldFactions/Orcs/SpearnShield/Orc_SpearnShield_Skal_0926074410_texture" 4432
"D:/Skald_TurnBasedStrategy_Code/Content/Blueprints/Character/SkaldFactions/Orcs/SpearnShield/Orc_SpearnShield_Skal_0926074410_texture_roughness.uasset" 4433
"D:/Skald_TurnBasedStrategy_Code/Content/Blueprints/Character/SkaldFactions/Inflicted/SpearnShield/Inflicted_SpearAndShi_1011005359_texture_roughness.uasset" 4434
"D:/Skald_TurnBasedStrategy_Code/Content/Blueprints/Character/SkaldFactions/Inflicted/SpearnShield/Inflicted_SpearAndShi_1011005359_texture.uasset" 4435
"D:/Skald_TurnBasedStrategy_Code/Content/Blueprints/Character/SkaldFactions/Orcs/SpearnShield/Orc_SpearnShield_Skal_0926074410_texture_metallic.uasset" 4436
"D:/Skald_TurnBasedStrategy_Code/Content/Blueprints/Character/SkaldFactions/Inflicted/SpearnShield/Inflicted_SpearAndShi_1011005359_texture_metallic.uasset" 4437
"/Game/Blueprints/Character/SkaldFactions/Inflicted/SpearnShield/Inflicted_SpearAndShi_1011005359_texture_metallic" 4438
"/Game/Blueprints/Character/SkaldFactions/Inflicted/SpearnShield/Inflicted_SpearAndShi_1011005359_texture_roughness" 4439
"/Game/Blueprints/Character/SkaldFactions/Orcs/SpearnShield/Orc_SpearnShield_Skal_0926074410_texture_roughness" 4440
"D:/Skald_TurnBasedStrategy_Code/Content/Blueprints/Character/SkaldFactions/LizardFolk/DualWield/LizardFolk_DualWield__1011010656_texture_metallic.uasset" 4441
"D:/Skald_TurnBasedStrategy_Code/Content/Blueprints/Character/SkaldFactions/LizardFolk/DualWield/LizardFolk_DualWield__1011010656_texture_normal.uasset" 4442
"D:/Skald_TurnBasedStrategy_Code/Content/Blueprints/Character/SkaldFactions/Inflicted/SpearnShield/Inflicted_SpearAndShi_1011005359_texture_normal.uasset" 4443
"/Game/Blueprints/Character/SkaldFactions/Orcs/SpearnShield/Orc_SpearnShield_Skal_0926074410_texture_metallic" 4444
"/Game/Blueprints/Character/SkaldFactions/Inflicted/SpearnShield/Inflicted_SpearAndShi_1011005359_texture" 4445
"D:/Skald_TurnBasedStrategy_Code/Content/Blueprints/Character/SkaldFactions/LizardFolk/DualWield/LizardFolk_DualWield__1011010656_texture.uasset" 4446
"/Game/Blueprints/Character/SkaldFactions/LizardFolk/DualWield/LizardFolk_DualWield__1011010656_texture_metallic" 4447
"D:/Skald_TurnBasedStrategy_Code/Content/Blueprints/Character/SkaldFactions/LizardFolk/DualWield/LizardFolk_DualWield__1011010656_texture_roughness.uasset" 4448
"/Game/Blueprints/Character/SkaldFactions/LizardFolk/DualWield/LizardFolk_DualWield__1011010656_texture" 4449
"/Game/Blueprints/Character/SkaldFactions/LizardFolk/DualWield/LizardFolk_DualWield__1011010656_texture_normal" 4450
"/Game/Blueprints/Character/SkaldFactions/Inflicted/SpearnShield/Inflicted_SpearAndShi_1011005359_texture_normal" 4451
"/Game/Blueprints/Character/SkaldFactions/LizardFolk/DualWield/LizardFolk_DualWield__1011010656_texture_roughness" 4452
"D:/Skald_TurnBasedStrategy_Code/Content/Blueprints/Character/SkaldFactions/Orcs/DualWield/Orc_DualWield_Skald_0926074415_texture_roughness.uasset" 4453
"D:/Skald_TurnBasedStrategy_Code/Content/Blueprints/Character/SkaldFactions/Orcs/DualWield/Orc_DualWield_Skald_0926074415_texture.uasset" 4454
"D:/Skald_TurnBasedStrategy_Code/Content/Blueprints/Character/SkaldFactions/Orcs/DualWield/Orc_DualWield_Skald_0926074415_texture_normal.uasset" 4455
"D:/Skald_TurnBasedStrategy_Code/Content/Blueprints/Character/SkaldFactions/Orcs/DualWield/Orc_DualWield_Skald_0926074415_texture_metallic.uasset" 4456
"D:/Skald_TurnBasedStrategy_Code/Content/Blueprints/Character/SkaldFactions/Dwarves/CrystalBeast/Crystal_Beast_0926073714_texture_metallic.uasset" 4457
"/Game/Blueprints/Character/SkaldFactions/Orcs/DualWield/Orc_DualWield_Skald_0926074415_texture_roughness" 4458
"/Game/Blueprints/Character/SkaldFactions/Orcs/DualWield/Orc_DualWield_Skald_0926074415_texture" 4459
"/Game/Blueprints/Character/SkaldFactions/Orcs/DualWield/Orc_DualWield_Skald_0926074415_texture_metallic" 4460
"/Game/Blueprints/Character/SkaldFactions/Orcs/DualWield/Orc_DualWield_Skald_0926074415_texture_normal" 4461
"D:/Skald_TurnBasedStrategy_Code/Content/Blueprints/Character/SkaldFactions/Dwarves/CrystalBeast/Crystal_Beast_0926073714_texture_normal.uasset" 4462
"/Game/Blueprints/Character/SkaldFactions/Dwarves/CrystalBeast/Crystal_Beast_0926073714_texture_metallic" 4463
"/Game/Blueprints/Character/SkaldFactions/Dwarves/CrystalBeast/Crystal_Beast_0926073714_texture_normal" 4464
"D:/Skald_TurnBasedStrategy_Code/Content/Blueprints/Character/SkaldFactions/Dwarves/CrystalBeast/Crystal_Beast_0926073714_texture_roughness.uasset" 4465
"/Game/Blueprints/Character/SkaldFactions/Dwarves/CrystalBeast/Crystal_Beast_0926073714_texture_roughness" 4466
"D:/Skald_TurnBasedStrategy_Code/Content/Blueprints/Character/SkaldFactions/Dwarves/CrystalBeast/Crystal_Beast_0926073714_texture.uasset" 4467
"D:/Skald_TurnBasedStrategy_Code/Content/Blueprints/Character/SkaldFactions/Humans/mage/HumanKnight_Mage_Skal_0926074725_texture_roughness.uasset" 4468
"D:/Skald_TurnBasedStrategy_Code/Content/Blueprints/Character/SkaldFactions/Humans/mage/HumanKnight_Mage_Skal_0926074725_texture_metallic.uasset" 4469
"D:/Skald_TurnBasedStrategy_Code/Content/Blueprints/Character/SkaldFactions/Humans/mage/HumanKnight_Mage_Skal_0926074725_texture.uasset" 4470
"D:/Skald_TurnBasedStrategy_Code/Content/Blueprints/Character/SkaldFactions/Humans/mage/HumanKnight_Mage_Skal_0926074725_texture_normal.uasset" 4471
"/Game/Blueprints/Character/SkaldFactions/Dwarves/CrystalBeast/Crystal_Beast_0926073714_texture" 4472
"/Game/Blueprints/Character/SkaldFactions/Humans/mage/HumanKnight_Mage_Skal_0926074725_texture" 4473
"/Game/Blueprints/Character/SkaldFactions/Humans/mage/HumanKnight_Mage_Skal_0926074725_texture_roughness" 4474
"/Game/Blueprints/Character/SkaldFactions/Humans/mage/HumanKnight_Mage_Skal_0926074725_texture_metallic" 4475
"/Game/Blueprints/Character/SkaldFactions/Humans/mage/HumanKnight_Mage_Skal_0926074725_texture_normal" 4476
"D:/Skald_TurnBasedStrategy_Code/Content/Blueprints/Character/SkaldFactions/Undead/CyclopeanHorror/Undead_CyclopeanHorro_0926074902_text.uasset" 4477
"/Game/Blueprints/Character/SkaldFactions/Undead/CyclopeanHorror/Undead_CyclopeanHorro_0926074902_text" 4478
"D:/Skald_TurnBasedStrategy_Code/Content/Blueprints/Character/SkaldFactions/Undead/CyclopeanHorror/Undead_CyclopeanHorro_0926074902_texture_metallic.uasset" 4479
"D:/Skald_TurnBasedStrategy_Code/Content/Blueprints/Character/SkaldFactions/Undead/CyclopeanHorror/Undead_CyclopeanHorro_0926074902_texture_normal.uasset" 4480
"D:/Skald_TurnBasedStrategy_Code/Content/Blueprints/Character/SkaldFactions/Undead/CyclopeanHorror/Undead_CyclopeanHorro_0926074902_texture_roughness.uasset" 4481
"D:/Skald_TurnBasedStrategy_Code/Content/Blueprints/Character/SkaldFactions/ToadFolk/MountedSpear/Skald_ToadFolk_Mounte_0926075044_texture.uasset" 4482
"D:/Skald_TurnBasedStrategy_Code/Content/Blueprints/Character/SkaldFactions/ToadFolk/MountedSpear/Skald_ToadFolk_Mounte_0926075044_texture_metallic.uasset" 4483
"D:/Skald_TurnBasedStrategy_Code/Content/Blueprints/Character/SkaldFactions/ToadFolk/MountedSpear/Skald_ToadFolk_Mounte_0926075044_texture_normal.uasset" 4484
"/Game/Blueprints/Character/SkaldFactions/Undead/CyclopeanHorror/Undead_CyclopeanHorro_0926074902_texture_normal" 4485
"/Game/Blueprints/Character/SkaldFactions/ToadFolk/MountedSpear/Skald_ToadFolk_Mounte_0926075044_texture_normal" 4486
"D:/Skald_TurnBasedStrategy_Code/Content/Blueprints/Character/SkaldFactions/RavPack/SwordnShield/Skald_RavPack_SwordnS_1015210937_texture_metallic.uasset" 4487
"D:/Skald_TurnBasedStrategy_Code/Content/Blueprints/Character/SkaldFactions/RavPack/SwordnShield/Skald_RavPack_SwordnS_1015210937_texture_roughness.uasset" 4488
"/Game/Blueprints/Character/SkaldFactions/ToadFolk/MountedSpear/Skald_ToadFolk_Mounte_0926075044_texture_metallic" 4489
"/Game/Blueprints/Character/SkaldFactions/Undead/CyclopeanHorror/Undead_CyclopeanHorro_0926074902_texture_roughness" 4490
"D:/Skald_TurnBasedStrategy_Code/Content/Blueprints/Character/SkaldFactions/ToadFolk/MountedSpear/Skald_ToadFolk_Mounte_0926075044_texture_roughness.uasset" 4491
"/Game/Blueprints/Character/SkaldFactions/ToadFolk/MountedSpear/Skald_ToadFolk_Mounte_0926075044_texture" 4492
"/Game/Blueprints/Character/SkaldFactions/Undead/CyclopeanHorror/Undead_CyclopeanHorro_0926074902_texture_metallic" 4493
"/Game/Blueprints/Character/SkaldFactions/RavPack/SwordnShield/Skald_RavPack_SwordnS_1015210937_texture_metallic" 4494
"D:/Skald_TurnBasedStrategy_Code/Content/Blueprints/Character/SkaldFactions/RavPack/SwordnShield/Skald_RavPack_SwordnS_1015210937_texture_normal.uasset" 4495
"/Game/Blueprints/Character/SkaldFactions/ToadFolk/MountedSpear/Skald_ToadFolk_Mounte_0926075044_texture_roughness" 4496
"/Game/Blueprints/Character/SkaldFactions/RavPack/SwordnShield/Skald_RavPack_SwordnS_1015210937_texture_roughness" 4497
"D:/Skald_TurnBasedStrategy_Code/Content/Blueprints/Character/SkaldFactions/RavPack/SwordnShield/Skald_RavPack_SwordnS_1015210937_texture.uasset" 4498
"/Game/Blueprints/Character/SkaldFactions/RavPack/SwordnShield/Skald_RavPack_SwordnS_1015210937_texture" 4499
"/Game/Blueprints/Character/SkaldFactions/RavPack/SwordnShield/Skald_RavPack_SwordnS_1015210937_texture_normal" 4500
"D:/Skald_TurnBasedStrategy_Code/Content/Blueprints/Character/SkaldFactions/RavPack/MountedSpear/Skald_RavPack_Mounted_1016013546_texture_metallic.uasset" 4501
"D:/Skald_TurnBasedStrategy_Code/Content/Blueprints/Character/SkaldFactions/RavPack/MountedSpear/Skald_RavPack_Mounted_1016013546_texture_normal.uasset" 4502
"D:/Skald_TurnBasedStrategy_Code/Content/Blueprints/Character/SkaldFactions/RavPack/MountedSpear/Skald_RavPack_Mounted_1016013546_texture.uasset" 4503
"D:/Skald_TurnBasedStrategy_Code/Content/Blueprints/Character/SkaldFactions/RavPack/MountedSpear/Skald_RavPack_Mounted_1016013546_texture_roughness.uasset" 4504
"D:/Skald_TurnBasedStrategy_Code/Content/Blueprints/Character/SkaldFactions/Ironlegion/SpearAndShield/IronLegion_SpearAndSh_0928134809_texture_metallic.uasset" 4505
"D:/Skald_TurnBasedStrategy_Code/Content/Blueprints/Character/SkaldFactions/Ironlegion/SpearAndShield/IronLegion_SpearAndSh_0928134809_texture_roughness.uasset" 4506
"/Game/Blueprints/Character/SkaldFactions/RavPack/MountedSpear/Skald_RavPack_Mounted_1016013546_texture_normal" 4507
"/Game/Blueprints/Character/SkaldFactions/RavPack/MountedSpear/Skald_RavPack_Mounted_1016013546_texture_metallic" 4508
"D:/Skald_TurnBasedStrategy_Code/Content/Blueprints/Character/SkaldFactions/Ironlegion/SpearAndShield/IronLegion_SpearAndSh_0928134809_texture.uasset" 4509
"/Game/Blueprints/Character/SkaldFactions/Ironlegion/SpearAndShield/IronLegion_SpearAndSh_0928134809_texture_metallic" 4510
"/Game/Blueprints/Character/SkaldFactions/RavPack/MountedSpear/Skald_RavPack_Mounted_1016013546_texture_roughness" 4511
"/Game/Blueprints/Character/SkaldFactions/RavPack/MountedSpear/Skald_RavPack_Mounted_1016013546_texture" 4512
"D:/Skald_TurnBasedStrategy_Code/Content/Blueprints/Character/SkaldFactions/Gnolls/2hSpear/Gnoll_2hSpear_Skald_0926075438_texture_normal.uasset" 4513
"/Game/Blueprints/Character/SkaldFactions/Ironlegion/SpearAndShield/IronLegion_SpearAndSh_0928134809_texture_roughness" 4514
"/Game/Blueprints/Character/SkaldFactions/Ironlegion/SpearAndShield/IronLegion_SpearAndSh_0928134809_texture" 4515
"D:/Skald_TurnBasedStrategy_Code/Content/Blueprints/Character/SkaldFactions/Ironlegion/SpearAndShield/IronLegion_SpearAndSh_0928134809_texture_normal.uasset" 4516
"/Game/Blueprints/Character/SkaldFactions/Gnolls/2hSpear/Gnoll_2hSpear_Skald_0926075438_texture_normal" 4517
"/Game/Blueprints/Character/SkaldFactions/Ironlegion/SpearAndShield/IronLegion_SpearAndSh_0928134809_texture_normal" 4518
"D:/Skald_TurnBasedStrategy_Code/Content/Blueprints/Character/SkaldFactions/Gnolls/2hSpear/Gnoll_2hSpear_Skald_0926075438_texture_metallic.uasset" 4519
"/Game/Blueprints/Character/SkaldFactions/Gnolls/2hSpear/Gnoll_2hSpear_Skald_0926075438_texture_metallic" 4520
"D:/Skald_TurnBasedStrategy_Code/Content/Blueprints/Character/SkaldFactions/Gnolls/2hSpear/Gnoll_2hSpear_Skald_0926075438_texture.uasset" 4521
"D:/Skald_TurnBasedStrategy_Code/Content/Blueprints/Character/SkaldFactions/Gnolls/2hSpear/Gnoll_2hSpear_Skald_0926075438_texture_roughness.uasset" 4522
"D:/Skald_TurnBasedStrategy_Code/Content/Blueprints/Character/SkaldFactions/Orcs/2hClub/Orc_2hClub_Skald_0926074223_texture_metallic.uasset" 4523
"D:/Skald_TurnBasedStrategy_Code/Content/Blueprints/Character/SkaldFactions/Orcs/2hClub/Orc_2hClub_Skald_0926074223_texture_normal.uasset" 4524
"D:/Skald_TurnBasedStrategy_Code/Content/Blueprints/Character/SkaldFactions/Orcs/2hClub/Orc_2hClub_Skald_0926074223_texture_roughness.uasset" 4525
"/Game/Blueprints/Character/SkaldFactions/Gnolls/2hSpear/Gnoll_2hSpear_Skald_0926075438_texture" 4526
"/Game/Blueprints/Character/SkaldFactions/Orcs/2hClub/Orc_2hClub_Skald_0926074223_texture_metallic" 4527
"D:/Skald_TurnBasedStrategy_Code/Content/Blueprints/Character/SkaldFactions/Orcs/2hClub/Orc_2hClub_Skald_0926074223_texture.uasset" 4528
"/Game/Blueprints/Character/SkaldFactions/Orcs/2hClub/Orc_2hClub_Skald_0926074223_texture_normal" 4529
"/Game/Blueprints/Character/SkaldFactions/Gnolls/2hSpear/Gnoll_2hSpear_Skald_0926075438_texture_roughness" 4530
"/Game/Blueprints/Character/SkaldFactions/Orcs/2hClub/Orc_2hClub_Skald_0926074223_texture" 4531
"D:/Skald_TurnBasedStrategy_Code/Content/Blueprints/Character/SkaldFactions/Undead/MountedMaceAndShield/Undead_MountedMacnShi_0926074842_text.uasset" 4532
"/Game/Blueprints/Character/SkaldFactions/Orcs/2hClub/Orc_2hClub_Skald_0926074223_texture_roughness" 4533
"D:/Skald_TurnBasedStrategy_Code/Content/Blueprints/Character/SkaldFactions/Undead/MountedMaceAndShield/Undead_MountedMacnShi_0926074842_texture_normal.uasset" 4534
"D:/Skald_TurnBasedStrategy_Code/Content/Blueprints/Character/SkaldFactions/Undead/MountedMaceAndShield/Undead_MountedMacnShi_0926074842_texture_roughness.uasset" 4535
"D:/Skald_TurnBasedStrategy_Code/Content/Blueprints/Character/SkaldFactions/RavPack/MutatedRavager/Skald_RavPack_Mutated_1016013624_texture_roughness.uasset" 4536
"D:/Skald_TurnBasedStrategy_Code/Content/Blueprints/Character/SkaldFactions/Undead/MountedMaceAndShield/Undead_MountedMacnShi_0926074842_texture_metallic.uasset" 4537
"D:/Skald_TurnBasedStrategy_Code/Content/Blueprints/Character/SkaldFactions/RavPack/MutatedRavager/Skald_RavPack_Mutated_1016013624_texture_normal.uasset" 4538
"D:/Skald_TurnBasedStrategy_Code/Content/Blueprints/Character/SkaldFactions/RavPack/MutatedRavager/Skald_RavPack_Mutated_1016013624_texture.uasset" 4539
"/Game/Blueprints/Character/SkaldFactions/Undead/MountedMaceAndShield/Undead_MountedMacnShi_0926074842_texture_normal" 4540
"/Game/Blueprints/Character/SkaldFactions/Undead/MountedMaceAndShield/Undead_MountedMacnShi_0926074842_text" 4541
"/Game/Blueprints/Character/SkaldFactions/Undead/MountedMaceAndShield/Undead_MountedMacnShi_0926074842_texture_metallic" 4542
"/Game/Blueprints/Character/SkaldFactions/Undead/MountedMaceAndShield/Undead_MountedMacnShi_0926074842_texture_roughness" 4543
"D:/Skald_TurnBasedStrategy_Code/Content/Blueprints/Character/SkaldFactions/RavPack/MutatedRavager/Skald_RavPack_Mutated_1016013624_texture_metallic.uasset" 4544
"/Game/Blueprints/Character/SkaldFactions/RavPack/MutatedRavager/Skald_RavPack_Mutated_1016013624_texture_roughness" 4545
"/Game/Blueprints/Character/SkaldFactions/RavPack/MutatedRavager/Skald_RavPack_Mutated_1016013624_texture" 4546
"/Game/Blueprints/Character/SkaldFactions/RavPack/MutatedRavager/Skald_RavPack_Mutated_1016013624_texture_normal" 4547
"/Game/Blueprints/Character/SkaldFactions/RavPack/MutatedRavager/Skald_RavPack_Mutated_1016013624_texture_metallic" 4548
"D:/Skald_TurnBasedStrategy_Code/Content/Blueprints/Character/SkaldFactions/Orcs/Mage/Orc_Mage_Skald_0926074505_texture_roughness.uasset" 4549
"D:/Skald_TurnBasedStrategy_Code/Content/Blueprints/Character/SkaldFactions/Orcs/Mage/Orc_Mage_Skald_0926074505_texture_metallic.uasset" 4550
"D:/Skald_TurnBasedStrategy_Code/Content/Blueprints/Character/SkaldFactions/Orcs/Mage/Orc_Mage_Skald_0926074505_texture_normal.uasset" 4551
"D:/Skald_TurnBasedStrategy_Code/Content/Blueprints/Character/SkaldFactions/Orcs/Mage/Orc_Mage_Skald_0926074505_texture.uasset" 4552
"D:/Skald_TurnBasedStrategy_Code/Content/Blueprints/Character/SkaldFactions/Undead/Archer/Undead_Archer_Skald_0926074850_texture_metallic.uasset" 4553
"D:/Skald_TurnBasedStrategy_Code/Content/Blueprints/Character/SkaldFactions/Undead/Archer/Undead_Archer_Skald_0926074850_texture_roughness.uasset" 4554
"/Game/Blueprints/Character/SkaldFactions/Undead/Archer/Undead_Archer_Skald_0926074850_texture_metallic" 4555
"D:/Skald_TurnBasedStrategy_Code/Content/Blueprints/Character/SkaldFactions/Ironlegion/2hSpear/IronLegion_2hSpear_Sk_0927220753_texture_normal.uasset" 4556
"D:/Skald_TurnBasedStrategy_Code/Content/Blueprints/Character/SkaldFactions/Undead/Archer/Undead_Archer_Skald_0926074850_texture_normal.uasset" 4557
"/Game/Blueprints/Character/SkaldFactions/Orcs/Mage/Orc_Mage_Skald_0926074505_texture_normal" 4558
"/Game/Blueprints/Character/SkaldFactions/Orcs/Mage/Orc_Mage_Skald_0926074505_texture_roughness" 4559
"/Game/Blueprints/Character/SkaldFactions/Undead/Archer/Undead_Archer_Skald_0926074850_texture_roughness" 4560
"/Game/Blueprints/Character/SkaldFactions/Orcs/Mage/Orc_Mage_Skald_0926074505_texture_metallic" 4561
"/Game/Blueprints/Character/SkaldFactions/Orcs/Mage/Orc_Mage_Skald_0926074505_texture" 4562
"/Game/Blueprints/Character/SkaldFactions/Ironlegion/2hSpear/IronLegion_2hSpear_Sk_0927220753_texture_normal" 4563
"/Game/Blueprints/Character/SkaldFactions/Undead/Archer/Undead_Archer_Skald_0926074850_texture_normal" 4564
"D:/Skald_TurnBasedStrategy_Code/Content/Blueprints/Character/SkaldFactions/Ironlegion/2hSpear/IronLegion_2hSpear_Sk_0927220753_texture_metallic.uasset" 4565
"D:/Skald_TurnBasedStrategy_Code/Content/Blueprints/Character/SkaldFactions/Ironlegion/2hSpear/IronLegion_2hSpear_Sk_0927220753_texture.uasset" 4566
"D:/Skald_TurnBasedStrategy_Code/Content/Blueprints/Character/SkaldFactions/Ironlegion/2hSpear/IronLegion_2hSpear_Sk_0927220753_texture_roughness.uasset" 4567
"D:/Skald_TurnBasedStrategy_Code/Content/Blueprints/Character/SkaldFactions/ToadFolk/2hSword/Skald_ToadFolk_2hSwor_0926075107_texture_normal.uasset" 4568
"D:/Skald_TurnBasedStrategy_Code/Content/Blueprints/Character/SkaldFactions/ToadFolk/2hSword/Skald_ToadFolk_2hSwor_0926075107_texture_metallic.uasset" 4569
"/Game/Blueprints/Character/SkaldFactions/Ironlegion/2hSpear/IronLegion_2hSpear_Sk_0927220753_texture_roughness" 4570
"D:/Skald_TurnBasedStrategy_Code/Content/Blueprints/Character/SkaldFactions/ToadFolk/2hSword/Skald_ToadFolk_2hSwor_0926075107_texture.uasset" 4571
"/Game/Blueprints/Character/SkaldFactions/Ironlegion/2hSpear/IronLegion_2hSpear_Sk_0927220753_texture" 4572
"D:/Skald_TurnBasedStrategy_Code/Content/Blueprints/Character/SkaldFactions/ToadFolk/2hSword/Skald_ToadFolk_2hSwor_0926075107_texture_roughness.uasset" 4573
"D:/Skald_TurnBasedStrategy_Code/Content/Blueprints/Character/SkaldFactions/Gnolls/Archer/Gnoll_Mounted_Archer__0926075625_texture_roughness.uasset" 4574
"/Game/Blueprints/Character/SkaldFactions/Ironlegion/2hSpear/IronLegion_2hSpear_Sk_0927220753_texture_metallic" 4575
"/Game/Blueprints/Character/SkaldFactions/ToadFolk/2hSword/Skald_ToadFolk_2hSwor_0926075107_texture_normal" 4576
"/Game/Blueprints/Character/SkaldFactions/ToadFolk/2hSword/Skald_ToadFolk_2hSwor_0926075107_texture_metallic" 4577
"/Game/Blueprints/Character/SkaldFactions/Gnolls/Archer/Gnoll_Mounted_Archer__0926075625_texture_roughness" 4578
"/Game/Blueprints/Character/SkaldFactions/ToadFolk/2hSword/Skald_ToadFolk_2hSwor_0926075107_texture" 4579
"D:/Skald_TurnBasedStrategy_Code/Content/Blueprints/Character/SkaldFactions/Gnolls/Archer/Gnoll_Mounted_Archer__0926075625_texture.uasset" 4580
"/Game/Blueprints/Character/SkaldFactions/ToadFolk/2hSword/Skald_ToadFolk_2hSwor_0926075107_texture_roughness" 4581
"/Game/Blueprints/Character/SkaldFactions/Gnolls/Archer/Gnoll_Mounted_Archer__0926075625_texture" 4582
"D:/Skald_TurnBasedStrategy_Code/Content/Blueprints/Character/SkaldFactions/Gnolls/Archer/Gnoll_Mounted_Archer__0926075625_texture_metallic.uasset" 4583
"/Game/Blueprints/Character/SkaldFactions/Gnolls/Archer/Gnoll_Mounted_Archer__0926075625_texture_metallic" 4584
"D:/Skald_TurnBasedStrategy_Code/Content/Blueprints/Character/SkaldFactions/Gnolls/Archer/Gnoll_Mounted_Archer__0926075625_texture_normal.uasset" 4585
"/Game/Blueprints/Character/SkaldFactions/Gnolls/Archer/Gnoll_Mounted_Archer__0926075625_texture_normal" 4586
"D:/Skald_TurnBasedStrategy_Code/Content/Blueprints/Character/SkaldFactions/Undead/DualWield/Undead_DualWield_Skal_0926074825_text.uasset" 4587
"/Game/Blueprints/Character/SkaldFactions/Undead/DualWield/Undead_DualWield_Skal_0926074825_text" 4588
"D:/Skald_TurnBasedStrategy_Code/Content/Blueprints/Character/SkaldFactions/Undead/DualWield/Undead_DualWield_Skal_0926074825_texture_metallic.uasset" 4589
"D:/Skald_TurnBasedStrategy_Code/Content/Blueprints/Character/SkaldFactions/Undead/DualWield/Undead_DualWield_Skal_0926074825_texture_normal.uasset" 4590
"D:/Skald_TurnBasedStrategy_Code/Content/Blueprints/Character/SkaldFactions/Undead/DualWield/Undead_DualWield_Skal_0926074825_texture_roughness.uasset" 4591
"/Game/Blueprints/Character/SkaldFactions/Undead/DualWield/Undead_DualWield_Skal_0926074825_texture_normal" 4592
"/Game/Blueprints/Character/SkaldFactions/Undead/DualWield/Undead_DualWield_Skal_0926074825_texture_metallic" 4593
"D:/Skald_TurnBasedStrategy_Code/Content/Blueprints/Character/SkaldFactions/Dwarves/Mage/Mystic_Dwarf_Magus_Sk_0926073656_texture_normal.uasset" 4594
"D:/Skald_TurnBasedStrategy_Code/Content/Blueprints/Character/SkaldFactions/Dwarves/Mage/Mystic_Dwarf_Magus_Sk_0926073656_texture_metallic.uasset" 4595
"/Game/Blueprints/Character/SkaldFactions/Undead/DualWield/Undead_DualWield_Skal_0926074825_texture_roughness" 4596
"/Game/Blueprints/Character/SkaldFactions/Dwarves/Mage/Mystic_Dwarf_Magus_Sk_0926073656_texture_metallic" 4597
"/Game/Blueprints/Character/SkaldFactions/Dwarves/Mage/Mystic_Dwarf_Magus_Sk_0926073656_texture_normal" 4598
"D:/Skald_TurnBasedStrategy_Code/Content/Blueprints/Character/SkaldFactions/Dwarves/Mage/Mystic_Dwarf_Magus_Sk_0926073656_texture_roughness.uasset" 4599
"D:/Skald_TurnBasedStrategy_Code/Content/Blueprints/Character/SkaldFactions/Dwarves/Mage/Mystic_Dwarf_Magus_Sk_0926073656_texture.uasset" 4600
"D:/Skald_TurnBasedStrategy_Code/Content/Blueprints/Character/SkaldFactions/Undead/Archer/Undead_Archer_Skald_0926074850_tex.uasset" 4601
"D:/Skald_TurnBasedStrategy_Code/Content/Blueprints/Character/SkaldFactions/Orcs/2hAxe/Orc_2hAxe_Skald_0926074241_texture_normal.uasset" 4602
"D:/Skald_TurnBasedStrategy_Code/Content/Blueprints/Character/SkaldFactions/Orcs/2hAxe/Orc_2hAxe_Skald_0926074241_texture.uasset" 4603
"/Game/Blueprints/Character/SkaldFactions/Dwarves/Mage/Mystic_Dwarf_Magus_Sk_0926073656_texture" 4604
"D:/Skald_TurnBasedStrategy_Code/Content/Blueprints/Character/SkaldFactions/Elves/AncientEnt/Elf_AncientEnt_Skald_0926082425_texture.uasset" 4605
"D:/Skald_TurnBasedStrategy_Code/Content/Blueprints/Character/SkaldFactions/Orcs/2hAxe/Orc_2hAxe_Skald_0926074241_texture_metallic.uasset" 4606
"D:/Skald_TurnBasedStrategy_Code/Content/Blueprints/Character/SkaldFactions/Elves/AncientEnt/Elf_AncientEnt_Skald_0926082425_texture_metallic.uasset" 4607
"/Game/Blueprints/Character/SkaldFactions/Dwarves/Mage/Mystic_Dwarf_Magus_Sk_0926073656_texture_roughness" 4608
"/Game/Blueprints/Character/SkaldFactions/Undead/Archer/Undead_Archer_Skald_0926074850_tex" 4609
"D:/Skald_TurnBasedStrategy_Code/Content/Blueprints/Character/SkaldFactions/Orcs/2hAxe/Orc_2hAxe_Skald_0926074241_texture_roughness.uasset" 4610
"/Game/Blueprints/Character/SkaldFactions/Orcs/2hAxe/Orc_2hAxe_Skald_0926074241_texture_normal" 4611
"/Game/Blueprints/Character/SkaldFactions/Orcs/2hAxe/Orc_2hAxe_Skald_0926074241_texture" 4612
"D:/Skald_TurnBasedStrategy_Code/Content/Blueprints/Character/SkaldFactions/Elves/AncientEnt/Elf_AncientEnt_Skald_0926082425_texture_normal.uasset" 4613
"/Game/Blueprints/Character/SkaldFactions/Elves/AncientEnt/Elf_AncientEnt_Skald_0926082425_texture_metallic" 4614
"/Game/Blueprints/Character/SkaldFactions/Elves/AncientEnt/Elf_AncientEnt_Skald_0926082425_texture" 4615
"D:/Skald_TurnBasedStrategy_Code/Content/Blueprints/Character/SkaldFactions/Elves/AncientEnt/Elf_AncientEnt_Skald_0926082425_texture_roughness.uasset" 4616
"/Game/Blueprints/Character/SkaldFactions/Orcs/2hAxe/Orc_2hAxe_Skald_0926074241_texture_roughness" 4617
"D:/Skald_TurnBasedStrategy_Code/Content/Blueprints/Character/SkaldFactions/Undead/SpearAndShield/Undead_SpearnShield_S_0926074817_texture_metallic.uasset" 4618
"/Game/Blueprints/Character/SkaldFactions/Orcs/2hAxe/Orc_2hAxe_Skald_0926074241_texture_metallic" 4619
"/Game/Blueprints/Character/SkaldFactions/Elves/AncientEnt/Elf_AncientEnt_Skald_0926082425_texture_roughness" 4620
"/Game/Blueprints/Character/SkaldFactions/Elves/AncientEnt/Elf_AncientEnt_Skald_0926082425_texture_normal" 4621
"/Game/Blueprints/Character/SkaldFactions/Undead/SpearAndShield/Undead_SpearnShield_S_0926074817_texture_metallic" 4622
"D:/Skald_TurnBasedStrategy_Code/Content/Blueprints/Character/SkaldFactions/Undead/SpearAndShield/Undead_SpearnShield_S_0926074817_texture_roughness.uasset" 4623
"D:/Skald_TurnBasedStrategy_Code/Content/Blueprints/Character/SkaldFactions/Undead/SpearAndShield/Undead_SpearnShield_S_Texture.uasset" 4624
"D:/Skald_TurnBasedStrategy_Code/Content/Blueprints/Character/SkaldFactions/Undead/SpearAndShield/Undead_SpearnShield_S_0926074817_texture_normal.uasset" 4625
"/Game/Blueprints/Character/SkaldFactions/Undead/SpearAndShield/Undead_SpearnShield_S_0926074817_texture_roughness" 4626
"/Game/Blueprints/Character/SkaldFactions/Undead/SpearAndShield/Undead_SpearnShield_S_Texture" 4627
"/Game/Blueprints/Character/SkaldFactions/Undead/SpearAndShield/Undead_SpearnShield_S_0926074817_texture_normal" 4628
"D:/Skald_TurnBasedStrategy_Code/Content/Blueprints/Character/SkaldFactions/Humans/SpearnShield/HumanKnight_SpearnShi_0926074638_texture.uasset" 4629
"/Game/Blueprints/Character/SkaldFactions/Humans/SpearnShield/HumanKnight_SpearnShi_0926074638_texture" 4630
"D:/Skald_TurnBasedStrategy_Code/Content/Blueprints/Character/SkaldFactions/Humans/SpearnShield/HumanKnight_SpearnShi_0926074638_texture_normal.uasset" 4631
"D:/Skald_TurnBasedStrategy_Code/Content/Blueprints/Character/SkaldFactions/Ironlegion/DualWield/IronLegion_DualWield__0927220733_texture_metallic.uasset" 4632
"D:/Skald_TurnBasedStrategy_Code/Content/Blueprints/Character/SkaldFactions/Humans/SpearnShield/HumanKnight_SpearnShi_0926074638_texture_roughness.uasset" 4633
"D:/Skald_TurnBasedStrategy_Code/Content/Blueprints/Character/SkaldFactions/Ironlegion/DualWield/IronLegion_DualWield__0927220733_texture.uasset" 4634
"/Game/Blueprints/Character/SkaldFactions/Humans/SpearnShield/HumanKnight_SpearnShi_0926074638_texture_roughness" 4635
"/Game/Blueprints/Character/SkaldFactions/Ironlegion/DualWield/IronLegion_DualWield__0927220733_texture" 4636
"D:/Skald_TurnBasedStrategy_Code/Content/Blueprints/Character/SkaldFactions/Ironlegion/DualWield/IronLegion_DualWield__0927220733_texture_normal.uasset" 4637
"/Game/Blueprints/Character/SkaldFactions/Ironlegion/DualWield/IronLegion_DualWield__0927220733_texture_metallic" 4638
"/Game/Blueprints/Character/SkaldFactions/Humans/SpearnShield/HumanKnight_SpearnShi_0926074638_texture_normal" 4639
"/Game/Blueprints/Character/SkaldFactions/Ironlegion/DualWield/IronLegion_DualWield__0927220733_texture_normal" 4640
"D:/Skald_TurnBasedStrategy_Code/Content/Blueprints/Character/SkaldFactions/Ironlegion/DualWield/IronLegion_DualWield__0927220733_texture_roughness.uasset" 4641
"D:/Skald_TurnBasedStrategy_Code/Content/Blueprints/Character/SkaldFactions/Dwarves/AxeAndShield/Dwarf_AxenShield_Skal_0926073405_texture_normal.uasset" 4642
"D:/Skald_TurnBasedStrategy_Code/Content/Blueprints/Character/SkaldFactions/Dwarves/AxeAndShield/Dwarf_AxenShield_Skal_0926073405_texture_metallic.uasset" 4643
"D:/Skald_TurnBasedStrategy_Code/Content/Blueprints/Character/SkaldFactions/Dwarves/AxeAndShield/Dwarf_AxenShield_Skal_0926073405_texture_roughness.uasset" 4644
"/Game/Blueprints/Character/SkaldFactions/Dwarves/AxeAndShield/Dwarf_AxenShield_Skal_0926073405_texture_roughness" 4645
"D:/Skald_TurnBasedStrategy_Code/Content/Blueprints/Character/SkaldFactions/Dwarves/AxeAndShield/Dwarf_AxenShield_Skal_0926073405_texture.uasset" 4646
"/Game/Blueprints/Character/SkaldFactions/Dwarves/AxeAndShield/Dwarf_AxenShield_Skal_0926073405_texture_normal" 4647
"/Game/Blueprints/Character/SkaldFactions/Ironlegion/DualWield/IronLegion_DualWield__0927220733_texture_roughness" 4648
"/Game/Blueprints/Character/SkaldFactions/Dwarves/AxeAndShield/Dwarf_AxenShield_Skal_0926073405_texture_metallic" 4649
"/Game/Blueprints/Character/SkaldFactions/Dwarves/AxeAndShield/Dwarf_AxenShield_Skal_0926073405_texture" 4650
"D:/Skald_TurnBasedStrategy_Code/Content/Blueprints/Character/SkaldFactions/Humans/SpearnShield/HumanKnight_SpearnShi_0926074638_texture_metallic.uasset" 4651
"D:/Skald_TurnBasedStrategy_Code/Content/Blueprints/Character/SkaldFactions/Dwarves/MountedShield/Dwarf_MountedAxenShie_0926073745_texture_roughness.uasset" 4652
"D:/Skald_TurnBasedStrategy_Code/Content/Blueprints/Character/SkaldFactions/Dwarves/MountedShield/Dwarf_MountedAxenShie_0926073745_texture.uasset" 4653
"D:/Skald_TurnBasedStrategy_Code/Content/Blueprints/Character/SkaldFactions/Dwarves/MountedShield/Dwarf_MountedAxenShie_0926073745_texture_normal.uasset" 4654
"/Game/Blueprints/Character/SkaldFactions/Humans/SpearnShield/HumanKnight_SpearnShi_0926074638_texture_metallic" 4655
"/Game/Blueprints/Character/SkaldFactions/Dwarves/MountedShield/Dwarf_MountedAxenShie_0926073745_texture" 4656
"/Game/Blueprints/Character/SkaldFactions/Dwarves/MountedShield/Dwarf_MountedAxenShie_0926073745_texture_normal" 4657
"/Game/Blueprints/Character/SkaldFactions/Dwarves/MountedShield/Dwarf_MountedAxenShie_0926073745_texture_roughness" 4658
"D:/Skald_TurnBasedStrategy_Code/Content/Blueprints/Character/SkaldFactions/ToadFolk/ClubAndShield/Skald_ToadFolk_1hClub_0926075017_texture_normal.uasset" 4659
"D:/Skald_TurnBasedStrategy_Code/Content/Blueprints/Character/SkaldFactions/ToadFolk/ClubAndShield/Skald_ToadFolk_1hClub_0926075017_texture_roughness.uasset" 4660
"/Game/Blueprints/Character/SkaldFactions/ToadFolk/ClubAndShield/Skald_ToadFolk_1hClub_0926075017_texture_normal" 4661
"D:/Skald_TurnBasedStrategy_Code/Content/Blueprints/Character/SkaldFactions/ToadFolk/ClubAndShield/Skald_ToadFolk_1hClub_0926075017_texture_metallic.uasset" 4662
"/Game/Blueprints/Character/SkaldFactions/ToadFolk/ClubAndShield/Skald_ToadFolk_1hClub_0926075017_texture_roughness" 4663
"/Game/Blueprints/Character/SkaldFactions/ToadFolk/ClubAndShield/Skald_ToadFolk_1hClub_0926075017_texture_metallic" 4664
"D:/Skald_TurnBasedStrategy_Code/Content/Blueprints/Character/SkaldFactions/ToadFolk/ClubAndShield/Skald_ToadFolk_1hClub_0926075017_texture.uasset" 4665
"D:/Skald_TurnBasedStrategy_Code/Content/Blueprints/Character/SkaldFactions/Undead/Mage/Lich_Homm_NewAge_0926074913_texture_roughness.uasset" 4666
"D:/Skald_TurnBasedStrategy_Code/Content/Blueprints/Character/SkaldFactions/Undead/Mage/Lich_Homm_NewAge_0926074913_texture.uasset" 4667
"/Game/Blueprints/Character/SkaldFactions/Undead/Mage/Lich_Homm_NewAge_0926074913_texture_roughness" 4668
"/Game/Blueprints/Character/SkaldFactions/ToadFolk/ClubAndShield/Skald_ToadFolk_1hClub_0926075017_texture" 4669
"/Game/Blueprints/Character/SkaldFactions/Undead/Mage/Lich_Homm_NewAge_0926074913_texture" 4670
"D:/Skald_TurnBasedStrategy_Code/Content/Blueprints/Character/SkaldFactions/Undead/Mage/Lich_Homm_NewAge_0926074913_texture_normal.uasset" 4671
"/Game/Blueprints/Character/SkaldFactions/Undead/Mage/Lich_Homm_NewAge_0926074913_texture_normal" 4672
"D:/Skald_TurnBasedStrategy_Code/Content/Blueprints/Character/SkaldFactions/Dwarves/2hAxe/Dwarf_2hAxe_Skald_0926073606_texture.uasset" 4673
"D:/Skald_TurnBasedStrategy_Code/Content/Blueprints/Character/SkaldFactions/Dwarves/2hAxe/Dwarf_2hAxe_Skald_0926073606_texture_roughness.uasset" 4674
"D:/Skald_TurnBasedStrategy_Code/Content/Blueprints/Character/SkaldFactions/Dwarves/2hAxe/Dwarf_2hAxe_Skald_0926073606_texture_metallic.uasset" 4675
"D:/Skald_TurnBasedStrategy_Code/Content/Blueprints/Character/SkaldFactions/Dwarves/2hAxe/Dwarf_2hAxe_Skald_0926073606_texture_normal.uasset" 4676
"/Game/Blueprints/Character/SkaldFactions/Dwarves/2hAxe/Dwarf_2hAxe_Skald_0926073606_texture_metallic" 4677
"D:/Skald_TurnBasedStrategy_Code/Content/Blueprints/Character/SkaldFactions/Humans/Griffon/HumanKnight_Griffon_0926074751_texture_metallic.uasset" 4678
"/Game/Blueprints/Character/SkaldFactions/Dwarves/2hAxe/Dwarf_2hAxe_Skald_0926073606_texture_roughness" 4679
"/Game/Blueprints/Character/SkaldFactions/Dwarves/2hAxe/Dwarf_2hAxe_Skald_0926073606_texture" 4680
"/Game/Blueprints/Character/SkaldFactions/Dwarves/2hAxe/Dwarf_2hAxe_Skald_0926073606_texture_normal" 4681
"/Game/Blueprints/Character/SkaldFactions/Humans/Griffon/HumanKnight_Griffon_0926074751_texture_metallic" 4682
"D:/Skald_TurnBasedStrategy_Code/Content/Blueprints/Character/SkaldFactions/Humans/Griffon/HumanKnight_Griffon_0926074751_texture_normal.uasset" 4683
"D:/Skald_TurnBasedStrategy_Code/Content/Blueprints/Character/SkaldFactions/Humans/Griffon/HumanKnight_Griffon_0926074751_texture.uasset" 4684
"D:/Skald_TurnBasedStrategy_Code/Content/Blueprints/Character/SkaldFactions/Humans/Griffon/HumanKnight_Griffon_0926074751_texture_roughness.uasset" 4685
"/Game/Blueprints/Character/SkaldFactions/Humans/Griffon/HumanKnight_Griffon_0926074751_texture_normal" 4686
"/Game/Blueprints/Character/SkaldFactions/Humans/Griffon/HumanKnight_Griffon_0926074751_texture" 4687
"/Game/Blueprints/Character/SkaldFactions/Humans/Griffon/HumanKnight_Griffon_0926074751_texture_roughness" 4688
"D:/Skald_TurnBasedStrategy_Code/Content/Blueprints/Character/SkaldFactions/Ironlegion/Mage/IronLegion_Mage_Skald_0927220940_texture_metallic.uasset" 4689
"D:/Skald_TurnBasedStrategy_Code/Content/Blueprints/Character/SkaldFactions/Ironlegion/Mage/IronLegion_Mage_Skald_0927220940_texture.uasset" 4690
"D:/Skald_TurnBasedStrategy_Code/Content/Blueprints/Character/SkaldFactions/Ironlegion/Mage/IronLegion_Mage_Skald_0927220940_texture_normal.uasset" 4691
"/Game/Blueprints/Character/SkaldFactions/Ironlegion/Mage/IronLegion_Mage_Skald_0927220940_texture_metallic" 4692
"/Game/Blueprints/Character/SkaldFactions/Ironlegion/Mage/IronLegion_Mage_Skald_0927220940_texture" 4693
"/Game/Blueprints/Character/SkaldFactions/Ironlegion/Mage/IronLegion_Mage_Skald_0927220940_texture_normal" 4694
"D:/Skald_TurnBasedStrategy_Code/Content/Blueprints/Character/SkaldFactions/Dwarves/MountedShield/Dwarf_MountedAxenShie_0926073745_texture_metallic.uasset" 4695
"D:/Skald_TurnBasedStrategy_Code/Content/Blueprints/Character/SkaldFactions/Ironlegion/Mage/IronLegion_Mage_Skald_0927220940_texture_roughness.uasset" 4696
"D:/Skald_TurnBasedStrategy_Code/Content/Blueprints/Character/SkaldFactions/Gnolls/AxenShield/Gnoll_AxenShield_Skal_0926075631_texture_roughness.uasset" 4697
"/Game/Blueprints/Character/SkaldFactions/Ironlegion/Mage/IronLegion_Mage_Skald_0927220940_texture_roughness" 4698
"/Game/Blueprints/Character/SkaldFactions/Dwarves/MountedShield/Dwarf_MountedAxenShie_0926073745_texture_metallic" 4699
"D:/Skald_TurnBasedStrategy_Code/Content/Blueprints/Character/SkaldFactions/Gnolls/AxenShield/Gnoll_AxenShield_Skal_0926075631_texture_metallic.uasset" 4700
"/Game/Blueprints/Character/SkaldFactions/Gnolls/AxenShield/Gnoll_AxenShield_Skal_0926075631_texture_roughness" 4701
"/Game/Blueprints/Character/SkaldFactions/Gnolls/AxenShield/Gnoll_AxenShield_Skal_0926075631_texture_metallic" 4702
"D:/Skald_TurnBasedStrategy_Code/Content/Blueprints/Character/SkaldFactions/Gnolls/AxenShield/Gnoll_AxenShield_Skal_0926075631_texture.uasset" 4703
"D:/Skald_TurnBasedStrategy_Code/Content/Blueprints/Character/SkaldFactions/Gnolls/AxenShield/Gnoll_AxenShield_Skal_0926075631_texture_normal.uasset" 4704
"/Game/Blueprints/Character/SkaldFactions/Gnolls/AxenShield/Gnoll_AxenShield_Skal_0926075631_texture" 4705
"D:/Skald_TurnBasedStrategy_Code/Content/Blueprints/Character/SkaldFactions/LizardFolk/MountedShield/LizardFolk_MountedShi_1011010944_texture_normal.uasset" 4706
"D:/Skald_TurnBasedStrategy_Code/Content/Blueprints/Character/SkaldFactions/LizardFolk/MountedShield/LizardFolk_MountedShi_1011010944_texture_metallic.uasset" 4707
"/Game/Blueprints/Character/SkaldFactions/Gnolls/AxenShield/Gnoll_AxenShield_Skal_0926075631_texture_normal" 4708
"/Game/Blueprints/Character/SkaldFactions/LizardFolk/MountedShield/LizardFolk_MountedShi_1011010944_texture_metallic" 4709
"/Game/Blueprints/Character/SkaldFactions/LizardFolk/MountedShield/LizardFolk_MountedShi_1011010944_texture_normal" 4710
"D:/Skald_TurnBasedStrategy_Code/Content/Blueprints/Character/SkaldFactions/LizardFolk/MountedShield/LizardFolk_MountedShi_1011010944_texture.uasset" 4711
"D:/Skald_TurnBasedStrategy_Code/Content/Blueprints/Character/SkaldFactions/ToadFolk/SpearAndShield/Skald_ToadFolk_1hSpea_0926075026_texture_metallic.uasset" 4712
"D:/Skald_TurnBasedStrategy_Code/Content/Blueprints/Character/SkaldFactions/LizardFolk/MountedShield/LizardFolk_MountedShi_1011010944_texture_roughness.uasset" 4713
"D:/Skald_TurnBasedStrategy_Code/Content/Blueprints/Character/SkaldFactions/ToadFolk/SpearAndShield/Skald_ToadFolk_1hSpea_0926075026_texture_roughness.uasset" 4714
"/Game/Blueprints/Character/SkaldFactions/ToadFolk/SpearAndShield/Skald_ToadFolk_1hSpea_0926075026_texture_roughness" 4715
"/Game/Blueprints/Character/SkaldFactions/ToadFolk/SpearAndShield/Skald_ToadFolk_1hSpea_0926075026_texture_metallic" 4716
"/Game/Blueprints/Character/SkaldFactions/LizardFolk/MountedShield/LizardFolk_MountedShi_1011010944_texture" 4717
"/Game/Blueprints/Character/SkaldFactions/LizardFolk/MountedShield/LizardFolk_MountedShi_1011010944_texture_roughness" 4718
"D:/Skald_TurnBasedStrategy_Code/Content/Blueprints/Character/SkaldFactions/Orcs/Archer/Orc_Archer_Skald_0926074452_texture.uasset" 4719
"D:/Skald_TurnBasedStrategy_Code/Content/Blueprints/Character/SkaldFactions/ToadFolk/SpearAndShield/Skald_ToadFolk_1hSpea_0926075026_texture_normal.uasset" 4720
"D:/Skald_TurnBasedStrategy_Code/Content/Blueprints/Character/SkaldFactions/ToadFolk/SpearAndShield/Skald_ToadFolk_1hSpea_0926075026_texture.uasset" 4721
"D:/Skald_TurnBasedStrategy_Code/Content/Blueprints/Character/SkaldFactions/Orcs/Archer/Orc_Archer_Skald_0926074452_texture_metallic.uasset" 4722
"/Game/Blueprints/Character/SkaldFactions/ToadFolk/SpearAndShield/Skald_ToadFolk_1hSpea_0926075026_texture_normal" 4723
"/Game/Blueprints/Character/SkaldFactions/ToadFolk/SpearAndShield/Skald_ToadFolk_1hSpea_0926075026_texture" 4724
"/Game/Blueprints/Character/SkaldFactions/Orcs/Archer/Orc_Archer_Skald_0926074452_texture_metallic" 4725
"/Game/Blueprints/Character/SkaldFactions/Orcs/Archer/Orc_Archer_Skald_0926074452_texture" 4726
"D:/Skald_TurnBasedStrategy_Code/Content/Blueprints/Character/SkaldFactions/Orcs/Archer/Orc_Archer_Skald_0926074452_texture_roughness.uasset" 4727
"D:/Skald_TurnBasedStrategy_Code/Content/Blueprints/Character/SkaldFactions/Orcs/Archer/Orc_Archer_Skald_0926074452_texture_normal.uasset" 4728
"D:/Skald_TurnBasedStrategy_Code/Content/Blueprints/Character/SkaldFactions/Orcs/MountedSpear/Orc_Mounted_Spear_Ska_0927022730_texture.uasset" 4729
"/Game/Blueprints/Character/SkaldFactions/Orcs/Archer/Orc_Archer_Skald_0926074452_texture_normal" 4730
"D:/Skald_TurnBasedStrategy_Code/Content/Blueprints/Character/SkaldFactions/Orcs/MountedSpear/Orc_Mounted_Spear_Ska_0927022730_texture_normal.uasset" 4731
"/Game/Blueprints/Character/SkaldFactions/Orcs/Archer/Orc_Archer_Skald_0926074452_texture_roughness" 4732
"/Game/Blueprints/Character/SkaldFactions/Orcs/MountedSpear/Orc_Mounted_Spear_Ska_0927022730_texture_normal" 4733
"/Game/Blueprints/Character/SkaldFactions/Orcs/MountedSpear/Orc_Mounted_Spear_Ska_0927022730_texture" 4734
"D:/Skald_TurnBasedStrategy_Code/Content/Blueprints/Character/SkaldFactions/Orcs/MountedSpear/Orc_Mounted_Spear_Ska_0927022730_texture_metallic.uasset" 4735
"D:/Skald_TurnBasedStrategy_Code/Content/Blueprints/Character/SkaldFactions/Inflicted/SwordnShield/Inflicted_SwordAndShi_1011005424_texture.uasset" 4736
"D:/Skald_TurnBasedStrategy_Code/Content/Blueprints/Character/SkaldFactions/Inflicted/SwordnShield/Inflicted_SwordAndShi_1011005424_texture_roughness.uasset" 4737
"D:/Skald_TurnBasedStrategy_Code/Content/Blueprints/Character/SkaldFactions/Orcs/MountedSpear/Orc_Mounted_Spear_Ska_0927022730_texture_roughness.uasset" 4738
"/Game/Blueprints/Character/SkaldFactions/Inflicted/SwordnShield/Inflicted_SwordAndShi_1011005424_texture" 4739
"/Game/Blueprints/Character/SkaldFactions/Inflicted/SwordnShield/Inflicted_SwordAndShi_1011005424_texture_roughness" 4740
"/Game/Blueprints/Character/SkaldFactions/Orcs/MountedSpear/Orc_Mounted_Spear_Ska_0927022730_texture_metallic" 4741
"D:/Skald_TurnBasedStrategy_Code/Content/Blueprints/Character/SkaldFactions/Inflicted/SwordnShield/Inflicted_SwordAndShi_1011005424_texture_normal.uasset" 4742
"/Game/Blueprints/Character/SkaldFactions/Orcs/MountedSpear/Orc_Mounted_Spear_Ska_0927022730_texture_roughness" 4743
"D:/Skald_TurnBasedStrategy_Code/Content/Blueprints/Character/SkaldFactions/LizardFolk/SwordnShield/LizardFolk_SwordAndSh_1011010833_texture.uasset" 4744
"/Game/Blueprints/Character/SkaldFactions/Inflicted/SwordnShield/Inflicted_SwordAndShi_1011005424_texture_normal" 4745
"D:/Skald_TurnBasedStrategy_Code/Content/Blueprints/Character/SkaldFactions/LizardFolk/SwordnShield/LizardFolk_SwordAndSh_1011010833_texture_normal.uasset" 4746
"D:/Skald_TurnBasedStrategy_Code/Content/Blueprints/Character/SkaldFactions/Undead/Mage/Lich_Homm_NewAge_0926074913_texture_metallic.uasset" 4747
"/Game/Blueprints/Character/SkaldFactions/LizardFolk/SwordnShield/LizardFolk_SwordAndSh_1011010833_texture" 4748
"D:/Skald_TurnBasedStrategy_Code/Content/Blueprints/Character/SkaldFactions/Inflicted/SwordnShield/Inflicted_SwordAndShi_1011005424_texture_metallic.uasset" 4749
"/Game/Blueprints/Character/SkaldFactions/Undead/Mage/Lich_Homm_NewAge_0926074913_texture_metallic" 4750
"/Game/Blueprints/Character/SkaldFactions/LizardFolk/SwordnShield/LizardFolk_SwordAndSh_1011010833_texture_normal" 4751
"D:/Skald_TurnBasedStrategy_Code/Content/Blueprints/Character/SkaldFactions/LizardFolk/SwordnShield/LizardFolk_SwordAndSh_1011010833_texture_metallic.uasset" 4752
"/Game/Blueprints/Character/SkaldFactions/Inflicted/SwordnShield/Inflicted_SwordAndShi_1011005424_texture_metallic" 4753
"D:/Skald_TurnBasedStrategy_Code/Content/Blueprints/Character/SkaldFactions/RavPack/MountedShield/Skald_RavPack_Mounted_1015210737_texture.uasset" 4754
"/Game/Blueprints/Character/SkaldFactions/LizardFolk/SwordnShield/LizardFolk_SwordAndSh_1011010833_texture_metallic" 4755
"D:/Skald_TurnBasedStrategy_Code/Content/Blueprints/Character/SkaldFactions/LizardFolk/SwordnShield/LizardFolk_SwordAndSh_1011010833_texture_roughness.uasset" 4756
"D:/Skald_TurnBasedStrategy_Code/Content/Blueprints/Character/SkaldFactions/RavPack/MountedShield/Skald_RavPack_Mounted_1015210737_texture_metallic.uasset" 4757
"/Game/Blueprints/Character/SkaldFactions/RavPack/MountedShield/Skald_RavPack_Mounted_1015210737_texture" 4758
"/Game/Blueprints/Character/SkaldFactions/LizardFolk/SwordnShield/LizardFolk_SwordAndSh_1011010833_texture_roughness" 4759
"D:/Skald_TurnBasedStrategy_Code/Content/Blueprints/Character/SkaldFactions/RavPack/MountedShield/Skald_RavPack_Mounted_1015210737_texture_roughness.uasset" 4760
"/Game/Blueprints/Character/SkaldFactions/RavPack/MountedShield/Skald_RavPack_Mounted_1015210737_texture_metallic" 4761
"/Game/Blueprints/Character/SkaldFactions/RavPack/MountedShield/Skald_RavPack_Mounted_1015210737_texture_roughness" 4762
"D:/Skald_TurnBasedStrategy_Code/Content/Blueprints/Character/SkaldFactions/Ironlegion/Juggernaught/IronLegion_JuggerNaug_0927221000_texture_metallic.uasset" 4763
"D:/Skald_TurnBasedStrategy_Code/Content/Blueprints/Character/SkaldFactions/RavPack/MountedShield/Skald_RavPack_Mounted_1015210737_texture_normal.uasset" 4764
"D:/Skald_TurnBasedStrategy_Code/Content/Blueprints/Character/SkaldFactions/Ironlegion/Juggernaught/IronLegion_JuggerNaug_0927221000_texture_normal.uasset" 4765
"D:/Skald_TurnBasedStrategy_Code/Content/Blueprints/Character/SkaldFactions/Ironlegion/Juggernaught/IronLegion_JuggerNaug_0927221000_texture.uasset" 4766
"/Game/Blueprints/Character/SkaldFactions/Ironlegion/Juggernaught/IronLegion_JuggerNaug_0927221000_texture_metallic" 4767
"/Game/Blueprints/Character/SkaldFactions/Ironlegion/Juggernaught/IronLegion_JuggerNaug_0927221000_texture" 4768
"/Game/Blueprints/Character/SkaldFactions/RavPack/MountedShield/Skald_RavPack_Mounted_1015210737_texture_normal" 4769
"/Game/Blueprints/Character/SkaldFactions/Ironlegion/Juggernaught/IronLegion_JuggerNaug_0927221000_texture_normal" 4770
"D:/Skald_TurnBasedStrategy_Code/Content/M4/Foliage/Plants/Textures/Clover.uasset" 4771
"D:/Skald_TurnBasedStrategy_Code/Content/Blueprints/Character/SkaldFactions/ToadFolk/Mage/Amphibian_Sage_0926075037_texture_normal.uasset" 4772
"D:/Skald_TurnBasedStrategy_Code/Content/Blueprints/Character/SkaldFactions/ToadFolk/Mage/Amphibian_Sage_0926075037_texture.uasset" 4773
"/Game/M4/Foliage/Plants/Textures/Clover" 4774
"/Game/Blueprints/Character/SkaldFactions/ToadFolk/Mage/Amphibian_Sage_0926075037_texture_normal" 4775
"/Game/Blueprints/Character/SkaldFactions/ToadFolk/Mage/Amphibian_Sage_0926075037_texture" 4776
"D:/Skald_TurnBasedStrategy_Code/Content/Blueprints/Character/SkaldFactions/ToadFolk/Mage/Amphibian_Sage_0926075037_texture_metallic.uasset" 4777
"D:/Skald_TurnBasedStrategy_Code/Content/Blueprints/Character/SkaldFactions/Ironlegion/Juggernaught/IronLegion_JuggerNaug_0927221000_texture_roughness.uasset" 4778
"D:/Skald_TurnBasedStrategy_Code/Content/Blueprints/Character/SkaldFactions/ToadFolk/Mage/Amphibian_Sage_0926075037_texture_roughness.uasset" 4779
"D:/Skald_TurnBasedStrategy_Code/Content/Blueprints/Character/SkaldFactions/Humans/MountedShield/HumanKnight_Mounted_S_0927020550_texture_roughness.uasset" 4780
"D:/Skald_TurnBasedStrategy_Code/Content/Blueprints/Character/SkaldFactions/Humans/MountedShield/HumanKnight_Mounted_S_0927020550_texture_normal.uasset" 4781
"D:/Skald_TurnBasedStrategy_Code/Content/Blueprints/Character/SkaldFactions/Humans/MountedShield/HumanKnight_Mounted_S_0927020550_texture_metallic.uasset" 4782
"/Game/Blueprints/Character/SkaldFactions/ToadFolk/Mage/Amphibian_Sage_0926075037_texture_roughness" 4783
"/Game/Blueprints/Character/SkaldFactions/Ironlegion/Juggernaught/IronLegion_JuggerNaug_0927221000_texture_roughness" 4784
"/Game/Blueprints/Character/SkaldFactions/ToadFolk/Mage/Amphibian_Sage_0926075037_texture_metallic" 4785
"D:/Skald_TurnBasedStrategy_Code/Content/Blueprints/Character/SkaldFactions/Humans/MountedShield/HumanKnight_Mounted_S_0927020550_texture.uasset" 4786
"/Game/Blueprints/Character/SkaldFactions/Humans/MountedShield/HumanKnight_Mounted_S_0927020550_texture_normal" 4787
"/Game/Blueprints/Character/SkaldFactions/Humans/MountedShield/HumanKnight_Mounted_S_0927020550_texture_roughness" 4788
"/Game/Blueprints/Character/SkaldFactions/Humans/MountedShield/HumanKnight_Mounted_S_0927020550_texture" 4789
"/Game/Blueprints/Character/SkaldFactions/Humans/MountedShield/HumanKnight_Mounted_S_0927020550_texture_metallic" 4790
"D:/Skald_TurnBasedStrategy_Code/Content/Blueprints/Character/SkaldFactions/RavPack/SpearnShield/Skald_RavPack_SpearnS_1015211029_texture_metallic.uasset" 4791
"D:/Skald_TurnBasedStrategy_Code/Content/Blueprints/Character/SkaldFactions/RavPack/SpearnShield/Skald_RavPack_SpearnS_1015211029_texture_roughness.uasset" 4792
"D:/Skald_TurnBasedStrategy_Code/Content/Blueprints/Character/SkaldFactions/RavPack/SpearnShield/Skald_RavPack_SpearnS_1015211029_texture_normal.uasset" 4793
"D:/Skald_TurnBasedStrategy_Code/Content/Blueprints/Character/SkaldFactions/RavPack/SpearnShield/Skald_RavPack_SpearnS_1015211029_texture.uasset" 4794
"D:/Skald_TurnBasedStrategy_Code/Content/Blueprints/Character/SkaldFactions/LizardFolk/2hClub/LizardFolk_2hClub_Ska_1011010858_texture_normal.uasset" 4795
"D:/Skald_TurnBasedStrategy_Code/Content/Blueprints/Character/SkaldFactions/LizardFolk/2hClub/LizardFolk_2hClub_Ska_1011010858_texture_metallic.uasset" 4796
"/Game/Blueprints/Character/SkaldFactions/RavPack/SpearnShield/Skald_RavPack_SpearnS_1015211029_texture_roughness" 4797
"/Game/Blueprints/Character/SkaldFactions/RavPack/SpearnShield/Skald_RavPack_SpearnS_1015211029_texture_metallic" 4798
"/Game/Blueprints/Character/SkaldFactions/LizardFolk/2hClub/LizardFolk_2hClub_Ska_1011010858_texture_metallic" 4799
"/Game/Blueprints/Character/SkaldFactions/RavPack/SpearnShield/Skald_RavPack_SpearnS_1015211029_texture_normal" 4800
"/Game/Blueprints/Character/SkaldFactions/LizardFolk/2hClub/LizardFolk_2hClub_Ska_1011010858_texture_normal" 4801
"D:/Skald_TurnBasedStrategy_Code/Content/Blueprints/Character/SkaldFactions/LizardFolk/2hClub/LizardFolk_2hClub_Ska_1011010858_texture.uasset" 4802
"/Game/Blueprints/Character/SkaldFactions/RavPack/SpearnShield/Skald_RavPack_SpearnS_1015211029_texture" 4803
"D:/Skald_TurnBasedStrategy_Code/Content/Blueprints/Character/SkaldFactions/LizardFolk/2hClub/LizardFolk_2hClub_Ska_1011010858_texture_roughness.uasset" 4804
"/Game/Blueprints/Character/SkaldFactions/LizardFolk/2hClub/LizardFolk_2hClub_Ska_1011010858_texture" 4805
"D:/Skald_TurnBasedStrategy_Code/Content/Blueprints/Character/SkaldFactions/Humans/MountedSpear/HumanKnight_Mounted_S_0927020944_texture_normal.uasset" 4806
"/Game/Blueprints/Character/SkaldFactions/LizardFolk/2hClub/LizardFolk_2hClub_Ska_1011010858_texture_roughness" 4807
"/Game/Blueprints/Character/SkaldFactions/Humans/MountedSpear/HumanKnight_Mounted_S_0927020944_texture_normal" 4808
"D:/Skald_TurnBasedStrategy_Code/Content/Blueprints/Character/SkaldFactions/Humans/MountedSpear/HumanKnight_Mounted_S_0927020944_texture_metallic.uasset" 4809
"/Game/Blueprints/Character/SkaldFactions/Humans/MountedSpear/HumanKnight_Mounted_S_0927020944_texture_metallic" 4810
"D:/Skald_TurnBasedStrategy_Code/Content/Blueprints/Character/SkaldFactions/Humans/MountedSpear/HumanKnight_Mounted_S_0927020944_texture.uasset" 4811
"D:/Skald_TurnBasedStrategy_Code/Content/Blueprints/Character/SkaldFactions/Humans/MountedSpear/HumanKnight_Mounted_S_0927020944_texture_roughness.uasset" 4812
"D:/Skald_TurnBasedStrategy_Code/Content/Blueprints/Character/SkaldFactions/RavPack/Archer/Skald_RavPack_Archer_1015210824_texture_metallic.uasset" 4813
"D:/Skald_TurnBasedStrategy_Code/Content/Blueprints/Character/SkaldFactions/RavPack/Archer/Skald_RavPack_Archer_1015210824_texture_roughness.uasset" 4814
"D:/Skald_TurnBasedStrategy_Code/Content/Blueprints/Character/SkaldFactions/RavPack/Archer/Skald_RavPack_Archer_1015210824_texture_normal.uasset" 4815
"D:/Skald_TurnBasedStrategy_Code/Content/Blueprints/Character/SkaldFactions/RavPack/Archer/Skald_RavPack_Archer_1015210824_texture.uasset" 4816
"/Game/Blueprints/Character/SkaldFactions/Humans/MountedSpear/HumanKnight_Mounted_S_0927020944_texture" 4817
"/Game/Blueprints/Character/SkaldFactions/RavPack/Archer/Skald_RavPack_Archer_1015210824_texture_metallic" 4818
"/Game/Blueprints/Character/SkaldFactions/RavPack/Archer/Skald_RavPack_Archer_1015210824_texture_normal" 4819
"/Game/Blueprints/Character/SkaldFactions/RavPack/Archer/Skald_RavPack_Archer_1015210824_texture" 4820
"D:/Skald_TurnBasedStrategy_Code/Content/Blueprints/Character/SkaldFactions/Inflicted/Beholder/Beholder_Skald_1011011100_texture_roughness.uasset" 4821
"D:/Skald_TurnBasedStrategy_Code/Content/Blueprints/Character/SkaldFactions/Inflicted/Beholder/Beholder_Skald_1011011100_texture_normal.uasset" 4822
"D:/Skald_TurnBasedStrategy_Code/Content/Blueprints/Character/SkaldFactions/Inflicted/Beholder/Beholder_Skald_1011011100_texture_metallic.uasset" 4823
"/Game/Blueprints/Character/SkaldFactions/RavPack/Archer/Skald_RavPack_Archer_1015210824_texture_roughness" 4824
"/Game/Blueprints/Character/SkaldFactions/Humans/MountedSpear/HumanKnight_Mounted_S_0927020944_texture_roughness" 4825
"/Game/Blueprints/Character/SkaldFactions/Inflicted/Beholder/Beholder_Skald_1011011100_texture_normal" 4826
"/Game/Blueprints/Character/SkaldFactions/Inflicted/Beholder/Beholder_Skald_1011011100_texture_metallic" 4827
"/Game/Blueprints/Character/SkaldFactions/Inflicted/Beholder/Beholder_Skald_1011011100_texture_roughness" 4828
"D:/Skald_TurnBasedStrategy_Code/Content/Blueprints/Character/SkaldFactions/LizardFolk/Archer/LizardFolk_Archer_Ska_1011010923_texture_roughness.uasset" 4829
"D:/Skald_TurnBasedStrategy_Code/Content/Blueprints/Character/SkaldFactions/LizardFolk/Archer/LizardFolk_Archer_Ska_1011010923_texture_normal.uasset" 4830
"D:/Skald_TurnBasedStrategy_Code/Content/Blueprints/Character/SkaldFactions/Inflicted/Beholder/Beholder_Skald_1011011100_texture.uasset" 4831
"D:/Skald_TurnBasedStrategy_Code/Content/Blueprints/Character/SkaldFactions/LizardFolk/Archer/LizardFolk_Archer_Ska_1011010923_texture.uasset" 4832
"/Game/Blueprints/Character/SkaldFactions/LizardFolk/Archer/LizardFolk_Archer_Ska_1011010923_texture_normal" 4833
"D:/Skald_TurnBasedStrategy_Code/Content/Blueprints/Character/SkaldFactions/Ironlegion/SwordAndShield/IronLegion_SwordAndSh_0927220913_texture_metallic.uasset" 4834
"/Game/Blueprints/Character/SkaldFactions/Inflicted/Beholder/Beholder_Skald_1011011100_texture" 4835
"/Game/Blueprints/Character/SkaldFactions/LizardFolk/Archer/LizardFolk_Archer_Ska_1011010923_texture" 4836
"/Game/Blueprints/Character/SkaldFactions/LizardFolk/Archer/LizardFolk_Archer_Ska_1011010923_texture_roughness" 4837
"/Game/Blueprints/Character/SkaldFactions/Ironlegion/SwordAndShield/IronLegion_SwordAndSh_0927220913_texture_metallic" 4838
"D:/Skald_TurnBasedStrategy_Code/Content/Blueprints/Character/SkaldFactions/Orcs/AxenShield/Orc_AxenShield_Skald_0926074423_texture_roughness.uasset" 4839
"D:/Skald_TurnBasedStrategy_Code/Content/Blueprints/Character/SkaldFactions/Ironlegion/SwordAndShield/IronLegion_SwordAndSh_0927220913_texture.uasset" 4840
"D:/Skald_TurnBasedStrategy_Code/Content/Blueprints/Character/SkaldFactions/Ironlegion/SwordAndShield/IronLegion_SwordAndSh_0927220913_texture_normal.uasset" 4841
"D:/Skald_TurnBasedStrategy_Code/Content/Blueprints/Character/SkaldFactions/Ironlegion/SwordAndShield/IronLegion_SwordAndSh_0927220913_texture_roughness.uasset" 4842
"/Game/Blueprints/Character/SkaldFactions/Orcs/AxenShield/Orc_AxenShield_Skald_0926074423_texture_roughness" 4843
"/Game/Blueprints/Character/SkaldFactions/Ironlegion/SwordAndShield/IronLegion_SwordAndSh_0927220913_texture_normal" 4844
"D:/Skald_TurnBasedStrategy_Code/Content/Blueprints/Character/SkaldFactions/Orcs/AxenShield/Orc_AxenShield_Skald_0926074423_texture_normal.uasset" 4845
"/Game/Blueprints/Character/SkaldFactions/Ironlegion/SwordAndShield/IronLegion_SwordAndSh_0927220913_texture" 4846
"D:/Skald_TurnBasedStrategy_Code/Content/Blueprints/Character/SkaldFactions/Orcs/AxenShield/Orc_AxenShield_Skald_0926074423_texture_metallic.uasset" 4847
"D:/Skald_TurnBasedStrategy_Code/Content/Blueprints/Character/SkaldFactions/LizardFolk/2hSpear/LizardFolk_2hSpear_Sk_1011010524_texture_metallic.uasset" 4848
"D:/Skald_TurnBasedStrategy_Code/Content/Blueprints/Character/SkaldFactions/Orcs/AxenShield/Orc_AxenShield_Skald_0926074423_texture.uasset" 4849
"/Game/Blueprints/Character/SkaldFactions/Ironlegion/SwordAndShield/IronLegion_SwordAndSh_0927220913_texture_roughness" 4850
"/Game/Blueprints/Character/SkaldFactions/Orcs/AxenShield/Orc_AxenShield_Skald_0926074423_texture" 4851
"/Game/Blueprints/Character/SkaldFactions/Orcs/AxenShield/Orc_AxenShield_Skald_0926074423_texture_metallic" 4852
"/Game/Blueprints/Character/SkaldFactions/LizardFolk/2hSpear/LizardFolk_2hSpear_Sk_1011010524_texture_metallic" 4853
"/Game/Blueprints/Character/SkaldFactions/Orcs/AxenShield/Orc_AxenShield_Skald_0926074423_texture_normal" 4854
"D:/Skald_TurnBasedStrategy_Code/Content/Blueprints/Character/SkaldFactions/LizardFolk/2hSpear/LizardFolk_2hSpear_Sk_1011010524_texture.uasset" 4855
"D:/Skald_TurnBasedStrategy_Code/Content/Blueprints/Character/SkaldFactions/Ironlegion/MountedShield/IronLegion_MountedShi_0927220709_texture_metallic.uasset" 4856
"D:/Skald_TurnBasedStrategy_Code/Content/Blueprints/Character/SkaldFactions/LizardFolk/2hSpear/LizardFolk_2hSpear_Sk_1011010524_texture_roughness.uasset" 4857
"D:/Skald_TurnBasedStrategy_Code/Content/Blueprints/Character/SkaldFactions/Ironlegion/MountedShield/IronLegion_MountedShi_0927220709_texture_normal.uasset" 4858
"D:/Skald_TurnBasedStrategy_Code/Content/Blueprints/Character/SkaldFactions/LizardFolk/2hSpear/LizardFolk_2hSpear_Sk_1011010524_texture_normal.uasset" 4859
"/Game/Blueprints/Character/SkaldFactions/LizardFolk/2hSpear/LizardFolk_2hSpear_Sk_1011010524_texture_roughness" 4860
"/Game/Blueprints/Character/SkaldFactions/LizardFolk/2hSpear/LizardFolk_2hSpear_Sk_1011010524_texture" 4861
"/Game/Blueprints/Character/SkaldFactions/Ironlegion/MountedShield/IronLegion_MountedShi_0927220709_texture_normal" 4862
"D:/Skald_TurnBasedStrategy_Code/Content/Blueprints/Character/SkaldFactions/LizardFolk/Ziller/LizardFolk_Ziller_Ska_1011010629_texture.uasset" 4863
"D:/Skald_TurnBasedStrategy_Code/Content/Blueprints/Character/SkaldFactions/LizardFolk/Ziller/LizardFolk_Ziller_Ska_1011010629_texture_metallic.uasset" 4864
"D:/Skald_TurnBasedStrategy_Code/Content/Blueprints/Character/SkaldFactions/LizardFolk/Ziller/LizardFolk_Ziller_Ska_1011010629_texture_normal.uasset" 4865
"D:/Skald_TurnBasedStrategy_Code/Content/Blueprints/Character/SkaldFactions/Ironlegion/MountedShield/IronLegion_MountedShi_0927220709_texture.uasset" 4866
"/Game/Blueprints/Character/SkaldFactions/LizardFolk/2hSpear/LizardFolk_2hSpear_Sk_1011010524_texture_normal" 4867
"/Game/Blueprints/Character/SkaldFactions/Ironlegion/MountedShield/IronLegion_MountedShi_0927220709_texture_metallic" 4868
"/Game/Blueprints/Character/SkaldFactions/LizardFolk/Ziller/LizardFolk_Ziller_Ska_1011010629_texture_metallic" 4869
"D:/Skald_TurnBasedStrategy_Code/Content/Blueprints/Character/SkaldFactions/Ironlegion/MountedShield/IronLegion_MountedShi_0927220709_texture_roughness.uasset" 4870
"/Game/Blueprints/Character/SkaldFactions/LizardFolk/Ziller/LizardFolk_Ziller_Ska_1011010629_texture" 4871
"/Game/Blueprints/Character/SkaldFactions/Ironlegion/MountedShield/IronLegion_MountedShi_0927220709_texture" 4872
"/Game/Blueprints/Character/SkaldFactions/LizardFolk/Ziller/LizardFolk_Ziller_Ska_1011010629_texture_normal" 4873
"/Game/Blueprints/Character/SkaldFactions/Ironlegion/MountedShield/IronLegion_MountedShi_0927220709_texture_roughness" 4874
"D:/Skald_TurnBasedStrategy_Code/Content/Blueprints/Character/SkaldFactions/Humans/2hAxe/HumanKnight_2hAxe_Ska_0926074653_texture.uasset" 4875
"D:/Skald_TurnBasedStrategy_Code/Content/Blueprints/Character/SkaldFactions/Humans/2hAxe/HumanKnight_2hAxe_Ska_0926074653_texture_normal.uasset" 4876
"D:/Skald_TurnBasedStrategy_Code/Content/Blueprints/Character/SkaldFactions/Humans/2hAxe/HumanKnight_2hAxe_Ska_0926074653_texture_roughness.uasset" 4877
"D:/Skald_TurnBasedStrategy_Code/Content/Blueprints/Character/SkaldFactions/LizardFolk/Ziller/LizardFolk_Ziller_Ska_1011010629_texture_roughness.uasset" 4878
"D:/Skald_TurnBasedStrategy_Code/Content/Blueprints/Character/SkaldFactions/Humans/2hAxe/HumanKnight_2hAxe_Ska_0926074653_texture_metallic.uasset" 4879
"/Game/Blueprints/Character/SkaldFactions/Humans/2hAxe/HumanKnight_2hAxe_Ska_0926074653_texture_metallic" 4880
"/Game/Blueprints/Character/SkaldFactions/Humans/2hAxe/HumanKnight_2hAxe_Ska_0926074653_texture_roughness" 4881
"/Game/Blueprints/Character/SkaldFactions/LizardFolk/Ziller/LizardFolk_Ziller_Ska_1011010629_texture_roughness" 4882
"/Game/Blueprints/Character/SkaldFactions/Humans/2hAxe/HumanKnight_2hAxe_Ska_0926074653_texture_normal" 4883
"D:/Skald_TurnBasedStrategy_Code/Content/Blueprints/Character/SkaldFactions/LizardFolk/Archer/LizardFolk_Archer_Ska_1011010923_texture_metallic.uasset" 4884
"/Game/Blueprints/Character/SkaldFactions/Humans/2hAxe/HumanKnight_2hAxe_Ska_0926074653_texture" 4885
"/Game/Blueprints/Character/SkaldFactions/LizardFolk/Archer/LizardFolk_Archer_Ska_1011010923_texture_metallic" 4886
"D:/Skald_TurnBasedStrategy_Code/Content/Blueprints/Character/SkaldFactions/Undead/2hMace/Undead_2hFlail_Skald_0926074830_tex.uasset" 4887
"D:/Skald_TurnBasedStrategy_Code/Content/Blueprints/Character/SkaldFactions/RavPack/2hSword/Skald_RavPack_2hSword_1015210846_texture_normal.uasset" 4888
"D:/Skald_TurnBasedStrategy_Code/Content/Blueprints/Character/SkaldFactions/Undead/2hMace/Undead_2hFlail_Skald_0926074830_texture_roughness.uasset" 4889
"D:/Skald_TurnBasedStrategy_Code/Content/Blueprints/Character/SkaldFactions/Undead/2hMace/Undead_2hFlail_Skald_0926074830_texture_metallic.uasset" 4890
"D:/Skald_TurnBasedStrategy_Code/Content/Blueprints/Character/SkaldFactions/Undead/2hMace/Undead_2hFlail_Skald_0926074830_texture_normal.uasset" 4891
"/Game/Blueprints/Character/SkaldFactions/Undead/2hMace/Undead_2hFlail_Skald_0926074830_texture_normal" 4892
"D:/Skald_TurnBasedStrategy_Code/Content/Blueprints/Character/SkaldFactions/RavPack/2hSword/Skald_RavPack_2hSword_1015210846_texture_roughness.uasset" 4893
"/Game/Blueprints/Character/SkaldFactions/Undead/2hMace/Undead_2hFlail_Skald_0926074830_texture_metallic" 4894
"/Game/Blueprints/Character/SkaldFactions/RavPack/2hSword/Skald_RavPack_2hSword_1015210846_texture_normal" 4895
"/Game/Blueprints/Character/SkaldFactions/Undead/2hMace/Undead_2hFlail_Skald_0926074830_tex" 4896
"D:/Skald_TurnBasedStrategy_Code/Content/Blueprints/Character/SkaldFactions/RavPack/2hSword/Skald_RavPack_2hSword_1015210846_texture_metallic.uasset" 4897
"/Game/Blueprints/Character/SkaldFactions/Undead/2hMace/Undead_2hFlail_Skald_0926074830_texture_roughness" 4898
"D:/Skald_TurnBasedStrategy_Code/Content/Blueprints/Character/SkaldFactions/RavPack/2hSword/Skald_RavPack_2hSword_1015210846_texture.uasset" 4899
"D:/Skald_TurnBasedStrategy_Code/Content/Blueprints/Character/SkaldFactions/Gnolls/MountedSpear/Gnoll_Mounted_Spear_S_0927022008_texture_roughness.uasset" 4900
"/Game/Blueprints/Character/SkaldFactions/RavPack/2hSword/Skald_RavPack_2hSword_1015210846_texture_roughness" 4901
"/Game/Blueprints/Character/SkaldFactions/RavPack/2hSword/Skald_RavPack_2hSword_1015210846_texture_metallic" 4902
"/Game/Blueprints/Character/SkaldFactions/RavPack/2hSword/Skald_RavPack_2hSword_1015210846_texture" 4903
"/Game/Blueprints/Character/SkaldFactions/Gnolls/MountedSpear/Gnoll_Mounted_Spear_S_0927022008_texture_roughness" 4904
"D:/Skald_TurnBasedStrategy_Code/Content/Blueprints/Character/SkaldFactions/Gnolls/MountedSpear/Gnoll_Mounted_Spear_S_0927022008_texture_metallic.uasset" 4905
"D:/Skald_TurnBasedStrategy_Code/Content/Blueprints/Character/SkaldFactions/Gnolls/MountedSpear/Gnoll_Mounted_Spear_S_0927022008_texture_normal.uasset" 4906
"D:/Skald_TurnBasedStrategy_Code/Content/Blueprints/Character/SkaldFactions/Gnolls/MountedSpear/Gnoll_Mounted_Spear_S_0927022008_texture.uasset" 4907
"D:/Skald_TurnBasedStrategy_Code/Content/Blueprints/Character/SkaldFactions/Humans/Archer/HumanKnight_Archer_Sk_0926074713_texture_metallic.uasset" 4908
"D:/Skald_TurnBasedStrategy_Code/Content/Blueprints/Character/SkaldFactions/Humans/Archer/HumanKnight_Archer_Sk_0926074713_texture.uasset" 4909
"D:/Skald_TurnBasedStrategy_Code/Content/Blueprints/Character/SkaldFactions/Humans/Archer/HumanKnight_Archer_Sk_0926074713_texture_roughness.uasset" 4910
"/Game/Blueprints/Character/SkaldFactions/Gnolls/MountedSpear/Gnoll_Mounted_Spear_S_0927022008_texture_normal" 4911
"D:/Skald_TurnBasedStrategy_Code/Content/Blueprints/Character/SkaldFactions/Humans/Archer/HumanKnight_Archer_Sk_0926074713_texture_normal.uasset" 4912
"D:/Skald_TurnBasedStrategy_Code/Content/Blueprints/Character/SkaldFactions/Inflicted/Mage/Inflicted_Mage_Skald_1011005238_texture_normal.uasset" 4913
"D:/Skald_TurnBasedStrategy_Code/Content/Blueprints/Character/SkaldFactions/Inflicted/Mage/Inflicted_Mage_Skald_1011005238_texture_roughness.uasset" 4914
"/Game/Blueprints/Character/SkaldFactions/Gnolls/MountedSpear/Gnoll_Mounted_Spear_S_0927022008_texture_metallic" 4915
"/Game/Blueprints/Character/SkaldFactions/Humans/Archer/HumanKnight_Archer_Sk_0926074713_texture" 4916
"/Game/Blueprints/Character/SkaldFactions/Gnolls/MountedSpear/Gnoll_Mounted_Spear_S_0927022008_texture" 4917
"/Game/Blueprints/Character/SkaldFactions/Humans/Archer/HumanKnight_Archer_Sk_0926074713_texture_metallic" 4918
"/Game/Blueprints/Character/SkaldFactions/Humans/Archer/HumanKnight_Archer_Sk_0926074713_texture_roughness" 4919
"/Game/Blueprints/Character/SkaldFactions/Humans/Archer/HumanKnight_Archer_Sk_0926074713_texture_normal" 4920
"/Game/Blueprints/Character/SkaldFactions/Inflicted/Mage/Inflicted_Mage_Skald_1011005238_texture_roughness" 4921
"/Game/Blueprints/Character/SkaldFactions/Inflicted/Mage/Inflicted_Mage_Skald_1011005238_texture_normal" 4922
"D:/Skald_TurnBasedStrategy_Code/Content/Blueprints/Character/SkaldFactions/Inflicted/Mage/Inflicted_Mage_Skald_1011005238_texture.uasset" 4923
"/Game/Blueprints/Character/SkaldFactions/Inflicted/Mage/Inflicted_Mage_Skald_1011005238_texture" 4924
"D:/Skald_TurnBasedStrategy_Code/Content/Blueprints/Character/SkaldFactions/Inflicted/Mage/Inflicted_Mage_Skald_1011005238_texture_metallic.uasset" 4925
"/Game/Blueprints/Character/SkaldFactions/Inflicted/Mage/Inflicted_Mage_Skald_1011005238_texture_metallic" 4926
"D:/Skald_TurnBasedStrategy_Code/Content/Blueprints/Character/SkaldFactions/RavPack/2hSpear/Skald_RavPack_2hSpear_1015211058_texture_normal.uasset" 4927
"D:/Skald_TurnBasedStrategy_Code/Content/Blueprints/Character/SkaldFactions/RavPack/2hSpear/Skald_RavPack_2hSpear_1015211058_texture_roughness.uasset" 4928
"D:/Skald_TurnBasedStrategy_Code/Content/Blueprints/Character/SkaldFactions/RavPack/2hSpear/Skald_RavPack_2hSpear_1015211058_texture.uasset" 4929
"D:/Skald_TurnBasedStrategy_Code/Content/Blueprints/Character/SkaldFactions/RavPack/2hSpear/Skald_RavPack_2hSpear_1015211058_texture_metallic.uasset" 4930
"D:/Skald_TurnBasedStrategy_Code/Content/Blueprints/Character/SkaldFactions/Undead/SwordAndShield/Undead_SwordnShield_S_0926074808_texture_normal.uasset" 4931
"D:/Skald_TurnBasedStrategy_Code/Content/Blueprints/Character/SkaldFactions/Undead/SwordAndShield/Undead_SwordnShield_S_0926074808_texture_roughness.uasset" 4932
"/Game/Blueprints/Character/SkaldFactions/Undead/SwordAndShield/Undead_SwordnShield_S_0926074808_texture_normal" 4933
"D:/Skald_TurnBasedStrategy_Code/Content/Blueprints/Character/SkaldFactions/Undead/SwordAndShield/Undead_SwordnShield_S_Texture.uasset" 4934
"D:/Skald_TurnBasedStrategy_Code/Content/Blueprints/Character/SkaldFactions/Dwarves/2hMace/Dwarf_2hHammer_Skald_0926073507_texture_normal.uasset" 4935
"D:/Skald_TurnBasedStrategy_Code/Content/Blueprints/Character/SkaldFactions/Undead/SwordAndShield/Undead_SwordnShield_S_0926074808_texture_metallic.uasset" 4936
"D:/Skald_TurnBasedStrategy_Code/Content/Blueprints/Character/SkaldFactions/Dwarves/2hMace/Dwarf_2hHammer_Skald_0926073507_texture_roughness.uasset" 4937
"/Game/Blueprints/Character/SkaldFactions/RavPack/2hSpear/Skald_RavPack_2hSpear_1015211058_texture_normal" 4938
"/Game/Blueprints/Character/SkaldFactions/Undead/SwordAndShield/Undead_SwordnShield_S_0926074808_texture_roughness" 4939
"/Game/Blueprints/Character/SkaldFactions/RavPack/2hSpear/Skald_RavPack_2hSpear_1015211058_texture_roughness" 4940
"/Game/Blueprints/Character/SkaldFactions/RavPack/2hSpear/Skald_RavPack_2hSpear_1015211058_texture_metallic" 4941
"D:/Skald_TurnBasedStrategy_Code/Content/Blueprints/Character/SkaldFactions/Dwarves/2hMace/Dwarf_2hHammer_Skald_0926073507_texture.uasset" 4942
"D:/Skald_TurnBasedStrategy_Code/Content/Blueprints/Character/SkaldFactions/Dwarves/2hMace/Dwarf_2hHammer_Skald_0926073507_texture_metallic.uasset" 4943
"/Game/Blueprints/Character/SkaldFactions/RavPack/2hSpear/Skald_RavPack_2hSpear_1015211058_texture" 4944
"/Game/Blueprints/Character/SkaldFactions/Dwarves/2hMace/Dwarf_2hHammer_Skald_0926073507_texture_normal" 4945
"/Game/Blueprints/Character/SkaldFactions/Dwarves/2hMace/Dwarf_2hHammer_Skald_0926073507_texture" 4946
"/Game/Blueprints/Character/SkaldFactions/Undead/SwordAndShield/Undead_SwordnShield_S_Texture" 4947
"/Game/Blueprints/Character/SkaldFactions/Dwarves/2hMace/Dwarf_2hHammer_Skald_0926073507_texture_roughness" 4948
"/Game/Blueprints/Character/SkaldFactions/Dwarves/2hMace/Dwarf_2hHammer_Skald_0926073507_texture_metallic" 4949
"D:/Skald_TurnBasedStrategy_Code/Content/Blueprints/Character/SkaldFactions/Elves/Mage/Elf_Mage_Skald_0927023120_texture_roughness.uasset" 4950
"D:/Skald_TurnBasedStrategy_Code/Content/Blueprints/Character/SkaldFactions/Elves/Mage/Elf_Mage_Skald_0927023120_texture.uasset" 4951
"D:/Skald_TurnBasedStrategy_Code/Content/Blueprints/Character/SkaldFactions/Elves/Mage/Elf_Mage_Skald_0927023120_texture_normal.uasset" 4952
"/Game/Blueprints/Character/SkaldFactions/Undead/SwordAndShield/Undead_SwordnShield_S_0926074808_texture_metallic" 4953
"D:/Skald_TurnBasedStrategy_Code/Content/Blueprints/Character/SkaldFactions/Elves/Mage/Elf_Mage_Skald_0927023120_texture_metallic.uasset" 4954
"/Game/Blueprints/Character/SkaldFactions/Elves/Mage/Elf_Mage_Skald_0927023120_texture_roughness" 4955
"/Game/Blueprints/Character/SkaldFactions/Elves/Mage/Elf_Mage_Skald_0927023120_texture" 4956
"/Game/Blueprints/Character/SkaldFactions/Elves/Mage/Elf_Mage_Skald_0927023120_texture_metallic" 4957
"/Game/Blueprints/Character/SkaldFactions/Elves/Mage/Elf_Mage_Skald_0927023120_texture_normal" 4958
"D:/Skald_TurnBasedStrategy_Code/Content/Blueprints/Character/SkaldFactions/Inflicted/MountedShield/Inflicted_MountedShie_1011005622_texture.uasset" 4959
"D:/Skald_TurnBasedStrategy_Code/Content/Blueprints/Character/SkaldFactions/Inflicted/MountedShield/Inflicted_MountedShie_1011005622_texture_normal.uasset" 4960
"D:/Skald_TurnBasedStrategy_Code/Content/Blueprints/Character/SkaldFactions/Elves/2hSword/Elf_2hSword_Skald_0926082119_texture.uasset" 4961
"D:/Skald_TurnBasedStrategy_Code/Content/Blueprints/Character/SkaldFactions/Inflicted/MountedShield/Inflicted_MountedShie_1011005622_texture_metallic.uasset" 4962
"D:/Skald_TurnBasedStrategy_Code/Content/Blueprints/Character/SkaldFactions/Inflicted/MountedShield/Inflicted_MountedShie_1011005622_texture_roughness.uasset" 4963
"D:/Skald_TurnBasedStrategy_Code/Content/Blueprints/Character/SkaldFactions/Elves/2hSword/Elf_2hSword_Skald_0926082119_texture_metallic.uasset" 4964
"/Game/Blueprints/Character/SkaldFactions/Inflicted/MountedShield/Inflicted_MountedShie_1011005622_texture_normal" 4965
"D:/Skald_TurnBasedStrategy_Code/Content/Blueprints/Character/SkaldFactions/Elves/2hSword/Elf_2hSword_Skald_0926082119_texture_roughness.uasset" 4966
"/Game/Blueprints/Character/SkaldFactions/Inflicted/MountedShield/Inflicted_MountedShie_1011005622_texture_roughness" 4967
"/Game/Blueprints/Character/SkaldFactions/Inflicted/MountedShield/Inflicted_MountedShie_1011005622_texture_metallic" 4968
"/Game/Blueprints/Character/SkaldFactions/Inflicted/MountedShield/Inflicted_MountedShie_1011005622_texture" 4969
"D:/Skald_TurnBasedStrategy_Code/Content/Blueprints/Character/SkaldFactions/Elves/2hSword/Elf_2hSword_Skald_0926082119_texture_normal.uasset" 4970
"/Game/Blueprints/Character/SkaldFactions/Elves/2hSword/Elf_2hSword_Skald_0926082119_texture" 4971
"/Game/Blueprints/Character/SkaldFactions/Elves/2hSword/Elf_2hSword_Skald_0926082119_texture_metallic" 4972
"D:/Skald_TurnBasedStrategy_Code/Content/Blueprints/Character/SkaldFactions/Elves/SpearAndShield/Elf_SpearnShield_Skal_0926082235_texture_roughness.uasset" 4973
"/Game/Blueprints/Character/SkaldFactions/Elves/2hSword/Elf_2hSword_Skald_0926082119_texture_normal" 4974
"D:/Skald_TurnBasedStrategy_Code/Content/Blueprints/Character/SkaldFactions/Elves/SpearAndShield/Elf_SpearnShield_Skal_0926082235_texture_normal.uasset" 4975
"D:/Skald_TurnBasedStrategy_Code/Content/Blueprints/Character/SkaldFactions/Elves/SpearAndShield/Elf_SpearnShield_Skal_0926082235_texture_metallic.uasset" 4976
"/Game/Blueprints/Character/SkaldFactions/Elves/2hSword/Elf_2hSword_Skald_0926082119_texture_roughness" 4977
"/Game/Blueprints/Character/SkaldFactions/Elves/SpearAndShield/Elf_SpearnShield_Skal_0926082235_texture_metallic" 4978
"/Game/Blueprints/Character/SkaldFactions/Elves/SpearAndShield/Elf_SpearnShield_Skal_0926082235_texture_normal" 4979
"/Game/Blueprints/Character/SkaldFactions/Elves/SpearAndShield/Elf_SpearnShield_Skal_0926082235_texture_roughness" 4980
"D:/Skald_TurnBasedStrategy_Code/Content/Blueprints/Character/SkaldFactions/Elves/SpearAndShield/Elf_SpearnShield_Skal_0926082235_texture.uasset" 4981
"D:/Skald_TurnBasedStrategy_Code/Content/Blueprints/Character/SkaldFactions/Gnolls/Mage/Gnoll_Mounted_Mage_Sk_0926075355_texture_roughness.uasset" 4982
"D:/Skald_TurnBasedStrategy_Code/Content/Blueprints/Character/SkaldFactions/Gnolls/Mage/Gnoll_Mounted_Mage_Sk_0926075355_texture_normal.uasset" 4983
"D:/Skald_TurnBasedStrategy_Code/Content/Blueprints/Character/SkaldFactions/Gnolls/Mage/Gnoll_Mounted_Mage_Sk_0926075355_texture.uasset" 4984
"D:/Skald_TurnBasedStrategy_Code/Content/Blueprints/Character/SkaldFactions/Gnolls/Mage/texture_0.uasset" 4985
"/Game/Blueprints/Character/SkaldFactions/Gnolls/Mage/Gnoll_Mounted_Mage_Sk_0926075355_texture_roughness" 4986
"D:/Skald_TurnBasedStrategy_Code/Content/Blueprints/Character/SkaldFactions/Gnolls/2hHammer/Gnoll_2hHammer_Skald_0926075618_texture_normal.uasset" 4987
"/Game/Blueprints/Character/SkaldFactions/Gnolls/Mage/Gnoll_Mounted_Mage_Sk_0926075355_texture_normal" 4988
"D:/Skald_TurnBasedStrategy_Code/Content/Blueprints/Character/SkaldFactions/Gnolls/2hHammer/Gnoll_2hHammer_Skald_0926075618_texture_metallic.uasset" 4989
"/Game/Blueprints/Character/SkaldFactions/Gnolls/Mage/Gnoll_Mounted_Mage_Sk_0926075355_texture" 4990
"/Game/Blueprints/Character/SkaldFactions/Elves/SpearAndShield/Elf_SpearnShield_Skal_0926082235_texture" 4991
"/Game/Blueprints/Character/SkaldFactions/Gnolls/Mage/texture_0" 4992
"/Game/Blueprints/Character/SkaldFactions/Gnolls/2hHammer/Gnoll_2hHammer_Skald_0926075618_texture_metallic" 4993
"D:/Skald_TurnBasedStrategy_Code/Content/Blueprints/Character/SkaldFactions/Gnolls/2hHammer/Gnoll_2hHammer_Skald_0926075618_texture.uasset" 4994
"/Game/Blueprints/Character/SkaldFactions/Gnolls/2hHammer/Gnoll_2hHammer_Skald_0926075618_texture_normal" 4995
"D:/Skald_TurnBasedStrategy_Code/Content/Blueprints/Character/SkaldFactions/Orcs/Hydra/Hydra_s_Awakening_0926074602_texture_normal.uasset" 4996
"D:/Skald_TurnBasedStrategy_Code/Content/Blueprints/Character/SkaldFactions/Orcs/Hydra/Hydra_s_Awakening_0926074602_texture_metallic.uasset" 4997
"/Game/Blueprints/Character/SkaldFactions/Orcs/Hydra/Hydra_s_Awakening_0926074602_texture_normal" 4998
"/Game/Blueprints/Character/SkaldFactions/Gnolls/2hHammer/Gnoll_2hHammer_Skald_0926075618_texture" 4999
"/Game/Blueprints/Character/SkaldFactions/Orcs/Hydra/Hydra_s_Awakening_0926074602_texture_metallic" 5000
"D:/Skald_TurnBasedStrategy_Code/Content/Blueprints/Character/SkaldFactions/Orcs/Hydra/Hydra_s_Awakening_0926074602_texture_roughness.uasset" 5001
"D:/Skald_TurnBasedStrategy_Code/Content/Blueprints/Character/SkaldFactions/Humans/2hSword/HumanKnight_2hSword_S_0926074702_texture_roughness.uasset" 5002
"D:/Skald_TurnBasedStrategy_Code/Content/Blueprints/Character/SkaldFactions/Orcs/Hydra/Hydra_s_Awakening_0926074602_texture.uasset" 5003
"/Game/Blueprints/Character/SkaldFactions/Humans/2hSword/HumanKnight_2hSword_S_0926074702_texture_roughness" 5004
"/Game/Blueprints/Character/SkaldFactions/Orcs/Hydra/Hydra_s_Awakening_0926074602_texture" 5005
"D:/Skald_TurnBasedStrategy_Code/Content/Blueprints/Character/SkaldFactions/Humans/2hSword/HumanKnight_2hSword_S_0926074702_texture_normal.uasset" 5006
"D:/Skald_TurnBasedStrategy_Code/Content/Blueprints/Character/SkaldFactions/Gnolls/2hHammer/Gnoll_2hHammer_Skald_0926075618_texture_roughness.uasset" 5007
"D:/Skald_TurnBasedStrategy_Code/Content/Blueprints/Character/SkaldFactions/Humans/2hSword/HumanKnight_2hSword_S_0926074702_texture.uasset" 5008
"/Game/Blueprints/Character/SkaldFactions/Orcs/Hydra/Hydra_s_Awakening_0926074602_texture_roughness" 5009
"/Game/Blueprints/Character/SkaldFactions/Humans/2hSword/HumanKnight_2hSword_S_0926074702_texture" 5010
"/Game/Blueprints/Character/SkaldFactions/Gnolls/2hHammer/Gnoll_2hHammer_Skald_0926075618_texture_roughness" 5011
"/Game/Blueprints/Character/SkaldFactions/Humans/2hSword/HumanKnight_2hSword_S_0926074702_texture_normal" 5012
"D:/Skald_TurnBasedStrategy_Code/Content/Blueprints/Character/SkaldFactions/Humans/2hSword/HumanKnight_2hSword_S_0926074702_texture_metallic.uasset" 5013
"D:/Skald_TurnBasedStrategy_Code/Content/Blueprints/Character/SkaldFactions/Dwarves/DualWield/Dwarf_DualWield_Skald_0926073442_texture_normal.uasset" 5014
"D:/Skald_TurnBasedStrategy_Code/Content/Blueprints/Character/SkaldFactions/Dwarves/DualWield/Dwarf_DualWield_Skald_0926073442_texture.uasset" 5015
"D:/Skald_TurnBasedStrategy_Code/Content/Blueprints/Character/SkaldFactions/Dwarves/DualWield/Dwarf_DualWield_Skald_0926073442_texture_roughness.uasset" 5016
"D:/Skald_TurnBasedStrategy_Code/Content/Blueprints/Character/SkaldFactions/Dwarves/DualWield/Dwarf_DualWield_Skald_0926073442_texture_metallic.uasset" 5017
"/Game/Blueprints/Character/SkaldFactions/Dwarves/DualWield/Dwarf_DualWield_Skald_0926073442_texture_normal" 5018
"/Game/Blueprints/Character/SkaldFactions/Dwarves/DualWield/Dwarf_DualWield_Skald_0926073442_texture_metallic" 5019
"D:/Skald_TurnBasedStrategy_Code/Content/Blueprints/Character/SkaldFactions/Gnolls/Mage/Gnoll_Mounted_Mage_Sk_0926075355_texture_metallic.uasset" 5020
"/Game/Blueprints/Character/SkaldFactions/Humans/2hSword/HumanKnight_2hSword_S_0926074702_texture_metallic" 5021
"/Game/Blueprints/Character/SkaldFactions/Dwarves/DualWield/Dwarf_DualWield_Skald_0926073442_texture" 5022
"/Game/Blueprints/Character/SkaldFactions/Dwarves/DualWield/Dwarf_DualWield_Skald_0926073442_texture_roughness" 5023
"/Game/Blueprints/Character/SkaldFactions/Gnolls/Mage/Gnoll_Mounted_Mage_Sk_0926075355_texture_metallic" 5024
"D:/Skald_TurnBasedStrategy_Code/Content/Blueprints/Character/SkaldFactions/Elves/2hSpear/Elf_2hSpear_Skald_0926082100_texture.uasset" 5025
"D:/Skald_TurnBasedStrategy_Code/Content/Blueprints/Character/SkaldFactions/Elves/2hSpear/Elf_2hSpear_Skald_0926082100_texture_metallic.uasset" 5026
"D:/Skald_TurnBasedStrategy_Code/Content/Blueprints/Character/SkaldFactions/Elves/2hSpear/Elf_2hSpear_Skald_0926082100_texture_roughness.uasset" 5027
"D:/Skald_TurnBasedStrategy_Code/Content/Blueprints/Character/SkaldFactions/LizardFolk/Mage/LizardFolk_Mage_Skald_1011010457_texture_normal.uasset" 5028
"D:/Skald_TurnBasedStrategy_Code/Content/Blueprints/Character/SkaldFactions/Elves/2hSpear/Elf_2hSpear_Skald_0926082100_texture_normal.uasset" 5029
"/Game/Blueprints/Character/SkaldFactions/Elves/2hSpear/Elf_2hSpear_Skald_0926082100_texture_roughness" 5030
"/Game/Blueprints/Character/SkaldFactions/Elves/2hSpear/Elf_2hSpear_Skald_0926082100_texture_normal" 5031
"/Game/Blueprints/Character/SkaldFactions/Elves/2hSpear/Elf_2hSpear_Skald_0926082100_texture_metallic" 5032
"/Game/Blueprints/Character/SkaldFactions/LizardFolk/Mage/LizardFolk_Mage_Skald_1011010457_texture_normal" 5033
"D:/Skald_TurnBasedStrategy_Code/Content/Blueprints/Character/SkaldFactions/Ironlegion/2hSword/IronLegion_2hSword_Sk_0927220844_texture_roughness.uasset" 5034
"D:/Skald_TurnBasedStrategy_Code/Content/Blueprints/Character/SkaldFactions/Ironlegion/2hSword/IronLegion_2hSword_Sk_0927220844_texture_normal.uasset" 5035
"D:/Skald_TurnBasedStrategy_Code/Content/Blueprints/Character/SkaldFactions/Ironlegion/2hSword/IronLegion_2hSword_Sk_0927220844_texture.uasset" 5036
"D:/Skald_TurnBasedStrategy_Code/Content/Blueprints/Character/SkaldFactions/LizardFolk/Mage/LizardFolk_Mage_Skald_1011010457_texture_metallic.uasset" 5037
"/Game/Blueprints/Character/SkaldFactions/Elves/2hSpear/Elf_2hSpear_Skald_0926082100_texture" 5038
"/Game/Blueprints/Character/SkaldFactions/Ironlegion/2hSword/IronLegion_2hSword_Sk_0927220844_texture" 5039
"/Game/Blueprints/Character/SkaldFactions/Ironlegion/2hSword/IronLegion_2hSword_Sk_0927220844_texture_normal" 5040
"/Game/Blueprints/Character/SkaldFactions/LizardFolk/Mage/LizardFolk_Mage_Skald_1011010457_texture_metallic" 5041
"/Game/Blueprints/Character/SkaldFactions/Ironlegion/2hSword/IronLegion_2hSword_Sk_0927220844_texture_roughness" 5042
"D:/Skald_TurnBasedStrategy_Code/Content/Blueprints/Character/SkaldFactions/Ironlegion/2hSword/IronLegion_2hSword_Sk_0927220844_texture_metallic.uasset" 5043
"D:/Skald_TurnBasedStrategy_Code/Content/Blueprints/Character/SkaldFactions/LizardFolk/Mage/LizardFolk_Mage_Skald_1011010457_texture.uasset" 5044
"D:/Skald_TurnBasedStrategy_Code/Content/Blueprints/Character/SkaldFactions/Elves/SwordandShield/Elf_SwordnShield_Skal_0926082130_texture_normal.uasset" 5045
"D:/Skald_TurnBasedStrategy_Code/Content/Blueprints/Character/SkaldFactions/Elves/SwordandShield/Elf_SwordnShield_Skal_0926082130_texture_roughness.uasset" 5046
"D:/Skald_TurnBasedStrategy_Code/Content/Blueprints/Character/SkaldFactions/Elves/SwordandShield/Elf_SwordnShield_Skal_0926082130_texture.uasset" 5047
"/Game/Blueprints/Character/SkaldFactions/Elves/SwordandShield/Elf_SwordnShield_Skal_0926082130_texture" 5048
"/Game/Blueprints/Character/SkaldFactions/Elves/SwordandShield/Elf_SwordnShield_Skal_0926082130_texture_roughness" 5049
"/Game/Blueprints/Character/SkaldFactions/Elves/SwordandShield/Elf_SwordnShield_Skal_0926082130_texture_normal" 5050
"/Game/Blueprints/Character/SkaldFactions/Ironlegion/2hSword/IronLegion_2hSword_Sk_0927220844_texture_metallic" 5051
"/Game/Blueprints/Character/SkaldFactions/LizardFolk/Mage/LizardFolk_Mage_Skald_1011010457_texture" 5052
"D:/Skald_TurnBasedStrategy_Code/Content/Blueprints/Character/SkaldFactions/Elves/SwordandShield/Elf_SwordnShield_Skal_0926082130_texture_metallic.uasset" 5053
"D:/Skald_TurnBasedStrategy_Code/Content/Blueprints/Character/SkaldFactions/Elves/MountedShield/Elf_MountedSwordnShie_0926082253_texture_normal.uasset" 5054
"D:/Skald_TurnBasedStrategy_Code/Content/Blueprints/Character/SkaldFactions/Elves/MountedShield/Elf_MountedSwordnShie_0926082253_texture.uasset" 5055
"D:/Skald_TurnBasedStrategy_Code/Content/Blueprints/Character/SkaldFactions/Elves/MountedShield/Elf_MountedSwordnShie_0926082253_texture_metallic.uasset" 5056
"D:/Skald_TurnBasedStrategy_Code/Content/Blueprints/Character/SkaldFactions/Elves/MountedShield/Elf_MountedSwordnShie_0926082253_texture_roughness.uasset" 5057
"/Game/Blueprints/Character/SkaldFactions/Elves/MountedShield/Elf_MountedSwordnShie_0926082253_texture" 5058
"/Game/Blueprints/Character/SkaldFactions/Elves/MountedShield/Elf_MountedSwordnShie_0926082253_texture_metallic" 5059
"/Game/Blueprints/Character/SkaldFactions/Elves/MountedShield/Elf_MountedSwordnShie_0926082253_texture_normal" 5060
"/Game/Blueprints/Character/SkaldFactions/Elves/SwordandShield/Elf_SwordnShield_Skal_0926082130_texture_metallic" 5061
"D:/Skald_TurnBasedStrategy_Code/Content/Blueprints/Character/SkaldFactions/Dwarves/MountedSpear/Dwarf_MountedSpearnSh_0926074142_texture_roughness.uasset" 5062
"D:/Skald_TurnBasedStrategy_Code/Content/Blueprints/Character/SkaldFactions/LizardFolk/Mage/LizardFolk_Mage_Skald_1011010457_texture_roughness.uasset" 5063
"D:/Skald_TurnBasedStrategy_Code/Content/Blueprints/Character/SkaldFactions/Dwarves/MountedSpear/Dwarf_MountedSpearnSh_0926074142_texture.uasset" 5064
"/Game/Blueprints/Character/SkaldFactions/Elves/MountedShield/Elf_MountedSwordnShie_0926082253_texture_roughness" 5065
"/Game/Blueprints/Character/SkaldFactions/Dwarves/MountedSpear/Dwarf_MountedSpearnSh_0926074142_texture" 5066
"D:/Skald_TurnBasedStrategy_Code/Content/Blueprints/Character/SkaldFactions/Dwarves/MountedSpear/Dwarf_MountedSpearnSh_0926074142_texture_normal.uasset" 5067
"/Game/Blueprints/Character/SkaldFactions/LizardFolk/Mage/LizardFolk_Mage_Skald_1011010457_texture_roughness" 5068
"/Game/Blueprints/Character/SkaldFactions/Dwarves/MountedSpear/Dwarf_MountedSpearnSh_0926074142_texture_roughness" 5069
"D:/Skald_TurnBasedStrategy_Code/Content/Blueprints/Character/SkaldFactions/Dwarves/MountedSpear/Dwarf_MountedSpearnSh_0926074142_texture_metallic.uasset" 5070
"/Game/Blueprints/Character/SkaldFactions/Dwarves/MountedSpear/Dwarf_MountedSpearnSh_0926074142_texture_normal" 5071
"D:/Skald_TurnBasedStrategy_Code/Content/Blueprints/Character/SkaldFactions/Humans/DualWield/HumanKnight_Dualwield_0926074631_texture_roughness.uasset" 5072
"D:/Skald_TurnBasedStrategy_Code/Content/Blueprints/Character/SkaldFactions/Humans/DualWield/HumanKnight_Dualwield_0926074631_texture_normal.uasset" 5073
"D:/Skald_TurnBasedStrategy_Code/Content/Blueprints/Character/SkaldFactions/Humans/DualWield/HumanKnight_Dualwield_0926074631_texture.uasset" 5074
"D:/Skald_TurnBasedStrategy_Code/Content/Blueprints/Character/SkaldFactions/Humans/DualWield/HumanKnight_Dualwield_0926074631_texture_metallic.uasset" 5075
"/Game/Blueprints/Character/SkaldFactions/Humans/DualWield/HumanKnight_Dualwield_0926074631_texture_roughness" 5076
"/Game/Blueprints/Character/SkaldFactions/Dwarves/MountedSpear/Dwarf_MountedSpearnSh_0926074142_texture_metallic" 5077
"/Game/Blueprints/Character/SkaldFactions/Humans/DualWield/HumanKnight_Dualwield_0926074631_texture_normal" 5078
"/Game/Blueprints/Character/SkaldFactions/Humans/DualWield/HumanKnight_Dualwield_0926074631_texture_metallic" 5079
"/Game/Blueprints/Character/SkaldFactions/Humans/DualWield/HumanKnight_Dualwield_0926074631_texture" 5080
"D:/Skald_TurnBasedStrategy_Code/Content/Blueprints/Character/SkaldFactions/Orcs/MountedShield/Orc_Mounted_Axenshiel_0927020525_texture_normal.uasset" 5081
"/Game/Blueprints/Character/SkaldFactions/Orcs/MountedShield/Orc_Mounted_Axenshiel_0927020525_texture_normal" 5082
"D:/Skald_TurnBasedStrategy_Code/Content/Blueprints/Character/SkaldFactions/Orcs/MountedShield/Orc_Mounted_Axenshiel_0927020525_texture_roughness.uasset" 5083
"D:/Skald_TurnBasedStrategy_Code/Content/Blueprints/Character/SkaldFactions/Gnolls/Cerebane/Gnoll_Cerebane_0927020407_texture_roughness.uasset" 5084
"D:/Skald_TurnBasedStrategy_Code/Content/Blueprints/Character/SkaldFactions/Gnolls/Cerebane/Gnoll_Cerebane_0927020407_texture_metallic.uasset" 5085
"D:/Skald_TurnBasedStrategy_Code/Content/Blueprints/Character/SkaldFactions/Orcs/MountedShield/Orc_Mounted_Axenshiel_0927020525_texture_metallic.uasset" 5086
"D:/Skald_TurnBasedStrategy_Code/Content/Blueprints/Character/SkaldFactions/Orcs/MountedShield/Orc_Mounted_Axenshiel_0927020525_texture.uasset" 5087
"D:/Skald_TurnBasedStrategy_Code/Content/Blueprints/Character/SkaldFactions/Gnolls/Cerebane/Gnoll_Cerebane_0927020407_texture.uasset" 5088
"/Game/Blueprints/Character/SkaldFactions/Orcs/MountedShield/Orc_Mounted_Axenshiel_0927020525_texture_roughness" 5089
"/Game/Blueprints/Character/SkaldFactions/Orcs/MountedShield/Orc_Mounted_Axenshiel_0927020525_texture" 5090
"D:/Skald_TurnBasedStrategy_Code/Content/Blueprints/Character/SkaldFactions/ToadFolk/MountedShield/Skald_ToadFolk_Mounte_0926075059_texture.uasset" 5091
"D:/Skald_TurnBasedStrategy_Code/Content/Blueprints/Character/SkaldFactions/Gnolls/Cerebane/Gnoll_Cerebane_0927020407_texture_normal.uasset" 5092
"/Game/Blueprints/Character/SkaldFactions/Orcs/MountedShield/Orc_Mounted_Axenshiel_0927020525_texture_metallic" 5093
"D:/Skald_TurnBasedStrategy_Code/Content/Blueprints/Character/SkaldFactions/ToadFolk/MountedShield/Skald_ToadFolk_Mounte_0926075059_texture_roughness.uasset" 5094
"/Game/Blueprints/Character/SkaldFactions/Gnolls/Cerebane/Gnoll_Cerebane_0927020407_texture" 5095
"/Game/Blueprints/Character/SkaldFactions/Gnolls/Cerebane/Gnoll_Cerebane_0927020407_texture_roughness" 5096
"D:/Skald_TurnBasedStrategy_Code/Content/Blueprints/Character/SkaldFactions/ToadFolk/MountedShield/Skald_ToadFolk_Mounte_0926075059_texture_normal.uasset" 5097
"D:/Skald_TurnBasedStrategy_Code/Content/Blueprints/Character/SkaldFactions/ToadFolk/MountedShield/Skald_ToadFolk_Mounte_0926075059_texture_metallic.uasset" 5098
"/Game/Blueprints/Character/SkaldFactions/Gnolls/Cerebane/Gnoll_Cerebane_0927020407_texture_metallic" 5099
"/Game/Blueprints/Character/SkaldFactions/ToadFolk/MountedShield/Skald_ToadFolk_Mounte_0926075059_texture" 5100
"/Game/Blueprints/Character/SkaldFactions/Gnolls/Cerebane/Gnoll_Cerebane_0927020407_texture_normal" 5101
"/Game/Blueprints/Character/SkaldFactions/ToadFolk/MountedShield/Skald_ToadFolk_Mounte_0926075059_texture_metallic" 5102
"/Game/Blueprints/Character/SkaldFactions/ToadFolk/MountedShield/Skald_ToadFolk_Mounte_0926075059_texture_roughness" 5103
"/Game/Blueprints/Character/SkaldFactions/ToadFolk/MountedShield/Skald_ToadFolk_Mounte_0926075059_texture_normal" 5104
"D:/Skald_TurnBasedStrategy_Code/Content/Blueprints/Character/SkaldFactions/Elves/MountedSpear/Elf_MountedSpear_Skal_0926082358_texture_metallic.uasset" 5105
"D:/Skald_TurnBasedStrategy_Code/Content/Blueprints/Character/SkaldFactions/Elves/MountedSpear/Elf_MountedSpear_Skal_0926082358_texture.uasset" 5106
"D:/Skald_TurnBasedStrategy_Code/Content/Blueprints/Character/SkaldFactions/Elves/MountedSpear/Elf_MountedSpear_Skal_0926082358_texture_normal.uasset" 5107
"D:/Skald_TurnBasedStrategy_Code/Content/Blueprints/Character/SkaldFactions/Elves/MountedSpear/Elf_MountedSpear_Skal_0926082358_texture_roughness.uasset" 5108
"D:/Skald_TurnBasedStrategy_Code/Content/Blueprints/Character/SkaldFactions/Dwarves/Archer/Dwarven_Marksman_0926073627_texture_roughness.uasset" 5109
"/Game/Blueprints/Character/SkaldFactions/Elves/MountedSpear/Elf_MountedSpear_Skal_0926082358_texture_metallic" 5110
"/Game/Blueprints/Character/SkaldFactions/Elves/MountedSpear/Elf_MountedSpear_Skal_0926082358_texture" 5111
"D:/Skald_TurnBasedStrategy_Code/Content/Blueprints/Character/SkaldFactions/Dwarves/Archer/Dwarven_Marksman_0926073627_texture.uasset" 5112
"/Game/Blueprints/Character/SkaldFactions/Elves/MountedSpear/Elf_MountedSpear_Skal_0926082358_texture_roughness" 5113
"/Game/Blueprints/Character/SkaldFactions/Elves/MountedSpear/Elf_MountedSpear_Skal_0926082358_texture_normal" 5114
"/Game/Blueprints/Character/SkaldFactions/Dwarves/Archer/Dwarven_Marksman_0926073627_texture" 5115
"/Game/Blueprints/Character/SkaldFactions/Dwarves/Archer/Dwarven_Marksman_0926073627_texture_roughness" 5116
"D:/Skald_TurnBasedStrategy_Code/Content/Blueprints/Character/SkaldFactions/Dwarves/Archer/Dwarven_Marksman_0926073627_texture_metallic.uasset" 5117
"D:/Skald_TurnBasedStrategy_Code/Content/Blueprints/Character/SkaldFactions/LizardFolk/SpearnShield/LizardFolk_SpearAndSh_1011010547_texture.uasset" 5118
"D:/Skald_TurnBasedStrategy_Code/Content/Blueprints/Character/SkaldFactions/LizardFolk/SpearnShield/LizardFolk_SpearAndSh_1011010547_texture_normal.uasset" 5119
"D:/Skald_TurnBasedStrategy_Code/Content/Blueprints/Character/SkaldFactions/Dwarves/Archer/Dwarven_Marksman_0926073627_texture_normal.uasset" 5120
"D:/Skald_TurnBasedStrategy_Code/Content/Blueprints/Character/SkaldFactions/LizardFolk/SpearnShield/LizardFolk_SpearAndSh_1011010547_texture_metallic.uasset" 5121
"D:/Skald_TurnBasedStrategy_Code/Content/Blueprints/Character/SkaldFactions/LizardFolk/SpearnShield/LizardFolk_SpearAndSh_1011010547_texture_roughness.uasset" 5122
"/Game/Blueprints/Character/SkaldFactions/LizardFolk/SpearnShield/LizardFolk_SpearAndSh_1011010547_texture_normal" 5123
"/Game/Blueprints/Character/SkaldFactions/LizardFolk/SpearnShield/LizardFolk_SpearAndSh_1011010547_texture_metallic" 5124
"/Game/Blueprints/Character/SkaldFactions/Dwarves/Archer/Dwarven_Marksman_0926073627_texture_normal" 5125
"/Game/Blueprints/Character/SkaldFactions/Dwarves/Archer/Dwarven_Marksman_0926073627_texture_metallic" 5126
"D:/Skald_TurnBasedStrategy_Code/Content/Blueprints/Character/SkaldFactions/Humans/SwordnShield/HumanKnight_SwordnShi_0926074643_texture.uasset" 5127
"/Game/Blueprints/Character/SkaldFactions/LizardFolk/SpearnShield/LizardFolk_SpearAndSh_1011010547_texture" 5128
"/Game/Blueprints/Character/SkaldFactions/Humans/SwordnShield/HumanKnight_SwordnShi_0926074643_texture" 5129
"/Game/Blueprints/Character/SkaldFactions/LizardFolk/SpearnShield/LizardFolk_SpearAndSh_1011010547_texture_roughness" 5130
"D:/Skald_TurnBasedStrategy_Code/Content/Blueprints/Character/SkaldFactions/Humans/SwordnShield/HumanKnight_SwordnShi_0926074643_texture_normal.uasset" 5131
"D:/Skald_TurnBasedStrategy_Code/Content/Blueprints/Character/SkaldFactions/ToadFolk/DualWield/Skald_ToadFolk_DualWi_0926075050_texture.uasset" 5132
"D:/Skald_TurnBasedStrategy_Code/Content/Blueprints/Character/SkaldFactions/Humans/SwordnShield/HumanKnight_SwordnShi_0926074643_texture_metallic.uasset" 5133
"D:/Skald_TurnBasedStrategy_Code/Content/Blueprints/Character/SkaldFactions/Humans/SwordnShield/HumanKnight_SwordnShi_0926074643_texture_roughness.uasset" 5134
"/Game/Blueprints/Character/SkaldFactions/Humans/SwordnShield/HumanKnight_SwordnShi_0926074643_texture_roughness" 5135
"/Game/Blueprints/Character/SkaldFactions/ToadFolk/DualWield/Skald_ToadFolk_DualWi_0926075050_texture" 5136
"D:/Skald_TurnBasedStrategy_Code/Content/Blueprints/Character/SkaldFactions/ToadFolk/DualWield/Skald_ToadFolk_DualWi_0926075050_texture_normal.uasset" 5137
"/Game/Blueprints/Character/SkaldFactions/Humans/SwordnShield/HumanKnight_SwordnShi_0926074643_texture_normal" 5138
"/Game/Blueprints/Character/SkaldFactions/Humans/SwordnShield/HumanKnight_SwordnShi_0926074643_texture_metallic" 5139
"/Game/Blueprints/Character/SkaldFactions/ToadFolk/DualWield/Skald_ToadFolk_DualWi_0926075050_texture_normal" 5140
"D:/Skald_TurnBasedStrategy_Code/Content/Blueprints/Character/SkaldFactions/ToadFolk/DualWield/Skald_ToadFolk_DualWi_0926075050_texture_metallic.uasset" 5141
"D:/Skald_TurnBasedStrategy_Code/Content/Blueprints/Character/SkaldFactions/ToadFolk/DualWield/Skald_ToadFolk_DualWi_0926075050_texture_roughness.uasset" 5142
"D:/Skald_TurnBasedStrategy_Code/Content/Blueprints/Character/SkaldFactions/Inflicted/Archer/Inflicted_Archer_Skal_1011005207_texture_metallic.uasset" 5143
"D:/Skald_TurnBasedStrategy_Code/Content/Blueprints/Character/SkaldFactions/Inflicted/Archer/Inflicted_Archer_Skal_1011005207_texture_roughness.uasset" 5144
"D:/Skald_TurnBasedStrategy_Code/Content/Blueprints/Character/SkaldFactions/Inflicted/Archer/Inflicted_Archer_Skal_1011005207_texture.uasset" 5145
"D:/Skald_TurnBasedStrategy_Code/Content/Blueprints/Character/SkaldFactions/Inflicted/Archer/Inflicted_Archer_Skal_1011005207_texture_normal.uasset" 5146
"/Game/Blueprints/Character/SkaldFactions/ToadFolk/DualWield/Skald_ToadFolk_DualWi_0926075050_texture_roughness" 5147
"D:/Skald_TurnBasedStrategy_Code/Content/Blueprints/Character/SkaldFactions/ToadFolk/Archer/Skald_ToadFolk_Archer_0926075032_texture_normal.uasset" 5148
"/Game/Blueprints/Character/SkaldFactions/Inflicted/Archer/Inflicted_Archer_Skal_1011005207_texture_normal" 5149
"D:/Skald_TurnBasedStrategy_Code/Content/Blueprints/Character/SkaldFactions/ToadFolk/Archer/Skald_ToadFolk_Archer_0926075032_texture_metallic.uasset" 5150
"/Game/Blueprints/Character/SkaldFactions/Inflicted/Archer/Inflicted_Archer_Skal_1011005207_texture" 5151
"D:/Skald_TurnBasedStrategy_Code/Content/Blueprints/Character/SkaldFactions/ToadFolk/Archer/Skald_ToadFolk_Archer_0926075032_texture_roughness.uasset" 5152
"/Game/Blueprints/Character/SkaldFactions/Inflicted/Archer/Inflicted_Archer_Skal_1011005207_texture_metallic" 5153
"/Game/Blueprints/Character/SkaldFactions/Inflicted/Archer/Inflicted_Archer_Skal_1011005207_texture_roughness" 5154
"D:/Skald_TurnBasedStrategy_Code/Content/Blueprints/Character/SkaldFactions/ToadFolk/Archer/Skald_ToadFolk_Archer_0926075032_texture.uasset" 5155
"D:/Skald_TurnBasedStrategy_Code/Content/Blueprints/Character/SkaldFactions/Inflicted/2hSpear/Inflicted_2hSpear_Ska_1011005125_texture.uasset" 5156
"/Game/Blueprints/Character/SkaldFactions/ToadFolk/DualWield/Skald_ToadFolk_DualWi_0926075050_texture_metallic" 5157
"/Game/Blueprints/Character/SkaldFactions/ToadFolk/Archer/Skald_ToadFolk_Archer_0926075032_texture" 5158
"/Game/Blueprints/Character/SkaldFactions/ToadFolk/Archer/Skald_ToadFolk_Archer_0926075032_texture_metallic" 5159
"/Game/Blueprints/Character/SkaldFactions/Inflicted/2hSpear/Inflicted_2hSpear_Ska_1011005125_texture" 5160
"/Game/Blueprints/Character/SkaldFactions/ToadFolk/Archer/Skald_ToadFolk_Archer_0926075032_texture_normal" 5161
"/Game/Blueprints/Character/SkaldFactions/ToadFolk/Archer/Skald_ToadFolk_Archer_0926075032_texture_roughness" 5162
"D:/Skald_TurnBasedStrategy_Code/Content/Blueprints/Character/SkaldFactions/Inflicted/2hSpear/Inflicted_2hSpear_Ska_1011005125_texture_normal.uasset" 5163
"D:/Skald_TurnBasedStrategy_Code/Content/Blueprints/Character/SkaldFactions/Inflicted/2hSpear/Inflicted_2hSpear_Ska_1011005125_texture_metallic.uasset" 5164
"D:/Skald_TurnBasedStrategy_Code/Content/Blueprints/Character/SkaldFactions/Inflicted/2hSpear/Inflicted_2hSpear_Ska_1011005125_texture_roughness.uasset" 5165
"/Game/Blueprints/Character/SkaldFactions/Inflicted/2hSpear/Inflicted_2hSpear_Ska_1011005125_texture_normal" 5166
"D:/Skald_TurnBasedStrategy_Code/Content/Blueprints/Character/SkaldFactions/RavPack/DualWield/Skald_RavPack_DualWie_1015210914_texture_normal.uasset" 5167
"D:/Skald_TurnBasedStrategy_Code/Content/Blueprints/Character/SkaldFactions/RavPack/DualWield/Skald_RavPack_DualWie_1015210914_texture_metallic.uasset" 5168
"/Game/Blueprints/Character/SkaldFactions/Inflicted/2hSpear/Inflicted_2hSpear_Ska_1011005125_texture_roughness" 5169
"D:/Skald_TurnBasedStrategy_Code/Content/Blueprints/Character/SkaldFactions/RavPack/DualWield/Skald_RavPack_DualWie_1015210914_texture.uasset" 5170
"/Game/Blueprints/Character/SkaldFactions/Inflicted/2hSpear/Inflicted_2hSpear_Ska_1011005125_texture_metallic" 5171
"/Game/Blueprints/Character/SkaldFactions/RavPack/DualWield/Skald_RavPack_DualWie_1015210914_texture_normal" 5172
"/Game/Blueprints/Character/SkaldFactions/RavPack/DualWield/Skald_RavPack_DualWie_1015210914_texture_metallic" 5173
"/Game/Blueprints/Character/SkaldFactions/RavPack/DualWield/Skald_RavPack_DualWie_1015210914_texture" 5174
"D:/Skald_TurnBasedStrategy_Code/Content/Blueprints/Character/SkaldFactions/RavPack/DualWield/Skald_RavPack_DualWie_1015210914_texture_roughness.uasset" 5175
"D:/Skald_TurnBasedStrategy_Code/Content/Blueprints/Character/SkaldFactions/Ironlegion/MountedSpear/IronLegion_MountedSpe_0927220651_texture.uasset" 5176
"D:/Skald_TurnBasedStrategy_Code/Content/Blueprints/Character/SkaldFactions/Elves/Archer/Elf_Archer_Skald_0927023306_texture_normal.uasset" 5177
"D:/Skald_TurnBasedStrategy_Code/Content/Blueprints/Character/SkaldFactions/Ironlegion/MountedSpear/IronLegion_MountedSpe_0927220651_texture_roughness.uasset" 5178
"/Game/Blueprints/Character/SkaldFactions/Ironlegion/MountedSpear/IronLegion_MountedSpe_0927220651_texture_roughness" 5179
"/Game/Blueprints/Character/SkaldFactions/Ironlegion/MountedSpear/IronLegion_MountedSpe_0927220651_texture" 5180
"/Game/Blueprints/Character/SkaldFactions/Elves/Archer/Elf_Archer_Skald_0927023306_texture_normal" 5181
"D:/Skald_TurnBasedStrategy_Code/Content/Blueprints/Character/SkaldFactions/Elves/Archer/Elf_Archer_Skald_0927023306_texture_metallic.uasset" 5182
"D:/Skald_TurnBasedStrategy_Code/Content/Blueprints/Character/SkaldFactions/Elves/Archer/Elf_Archer_Skald_0927023306_texture_roughness.uasset" 5183
"/Game/Blueprints/Character/SkaldFactions/RavPack/DualWield/Skald_RavPack_DualWie_1015210914_texture_roughness" 5184
"/Game/Blueprints/Character/SkaldFactions/Elves/Archer/Elf_Archer_Skald_0927023306_texture_roughness" 5185
"/Game/Blueprints/Character/SkaldFactions/Elves/Archer/Elf_Archer_Skald_0927023306_texture_metallic" 5186
"D:/Skald_TurnBasedStrategy_Code/Content/Blueprints/Character/SkaldFactions/Elves/Archer/Elf_Archer_Skald_0927023306_texture.uasset" 5187
"D:/Skald_TurnBasedStrategy_Code/Content/Blueprints/Character/SkaldFactions/Inflicted/MountedSpear/Inflicted_MountedSpea_1011005329_texture_roughness.uasset" 5188
"D:/Skald_TurnBasedStrategy_Code/Content/Blueprints/Character/SkaldFactions/Inflicted/MountedSpear/Inflicted_MountedSpea_1011005329_texture_normal.uasset" 5189
"D:/Skald_TurnBasedStrategy_Code/Content/Blueprints/Character/SkaldFactions/Inflicted/MountedSpear/Inflicted_MountedSpea_1011005329_texture_metallic.uasset" 5190
"/Game/Blueprints/Character/SkaldFactions/Inflicted/MountedSpear/Inflicted_MountedSpea_1011005329_texture_normal" 5191
"/Game/Blueprints/Character/SkaldFactions/Inflicted/MountedSpear/Inflicted_MountedSpea_1011005329_texture_roughness" 5192
"/Game/Blueprints/Character/SkaldFactions/Inflicted/MountedSpear/Inflicted_MountedSpea_1011005329_texture_metallic" 5193
"/Game/Blueprints/Character/SkaldFactions/Elves/Archer/Elf_Archer_Skald_0927023306_texture" 5194
"D:/Skald_TurnBasedStrategy_Code/Content/Blueprints/Character/SkaldFactions/Inflicted/MountedSpear/Inflicted_MountedSpea_1011005329_texture.uasset" 5195
"D:/Skald_TurnBasedStrategy_Code/Content/Blueprints/Character/SkaldFactions/Ironlegion/Archer/IronLegion_Archer_Ska_0927221008_texture_metallic.uasset" 5196
"D:/Skald_TurnBasedStrategy_Code/Content/Blueprints/Character/SkaldFactions/Ironlegion/Archer/IronLegion_Archer_Ska_0927221008_texture_normal.uasset" 5197
"D:/Skald_TurnBasedStrategy_Code/Content/Blueprints/Character/SkaldFactions/Ironlegion/Archer/IronLegion_Archer_Ska_0927221008_texture_roughness.uasset" 5198
"/Game/Blueprints/Character/SkaldFactions/Ironlegion/Archer/IronLegion_Archer_Ska_0927221008_texture_metallic" 5199
"/Game/Blueprints/Character/SkaldFactions/Inflicted/MountedSpear/Inflicted_MountedSpea_1011005329_texture" 5200
"/Game/Blueprints/Character/SkaldFactions/Ironlegion/Archer/IronLegion_Archer_Ska_0927221008_texture_roughness" 5201
"/Game/Blueprints/Character/SkaldFactions/Ironlegion/Archer/IronLegion_Archer_Ska_0927221008_texture_normal" 5202
"D:/Skald_TurnBasedStrategy_Code/Content/Blueprints/Character/SkaldFactions/Undead/MountedSpear/Undead_MountedSpear_S_0926074837_texture_roughness.uasset" 5203
"D:/Skald_TurnBasedStrategy_Code/Content/Blueprints/Character/SkaldFactions/Ironlegion/Archer/IronLegion_Archer_Ska_0927221008_texture.uasset" 5204
"D:/Skald_TurnBasedStrategy_Code/Content/Blueprints/Character/SkaldFactions/Undead/MountedSpear/Undead_MountedSpear_S_0926074837_texture_metallic.uasset" 5205
"D:/Skald_TurnBasedStrategy_Code/Content/Blueprints/Character/SkaldFactions/Undead/MountedSpear/Undead_MountedSpear_S_0926074837_texture_normal.uasset" 5206
"/Game/Blueprints/Character/SkaldFactions/Undead/MountedSpear/Undead_MountedSpear_S_0926074837_texture_roughness" 5207
"/Game/Blueprints/Character/SkaldFactions/Undead/MountedSpear/Undead_MountedSpear_S_0926074837_texture_normal" 5208
"/Game/Blueprints/Character/SkaldFactions/Undead/MountedSpear/Undead_MountedSpear_S_0926074837_texture_metallic" 5209
"/Game/Blueprints/Character/SkaldFactions/Ironlegion/Archer/IronLegion_Archer_Ska_0927221008_texture" 5210
"D:/Skald_TurnBasedStrategy_Code/Content/Blueprints/Character/SkaldFactions/Undead/MountedSpear/texture_0.uasset" 5211
"D:/Skald_TurnBasedStrategy_Code/Content/Blueprints/Character/SkaldFactions/Elves/Dualwield/Elf_DualWield_Skald_0926082125_texture_roughness.uasset" 5212
"D:/Skald_TurnBasedStrategy_Code/Content/Blueprints/Character/SkaldFactions/Elves/Dualwield/Elf_DualWield_Skald_0926082125_texture_normal.uasset" 5213
"D:/Skald_TurnBasedStrategy_Code/Content/Blueprints/Character/SkaldFactions/Elves/Dualwield/Elf_DualWield_Skald_0926082125_texture.uasset" 5214
"/Game/Blueprints/Character/SkaldFactions/Undead/MountedSpear/texture_0" 5215
"/Game/Blueprints/Character/SkaldFactions/Elves/Dualwield/Elf_DualWield_Skald_0926082125_texture_roughness" 5216
"/Game/Blueprints/Character/SkaldFactions/Elves/Dualwield/Elf_DualWield_Skald_0926082125_texture_normal" 5217
"/Game/Blueprints/Character/SkaldFactions/Elves/Dualwield/Elf_DualWield_Skald_0926082125_texture" 5218
"D:/Skald_TurnBasedStrategy_Code/Content/Blueprints/Character/SkaldFactions/Gnolls/DualWield/Gnoll_DualWield_Skald_0927021125_texture_metallic.uasset" 5219
"D:/Skald_TurnBasedStrategy_Code/Content/Blueprints/Character/SkaldFactions/Gnolls/DualWield/Gnoll_DualWield_Skald_0927021125_texture.uasset" 5220
"D:/Skald_TurnBasedStrategy_Code/Content/Blueprints/Character/SkaldFactions/Gnolls/DualWield/Gnoll_DualWield_Skald_0927021125_texture_roughness.uasset" 5221
"D:/Skald_TurnBasedStrategy_Code/Content/Blueprints/Character/SkaldFactions/Elves/Dualwield/Elf_DualWield_Skald_0926082125_texture_metallic.uasset" 5222
"/Game/Blueprints/Character/SkaldFactions/Gnolls/DualWield/Gnoll_DualWield_Skald_0927021125_texture_metallic" 5223
"D:/Skald_TurnBasedStrategy_Code/Content/Blueprints/Character/SkaldFactions/Ironlegion/MountedSpear/IronLegion_MountedSpe_0927220651_texture_normal.uasset" 5224
"/Game/Blueprints/Character/SkaldFactions/Gnolls/DualWield/Gnoll_DualWield_Skald_0927021125_texture_roughness" 5225
"/Game/Blueprints/Character/SkaldFactions/Gnolls/DualWield/Gnoll_DualWield_Skald_0927021125_texture" 5226
"/Game/Blueprints/Character/SkaldFactions/Elves/Dualwield/Elf_DualWield_Skald_0926082125_texture_metallic" 5227
"/Game/Blueprints/Character/SkaldFactions/Ironlegion/MountedSpear/IronLegion_MountedSpe_0927220651_texture_normal" 5228
"D:/Skald_TurnBasedStrategy_Code/Content/Blueprints/Character/SkaldFactions/LizardFolk/MountedSpear/LizardFolk_MountedSpe_1011010805_texture.uasset" 5229
"D:/Skald_TurnBasedStrategy_Code/Content/Blueprints/Character/SkaldFactions/Ironlegion/MountedSpear/IronLegion_MountedSpe_0927220651_texture_metallic.uasset" 5230
"D:/Skald_TurnBasedStrategy_Code/Content/Blueprints/Character/SkaldFactions/LizardFolk/MountedSpear/LizardFolk_MountedSpe_1011010805_texture_normal.uasset" 5231
"D:/Skald_TurnBasedStrategy_Code/Content/Blueprints/Character/SkaldFactions/LizardFolk/MountedSpear/LizardFolk_MountedSpe_1011010805_texture_roughness.uasset" 5232
"D:/Skald_TurnBasedStrategy_Code/Content/Blueprints/Character/SkaldFactions/Gnolls/DualWield/Gnoll_DualWield_Skald_0927021125_texture_normal.uasset" 5233
"/Game/Blueprints/Character/SkaldFactions/LizardFolk/MountedSpear/LizardFolk_MountedSpe_1011010805_texture_roughness" 5234
"/Game/Blueprints/Character/SkaldFactions/LizardFolk/MountedSpear/LizardFolk_MountedSpe_1011010805_texture" 5235
"D:/Skald_TurnBasedStrategy_Code/Content/Blueprints/Character/SkaldFactions/LizardFolk/MountedSpear/LizardFolk_MountedSpe_1011010805_texture_metallic.uasset" 5236
"D:/Skald_TurnBasedStrategy_Code/Content/Blueprints/Character/SkaldFactions/Dwarves/SpearAndShield/Dwarf_SpearnShield_Sk_0926073342_texture.uasset" 5237
"D:/Skald_TurnBasedStrategy_Code/Content/Blueprints/Character/SkaldFactions/Dwarves/SpearAndShield/Dwarf_SpearnShield_Sk_0926073342_texture_roughness.uasset" 5238
"/Game/Blueprints/Character/SkaldFactions/Ironlegion/MountedSpear/IronLegion_MountedSpe_0927220651_texture_metallic" 5239
"/Game/Blueprints/Character/SkaldFactions/Gnolls/DualWield/Gnoll_DualWield_Skald_0927021125_texture_normal" 5240
"D:/Skald_TurnBasedStrategy_Code/Content/Blueprints/Character/SkaldFactions/Dwarves/SpearAndShield/Dwarf_SpearnShield_Sk_0926073342_texture_metallic.uasset" 5241
"/Game/Blueprints/Character/SkaldFactions/LizardFolk/MountedSpear/LizardFolk_MountedSpe_1011010805_texture_normal" 5242
"D:/Skald_TurnBasedStrategy_Code/Content/Blueprints/Character/SkaldFactions/Dwarves/SpearAndShield/Dwarf_SpearnShield_Sk_0926073342_texture_normal.uasset" 5243
"D:/Skald_TurnBasedStrategy_Code/Content/Blueprints/Character/SkaldFactions/ToadFolk/Titanoad/FrogFolk_Titanoad_Ska_0926074935_texture_normal.uasset" 5244
"/Game/Blueprints/Character/SkaldFactions/Dwarves/SpearAndShield/Dwarf_SpearnShield_Sk_0926073342_texture" 5245
"/Game/Blueprints/Character/SkaldFactions/LizardFolk/MountedSpear/LizardFolk_MountedSpe_1011010805_texture_metallic" 5246
"D:/Skald_TurnBasedStrategy_Code/Content/Blueprints/Character/SkaldFactions/ToadFolk/Titanoad/FrogFolk_Titanoad_Ska_0926074935_texture_metallic.uasset" 5247
"/Game/Blueprints/Character/SkaldFactions/ToadFolk/Titanoad/FrogFolk_Titanoad_Ska_0926074935_texture_normal" 5248
"/Game/Blueprints/Character/SkaldFactions/Dwarves/SpearAndShield/Dwarf_SpearnShield_Sk_0926073342_texture_metallic" 5249
"/Game/Blueprints/Character/SkaldFactions/Dwarves/SpearAndShield/Dwarf_SpearnShield_Sk_0926073342_texture_normal" 5250
"/Game/Blueprints/Character/SkaldFactions/Dwarves/SpearAndShield/Dwarf_SpearnShield_Sk_0926073342_texture_roughness" 5251
"/Game/Blueprints/Character/SkaldFactions/ToadFolk/Titanoad/FrogFolk_Titanoad_Ska_0926074935_texture_metallic" 5252
"D:/Skald_TurnBasedStrategy_Code/Content/Blueprints/Character/SkaldFactions/ToadFolk/Titanoad/FrogFolk_Titanoad_Ska_0926074935_texture_roughness.uasset" 5253
"D:/Skald_TurnBasedStrategy_Code/Content/Blueprints/Character/SkaldFactions/ToadFolk/Titanoad/FrogFolk_Titanoad_Ska_0926074935_texture.uasset" 5254
"D:/Skald_TurnBasedStrategy_Code/Content/Blueprints/Character/SkaldFactions/Gnolls/SpearnShield/Gnoll_SpearnShield_Sk_0927021848_texture_normal.uasset" 5255
"/Game/Blueprints/Character/SkaldFactions/ToadFolk/Titanoad/FrogFolk_Titanoad_Ska_0926074935_texture_roughness" 5256
"/Game/Blueprints/Character/SkaldFactions/ToadFolk/Titanoad/FrogFolk_Titanoad_Ska_0926074935_texture" 5257
"/Game/Blueprints/Character/SkaldFactions/Gnolls/SpearnShield/Gnoll_SpearnShield_Sk_0927021848_texture_normal" 5258
"D:/Skald_TurnBasedStrategy_Code/Content/Blueprints/Character/SkaldFactions/Gnolls/SpearnShield/Gnoll_SpearnShield_Sk_0927021848_texture_metallic.uasset" 5259
"D:/Skald_TurnBasedStrategy_Code/Content/Blueprints/Character/SkaldFactions/Gnolls/SpearnShield/Gnoll_SpearnShield_Sk_0927021848_texture.uasset" 5260
"D:/Skald_TurnBasedStrategy_Code/Content/Blueprints/Character/SkaldFactions/Gnolls/SpearnShield/Gnoll_SpearnShield_Sk_0927021848_texture_roughness.uasset" 5261
"/Game/Blueprints/Character/SkaldFactions/Gnolls/SpearnShield/Gnoll_SpearnShield_Sk_0927021848_texture" 5262
"/Game/Blueprints/Character/SkaldFactions/Gnolls/SpearnShield/Gnoll_SpearnShield_Sk_0927021848_texture_metallic" 5263
"/Game/Blueprints/Character/SkaldFactions/Gnolls/SpearnShield/Gnoll_SpearnShield_Sk_0927021848_texture_roughness" 5264
"D:/Skald_TurnBasedStrategy_Code/Content/Blueprints/Character/SkaldFactions/Gnolls/MountedShield/Gnoll_Mounted_AxenShi_0926075202_texture_roughness.uasset" 5265
"D:/Skald_TurnBasedStrategy_Code/Content/Blueprints/Character/SkaldFactions/Gnolls/MountedShield/Gnoll_Mounted_AxenShi_0926075202_texture.uasset" 5266
"D:/Skald_TurnBasedStrategy_Code/Content/Blueprints/Character/SkaldFactions/Gnolls/MountedShield/Gnoll_Mounted_AxenShi_0926075202_texture_metallic.uasset" 5267
"D:/Skald_TurnBasedStrategy_Code/Content/Blueprints/Character/SkaldFactions/ToadFolk/2hMace/Skald_ToadFolk_2hMaul_0926075010_texture_normal.uasset" 5268
"/Game/Blueprints/Character/SkaldFactions/ToadFolk/2hMace/Skald_ToadFolk_2hMaul_0926075010_texture_normal" 5269
"D:/Skald_TurnBasedStrategy_Code/Content/Blueprints/Character/SkaldFactions/ToadFolk/2hMace/Skald_ToadFolk_2hMaul_0926075010_texture_roughness.uasset" 5270
"/Game/Blueprints/Character/SkaldFactions/Gnolls/MountedShield/Gnoll_Mounted_AxenShi_0926075202_texture_metallic" 5271
"/Game/Blueprints/Character/SkaldFactions/Gnolls/MountedShield/Gnoll_Mounted_AxenShi_0926075202_texture" 5272
"/Game/Blueprints/Character/SkaldFactions/Gnolls/MountedShield/Gnoll_Mounted_AxenShi_0926075202_texture_roughness" 5273
"/Game/Blueprints/Character/SkaldFactions/ToadFolk/2hMace/Skald_ToadFolk_2hMaul_0926075010_texture_roughness" 5274
"D:/Skald_TurnBasedStrategy_Code/Content/Blueprints/Character/SkaldFactions/ToadFolk/2hMace/Skald_ToadFolk_2hMaul_0926075010_texture_metallic.uasset" 5275
"D:/Skald_TurnBasedStrategy_Code/Content/Blueprints/Character/SkaldFactions/ToadFolk/2hMace/Skald_ToadFolk_2hMaul_0926075010_texture.uasset" 5276
"/Game/Blueprints/Character/SkaldFactions/ToadFolk/2hMace/Skald_ToadFolk_2hMaul_0926075010_texture" 5277
"/Game/Blueprints/Character/SkaldFactions/ToadFolk/2hMace/Skald_ToadFolk_2hMaul_0926075010_texture_metallic" 5278
"D:/Skald_TurnBasedStrategy_Code/Content/M4/Foliage/Plants/Textures/SmallLeaf.uasset" 5279
"D:/Skald_TurnBasedStrategy_Code/Content/M4/Foliage/Plants/Textures/SmallLeaf_NRM.uasset" 5280
"../../../Engine/Content/Functions/Engine_MaterialFunctions03/Blends/Blend_Overlay.uasset" 5281
"D:/Skald_TurnBasedStrategy_Code/Content/C++_BPs/Skald_Lobbymenu.uasset" 5282
"../../../Engine/Content/Functions/Engine_MaterialFunctions02/Math/CreateThirdOrthogonalVector.uasset" 5283
"D:/Skald_TurnBasedStrategy_Code/Content/Blueprints/Meshes/Random_Materials/BasicShapeColor.uasset" 5284
"D:/Skald_TurnBasedStrategy_Code/Content/C++_BPs/Skald_InGameMenuWidget.uasset" 5285
"/Game/M4/Foliage/Plants/Textures/SmallLeaf_NRM" 5286
"/Game/M4/Foliage/Plants/Textures/SmallLeaf" 5287
"/Game/Blueprints/Meshes/Random_Materials/BasicShapeColor" 5288
"/Engine/Functions/Engine_MaterialFunctions02/Math/CreateThirdOrthogonalVector" 5289
"D:/Skald_TurnBasedStrategy_Code/Content/Blueprints/UI/UISoundFX/AttackConfirmed_Cue.uasset" 5290
"D:/Skald_TurnBasedStrategy_Code/Content/Blueprints/UI/Skald_TitleScreen.uasset" 5291
"D:/Skald_TurnBasedStrategy_Code/Content/M4/Blueprints/SystemResources/Trails/MaterialFuncs/BlendTextureBeyondUV.uasset" 5292
"/Engine/Functions/Engine_MaterialFunctions03/Blends/Blend_Overlay" 5293
"../../../Engine/Content/EngineMaterials/PPM_DefaultCalibrationGrayscale.uasset" 5294
"../../../Engine/Content/EngineMaterials/PPM_DefaultCalibrationColor.uasset" 5295
"/Game/C++_BPs/Skald_Lobbymenu" 5296
"../../../Engine/Content/MobileResources/HUD/DefaultVirtualJoysticks.uasset" 5297
"../../../Engine/Content/EngineMaterials/Substrate/Volume/SubstrateSimpleVolumeEnvLUT3D.uasset" 5298
"../../../Engine/Content/EngineMaterials/Substrate/Volume/SubstrateSimpleVolumeLUT3D.uasset" 5299
"../../../Engine/Content/EngineMaterials/Substrate/GLints/AGlintTex2dArray.uasset" 5300
"../../../Engine/Content/EditorMaterials/PreviewShadowIndicatorMaterial.uasset" 5301
"D:/Skald_TurnBasedStrategy_Code/Content/M4/Blueprints/SystemResources/RVT/Volumes/RVT-Volume-Height-Small.uasset" 5302
"D:/Skald_TurnBasedStrategy_Code/Content/M4/Blueprints/SystemResources/RVT/Volumes/RVT-Volume-Color-Small.uasset" 5303
"D:/Skald_TurnBasedStrategy_Code/Content/M4/Blueprints/SystemResources/RVT/Volumes/RVT-Volume-Color-Large.uasset" 5304
"D:/Skald_TurnBasedStrategy_Code/Content/M4/Blueprints/SystemResources/RVT/Volumes/RVT-Volume-Color-Medium.uasset" 5305
"/Game/C++_BPs/Skald_InGameMenuWidget" 5306
"D:/Skald_TurnBasedStrategy_Code/Content/M4/Blueprints/SystemResources/RVT/Volumes/RVT-Volume-Height-Large.uasset" 5307
"D:/Skald_TurnBasedStrategy_Code/Content/M4/Blueprints/SystemResources/Legacy/ObjectColorCorrector_Legacy.uasset" 5308
"D:/Skald_TurnBasedStrategy_Code/Content/M4/Materials/MasterMaterials/Functions/BeachDetection.uasset" 5309
"D:/Skald_TurnBasedStrategy_Code/Content/M4/Materials/MasterMaterials/Functions/VHFM/NewTess_MultiMaterialHandling.uasset" 5310
"/Engine/MobileResources/HUD/DefaultVirtualJoysticks" 5311
"/Engine/EditorMaterials/PreviewShadowIndicatorMaterial" 5312
"/Engine/EngineMaterials/Substrate/GLints/AGlintTex2dArray" 5313
"D:/Skald_TurnBasedStrategy_Code/Content/Blueprints/Character/SkaldFactions/Gnolls/MountedShield/Gnoll_Mounted_AxenShi_0926075202_texture_normal.uasset" 5314
"D:/Skald_TurnBasedStrategy_Code/Content/M4/Materials/MasterMaterials/Functions/VHFM/DetailTexturingFunction.uasset" 5315
"D:/Skald_TurnBasedStrategy_Code/Content/M4/Materials/MasterMaterials/Functions/TilingReduction/MacroBrightnessVariation.uasset" 5316
"D:/Skald_TurnBasedStrategy_Code/Content/Blueprints/Map/MapPNGs/Skald_Map_Upscaled_4K_Mat.uasset" 5317
"D:/Skald_TurnBasedStrategy_Code/Content/M4/Materials/MasterMaterials/Functions/TilingReduction/MacroBrightnessVariationAttribute.uasset" 5318
"D:/Skald_TurnBasedStrategy_Code/Content/Blueprints/UI/UISoundFX/WizardWords/WizardVoice_YourTurn_Cue.uasset" 5319
"D:/Skald_TurnBasedStrategy_Code/Content/Blueprints/Sounds/Combat/Sword_Hit.uasset" 5320
"D:/Skald_TurnBasedStrategy_Code/Content/Blueprints/UI/UISoundFX/WizardWords/WizardVoice_Initiative_Cue.uasset" 5321
"../../../Engine/Content/Functions/Engine_MaterialFunctions01/ImageAdjustment/CheapContrast.uasset" 5322
"D:/Skald_TurnBasedStrategy_Code/Content/Blueprints/Sounds/Combat/Sword_Miss.uasset" 5323
"../../../Engine/Content/EngineMaterials/Substrate/GLints/dict_16_192_64_0p5_0p02_0000_0000.uasset" 5324
"../../../Engine/Content/EngineMaterials/Substrate/GLints2/AGlintTex2dArray2.uasset" 5325
"../../../Engine/Content/EngineMaterials/Substrate/GLints/dict_16_192_64_0p5_0p02_0000_0001.uasset" 5326
"../../../Engine/Content/EngineMaterials/Substrate/GLints/dict_16_192_64_0p5_0p02_0000_0002.uasset" 5327
"../../../Engine/Content/EngineMaterials/Substrate/GLints/dict_16_192_64_0p5_0p02_0000_0003.uasset" 5328
"D:/Skald_TurnBasedStrategy_Code/Content/M4/Materials/MasterMaterials/Functions/CheapContrastWithoutClamp.uasset" 5329
"../../../Engine/Content/EngineMaterials/Substrate/GLints/dict_16_192_64_0p5_0p02_0000_0004.uasset" 5330
"../../../Engine/Content/EngineMaterials/Substrate/GLints/dict_16_192_64_0p5_0p02_0000_0005.uasset" 5331
"../../../Engine/Content/EngineMaterials/Substrate/GLints/dict_16_192_64_0p5_0p02_0000_0006.uasset" 5332
"../../../Engine/Content/EngineMaterials/Substrate/GLints/dict_16_192_64_0p5_0p02_0000_0007.uasset" 5333
"../../../Engine/Content/EngineMaterials/Substrate/GLints/dict_16_192_64_0p5_0p02_0000_0008.uasset" 5334
"../../../Engine/Content/EngineMaterials/Substrate/GLints/dict_16_192_64_0p5_0p02_0000_0009.uasset" 5335
"../../../Engine/Content/EngineMaterials/Substrate/GLints/dict_16_192_64_0p5_0p02_0000_0010.uasset" 5336
"../../../Engine/Content/EngineMaterials/Substrate/GLints/dict_16_192_64_0p5_0p02_0000_0011.uasset" 5337
"../../../Engine/Content/EngineMaterials/Substrate/GLints/dict_16_192_64_0p5_0p02_0000_0012.uasset" 5338
"../../../Engine/Content/EngineMaterials/Substrate/GLints/dict_16_192_64_0p5_0p02_0000_0013.uasset" 5339
"../../../Engine/Content/EngineMaterials/Substrate/GLints/dict_16_192_64_0p5_0p02_0000_0014.uasset" 5340
"../../../Engine/Content/EngineMaterials/Substrate/GLints/dict_16_192_64_0p5_0p02_0000_0015.uasset" 5341
"../../../Engine/Content/EngineMaterials/Substrate/GLints/dict_16_192_64_0p5_0p02_0001_0000.uasset" 5342
"../../../Engine/Content/EngineMaterials/Substrate/GLints/dict_16_192_64_0p5_0p02_0001_0001.uasset" 5343
"../../../Engine/Content/EngineMaterials/Substrate/GLints/dict_16_192_64_0p5_0p02_0001_0002.uasset" 5344
"../../../Engine/Content/EngineMaterials/Substrate/GLints/dict_16_192_64_0p5_0p02_0001_0003.uasset" 5345
"../../../Engine/Content/EngineMaterials/Substrate/GLints/dict_16_192_64_0p5_0p02_0001_0004.uasset" 5346
"../../../Engine/Content/EngineMaterials/Substrate/GLints/dict_16_192_64_0p5_0p02_0001_0005.uasset" 5347
"../../../Engine/Content/EngineMaterials/Substrate/GLints/dict_16_192_64_0p5_0p02_0001_0006.uasset" 5348
"../../../Engine/Content/EngineMaterials/Substrate/GLints/dict_16_192_64_0p5_0p02_0001_0007.uasset" 5349
"../../../Engine/Content/EngineMaterials/Substrate/GLints/dict_16_192_64_0p5_0p02_0001_0008.uasset" 5350
"../../../Engine/Content/EngineMaterials/Substrate/GLints/dict_16_192_64_0p5_0p02_0001_0009.uasset" 5351
"../../../Engine/Content/EngineMaterials/Substrate/GLints/dict_16_192_64_0p5_0p02_0001_0010.uasset" 5352
"../../../Engine/Content/EngineMaterials/Substrate/GLints/dict_16_192_64_0p5_0p02_0001_0011.uasset" 5353
"../../../Engine/Content/EngineMaterials/Substrate/GLints/dict_16_192_64_0p5_0p02_0001_0012.uasset" 5354
"../../../Engine/Content/EngineMaterials/Substrate/GLints/dict_16_192_64_0p5_0p02_0001_0013.uasset" 5355
"../../../Engine/Content/EngineMaterials/Substrate/GLints/dict_16_192_64_0p5_0p02_0001_0014.uasset" 5356
"../../../Engine/Content/EngineMaterials/Substrate/GLints/dict_16_192_64_0p5_0p02_0001_0015.uasset" 5357
"../../../Engine/Content/EngineMaterials/Substrate/GLints/dict_16_192_64_0p5_0p02_0002_0000.uasset" 5358
"../../../Engine/Content/EngineMaterials/Substrate/GLints/dict_16_192_64_0p5_0p02_0002_0001.uasset" 5359
"../../../Engine/Content/EngineMaterials/Substrate/GLints/dict_16_192_64_0p5_0p02_0002_0002.uasset" 5360
"../../../Engine/Content/EngineMaterials/Substrate/GLints/dict_16_192_64_0p5_0p02_0002_0003.uasset" 5361
"../../../Engine/Content/EngineMaterials/Substrate/GLints/dict_16_192_64_0p5_0p02_0002_0004.uasset" 5362
"../../../Engine/Content/EngineMaterials/Substrate/GLints/dict_16_192_64_0p5_0p02_0002_0005.uasset" 5363
"../../../Engine/Content/EngineMaterials/Substrate/GLints/dict_16_192_64_0p5_0p02_0002_0006.uasset" 5364
"../../../Engine/Content/EngineMaterials/Substrate/GLints/dict_16_192_64_0p5_0p02_0002_0007.uasset" 5365
"../../../Engine/Content/EngineMaterials/Substrate/GLints/dict_16_192_64_0p5_0p02_0002_0008.uasset" 5366
"../../../Engine/Content/EngineMaterials/Substrate/GLints/dict_16_192_64_0p5_0p02_0002_0009.uasset" 5367
"../../../Engine/Content/EngineMaterials/Substrate/GLints/dict_16_192_64_0p5_0p02_0002_0010.uasset" 5368
"../../../Engine/Content/EngineMaterials/Substrate/GLints/dict_16_192_64_0p5_0p02_0002_0011.uasset" 5369
"../../../Engine/Content/EngineMaterials/Substrate/GLints/dict_16_192_64_0p5_0p02_0002_0012.uasset" 5370
"../../../Engine/Content/EngineMaterials/Substrate/GLints/dict_16_192_64_0p5_0p02_0002_0013.uasset" 5371
"../../../Engine/Content/EngineMaterials/Substrate/GLints/dict_16_192_64_0p5_0p02_0002_0014.uasset" 5372
"../../../Engine/Content/EngineMaterials/Substrate/GLints/dict_16_192_64_0p5_0p02_0002_0015.uasset" 5373
"../../../Engine/Content/EngineMaterials/Substrate/GLints/dict_16_192_64_0p5_0p02_0003_0000.uasset" 5374
"../../../Engine/Content/EngineMaterials/Substrate/GLints/dict_16_192_64_0p5_0p02_0003_0001.uasset" 5375
"../../../Engine/Content/EngineMaterials/Substrate/GLints/dict_16_192_64_0p5_0p02_0003_0002.uasset" 5376
"../../../Engine/Content/EngineMaterials/Substrate/GLints/dict_16_192_64_0p5_0p02_0003_0003.uasset" 5377
"../../../Engine/Content/EngineMaterials/Substrate/GLints/dict_16_192_64_0p5_0p02_0003_0004.uasset" 5378
"../../../Engine/Content/EngineMaterials/Substrate/GLints/dict_16_192_64_0p5_0p02_0003_0005.uasset" 5379
"../../../Engine/Content/EngineMaterials/Substrate/GLints/dict_16_192_64_0p5_0p02_0003_0006.uasset" 5380
"../../../Engine/Content/EngineMaterials/Substrate/GLints/dict_16_192_64_0p5_0p02_0003_0007.uasset" 5381
"../../../Engine/Content/EngineMaterials/Substrate/GLints/dict_16_192_64_0p5_0p02_0003_0008.uasset" 5382
"../../../Engine/Content/EngineMaterials/Substrate/GLints/dict_16_192_64_0p5_0p02_0003_0009.uasset" 5383
"../../../Engine/Content/EngineMaterials/Substrate/GLints/dict_16_192_64_0p5_0p02_0003_0010.uasset" 5384
"../../../Engine/Content/EngineMaterials/Substrate/GLints/dict_16_192_64_0p5_0p02_0003_0011.uasset" 5385
"../../../Engine/Content/EngineMaterials/Substrate/GLints/dict_16_192_64_0p5_0p02_0003_0012.uasset" 5386
"../../../Engine/Content/EngineMaterials/Substrate/GLints/dict_16_192_64_0p5_0p02_0003_0013.uasset" 5387
"../../../Engine/Content/EngineMaterials/Substrate/GLints/dict_16_192_64_0p5_0p02_0003_0014.uasset" 5388
"../../../Engine/Content/EngineMaterials/Substrate/GLints/dict_16_192_64_0p5_0p02_0003_0015.uasset" 5389
"../../../Engine/Content/EngineMaterials/Substrate/GLints/dict_16_192_64_0p5_0p02_0004_0000.uasset" 5390
"../../../Engine/Content/EngineMaterials/Substrate/GLints/dict_16_192_64_0p5_0p02_0004_0001.uasset" 5391
"../../../Engine/Content/EngineMaterials/Substrate/GLints/dict_16_192_64_0p5_0p02_0004_0002.uasset" 5392
"../../../Engine/Content/EngineMaterials/Substrate/GLints/dict_16_192_64_0p5_0p02_0004_0003.uasset" 5393
"../../../Engine/Content/EngineMaterials/Substrate/GLints/dict_16_192_64_0p5_0p02_0004_0004.uasset" 5394
"../../../Engine/Content/EngineMaterials/Substrate/GLints/dict_16_192_64_0p5_0p02_0004_0005.uasset" 5395
"../../../Engine/Content/EngineMaterials/Substrate/GLints/dict_16_192_64_0p5_0p02_0004_0006.uasset" 5396
"../../../Engine/Content/EngineMaterials/Substrate/GLints/dict_16_192_64_0p5_0p02_0004_0007.uasset" 5397
"../../../Engine/Content/EngineMaterials/Substrate/GLints/dict_16_192_64_0p5_0p02_0004_0008.uasset" 5398
"../../../Engine/Content/EngineMaterials/Substrate/GLints/dict_16_192_64_0p5_0p02_0004_0009.uasset" 5399
"../../../Engine/Content/EngineMaterials/Substrate/GLints/dict_16_192_64_0p5_0p02_0004_0010.uasset" 5400
"../../../Engine/Content/EngineMaterials/Substrate/GLints/dict_16_192_64_0p5_0p02_0004_0011.uasset" 5401
"../../../Engine/Content/EngineMaterials/Substrate/GLints/dict_16_192_64_0p5_0p02_0004_0012.uasset" 5402
"../../../Engine/Content/EngineMaterials/Substrate/GLints/dict_16_192_64_0p5_0p02_0004_0013.uasset" 5403
"../../../Engine/Content/EngineMaterials/Substrate/GLints/dict_16_192_64_0p5_0p02_0004_0014.uasset" 5404
"../../../Engine/Content/EngineMaterials/Substrate/GLints/dict_16_192_64_0p5_0p02_0004_0015.uasset" 5405
"../../../Engine/Content/EngineMaterials/Substrate/GLints/dict_16_192_64_0p5_0p02_0005_0000.uasset" 5406
"../../../Engine/Content/EngineMaterials/Substrate/GLints/dict_16_192_64_0p5_0p02_0005_0001.uasset" 5407
"../../../Engine/Content/EngineMaterials/Substrate/GLints/dict_16_192_64_0p5_0p02_0005_0002.uasset" 5408
"../../../Engine/Content/EngineMaterials/Substrate/GLints/dict_16_192_64_0p5_0p02_0005_0003.uasset" 5409
"../../../Engine/Content/EngineMaterials/Substrate/GLints/dict_16_192_64_0p5_0p02_0005_0004.uasset" 5410
"../../../Engine/Content/EngineMaterials/Substrate/GLints/dict_16_192_64_0p5_0p02_0005_0005.uasset" 5411
"../../../Engine/Content/EngineMaterials/Substrate/GLints/dict_16_192_64_0p5_0p02_0005_0006.uasset" 5412
"../../../Engine/Content/EngineMaterials/Substrate/GLints/dict_16_192_64_0p5_0p02_0005_0007.uasset" 5413
"../../../Engine/Content/EngineMaterials/Substrate/GLints/dict_16_192_64_0p5_0p02_0005_0008.uasset" 5414
"../../../Engine/Content/EngineMaterials/Substrate/GLints/dict_16_192_64_0p5_0p02_0005_0009.uasset" 5415
"../../../Engine/Content/EngineMaterials/Substrate/GLints/dict_16_192_64_0p5_0p02_0005_0010.uasset" 5416
"../../../Engine/Content/EngineMaterials/Substrate/GLints/dict_16_192_64_0p5_0p02_0005_0011.uasset" 5417
"../../../Engine/Content/EngineMaterials/Substrate/GLints/dict_16_192_64_0p5_0p02_0005_0012.uasset" 5418
"../../../Engine/Content/EngineMaterials/Substrate/GLints/dict_16_192_64_0p5_0p02_0005_0013.uasset" 5419
"../../../Engine/Content/EngineMaterials/Substrate/GLints/dict_16_192_64_0p5_0p02_0005_0014.uasset" 5420
"../../../Engine/Content/EngineMaterials/Substrate/GLints/dict_16_192_64_0p5_0p02_0005_0015.uasset" 5421
"../../../Engine/Content/EngineMaterials/Substrate/GLints/dict_16_192_64_0p5_0p02_0006_0000.uasset" 5422
"../../../Engine/Content/EngineMaterials/Substrate/GLints/dict_16_192_64_0p5_0p02_0006_0001.uasset" 5423
"../../../Engine/Content/EngineMaterials/Substrate/GLints/dict_16_192_64_0p5_0p02_0006_0002.uasset" 5424
"../../../Engine/Content/EngineMaterials/Substrate/GLints/dict_16_192_64_0p5_0p02_0006_0003.uasset" 5425
"../../../Engine/Content/EngineMaterials/Substrate/GLints/dict_16_192_64_0p5_0p02_0006_0004.uasset" 5426
"../../../Engine/Content/EngineMaterials/Substrate/GLints/dict_16_192_64_0p5_0p02_0006_0005.uasset" 5427
"../../../Engine/Content/EngineMaterials/Substrate/GLints/dict_16_192_64_0p5_0p02_0006_0006.uasset" 5428
"../../../Engine/Content/EngineMaterials/Substrate/GLints/dict_16_192_64_0p5_0p02_0006_0007.uasset" 5429
"../../../Engine/Content/EngineMaterials/Substrate/GLints/dict_16_192_64_0p5_0p02_0006_0008.uasset" 5430
"../../../Engine/Content/EngineMaterials/Substrate/GLints/dict_16_192_64_0p5_0p02_0006_0009.uasset" 5431
"../../../Engine/Content/EngineMaterials/Substrate/GLints/dict_16_192_64_0p5_0p02_0006_0010.uasset" 5432
"../../../Engine/Content/EngineMaterials/Substrate/GLints/dict_16_192_64_0p5_0p02_0006_0011.uasset" 5433
"../../../Engine/Content/EngineMaterials/Substrate/GLints/dict_16_192_64_0p5_0p02_0006_0012.uasset" 5434
"../../../Engine/Content/EngineMaterials/Substrate/GLints/dict_16_192_64_0p5_0p02_0006_0013.uasset" 5435
"../../../Engine/Content/EngineMaterials/Substrate/GLints/dict_16_192_64_0p5_0p02_0006_0014.uasset" 5436
"../../../Engine/Content/EngineMaterials/Substrate/GLints/dict_16_192_64_0p5_0p02_0006_0015.uasset" 5437
"../../../Engine/Content/EngineMaterials/Substrate/GLints/dict_16_192_64_0p5_0p02_0007_0000.uasset" 5438
"../../../Engine/Content/EngineMaterials/Substrate/GLints/dict_16_192_64_0p5_0p02_0007_0001.uasset" 5439
"../../../Engine/Content/EngineMaterials/Substrate/GLints/dict_16_192_64_0p5_0p02_0007_0002.uasset" 5440
"../../../Engine/Content/EngineMaterials/Substrate/GLints/dict_16_192_64_0p5_0p02_0007_0003.uasset" 5441
"../../../Engine/Content/EngineMaterials/Substrate/GLints/dict_16_192_64_0p5_0p02_0007_0004.uasset" 5442
"../../../Engine/Content/EngineMaterials/Substrate/GLints/dict_16_192_64_0p5_0p02_0007_0005.uasset" 5443
"../../../Engine/Content/EngineMaterials/Substrate/GLints/dict_16_192_64_0p5_0p02_0007_0006.uasset" 5444
"../../../Engine/Content/EngineMaterials/Substrate/GLints/dict_16_192_64_0p5_0p02_0007_0007.uasset" 5445
"../../../Engine/Content/EngineMaterials/Substrate/GLints/dict_16_192_64_0p5_0p02_0007_0008.uasset" 5446
"../../../Engine/Content/EngineMaterials/Substrate/GLints/dict_16_192_64_0p5_0p02_0007_0009.uasset" 5447
"../../../Engine/Content/EngineMaterials/Substrate/GLints/dict_16_192_64_0p5_0p02_0007_0010.uasset" 5448
"../../../Engine/Content/EngineMaterials/Substrate/GLints/dict_16_192_64_0p5_0p02_0007_0011.uasset" 5449
"../../../Engine/Content/EngineMaterials/Substrate/GLints/dict_16_192_64_0p5_0p02_0007_0012.uasset" 5450
"../../../Engine/Content/EngineMaterials/Substrate/GLints/dict_16_192_64_0p5_0p02_0007_0013.uasset" 5451
"../../../Engine/Content/EngineMaterials/Substrate/GLints/dict_16_192_64_0p5_0p02_0007_0014.uasset" 5452
"../../../Engine/Content/EngineMaterials/Substrate/GLints/dict_16_192_64_0p5_0p02_0007_0015.uasset" 5453
"../../../Engine/Content/EngineMaterials/Substrate/GLints/dict_16_192_64_0p5_0p02_0008_0000.uasset" 5454
"../../../Engine/Content/EngineMaterials/Substrate/GLints/dict_16_192_64_0p5_0p02_0008_0001.uasset" 5455
"../../../Engine/Content/EngineMaterials/Substrate/GLints/dict_16_192_64_0p5_0p02_0008_0002.uasset" 5456
"../../../Engine/Content/EngineMaterials/Substrate/GLints/dict_16_192_64_0p5_0p02_0008_0003.uasset" 5457
"../../../Engine/Content/EngineMaterials/Substrate/GLints/dict_16_192_64_0p5_0p02_0008_0004.uasset" 5458
"../../../Engine/Content/EngineMaterials/Substrate/GLints/dict_16_192_64_0p5_0p02_0008_0005.uasset" 5459
"../../../Engine/Content/EngineMaterials/Substrate/GLints/dict_16_192_64_0p5_0p02_0008_0006.uasset" 5460
"../../../Engine/Content/EngineMaterials/Substrate/GLints/dict_16_192_64_0p5_0p02_0008_0007.uasset" 5461
"../../../Engine/Content/EngineMaterials/Substrate/GLints/dict_16_192_64_0p5_0p02_0008_0008.uasset" 5462
"../../../Engine/Content/EngineMaterials/Substrate/GLints/dict_16_192_64_0p5_0p02_0008_0009.uasset" 5463
"../../../Engine/Content/EngineMaterials/Substrate/GLints/dict_16_192_64_0p5_0p02_0008_0010.uasset" 5464
"../../../Engine/Content/EngineMaterials/Substrate/GLints/dict_16_192_64_0p5_0p02_0008_0011.uasset" 5465
"../../../Engine/Content/EngineMaterials/Substrate/GLints/dict_16_192_64_0p5_0p02_0008_0012.uasset" 5466
"../../../Engine/Content/EngineMaterials/Substrate/GLints/dict_16_192_64_0p5_0p02_0008_0013.uasset" 5467
"../../../Engine/Content/EngineMaterials/Substrate/GLints/dict_16_192_64_0p5_0p02_0008_0014.uasset" 5468
"../../../Engine/Content/EngineMaterials/Substrate/GLints/dict_16_192_64_0p5_0p02_0008_0015.uasset" 5469
"../../../Engine/Content/EngineMaterials/Substrate/GLints/dict_16_192_64_0p5_0p02_0009_0000.uasset" 5470
"../../../Engine/Content/EngineMaterials/Substrate/GLints/dict_16_192_64_0p5_0p02_0009_0001.uasset" 5471
"../../../Engine/Content/EngineMaterials/Substrate/GLints/dict_16_192_64_0p5_0p02_0009_0002.uasset" 5472
"../../../Engine/Content/EngineMaterials/Substrate/GLints/dict_16_192_64_0p5_0p02_0009_0003.uasset" 5473
"../../../Engine/Content/EngineMaterials/Substrate/GLints/dict_16_192_64_0p5_0p02_0009_0004.uasset" 5474
"../../../Engine/Content/EngineMaterials/Substrate/GLints/dict_16_192_64_0p5_0p02_0009_0005.uasset" 5475
"../../../Engine/Content/EngineMaterials/Substrate/GLints/dict_16_192_64_0p5_0p02_0009_0006.uasset" 5476
"../../../Engine/Content/EngineMaterials/Substrate/GLints/dict_16_192_64_0p5_0p02_0009_0007.uasset" 5477
"../../../Engine/Content/EngineMaterials/Substrate/GLints/dict_16_192_64_0p5_0p02_0009_0008.uasset" 5478
"../../../Engine/Content/EngineMaterials/Substrate/GLints/dict_16_192_64_0p5_0p02_0009_0009.uasset" 5479
"../../../Engine/Content/EngineMaterials/Substrate/GLints/dict_16_192_64_0p5_0p02_0009_0010.uasset" 5480
"../../../Engine/Content/EngineMaterials/Substrate/GLints/dict_16_192_64_0p5_0p02_0009_0011.uasset" 5481
"../../../Engine/Content/EngineMaterials/Substrate/GLints/dict_16_192_64_0p5_0p02_0009_0012.uasset" 5482
"../../../Engine/Content/EngineMaterials/Substrate/GLints/dict_16_192_64_0p5_0p02_0009_0013.uasset" 5483
"../../../Engine/Content/EngineMaterials/Substrate/GLints/dict_16_192_64_0p5_0p02_0009_0014.uasset" 5484
"../../../Engine/Content/EngineMaterials/Substrate/GLints/dict_16_192_64_0p5_0p02_0009_0015.uasset" 5485
"../../../Engine/Content/EngineMaterials/Substrate/GLints/dict_16_192_64_0p5_0p02_0010_0000.uasset" 5486
"../../../Engine/Content/EngineMaterials/Substrate/GLints/dict_16_192_64_0p5_0p02_0010_0001.uasset" 5487
"../../../Engine/Content/EngineMaterials/Substrate/GLints/dict_16_192_64_0p5_0p02_0010_0002.uasset" 5488
"../../../Engine/Content/EngineMaterials/Substrate/GLints/dict_16_192_64_0p5_0p02_0010_0003.uasset" 5489
"../../../Engine/Content/EngineMaterials/Substrate/GLints/dict_16_192_64_0p5_0p02_0010_0004.uasset" 5490
"../../../Engine/Content/EngineMaterials/Substrate/GLints/dict_16_192_64_0p5_0p02_0010_0005.uasset" 5491
"../../../Engine/Content/EngineMaterials/Substrate/GLints/dict_16_192_64_0p5_0p02_0010_0006.uasset" 5492
"../../../Engine/Content/EngineMaterials/Substrate/GLints/dict_16_192_64_0p5_0p02_0010_0007.uasset" 5493
"../../../Engine/Content/EngineMaterials/Substrate/GLints/dict_16_192_64_0p5_0p02_0010_0008.uasset" 5494
"../../../Engine/Content/EngineMaterials/Substrate/GLints/dict_16_192_64_0p5_0p02_0010_0009.uasset" 5495
"../../../Engine/Content/EngineMaterials/Substrate/GLints/dict_16_192_64_0p5_0p02_0010_0010.uasset" 5496
"../../../Engine/Content/EngineMaterials/Substrate/GLints/dict_16_192_64_0p5_0p02_0010_0011.uasset" 5497
"../../../Engine/Content/EngineMaterials/Substrate/GLints/dict_16_192_64_0p5_0p02_0010_0012.uasset" 5498
"../../../Engine/Content/EngineMaterials/Substrate/GLints/dict_16_192_64_0p5_0p02_0010_0013.uasset" 5499
"../../../Engine/Content/EngineMaterials/Substrate/GLints/dict_16_192_64_0p5_0p02_0010_0014.uasset" 5500
"../../../Engine/Content/EngineMaterials/Substrate/GLints/dict_16_192_64_0p5_0p02_0010_0015.uasset" 5501
"../../../Engine/Content/EngineMaterials/Substrate/GLints/dict_16_192_64_0p5_0p02_0011_0000.uasset" 5502
"../../../Engine/Content/EngineMaterials/Substrate/GLints/dict_16_192_64_0p5_0p02_0011_0001.uasset" 5503
"../../../Engine/Content/EngineMaterials/Substrate/GLints/dict_16_192_64_0p5_0p02_0011_0002.uasset" 5504
"../../../Engine/Content/EngineMaterials/Substrate/GLints/dict_16_192_64_0p5_0p02_0011_0003.uasset" 5505
"../../../Engine/Content/EngineMaterials/Substrate/GLints/dict_16_192_64_0p5_0p02_0011_0004.uasset" 5506
"../../../Engine/Content/EngineMaterials/Substrate/GLints/dict_16_192_64_0p5_0p02_0011_0005.uasset" 5507
"../../../Engine/Content/EngineMaterials/Substrate/GLints/dict_16_192_64_0p5_0p02_0011_0006.uasset" 5508
"../../../Engine/Content/EngineMaterials/Substrate/GLints/dict_16_192_64_0p5_0p02_0011_0007.uasset" 5509
"../../../Engine/Content/EngineMaterials/Substrate/GLints/dict_16_192_64_0p5_0p02_0011_0008.uasset" 5510
"../../../Engine/Content/EngineMaterials/Substrate/GLints/dict_16_192_64_0p5_0p02_0011_0009.uasset" 5511
"../../../Engine/Content/EngineMaterials/Substrate/GLints/dict_16_192_64_0p5_0p02_0011_0010.uasset" 5512
"../../../Engine/Content/EngineMaterials/Substrate/GLints/dict_16_192_64_0p5_0p02_0011_0011.uasset" 5513
"../../../Engine/Content/EngineMaterials/Substrate/GLints/dict_16_192_64_0p5_0p02_0011_0012.uasset" 5514
"../../../Engine/Content/EngineMaterials/Substrate/GLints/dict_16_192_64_0p5_0p02_0011_0013.uasset" 5515
"../../../Engine/Content/EngineMaterials/Substrate/GLints/dict_16_192_64_0p5_0p02_0011_0014.uasset" 5516
"../../../Engine/Content/EngineMaterials/Substrate/GLints/dict_16_192_64_0p5_0p02_0011_0015.uasset" 5517
"../../../Engine/Content/EngineMaterials/Substrate/GLints/dict_16_192_64_0p5_0p02_0012_0000.uasset" 5518
"../../../Engine/Content/EngineMaterials/Substrate/GLints/dict_16_192_64_0p5_0p02_0012_0001.uasset" 5519
"../../../Engine/Content/EngineMaterials/Substrate/GLints/dict_16_192_64_0p5_0p02_0012_0002.uasset" 5520
"../../../Engine/Content/EngineMaterials/Substrate/GLints/dict_16_192_64_0p5_0p02_0012_0003.uasset" 5521
"../../../Engine/Content/EngineMaterials/Substrate/GLints/dict_16_192_64_0p5_0p02_0012_0004.uasset" 5522
"../../../Engine/Content/EngineMaterials/Substrate/GLints/dict_16_192_64_0p5_0p02_0012_0005.uasset" 5523
"../../../Engine/Content/EngineMaterials/Substrate/GLints/dict_16_192_64_0p5_0p02_0012_0006.uasset" 5524
"../../../Engine/Content/EngineMaterials/Substrate/GLints/dict_16_192_64_0p5_0p02_0012_0007.uasset" 5525
"../../../Engine/Content/EngineMaterials/Substrate/GLints/dict_16_192_64_0p5_0p02_0012_0008.uasset" 5526
"../../../Engine/Content/EngineMaterials/Substrate/GLints/dict_16_192_64_0p5_0p02_0012_0009.uasset" 5527
"../../../Engine/Content/EngineMaterials/Substrate/GLints/dict_16_192_64_0p5_0p02_0012_0010.uasset" 5528
"../../../Engine/Content/EngineMaterials/Substrate/GLints/dict_16_192_64_0p5_0p02_0012_0011.uasset" 5529
"../../../Engine/Content/EngineMaterials/Substrate/GLints/dict_16_192_64_0p5_0p02_0012_0012.uasset" 5530
"../../../Engine/Content/EngineMaterials/Substrate/GLints/dict_16_192_64_0p5_0p02_0012_0013.uasset" 5531
"../../../Engine/Content/EngineMaterials/Substrate/GLints/dict_16_192_64_0p5_0p02_0012_0014.uasset" 5532
"../../../Engine/Content/EngineMaterials/Substrate/GLints/dict_16_192_64_0p5_0p02_0012_0015.uasset" 5533
"../../../Engine/Content/EngineMaterials/Substrate/GLints/dict_16_192_64_0p5_0p02_0013_0000.uasset" 5534
"../../../Engine/Content/EngineMaterials/Substrate/GLints/dict_16_192_64_0p5_0p02_0013_0001.uasset" 5535
"../../../Engine/Content/EngineMaterials/Substrate/GLints/dict_16_192_64_0p5_0p02_0013_0002.uasset" 5536
"../../../Engine/Content/EngineMaterials/Substrate/GLints/dict_16_192_64_0p5_0p02_0013_0003.uasset" 5537
"../../../Engine/Content/EngineMaterials/Substrate/GLints/dict_16_192_64_0p5_0p02_0013_0004.uasset" 5538
"../../../Engine/Content/EngineMaterials/Substrate/GLints/dict_16_192_64_0p5_0p02_0013_0005.uasset" 5539
"../../../Engine/Content/EngineMaterials/Substrate/GLints/dict_16_192_64_0p5_0p02_0013_0006.uasset" 5540
"../../../Engine/Content/EngineMaterials/Substrate/GLints/dict_16_192_64_0p5_0p02_0013_0007.uasset" 5541
"../../../Engine/Content/EngineMaterials/Substrate/GLints/dict_16_192_64_0p5_0p02_0013_0008.uasset" 5542
"../../../Engine/Content/EngineMaterials/Substrate/GLints/dict_16_192_64_0p5_0p02_0013_0009.uasset" 5543
"../../../Engine/Content/EngineMaterials/Substrate/GLints/dict_16_192_64_0p5_0p02_0013_0010.uasset" 5544
"../../../Engine/Content/EngineMaterials/Substrate/GLints/dict_16_192_64_0p5_0p02_0013_0011.uasset" 5545
"../../../Engine/Content/EngineMaterials/Substrate/GLints/dict_16_192_64_0p5_0p02_0013_0012.uasset" 5546
"../../../Engine/Content/EngineMaterials/Substrate/GLints/dict_16_192_64_0p5_0p02_0013_0013.uasset" 5547
"../../../Engine/Content/EngineMaterials/Substrate/GLints/dict_16_192_64_0p5_0p02_0013_0014.uasset" 5548
"../../../Engine/Content/EngineMaterials/Substrate/GLints/dict_16_192_64_0p5_0p02_0013_0015.uasset" 5549
"../../../Engine/Content/EngineMaterials/Substrate/GLints/dict_16_192_64_0p5_0p02_0014_0000.uasset" 5550
"../../../Engine/Content/EngineMaterials/Substrate/GLints/dict_16_192_64_0p5_0p02_0014_0001.uasset" 5551
"../../../Engine/Content/EngineMaterials/Substrate/GLints/dict_16_192_64_0p5_0p02_0014_0002.uasset" 5552
"../../../Engine/Content/EngineMaterials/Substrate/GLints/dict_16_192_64_0p5_0p02_0014_0003.uasset" 5553
"../../../Engine/Content/EngineMaterials/Substrate/GLints/dict_16_192_64_0p5_0p02_0014_0004.uasset" 5554
"../../../Engine/Content/EngineMaterials/Substrate/GLints/dict_16_192_64_0p5_0p02_0014_0005.uasset" 5555
"../../../Engine/Content/EngineMaterials/Substrate/GLints/dict_16_192_64_0p5_0p02_0014_0006.uasset" 5556
"../../../Engine/Content/EngineMaterials/Substrate/GLints/dict_16_192_64_0p5_0p02_0014_0007.uasset" 5557
"../../../Engine/Content/EngineMaterials/Substrate/GLints/dict_16_192_64_0p5_0p02_0014_0008.uasset" 5558
"../../../Engine/Content/EngineMaterials/Substrate/GLints/dict_16_192_64_0p5_0p02_0014_0009.uasset" 5559
"../../../Engine/Content/EngineMaterials/Substrate/GLints/dict_16_192_64_0p5_0p02_0014_0010.uasset" 5560
"../../../Engine/Content/EngineMaterials/Substrate/GLints/dict_16_192_64_0p5_0p02_0014_0011.uasset" 5561
"../../../Engine/Content/EngineMaterials/Substrate/GLints/dict_16_192_64_0p5_0p02_0014_0012.uasset" 5562
"../../../Engine/Content/EngineMaterials/Substrate/GLints/dict_16_192_64_0p5_0p02_0014_0013.uasset" 5563
"../../../Engine/Content/EngineMaterials/Substrate/GLints/dict_16_192_64_0p5_0p02_0014_0014.uasset" 5564
"../../../Engine/Content/EngineMaterials/Substrate/GLints/dict_16_192_64_0p5_0p02_0014_0015.uasset" 5565
"../../../Engine/Content/EngineMaterials/Substrate/GLints/dict_16_192_64_0p5_0p02_0015_0000.uasset" 5566
"../../../Engine/Content/EngineMaterials/Substrate/GLints/dict_16_192_64_0p5_0p02_0015_0001.uasset" 5567
"../../../Engine/Content/EngineMaterials/Substrate/GLints/dict_16_192_64_0p5_0p02_0015_0002.uasset" 5568
"../../../Engine/Content/EngineMaterials/Substrate/GLints/dict_16_192_64_0p5_0p02_0015_0003.uasset" 5569
"../../../Engine/Content/EngineMaterials/Substrate/GLints/dict_16_192_64_0p5_0p02_0015_0004.uasset" 5570
"../../../Engine/Content/EngineMaterials/Substrate/GLints/dict_16_192_64_0p5_0p02_0015_0005.uasset" 5571
"../../../Engine/Content/EngineMaterials/Substrate/GLints/dict_16_192_64_0p5_0p02_0015_0006.uasset" 5572
"../../../Engine/Content/EngineMaterials/Substrate/GLints/dict_16_192_64_0p5_0p02_0015_0007.uasset" 5573
"../../../Engine/Content/EngineMaterials/Substrate/GLints/dict_16_192_64_0p5_0p02_0015_0008.uasset" 5574
"../../../Engine/Content/EngineMaterials/Substrate/GLints/dict_16_192_64_0p5_0p02_0015_0009.uasset" 5575
"../../../Engine/Content/EngineMaterials/Substrate/GLints/dict_16_192_64_0p5_0p02_0015_0010.uasset" 5576
"../../../Engine/Content/EngineMaterials/Substrate/GLints/dict_16_192_64_0p5_0p02_0015_0011.uasset" 5577
"../../../Engine/Content/EngineMaterials/Substrate/GLints/dict_16_192_64_0p5_0p02_0015_0012.uasset" 5578
"../../../Engine/Content/EngineMaterials/Substrate/GLints/dict_16_192_64_0p5_0p02_0015_0013.uasset" 5579
"../../../Engine/Content/EngineMaterials/Substrate/GLints/dict_16_192_64_0p5_0p02_0015_0014.uasset" 5580
"../../../Engine/Content/EngineMaterials/Substrate/GLints/dict_16_192_64_0p5_0p02_0015_0015.uasset" 5581
"../../../Engine/Content/EngineMaterials/Substrate/GLints/dict_16_192_64_0p5_0p02_0016_0000.uasset" 5582
"../../../Engine/Content/EngineMaterials/Substrate/GLints/dict_16_192_64_0p5_0p02_0016_0001.uasset" 5583
"../../../Engine/Content/EngineMaterials/Substrate/GLints/dict_16_192_64_0p5_0p02_0016_0002.uasset" 5584
"../../../Engine/Content/EngineMaterials/Substrate/GLints/dict_16_192_64_0p5_0p02_0016_0003.uasset" 5585
"../../../Engine/Content/EngineMaterials/Substrate/GLints/dict_16_192_64_0p5_0p02_0016_0004.uasset" 5586
"../../../Engine/Content/EngineMaterials/Substrate/GLints/dict_16_192_64_0p5_0p02_0016_0005.uasset" 5587
"../../../Engine/Content/EngineMaterials/Substrate/GLints/dict_16_192_64_0p5_0p02_0016_0006.uasset" 5588
"../../../Engine/Content/EngineMaterials/Substrate/GLints/dict_16_192_64_0p5_0p02_0016_0007.uasset" 5589
"../../../Engine/Content/EngineMaterials/Substrate/GLints/dict_16_192_64_0p5_0p02_0016_0008.uasset" 5590
"../../../Engine/Content/EngineMaterials/Substrate/GLints/dict_16_192_64_0p5_0p02_0016_0009.uasset" 5591
"../../../Engine/Content/EngineMaterials/Substrate/GLints/dict_16_192_64_0p5_0p02_0016_0010.uasset" 5592
"../../../Engine/Content/EngineMaterials/Substrate/GLints/dict_16_192_64_0p5_0p02_0016_0011.uasset" 5593
"../../../Engine/Content/EngineMaterials/Substrate/GLints/dict_16_192_64_0p5_0p02_0016_0012.uasset" 5594
"../../../Engine/Content/EngineMaterials/Substrate/GLints/dict_16_192_64_0p5_0p02_0016_0013.uasset" 5595
"../../../Engine/Content/EngineMaterials/Substrate/GLints/dict_16_192_64_0p5_0p02_0016_0014.uasset" 5596
"../../../Engine/Content/EngineMaterials/Substrate/GLints/dict_16_192_64_0p5_0p02_0016_0015.uasset" 5597
"../../../Engine/Content/EngineMaterials/Substrate/GLints/dict_16_192_64_0p5_0p02_0017_0000.uasset" 5598
"../../../Engine/Content/EngineMaterials/Substrate/GLints/dict_16_192_64_0p5_0p02_0017_0001.uasset" 5599
"../../../Engine/Content/EngineMaterials/Substrate/GLints/dict_16_192_64_0p5_0p02_0017_0002.uasset" 5600
"../../../Engine/Content/EngineMaterials/Substrate/GLints/dict_16_192_64_0p5_0p02_0017_0003.uasset" 5601
"../../../Engine/Content/EngineMaterials/Substrate/GLints/dict_16_192_64_0p5_0p02_0017_0004.uasset" 5602
"../../../Engine/Content/EngineMaterials/Substrate/GLints/dict_16_192_64_0p5_0p02_0017_0005.uasset" 5603
"../../../Engine/Content/EngineMaterials/Substrate/GLints/dict_16_192_64_0p5_0p02_0017_0006.uasset" 5604
"../../../Engine/Content/EngineMaterials/Substrate/GLints/dict_16_192_64_0p5_0p02_0017_0007.uasset" 5605
"../../../Engine/Content/EngineMaterials/Substrate/GLints/dict_16_192_64_0p5_0p02_0017_0008.uasset" 5606
"../../../Engine/Content/EngineMaterials/Substrate/GLints/dict_16_192_64_0p5_0p02_0017_0009.uasset" 5607
"../../../Engine/Content/EngineMaterials/Substrate/GLints/dict_16_192_64_0p5_0p02_0017_0010.uasset" 5608
"../../../Engine/Content/EngineMaterials/Substrate/GLints/dict_16_192_64_0p5_0p02_0017_0011.uasset" 5609
"../../../Engine/Content/EngineMaterials/Substrate/GLints/dict_16_192_64_0p5_0p02_0017_0012.uasset" 5610
"../../../Engine/Content/EngineMaterials/Substrate/GLints/dict_16_192_64_0p5_0p02_0017_0013.uasset" 5611
"../../../Engine/Content/EngineMaterials/Substrate/GLints/dict_16_192_64_0p5_0p02_0017_0014.uasset" 5612
"../../../Engine/Content/EngineMaterials/Substrate/GLints/dict_16_192_64_0p5_0p02_0017_0015.uasset" 5613
"../../../Engine/Content/EngineMaterials/Substrate/GLints/dict_16_192_64_0p5_0p02_0018_0000.uasset" 5614
"../../../Engine/Content/EngineMaterials/Substrate/GLints/dict_16_192_64_0p5_0p02_0018_0001.uasset" 5615
"../../../Engine/Content/EngineMaterials/Substrate/GLints/dict_16_192_64_0p5_0p02_0018_0002.uasset" 5616
"../../../Engine/Content/EngineMaterials/Substrate/GLints/dict_16_192_64_0p5_0p02_0018_0003.uasset" 5617
"../../../Engine/Content/EngineMaterials/Substrate/GLints/dict_16_192_64_0p5_0p02_0018_0004.uasset" 5618
"../../../Engine/Content/EngineMaterials/Substrate/GLints/dict_16_192_64_0p5_0p02_0018_0005.uasset" 5619
"../../../Engine/Content/EngineMaterials/Substrate/GLints/dict_16_192_64_0p5_0p02_0018_0006.uasset" 5620
"../../../Engine/Content/EngineMaterials/Substrate/GLints/dict_16_192_64_0p5_0p02_0018_0007.uasset" 5621
"../../../Engine/Content/EngineMaterials/Substrate/GLints/dict_16_192_64_0p5_0p02_0018_0008.uasset" 5622
"../../../Engine/Content/EngineMaterials/Substrate/GLints/dict_16_192_64_0p5_0p02_0018_0009.uasset" 5623
"../../../Engine/Content/EngineMaterials/Substrate/GLints/dict_16_192_64_0p5_0p02_0018_0010.uasset" 5624
"../../../Engine/Content/EngineMaterials/Substrate/GLints/dict_16_192_64_0p5_0p02_0018_0011.uasset" 5625
"../../../Engine/Content/EngineMaterials/Substrate/GLints/dict_16_192_64_0p5_0p02_0018_0012.uasset" 5626
"../../../Engine/Content/EngineMaterials/Substrate/GLints/dict_16_192_64_0p5_0p02_0018_0013.uasset" 5627
"../../../Engine/Content/EngineMaterials/Substrate/GLints/dict_16_192_64_0p5_0p02_0018_0014.uasset" 5628
"../../../Engine/Content/EngineMaterials/Substrate/GLints/dict_16_192_64_0p5_0p02_0018_0015.uasset" 5629
"../../../Engine/Content/EngineMaterials/Substrate/GLints/dict_16_192_64_0p5_0p02_0019_0000.uasset" 5630
"../../../Engine/Content/EngineMaterials/Substrate/GLints/dict_16_192_64_0p5_0p02_0019_0001.uasset" 5631
"../../../Engine/Content/EngineMaterials/Substrate/GLints/dict_16_192_64_0p5_0p02_0019_0002.uasset" 5632
"../../../Engine/Content/EngineMaterials/Substrate/GLints/dict_16_192_64_0p5_0p02_0019_0003.uasset" 5633
"../../../Engine/Content/EngineMaterials/Substrate/GLints/dict_16_192_64_0p5_0p02_0019_0004.uasset" 5634
"../../../Engine/Content/EngineMaterials/Substrate/GLints/dict_16_192_64_0p5_0p02_0019_0005.uasset" 5635
"../../../Engine/Content/EngineMaterials/Substrate/GLints/dict_16_192_64_0p5_0p02_0019_0006.uasset" 5636
"../../../Engine/Content/EngineMaterials/Substrate/GLints/dict_16_192_64_0p5_0p02_0019_0007.uasset" 5637
"../../../Engine/Content/EngineMaterials/Substrate/GLints/dict_16_192_64_0p5_0p02_0019_0008.uasset" 5638
"../../../Engine/Content/EngineMaterials/Substrate/GLints/dict_16_192_64_0p5_0p02_0019_0009.uasset" 5639
"../../../Engine/Content/EngineMaterials/Substrate/GLints/dict_16_192_64_0p5_0p02_0019_0010.uasset" 5640
"../../../Engine/Content/EngineMaterials/Substrate/GLints/dict_16_192_64_0p5_0p02_0019_0011.uasset" 5641
"../../../Engine/Content/EngineMaterials/Substrate/GLints/dict_16_192_64_0p5_0p02_0019_0012.uasset" 5642
"../../../Engine/Content/EngineMaterials/Substrate/GLints/dict_16_192_64_0p5_0p02_0019_0013.uasset" 5643
"../../../Engine/Content/EngineMaterials/Substrate/GLints/dict_16_192_64_0p5_0p02_0019_0014.uasset" 5644
"../../../Engine/Content/EngineMaterials/Substrate/GLints/dict_16_192_64_0p5_0p02_0019_0015.uasset" 5645
"../../../Engine/Content/EngineMaterials/Substrate/GLints/dict_16_192_64_0p5_0p02_0020_0000.uasset" 5646
"../../../Engine/Content/EngineMaterials/Substrate/GLints/dict_16_192_64_0p5_0p02_0020_0001.uasset" 5647
"../../../Engine/Content/EngineMaterials/Substrate/GLints/dict_16_192_64_0p5_0p02_0020_0002.uasset" 5648
"../../../Engine/Content/EngineMaterials/Substrate/GLints/dict_16_192_64_0p5_0p02_0020_0003.uasset" 5649
"../../../Engine/Content/EngineMaterials/Substrate/GLints/dict_16_192_64_0p5_0p02_0020_0004.uasset" 5650
"../../../Engine/Content/EngineMaterials/Substrate/GLints/dict_16_192_64_0p5_0p02_0020_0005.uasset" 5651
"../../../Engine/Content/EngineMaterials/Substrate/GLints/dict_16_192_64_0p5_0p02_0020_0006.uasset" 5652
"../../../Engine/Content/EngineMaterials/Substrate/GLints/dict_16_192_64_0p5_0p02_0020_0007.uasset" 5653
"../../../Engine/Content/EngineMaterials/Substrate/GLints/dict_16_192_64_0p5_0p02_0020_0008.uasset" 5654
"../../../Engine/Content/EngineMaterials/Substrate/GLints/dict_16_192_64_0p5_0p02_0020_0009.uasset" 5655
"../../../Engine/Content/EngineMaterials/Substrate/GLints/dict_16_192_64_0p5_0p02_0020_0010.uasset" 5656
"../../../Engine/Content/EngineMaterials/Substrate/GLints/dict_16_192_64_0p5_0p02_0020_0011.uasset" 5657
"../../../Engine/Content/EngineMaterials/Substrate/GLints/dict_16_192_64_0p5_0p02_0020_0012.uasset" 5658
"../../../Engine/Content/EngineMaterials/Substrate/GLints/dict_16_192_64_0p5_0p02_0020_0013.uasset" 5659
"../../../Engine/Content/EngineMaterials/Substrate/GLints/dict_16_192_64_0p5_0p02_0020_0014.uasset" 5660
"../../../Engine/Content/EngineMaterials/Substrate/GLints/dict_16_192_64_0p5_0p02_0020_0015.uasset" 5661
"../../../Engine/Content/EngineMaterials/Substrate/GLints/dict_16_192_64_0p5_0p02_0021_0000.uasset" 5662
"../../../Engine/Content/EngineMaterials/Substrate/GLints/dict_16_192_64_0p5_0p02_0021_0001.uasset" 5663
"../../../Engine/Content/EngineMaterials/Substrate/GLints/dict_16_192_64_0p5_0p02_0021_0002.uasset" 5664
"../../../Engine/Content/EngineMaterials/Substrate/GLints/dict_16_192_64_0p5_0p02_0021_0003.uasset" 5665
"../../../Engine/Content/EngineMaterials/Substrate/GLints/dict_16_192_64_0p5_0p02_0021_0004.uasset" 5666
"../../../Engine/Content/EngineMaterials/Substrate/GLints/dict_16_192_64_0p5_0p02_0021_0005.uasset" 5667
"../../../Engine/Content/EngineMaterials/Substrate/GLints/dict_16_192_64_0p5_0p02_0021_0006.uasset" 5668
"../../../Engine/Content/EngineMaterials/Substrate/GLints/dict_16_192_64_0p5_0p02_0021_0007.uasset" 5669
"../../../Engine/Content/EngineMaterials/Substrate/GLints/dict_16_192_64_0p5_0p02_0021_0008.uasset" 5670
"../../../Engine/Content/EngineMaterials/Substrate/GLints/dict_16_192_64_0p5_0p02_0021_0009.uasset" 5671
"../../../Engine/Content/EngineMaterials/Substrate/GLints/dict_16_192_64_0p5_0p02_0021_0010.uasset" 5672
"../../../Engine/Content/EngineMaterials/Substrate/GLints/dict_16_192_64_0p5_0p02_0021_0011.uasset" 5673
"../../../Engine/Content/EngineMaterials/Substrate/GLints/dict_16_192_64_0p5_0p02_0021_0012.uasset" 5674
"../../../Engine/Content/EngineMaterials/Substrate/GLints/dict_16_192_64_0p5_0p02_0021_0013.uasset" 5675
"../../../Engine/Content/EngineMaterials/Substrate/GLints/dict_16_192_64_0p5_0p02_0021_0014.uasset" 5676
"../../../Engine/Content/EngineMaterials/Substrate/GLints/dict_16_192_64_0p5_0p02_0021_0015.uasset" 5677
"../../../Engine/Content/EngineMaterials/Substrate/GLints/dict_16_192_64_0p5_0p02_0022_0000.uasset" 5678
"../../../Engine/Content/EngineMaterials/Substrate/GLints/dict_16_192_64_0p5_0p02_0022_0001.uasset" 5679
"../../../Engine/Content/EngineMaterials/Substrate/GLints/dict_16_192_64_0p5_0p02_0022_0002.uasset" 5680
"../../../Engine/Content/EngineMaterials/Substrate/GLints/dict_16_192_64_0p5_0p02_0022_0003.uasset" 5681
"../../../Engine/Content/EngineMaterials/Substrate/GLints/dict_16_192_64_0p5_0p02_0022_0004.uasset" 5682
"../../../Engine/Content/EngineMaterials/Substrate/GLints/dict_16_192_64_0p5_0p02_0022_0005.uasset" 5683
"../../../Engine/Content/EngineMaterials/Substrate/GLints/dict_16_192_64_0p5_0p02_0022_0006.uasset" 5684
"../../../Engine/Content/EngineMaterials/Substrate/GLints/dict_16_192_64_0p5_0p02_0022_0007.uasset" 5685
"../../../Engine/Content/EngineMaterials/Substrate/GLints/dict_16_192_64_0p5_0p02_0022_0008.uasset" 5686
"../../../Engine/Content/EngineMaterials/Substrate/GLints/dict_16_192_64_0p5_0p02_0022_0009.uasset" 5687
"../../../Engine/Content/EngineMaterials/Substrate/GLints/dict_16_192_64_0p5_0p02_0022_0010.uasset" 5688
"../../../Engine/Content/EngineMaterials/Substrate/GLints/dict_16_192_64_0p5_0p02_0022_0011.uasset" 5689
"../../../Engine/Content/EngineMaterials/Substrate/GLints/dict_16_192_64_0p5_0p02_0022_0012.uasset" 5690
"../../../Engine/Content/EngineMaterials/Substrate/GLints/dict_16_192_64_0p5_0p02_0022_0013.uasset" 5691
"../../../Engine/Content/EngineMaterials/Substrate/GLints/dict_16_192_64_0p5_0p02_0022_0014.uasset" 5692
"../../../Engine/Content/EngineMaterials/Substrate/GLints/dict_16_192_64_0p5_0p02_0022_0015.uasset" 5693
"../../../Engine/Content/EngineMaterials/Substrate/GLints/dict_16_192_64_0p5_0p02_0023_0000.uasset" 5694
"../../../Engine/Content/EngineMaterials/Substrate/GLints/dict_16_192_64_0p5_0p02_0023_0001.uasset" 5695
"../../../Engine/Content/EngineMaterials/Substrate/GLints/dict_16_192_64_0p5_0p02_0023_0002.uasset" 5696
"../../../Engine/Content/EngineMaterials/Substrate/GLints/dict_16_192_64_0p5_0p02_0023_0003.uasset" 5697
"../../../Engine/Content/EngineMaterials/Substrate/GLints/dict_16_192_64_0p5_0p02_0023_0004.uasset" 5698
"../../../Engine/Content/EngineMaterials/Substrate/GLints/dict_16_192_64_0p5_0p02_0023_0005.uasset" 5699
"../../../Engine/Content/EngineMaterials/Substrate/GLints/dict_16_192_64_0p5_0p02_0023_0006.uasset" 5700
"../../../Engine/Content/EngineMaterials/Substrate/GLints/dict_16_192_64_0p5_0p02_0023_0007.uasset" 5701
"../../../Engine/Content/EngineMaterials/Substrate/GLints/dict_16_192_64_0p5_0p02_0023_0008.uasset" 5702
"../../../Engine/Content/EngineMaterials/Substrate/GLints/dict_16_192_64_0p5_0p02_0023_0009.uasset" 5703
"../../../Engine/Content/EngineMaterials/Substrate/GLints/dict_16_192_64_0p5_0p02_0023_0010.uasset" 5704
"../../../Engine/Content/EngineMaterials/Substrate/GLints/dict_16_192_64_0p5_0p02_0023_0011.uasset" 5705
"../../../Engine/Content/EngineMaterials/Substrate/GLints/dict_16_192_64_0p5_0p02_0023_0012.uasset" 5706
"../../../Engine/Content/EngineMaterials/Substrate/GLints/dict_16_192_64_0p5_0p02_0023_0013.uasset" 5707
"../../../Engine/Content/EngineMaterials/Substrate/GLints/dict_16_192_64_0p5_0p02_0023_0014.uasset" 5708
"../../../Engine/Content/EngineMaterials/Substrate/GLints/dict_16_192_64_0p5_0p02_0023_0015.uasset" 5709
"../../../Engine/Content/EngineMaterials/Substrate/GLints/dict_16_192_64_0p5_0p02_0024_0000.uasset" 5710
"../../../Engine/Content/EngineMaterials/Substrate/GLints/dict_16_192_64_0p5_0p02_0024_0001.uasset" 5711
"../../../Engine/Content/EngineMaterials/Substrate/GLints/dict_16_192_64_0p5_0p02_0024_0002.uasset" 5712
"../../../Engine/Content/EngineMaterials/Substrate/GLints/dict_16_192_64_0p5_0p02_0024_0003.uasset" 5713
"../../../Engine/Content/EngineMaterials/Substrate/GLints/dict_16_192_64_0p5_0p02_0024_0004.uasset" 5714
"../../../Engine/Content/EngineMaterials/Substrate/GLints/dict_16_192_64_0p5_0p02_0024_0005.uasset" 5715
"../../../Engine/Content/EngineMaterials/Substrate/GLints/dict_16_192_64_0p5_0p02_0024_0006.uasset" 5716
"../../../Engine/Content/EngineMaterials/Substrate/GLints/dict_16_192_64_0p5_0p02_0024_0007.uasset" 5717
"../../../Engine/Content/EngineMaterials/Substrate/GLints/dict_16_192_64_0p5_0p02_0024_0008.uasset" 5718
"../../../Engine/Content/EngineMaterials/Substrate/GLints/dict_16_192_64_0p5_0p02_0024_0009.uasset" 5719
"../../../Engine/Content/EngineMaterials/Substrate/GLints/dict_16_192_64_0p5_0p02_0024_0010.uasset" 5720
"../../../Engine/Content/EngineMaterials/Substrate/GLints/dict_16_192_64_0p5_0p02_0024_0011.uasset" 5721
"../../../Engine/Content/EngineMaterials/Substrate/GLints/dict_16_192_64_0p5_0p02_0024_0012.uasset" 5722
"../../../Engine/Content/EngineMaterials/Substrate/GLints/dict_16_192_64_0p5_0p02_0024_0013.uasset" 5723
"../../../Engine/Content/EngineMaterials/Substrate/GLints/dict_16_192_64_0p5_0p02_0024_0014.uasset" 5724
"../../../Engine/Content/EngineMaterials/Substrate/GLints/dict_16_192_64_0p5_0p02_0024_0015.uasset" 5725
"../../../Engine/Content/EngineMaterials/Substrate/GLints/dict_16_192_64_0p5_0p02_0025_0000.uasset" 5726
"../../../Engine/Content/EngineMaterials/Substrate/GLints/dict_16_192_64_0p5_0p02_0025_0001.uasset" 5727
"../../../Engine/Content/EngineMaterials/Substrate/GLints/dict_16_192_64_0p5_0p02_0025_0002.uasset" 5728
"../../../Engine/Content/EngineMaterials/Substrate/GLints/dict_16_192_64_0p5_0p02_0025_0003.uasset" 5729
"../../../Engine/Content/EngineMaterials/Substrate/GLints/dict_16_192_64_0p5_0p02_0025_0004.uasset" 5730
"../../../Engine/Content/EngineMaterials/Substrate/GLints/dict_16_192_64_0p5_0p02_0025_0005.uasset" 5731
"../../../Engine/Content/EngineMaterials/Substrate/GLints/dict_16_192_64_0p5_0p02_0025_0006.uasset" 5732
"../../../Engine/Content/EngineMaterials/Substrate/GLints/dict_16_192_64_0p5_0p02_0025_0007.uasset" 5733
"../../../Engine/Content/EngineMaterials/Substrate/GLints/dict_16_192_64_0p5_0p02_0025_0008.uasset" 5734
"../../../Engine/Content/EngineMaterials/Substrate/GLints/dict_16_192_64_0p5_0p02_0025_0009.uasset" 5735
"../../../Engine/Content/EngineMaterials/Substrate/GLints/dict_16_192_64_0p5_0p02_0025_0010.uasset" 5736
"../../../Engine/Content/EngineMaterials/Substrate/GLints/dict_16_192_64_0p5_0p02_0025_0011.uasset" 5737
"../../../Engine/Content/EngineMaterials/Substrate/GLints/dict_16_192_64_0p5_0p02_0025_0012.uasset" 5738
"../../../Engine/Content/EngineMaterials/Substrate/GLints/dict_16_192_64_0p5_0p02_0025_0013.uasset" 5739
"../../../Engine/Content/EngineMaterials/Substrate/GLints/dict_16_192_64_0p5_0p02_0025_0014.uasset" 5740
"../../../Engine/Content/EngineMaterials/Substrate/GLints/dict_16_192_64_0p5_0p02_0025_0015.uasset" 5741
"../../../Engine/Content/EngineMaterials/Substrate/GLints/dict_16_192_64_0p5_0p02_0026_0000.uasset" 5742
"../../../Engine/Content/EngineMaterials/Substrate/GLints/dict_16_192_64_0p5_0p02_0026_0001.uasset" 5743
"../../../Engine/Content/EngineMaterials/Substrate/GLints/dict_16_192_64_0p5_0p02_0026_0002.uasset" 5744
"../../../Engine/Content/EngineMaterials/Substrate/GLints/dict_16_192_64_0p5_0p02_0026_0003.uasset" 5745
"../../../Engine/Content/EngineMaterials/Substrate/GLints/dict_16_192_64_0p5_0p02_0026_0004.uasset" 5746
"../../../Engine/Content/EngineMaterials/Substrate/GLints/dict_16_192_64_0p5_0p02_0026_0005.uasset" 5747
"../../../Engine/Content/EngineMaterials/Substrate/GLints/dict_16_192_64_0p5_0p02_0026_0006.uasset" 5748
"../../../Engine/Content/EngineMaterials/Substrate/GLints/dict_16_192_64_0p5_0p02_0026_0007.uasset" 5749
"../../../Engine/Content/EngineMaterials/Substrate/GLints/dict_16_192_64_0p5_0p02_0026_0008.uasset" 5750
"../../../Engine/Content/EngineMaterials/Substrate/GLints/dict_16_192_64_0p5_0p02_0026_0009.uasset" 5751
"../../../Engine/Content/EngineMaterials/Substrate/GLints/dict_16_192_64_0p5_0p02_0026_0010.uasset" 5752
"../../../Engine/Content/EngineMaterials/Substrate/GLints/dict_16_192_64_0p5_0p02_0026_0011.uasset" 5753
"../../../Engine/Content/EngineMaterials/Substrate/GLints/dict_16_192_64_0p5_0p02_0026_0012.uasset" 5754
"../../../Engine/Content/EngineMaterials/Substrate/GLints/dict_16_192_64_0p5_0p02_0026_0013.uasset" 5755
"../../../Engine/Content/EngineMaterials/Substrate/GLints/dict_16_192_64_0p5_0p02_0026_0014.uasset" 5756
"../../../Engine/Content/EngineMaterials/Substrate/GLints/dict_16_192_64_0p5_0p02_0026_0015.uasset" 5757
"../../../Engine/Content/EngineMaterials/Substrate/GLints/dict_16_192_64_0p5_0p02_0027_0000.uasset" 5758
"../../../Engine/Content/EngineMaterials/Substrate/GLints/dict_16_192_64_0p5_0p02_0027_0001.uasset" 5759
"../../../Engine/Content/EngineMaterials/Substrate/GLints/dict_16_192_64_0p5_0p02_0027_0002.uasset" 5760
"../../../Engine/Content/EngineMaterials/Substrate/GLints/dict_16_192_64_0p5_0p02_0027_0003.uasset" 5761
"../../../Engine/Content/EngineMaterials/Substrate/GLints/dict_16_192_64_0p5_0p02_0027_0004.uasset" 5762
"../../../Engine/Content/EngineMaterials/Substrate/GLints/dict_16_192_64_0p5_0p02_0027_0005.uasset" 5763
"../../../Engine/Content/EngineMaterials/Substrate/GLints/dict_16_192_64_0p5_0p02_0027_0006.uasset" 5764
"../../../Engine/Content/EngineMaterials/Substrate/GLints/dict_16_192_64_0p5_0p02_0027_0007.uasset" 5765
"../../../Engine/Content/EngineMaterials/Substrate/GLints/dict_16_192_64_0p5_0p02_0027_0008.uasset" 5766
"../../../Engine/Content/EngineMaterials/Substrate/GLints/dict_16_192_64_0p5_0p02_0027_0009.uasset" 5767
"../../../Engine/Content/EngineMaterials/Substrate/GLints/dict_16_192_64_0p5_0p02_0027_0010.uasset" 5768
"../../../Engine/Content/EngineMaterials/Substrate/GLints/dict_16_192_64_0p5_0p02_0027_0011.uasset" 5769
"../../../Engine/Content/EngineMaterials/Substrate/GLints/dict_16_192_64_0p5_0p02_0027_0012.uasset" 5770
"../../../Engine/Content/EngineMaterials/Substrate/GLints/dict_16_192_64_0p5_0p02_0027_0013.uasset" 5771
"../../../Engine/Content/EngineMaterials/Substrate/GLints/dict_16_192_64_0p5_0p02_0027_0014.uasset" 5772
"../../../Engine/Content/EngineMaterials/Substrate/GLints/dict_16_192_64_0p5_0p02_0027_0015.uasset" 5773
"../../../Engine/Content/EngineMaterials/Substrate/GLints/dict_16_192_64_0p5_0p02_0028_0000.uasset" 5774
"../../../Engine/Content/EngineMaterials/Substrate/GLints/dict_16_192_64_0p5_0p02_0028_0001.uasset" 5775
"../../../Engine/Content/EngineMaterials/Substrate/GLints/dict_16_192_64_0p5_0p02_0028_0002.uasset" 5776
"../../../Engine/Content/EngineMaterials/Substrate/GLints/dict_16_192_64_0p5_0p02_0028_0003.uasset" 5777
"../../../Engine/Content/EngineMaterials/Substrate/GLints/dict_16_192_64_0p5_0p02_0028_0004.uasset" 5778
"../../../Engine/Content/EngineMaterials/Substrate/GLints/dict_16_192_64_0p5_0p02_0028_0005.uasset" 5779
"../../../Engine/Content/EngineMaterials/Substrate/GLints/dict_16_192_64_0p5_0p02_0028_0006.uasset" 5780
"../../../Engine/Content/EngineMaterials/Substrate/GLints/dict_16_192_64_0p5_0p02_0028_0007.uasset" 5781
"../../../Engine/Content/EngineMaterials/Substrate/GLints/dict_16_192_64_0p5_0p02_0028_0008.uasset" 5782
"../../../Engine/Content/EngineMaterials/Substrate/GLints/dict_16_192_64_0p5_0p02_0028_0009.uasset" 5783
"../../../Engine/Content/EngineMaterials/Substrate/GLints/dict_16_192_64_0p5_0p02_0028_0010.uasset" 5784
"../../../Engine/Content/EngineMaterials/Substrate/GLints/dict_16_192_64_0p5_0p02_0028_0011.uasset" 5785
"../../../Engine/Content/EngineMaterials/Substrate/GLints/dict_16_192_64_0p5_0p02_0028_0012.uasset" 5786
"../../../Engine/Content/EngineMaterials/Substrate/GLints/dict_16_192_64_0p5_0p02_0028_0013.uasset" 5787
"../../../Engine/Content/EngineMaterials/Substrate/GLints/dict_16_192_64_0p5_0p02_0028_0014.uasset" 5788
"../../../Engine/Content/EngineMaterials/Substrate/GLints/dict_16_192_64_0p5_0p02_0028_0015.uasset" 5789
"../../../Engine/Content/EngineMaterials/Substrate/GLints/dict_16_192_64_0p5_0p02_0029_0000.uasset" 5790
"../../../Engine/Content/EngineMaterials/Substrate/GLints/dict_16_192_64_0p5_0p02_0029_0001.uasset" 5791
"../../../Engine/Content/EngineMaterials/Substrate/GLints/dict_16_192_64_0p5_0p02_0029_0002.uasset" 5792
"../../../Engine/Content/EngineMaterials/Substrate/GLints/dict_16_192_64_0p5_0p02_0029_0003.uasset" 5793
"../../../Engine/Content/EngineMaterials/Substrate/GLints/dict_16_192_64_0p5_0p02_0029_0004.uasset" 5794
"../../../Engine/Content/EngineMaterials/Substrate/GLints/dict_16_192_64_0p5_0p02_0029_0005.uasset" 5795
"../../../Engine/Content/EngineMaterials/Substrate/GLints/dict_16_192_64_0p5_0p02_0029_0006.uasset" 5796
"../../../Engine/Content/EngineMaterials/Substrate/GLints/dict_16_192_64_0p5_0p02_0029_0007.uasset" 5797
"../../../Engine/Content/EngineMaterials/Substrate/GLints/dict_16_192_64_0p5_0p02_0029_0008.uasset" 5798
"../../../Engine/Content/EngineMaterials/Substrate/GLints/dict_16_192_64_0p5_0p02_0029_0009.uasset" 5799
"../../../Engine/Content/EngineMaterials/Substrate/GLints/dict_16_192_64_0p5_0p02_0029_0010.uasset" 5800
"../../../Engine/Content/EngineMaterials/Substrate/GLints/dict_16_192_64_0p5_0p02_0029_0011.uasset" 5801
"../../../Engine/Content/EngineMaterials/Substrate/GLints/dict_16_192_64_0p5_0p02_0029_0012.uasset" 5802
"../../../Engine/Content/EngineMaterials/Substrate/GLints/dict_16_192_64_0p5_0p02_0029_0013.uasset" 5803
"../../../Engine/Content/EngineMaterials/Substrate/GLints/dict_16_192_64_0p5_0p02_0029_0014.uasset" 5804
"../../../Engine/Content/EngineMaterials/Substrate/GLints/dict_16_192_64_0p5_0p02_0029_0015.uasset" 5805
"../../../Engine/Content/EngineMaterials/Substrate/GLints/dict_16_192_64_0p5_0p02_0030_0000.uasset" 5806
"../../../Engine/Content/EngineMaterials/Substrate/GLints/dict_16_192_64_0p5_0p02_0030_0001.uasset" 5807
"../../../Engine/Content/EngineMaterials/Substrate/GLints/dict_16_192_64_0p5_0p02_0030_0002.uasset" 5808
"../../../Engine/Content/EngineMaterials/Substrate/GLints/dict_16_192_64_0p5_0p02_0030_0003.uasset" 5809
"../../../Engine/Content/EngineMaterials/Substrate/GLints/dict_16_192_64_0p5_0p02_0030_0004.uasset" 5810
"../../../Engine/Content/EngineMaterials/Substrate/GLints/dict_16_192_64_0p5_0p02_0030_0005.uasset" 5811
"../../../Engine/Content/EngineMaterials/Substrate/GLints/dict_16_192_64_0p5_0p02_0030_0006.uasset" 5812
"../../../Engine/Content/EngineMaterials/Substrate/GLints/dict_16_192_64_0p5_0p02_0030_0007.uasset" 5813
"../../../Engine/Content/EngineMaterials/Substrate/GLints/dict_16_192_64_0p5_0p02_0030_0008.uasset" 5814
"../../../Engine/Content/EngineMaterials/Substrate/GLints/dict_16_192_64_0p5_0p02_0030_0009.uasset" 5815
"../../../Engine/Content/EngineMaterials/Substrate/GLints/dict_16_192_64_0p5_0p02_0030_0010.uasset" 5816
"../../../Engine/Content/EngineMaterials/Substrate/GLints/dict_16_192_64_0p5_0p02_0030_0011.uasset" 5817
"../../../Engine/Content/EngineMaterials/Substrate/GLints/dict_16_192_64_0p5_0p02_0030_0012.uasset" 5818
"../../../Engine/Content/EngineMaterials/Substrate/GLints/dict_16_192_64_0p5_0p02_0030_0013.uasset" 5819
"../../../Engine/Content/EngineMaterials/Substrate/GLints/dict_16_192_64_0p5_0p02_0030_0014.uasset" 5820
"../../../Engine/Content/EngineMaterials/Substrate/GLints/dict_16_192_64_0p5_0p02_0030_0015.uasset" 5821
"../../../Engine/Content/EngineMaterials/Substrate/GLints/dict_16_192_64_0p5_0p02_0031_0000.uasset" 5822
"../../../Engine/Content/EngineMaterials/Substrate/GLints/dict_16_192_64_0p5_0p02_0031_0001.uasset" 5823
"../../../Engine/Content/EngineMaterials/Substrate/GLints/dict_16_192_64_0p5_0p02_0031_0002.uasset" 5824
"../../../Engine/Content/EngineMaterials/Substrate/GLints/dict_16_192_64_0p5_0p02_0031_0003.uasset" 5825
"../../../Engine/Content/EngineMaterials/Substrate/GLints/dict_16_192_64_0p5_0p02_0031_0004.uasset" 5826
"../../../Engine/Content/EngineMaterials/Substrate/GLints/dict_16_192_64_0p5_0p02_0031_0005.uasset" 5827
"../../../Engine/Content/EngineMaterials/Substrate/GLints/dict_16_192_64_0p5_0p02_0031_0006.uasset" 5828
"../../../Engine/Content/EngineMaterials/Substrate/GLints/dict_16_192_64_0p5_0p02_0031_0007.uasset" 5829
"../../../Engine/Content/EngineMaterials/Substrate/GLints/dict_16_192_64_0p5_0p02_0031_0008.uasset" 5830
"../../../Engine/Content/EngineMaterials/Substrate/GLints/dict_16_192_64_0p5_0p02_0031_0009.uasset" 5831
"../../../Engine/Content/EngineMaterials/Substrate/GLints/dict_16_192_64_0p5_0p02_0031_0010.uasset" 5832
"../../../Engine/Content/EngineMaterials/Substrate/GLints/dict_16_192_64_0p5_0p02_0031_0011.uasset" 5833
"../../../Engine/Content/EngineMaterials/Substrate/GLints/dict_16_192_64_0p5_0p02_0031_0012.uasset" 5834
"../../../Engine/Content/EngineMaterials/Substrate/GLints/dict_16_192_64_0p5_0p02_0031_0013.uasset" 5835
"../../../Engine/Content/EngineMaterials/Substrate/GLints/dict_16_192_64_0p5_0p02_0031_0014.uasset" 5836
"../../../Engine/Content/EngineMaterials/Substrate/GLints/dict_16_192_64_0p5_0p02_0031_0015.uasset" 5837
"../../../Engine/Content/EngineMaterials/Substrate/GLints/dict_16_192_64_0p5_0p02_0032_0000.uasset" 5838
"../../../Engine/Content/EngineMaterials/Substrate/GLints/dict_16_192_64_0p5_0p02_0032_0001.uasset" 5839
"../../../Engine/Content/EngineMaterials/Substrate/GLints/dict_16_192_64_0p5_0p02_0032_0002.uasset" 5840
"../../../Engine/Content/EngineMaterials/Substrate/GLints/dict_16_192_64_0p5_0p02_0032_0003.uasset" 5841
"../../../Engine/Content/EngineMaterials/Substrate/GLints/dict_16_192_64_0p5_0p02_0032_0004.uasset" 5842
"../../../Engine/Content/EngineMaterials/Substrate/GLints/dict_16_192_64_0p5_0p02_0032_0005.uasset" 5843
"../../../Engine/Content/EngineMaterials/Substrate/GLints/dict_16_192_64_0p5_0p02_0032_0006.uasset" 5844
"../../../Engine/Content/EngineMaterials/Substrate/GLints/dict_16_192_64_0p5_0p02_0032_0007.uasset" 5845
"../../../Engine/Content/EngineMaterials/Substrate/GLints/dict_16_192_64_0p5_0p02_0032_0008.uasset" 5846
"../../../Engine/Content/EngineMaterials/Substrate/GLints/dict_16_192_64_0p5_0p02_0032_0009.uasset" 5847
"../../../Engine/Content/EngineMaterials/Substrate/GLints/dict_16_192_64_0p5_0p02_0032_0010.uasset" 5848
"../../../Engine/Content/EngineMaterials/Substrate/GLints/dict_16_192_64_0p5_0p02_0032_0011.uasset" 5849
"../../../Engine/Content/EngineMaterials/Substrate/GLints/dict_16_192_64_0p5_0p02_0032_0012.uasset" 5850
"../../../Engine/Content/EngineMaterials/Substrate/GLints/dict_16_192_64_0p5_0p02_0032_0013.uasset" 5851
"../../../Engine/Content/EngineMaterials/Substrate/GLints/dict_16_192_64_0p5_0p02_0032_0014.uasset" 5852
"../../../Engine/Content/EngineMaterials/Substrate/GLints/dict_16_192_64_0p5_0p02_0032_0015.uasset" 5853
"../../../Engine/Content/EngineMaterials/Substrate/GLints/dict_16_192_64_0p5_0p02_0033_0000.uasset" 5854
"../../../Engine/Content/EngineMaterials/Substrate/GLints/dict_16_192_64_0p5_0p02_0033_0001.uasset" 5855
"../../../Engine/Content/EngineMaterials/Substrate/GLints/dict_16_192_64_0p5_0p02_0033_0002.uasset" 5856
"../../../Engine/Content/EngineMaterials/Substrate/GLints/dict_16_192_64_0p5_0p02_0033_0003.uasset" 5857
"../../../Engine/Content/EngineMaterials/Substrate/GLints/dict_16_192_64_0p5_0p02_0033_0004.uasset" 5858
"../../../Engine/Content/EngineMaterials/Substrate/GLints/dict_16_192_64_0p5_0p02_0033_0005.uasset" 5859
"../../../Engine/Content/EngineMaterials/Substrate/GLints/dict_16_192_64_0p5_0p02_0033_0006.uasset" 5860
"../../../Engine/Content/EngineMaterials/Substrate/GLints/dict_16_192_64_0p5_0p02_0033_0007.uasset" 5861
"../../../Engine/Content/EngineMaterials/Substrate/GLints/dict_16_192_64_0p5_0p02_0033_0008.uasset" 5862
"../../../Engine/Content/EngineMaterials/Substrate/GLints/dict_16_192_64_0p5_0p02_0033_0009.uasset" 5863
"../../../Engine/Content/EngineMaterials/Substrate/GLints/dict_16_192_64_0p5_0p02_0033_0010.uasset" 5864
"../../../Engine/Content/EngineMaterials/Substrate/GLints/dict_16_192_64_0p5_0p02_0033_0011.uasset" 5865
"../../../Engine/Content/EngineMaterials/Substrate/GLints/dict_16_192_64_0p5_0p02_0033_0012.uasset" 5866
"../../../Engine/Content/EngineMaterials/Substrate/GLints/dict_16_192_64_0p5_0p02_0033_0013.uasset" 5867
"../../../Engine/Content/EngineMaterials/Substrate/GLints/dict_16_192_64_0p5_0p02_0033_0014.uasset" 5868
"../../../Engine/Content/EngineMaterials/Substrate/GLints/dict_16_192_64_0p5_0p02_0033_0015.uasset" 5869
"../../../Engine/Content/EngineMaterials/Substrate/GLints/dict_16_192_64_0p5_0p02_0034_0000.uasset" 5870
"../../../Engine/Content/EngineMaterials/Substrate/GLints/dict_16_192_64_0p5_0p02_0034_0001.uasset" 5871
"../../../Engine/Content/EngineMaterials/Substrate/GLints/dict_16_192_64_0p5_0p02_0034_0002.uasset" 5872
"../../../Engine/Content/EngineMaterials/Substrate/GLints/dict_16_192_64_0p5_0p02_0034_0003.uasset" 5873
"../../../Engine/Content/EngineMaterials/Substrate/GLints/dict_16_192_64_0p5_0p02_0034_0004.uasset" 5874
"../../../Engine/Content/EngineMaterials/Substrate/GLints/dict_16_192_64_0p5_0p02_0034_0005.uasset" 5875
"../../../Engine/Content/EngineMaterials/Substrate/GLints/dict_16_192_64_0p5_0p02_0034_0006.uasset" 5876
"../../../Engine/Content/EngineMaterials/Substrate/GLints/dict_16_192_64_0p5_0p02_0034_0007.uasset" 5877
"../../../Engine/Content/EngineMaterials/Substrate/GLints/dict_16_192_64_0p5_0p02_0034_0008.uasset" 5878
"../../../Engine/Content/EngineMaterials/Substrate/GLints/dict_16_192_64_0p5_0p02_0034_0009.uasset" 5879
"../../../Engine/Content/EngineMaterials/Substrate/GLints/dict_16_192_64_0p5_0p02_0034_0010.uasset" 5880
"../../../Engine/Content/EngineMaterials/Substrate/GLints/dict_16_192_64_0p5_0p02_0034_0011.uasset" 5881
"../../../Engine/Content/EngineMaterials/Substrate/GLints/dict_16_192_64_0p5_0p02_0034_0012.uasset" 5882
"../../../Engine/Content/EngineMaterials/Substrate/GLints/dict_16_192_64_0p5_0p02_0034_0013.uasset" 5883
"../../../Engine/Content/EngineMaterials/Substrate/GLints/dict_16_192_64_0p5_0p02_0034_0014.uasset" 5884
"../../../Engine/Content/EngineMaterials/Substrate/GLints/dict_16_192_64_0p5_0p02_0034_0015.uasset" 5885
"../../../Engine/Content/EngineMaterials/Substrate/GLints/dict_16_192_64_0p5_0p02_0035_0000.uasset" 5886
"../../../Engine/Content/EngineMaterials/Substrate/GLints/dict_16_192_64_0p5_0p02_0035_0001.uasset" 5887
"../../../Engine/Content/EngineMaterials/Substrate/GLints/dict_16_192_64_0p5_0p02_0035_0002.uasset" 5888
"../../../Engine/Content/EngineMaterials/Substrate/GLints/dict_16_192_64_0p5_0p02_0035_0003.uasset" 5889
"../../../Engine/Content/EngineMaterials/Substrate/GLints/dict_16_192_64_0p5_0p02_0035_0004.uasset" 5890
"../../../Engine/Content/EngineMaterials/Substrate/GLints/dict_16_192_64_0p5_0p02_0035_0005.uasset" 5891
"../../../Engine/Content/EngineMaterials/Substrate/GLints/dict_16_192_64_0p5_0p02_0035_0006.uasset" 5892
"../../../Engine/Content/EngineMaterials/Substrate/GLints/dict_16_192_64_0p5_0p02_0035_0007.uasset" 5893
"../../../Engine/Content/EngineMaterials/Substrate/GLints/dict_16_192_64_0p5_0p02_0035_0008.uasset" 5894
"../../../Engine/Content/EngineMaterials/Substrate/GLints/dict_16_192_64_0p5_0p02_0035_0009.uasset" 5895
"../../../Engine/Content/EngineMaterials/Substrate/GLints/dict_16_192_64_0p5_0p02_0035_0010.uasset" 5896
"../../../Engine/Content/EngineMaterials/Substrate/GLints/dict_16_192_64_0p5_0p02_0035_0011.uasset" 5897
"../../../Engine/Content/EngineMaterials/Substrate/GLints/dict_16_192_64_0p5_0p02_0035_0012.uasset" 5898
"../../../Engine/Content/EngineMaterials/Substrate/GLints/dict_16_192_64_0p5_0p02_0035_0013.uasset" 5899
"../../../Engine/Content/EngineMaterials/Substrate/GLints/dict_16_192_64_0p5_0p02_0035_0014.uasset" 5900
"../../../Engine/Content/EngineMaterials/Substrate/GLints/dict_16_192_64_0p5_0p02_0035_0015.uasset" 5901
"../../../Engine/Content/EngineMaterials/Substrate/GLints/dict_16_192_64_0p5_0p02_0036_0000.uasset" 5902
"../../../Engine/Content/EngineMaterials/Substrate/GLints/dict_16_192_64_0p5_0p02_0036_0001.uasset" 5903
"../../../Engine/Content/EngineMaterials/Substrate/GLints/dict_16_192_64_0p5_0p02_0036_0002.uasset" 5904
"../../../Engine/Content/EngineMaterials/Substrate/GLints/dict_16_192_64_0p5_0p02_0036_0003.uasset" 5905
"../../../Engine/Content/EngineMaterials/Substrate/GLints/dict_16_192_64_0p5_0p02_0036_0004.uasset" 5906
"../../../Engine/Content/EngineMaterials/Substrate/GLints/dict_16_192_64_0p5_0p02_0036_0005.uasset" 5907
"../../../Engine/Content/EngineMaterials/Substrate/GLints/dict_16_192_64_0p5_0p02_0036_0006.uasset" 5908
"../../../Engine/Content/EngineMaterials/Substrate/GLints/dict_16_192_64_0p5_0p02_0036_0007.uasset" 5909
"../../../Engine/Content/EngineMaterials/Substrate/GLints/dict_16_192_64_0p5_0p02_0036_0008.uasset" 5910
"../../../Engine/Content/EngineMaterials/Substrate/GLints/dict_16_192_64_0p5_0p02_0036_0009.uasset" 5911
"../../../Engine/Content/EngineMaterials/Substrate/GLints/dict_16_192_64_0p5_0p02_0036_0010.uasset" 5912
"../../../Engine/Content/EngineMaterials/Substrate/GLints/dict_16_192_64_0p5_0p02_0036_0011.uasset" 5913
"../../../Engine/Content/EngineMaterials/Substrate/GLints/dict_16_192_64_0p5_0p02_0036_0012.uasset" 5914
"../../../Engine/Content/EngineMaterials/Substrate/GLints/dict_16_192_64_0p5_0p02_0036_0013.uasset" 5915
"../../../Engine/Content/EngineMaterials/Substrate/GLints/dict_16_192_64_0p5_0p02_0036_0014.uasset" 5916
"../../../Engine/Content/EngineMaterials/Substrate/GLints/dict_16_192_64_0p5_0p02_0036_0015.uasset" 5917
"../../../Engine/Content/EngineMaterials/Substrate/GLints/dict_16_192_64_0p5_0p02_0037_0000.uasset" 5918
"../../../Engine/Content/EngineMaterials/Substrate/GLints/dict_16_192_64_0p5_0p02_0037_0001.uasset" 5919
"../../../Engine/Content/EngineMaterials/Substrate/GLints/dict_16_192_64_0p5_0p02_0037_0002.uasset" 5920
"../../../Engine/Content/EngineMaterials/Substrate/GLints/dict_16_192_64_0p5_0p02_0037_0003.uasset" 5921
"../../../Engine/Content/EngineMaterials/Substrate/GLints/dict_16_192_64_0p5_0p02_0037_0004.uasset" 5922
"../../../Engine/Content/EngineMaterials/Substrate/GLints/dict_16_192_64_0p5_0p02_0037_0005.uasset" 5923
"../../../Engine/Content/EngineMaterials/Substrate/GLints/dict_16_192_64_0p5_0p02_0037_0006.uasset" 5924
"../../../Engine/Content/EngineMaterials/Substrate/GLints/dict_16_192_64_0p5_0p02_0037_0007.uasset" 5925
"../../../Engine/Content/EngineMaterials/Substrate/GLints/dict_16_192_64_0p5_0p02_0037_0008.uasset" 5926
"../../../Engine/Content/EngineMaterials/Substrate/GLints/dict_16_192_64_0p5_0p02_0037_0009.uasset" 5927
"../../../Engine/Content/EngineMaterials/Substrate/GLints/dict_16_192_64_0p5_0p02_0037_0010.uasset" 5928
"../../../Engine/Content/EngineMaterials/Substrate/GLints/dict_16_192_64_0p5_0p02_0037_0011.uasset" 5929
"../../../Engine/Content/EngineMaterials/Substrate/GLints/dict_16_192_64_0p5_0p02_0037_0012.uasset" 5930
"../../../Engine/Content/EngineMaterials/Substrate/GLints/dict_16_192_64_0p5_0p02_0037_0013.uasset" 5931
"../../../Engine/Content/EngineMaterials/Substrate/GLints/dict_16_192_64_0p5_0p02_0037_0014.uasset" 5932
"../../../Engine/Content/EngineMaterials/Substrate/GLints/dict_16_192_64_0p5_0p02_0037_0015.uasset" 5933
"../../../Engine/Content/EngineMaterials/Substrate/GLints/dict_16_192_64_0p5_0p02_0038_0000.uasset" 5934
"../../../Engine/Content/EngineMaterials/Substrate/GLints/dict_16_192_64_0p5_0p02_0038_0001.uasset" 5935
"../../../Engine/Content/EngineMaterials/Substrate/GLints/dict_16_192_64_0p5_0p02_0038_0002.uasset" 5936
"../../../Engine/Content/EngineMaterials/Substrate/GLints/dict_16_192_64_0p5_0p02_0038_0003.uasset" 5937
"../../../Engine/Content/EngineMaterials/Substrate/GLints/dict_16_192_64_0p5_0p02_0038_0004.uasset" 5938
"../../../Engine/Content/EngineMaterials/Substrate/GLints/dict_16_192_64_0p5_0p02_0038_0005.uasset" 5939
"../../../Engine/Content/EngineMaterials/Substrate/GLints/dict_16_192_64_0p5_0p02_0038_0006.uasset" 5940
"../../../Engine/Content/EngineMaterials/Substrate/GLints/dict_16_192_64_0p5_0p02_0038_0007.uasset" 5941
"../../../Engine/Content/EngineMaterials/Substrate/GLints/dict_16_192_64_0p5_0p02_0038_0008.uasset" 5942
"../../../Engine/Content/EngineMaterials/Substrate/GLints/dict_16_192_64_0p5_0p02_0038_0009.uasset" 5943
"../../../Engine/Content/EngineMaterials/Substrate/GLints/dict_16_192_64_0p5_0p02_0038_0010.uasset" 5944
"../../../Engine/Content/EngineMaterials/Substrate/GLints/dict_16_192_64_0p5_0p02_0038_0011.uasset" 5945
"../../../Engine/Content/EngineMaterials/Substrate/GLints/dict_16_192_64_0p5_0p02_0038_0012.uasset" 5946
"../../../Engine/Content/EngineMaterials/Substrate/GLints/dict_16_192_64_0p5_0p02_0038_0013.uasset" 5947
"../../../Engine/Content/EngineMaterials/Substrate/GLints/dict_16_192_64_0p5_0p02_0038_0014.uasset" 5948
"../../../Engine/Content/EngineMaterials/Substrate/GLints/dict_16_192_64_0p5_0p02_0038_0015.uasset" 5949
"../../../Engine/Content/EngineMaterials/Substrate/GLints/dict_16_192_64_0p5_0p02_0039_0000.uasset" 5950
"../../../Engine/Content/EngineMaterials/Substrate/GLints/dict_16_192_64_0p5_0p02_0039_0001.uasset" 5951
"../../../Engine/Content/EngineMaterials/Substrate/GLints/dict_16_192_64_0p5_0p02_0039_0002.uasset" 5952
"../../../Engine/Content/EngineMaterials/Substrate/GLints/dict_16_192_64_0p5_0p02_0039_0003.uasset" 5953
"../../../Engine/Content/EngineMaterials/Substrate/GLints/dict_16_192_64_0p5_0p02_0039_0004.uasset" 5954
"../../../Engine/Content/EngineMaterials/Substrate/GLints/dict_16_192_64_0p5_0p02_0039_0005.uasset" 5955
"../../../Engine/Content/EngineMaterials/Substrate/GLints/dict_16_192_64_0p5_0p02_0039_0006.uasset" 5956
"../../../Engine/Content/EngineMaterials/Substrate/GLints/dict_16_192_64_0p5_0p02_0039_0007.uasset" 5957
"../../../Engine/Content/EngineMaterials/Substrate/GLints/dict_16_192_64_0p5_0p02_0039_0008.uasset" 5958
"../../../Engine/Content/EngineMaterials/Substrate/GLints/dict_16_192_64_0p5_0p02_0039_0009.uasset" 5959
"../../../Engine/Content/EngineMaterials/Substrate/GLints/dict_16_192_64_0p5_0p02_0039_0010.uasset" 5960
"../../../Engine/Content/EngineMaterials/Substrate/GLints/dict_16_192_64_0p5_0p02_0039_0011.uasset" 5961
"../../../Engine/Content/EngineMaterials/Substrate/GLints/dict_16_192_64_0p5_0p02_0039_0012.uasset" 5962
"../../../Engine/Content/EngineMaterials/Substrate/GLints/dict_16_192_64_0p5_0p02_0039_0013.uasset" 5963
"../../../Engine/Content/EngineMaterials/Substrate/GLints/dict_16_192_64_0p5_0p02_0039_0014.uasset" 5964
"../../../Engine/Content/EngineMaterials/Substrate/GLints/dict_16_192_64_0p5_0p02_0039_0015.uasset" 5965
"../../../Engine/Content/EngineMaterials/Substrate/GLints/dict_16_192_64_0p5_0p02_0040_0000.uasset" 5966
"../../../Engine/Content/EngineMaterials/Substrate/GLints/dict_16_192_64_0p5_0p02_0040_0001.uasset" 5967
"../../../Engine/Content/EngineMaterials/Substrate/GLints/dict_16_192_64_0p5_0p02_0040_0002.uasset" 5968
"../../../Engine/Content/EngineMaterials/Substrate/GLints/dict_16_192_64_0p5_0p02_0040_0003.uasset" 5969
"../../../Engine/Content/EngineMaterials/Substrate/GLints/dict_16_192_64_0p5_0p02_0040_0004.uasset" 5970
"../../../Engine/Content/EngineMaterials/Substrate/GLints/dict_16_192_64_0p5_0p02_0040_0005.uasset" 5971
"../../../Engine/Content/EngineMaterials/Substrate/GLints/dict_16_192_64_0p5_0p02_0040_0006.uasset" 5972
"../../../Engine/Content/EngineMaterials/Substrate/GLints/dict_16_192_64_0p5_0p02_0040_0007.uasset" 5973
"../../../Engine/Content/EngineMaterials/Substrate/GLints/dict_16_192_64_0p5_0p02_0040_0008.uasset" 5974
"../../../Engine/Content/EngineMaterials/Substrate/GLints/dict_16_192_64_0p5_0p02_0040_0009.uasset" 5975
"../../../Engine/Content/EngineMaterials/Substrate/GLints/dict_16_192_64_0p5_0p02_0040_0010.uasset" 5976
"../../../Engine/Content/EngineMaterials/Substrate/GLints/dict_16_192_64_0p5_0p02_0040_0011.uasset" 5977
"../../../Engine/Content/EngineMaterials/Substrate/GLints/dict_16_192_64_0p5_0p02_0040_0012.uasset" 5978
"../../../Engine/Content/EngineMaterials/Substrate/GLints/dict_16_192_64_0p5_0p02_0040_0013.uasset" 5979
"../../../Engine/Content/EngineMaterials/Substrate/GLints/dict_16_192_64_0p5_0p02_0040_0014.uasset" 5980
"../../../Engine/Content/EngineMaterials/Substrate/GLints/dict_16_192_64_0p5_0p02_0040_0015.uasset" 5981
"../../../Engine/Content/EngineMaterials/Substrate/GLints/dict_16_192_64_0p5_0p02_0041_0000.uasset" 5982
"../../../Engine/Content/EngineMaterials/Substrate/GLints/dict_16_192_64_0p5_0p02_0041_0001.uasset" 5983
"../../../Engine/Content/EngineMaterials/Substrate/GLints/dict_16_192_64_0p5_0p02_0041_0002.uasset" 5984
"../../../Engine/Content/EngineMaterials/Substrate/GLints/dict_16_192_64_0p5_0p02_0041_0003.uasset" 5985
"../../../Engine/Content/EngineMaterials/Substrate/GLints/dict_16_192_64_0p5_0p02_0041_0004.uasset" 5986
"../../../Engine/Content/EngineMaterials/Substrate/GLints/dict_16_192_64_0p5_0p02_0041_0005.uasset" 5987
"../../../Engine/Content/EngineMaterials/Substrate/GLints/dict_16_192_64_0p5_0p02_0041_0006.uasset" 5988
"../../../Engine/Content/EngineMaterials/Substrate/GLints/dict_16_192_64_0p5_0p02_0041_0007.uasset" 5989
"../../../Engine/Content/EngineMaterials/Substrate/GLints/dict_16_192_64_0p5_0p02_0041_0008.uasset" 5990
"../../../Engine/Content/EngineMaterials/Substrate/GLints/dict_16_192_64_0p5_0p02_0041_0009.uasset" 5991
"../../../Engine/Content/EngineMaterials/Substrate/GLints/dict_16_192_64_0p5_0p02_0041_0010.uasset" 5992
"../../../Engine/Content/EngineMaterials/Substrate/GLints/dict_16_192_64_0p5_0p02_0041_0011.uasset" 5993
"../../../Engine/Content/EngineMaterials/Substrate/GLints/dict_16_192_64_0p5_0p02_0041_0012.uasset" 5994
"../../../Engine/Content/EngineMaterials/Substrate/GLints/dict_16_192_64_0p5_0p02_0041_0013.uasset" 5995
"../../../Engine/Content/EngineMaterials/Substrate/GLints/dict_16_192_64_0p5_0p02_0041_0014.uasset" 5996
"../../../Engine/Content/EngineMaterials/Substrate/GLints/dict_16_192_64_0p5_0p02_0041_0015.uasset" 5997
"../../../Engine/Content/EngineMaterials/Substrate/GLints/dict_16_192_64_0p5_0p02_0042_0000.uasset" 5998
"../../../Engine/Content/EngineMaterials/Substrate/GLints/dict_16_192_64_0p5_0p02_0042_0001.uasset" 5999
"../../../Engine/Content/EngineMaterials/Substrate/GLints/dict_16_192_64_0p5_0p02_0042_0002.uasset" 6000
"../../../Engine/Content/EngineMaterials/Substrate/GLints/dict_16_192_64_0p5_0p02_0042_0003.uasset" 6001
"../../../Engine/Content/EngineMaterials/Substrate/GLints/dict_16_192_64_0p5_0p02_0042_0004.uasset" 6002
"../../../Engine/Content/EngineMaterials/Substrate/GLints/dict_16_192_64_0p5_0p02_0042_0005.uasset" 6003
"../../../Engine/Content/EngineMaterials/Substrate/GLints/dict_16_192_64_0p5_0p02_0042_0006.uasset" 6004
"../../../Engine/Content/EngineMaterials/Substrate/GLints/dict_16_192_64_0p5_0p02_0042_0007.uasset" 6005
"../../../Engine/Content/EngineMaterials/Substrate/GLints/dict_16_192_64_0p5_0p02_0042_0008.uasset" 6006
"../../../Engine/Content/EngineMaterials/Substrate/GLints/dict_16_192_64_0p5_0p02_0042_0009.uasset" 6007
"../../../Engine/Content/EngineMaterials/Substrate/GLints/dict_16_192_64_0p5_0p02_0042_0010.uasset" 6008
"../../../Engine/Content/EngineMaterials/Substrate/GLints/dict_16_192_64_0p5_0p02_0042_0011.uasset" 6009
"../../../Engine/Content/EngineMaterials/Substrate/GLints/dict_16_192_64_0p5_0p02_0042_0012.uasset" 6010
"../../../Engine/Content/EngineMaterials/Substrate/GLints/dict_16_192_64_0p5_0p02_0042_0013.uasset" 6011
"../../../Engine/Content/EngineMaterials/Substrate/GLints/dict_16_192_64_0p5_0p02_0042_0014.uasset" 6012
"../../../Engine/Content/EngineMaterials/Substrate/GLints/dict_16_192_64_0p5_0p02_0042_0015.uasset" 6013
"../../../Engine/Content/EngineMaterials/Substrate/GLints/dict_16_192_64_0p5_0p02_0043_0000.uasset" 6014
"../../../Engine/Content/EngineMaterials/Substrate/GLints/dict_16_192_64_0p5_0p02_0043_0001.uasset" 6015
"../../../Engine/Content/EngineMaterials/Substrate/GLints/dict_16_192_64_0p5_0p02_0043_0002.uasset" 6016
"../../../Engine/Content/EngineMaterials/Substrate/GLints/dict_16_192_64_0p5_0p02_0043_0003.uasset" 6017
"../../../Engine/Content/EngineMaterials/Substrate/GLints/dict_16_192_64_0p5_0p02_0043_0004.uasset" 6018
"../../../Engine/Content/EngineMaterials/Substrate/GLints/dict_16_192_64_0p5_0p02_0043_0005.uasset" 6019
"../../../Engine/Content/EngineMaterials/Substrate/GLints/dict_16_192_64_0p5_0p02_0043_0006.uasset" 6020
"../../../Engine/Content/EngineMaterials/Substrate/GLints/dict_16_192_64_0p5_0p02_0043_0007.uasset" 6021
"../../../Engine/Content/EngineMaterials/Substrate/GLints/dict_16_192_64_0p5_0p02_0043_0008.uasset" 6022
"../../../Engine/Content/EngineMaterials/Substrate/GLints/dict_16_192_64_0p5_0p02_0043_0009.uasset" 6023
"../../../Engine/Content/EngineMaterials/Substrate/GLints/dict_16_192_64_0p5_0p02_0043_0010.uasset" 6024
"../../../Engine/Content/EngineMaterials/Substrate/GLints/dict_16_192_64_0p5_0p02_0043_0011.uasset" 6025
"../../../Engine/Content/EngineMaterials/Substrate/GLints/dict_16_192_64_0p5_0p02_0043_0012.uasset" 6026
"../../../Engine/Content/EngineMaterials/Substrate/GLints/dict_16_192_64_0p5_0p02_0043_0013.uasset" 6027
"../../../Engine/Content/EngineMaterials/Substrate/GLints/dict_16_192_64_0p5_0p02_0043_0014.uasset" 6028
"../../../Engine/Content/EngineMaterials/Substrate/GLints/dict_16_192_64_0p5_0p02_0043_0015.uasset" 6029
"../../../Engine/Content/EngineMaterials/Substrate/GLints/dict_16_192_64_0p5_0p02_0044_0000.uasset" 6030
"../../../Engine/Content/EngineMaterials/Substrate/GLints/dict_16_192_64_0p5_0p02_0044_0001.uasset" 6031
"../../../Engine/Content/EngineMaterials/Substrate/GLints/dict_16_192_64_0p5_0p02_0044_0002.uasset" 6032
"../../../Engine/Content/EngineMaterials/Substrate/GLints/dict_16_192_64_0p5_0p02_0044_0003.uasset" 6033
"../../../Engine/Content/EngineMaterials/Substrate/GLints/dict_16_192_64_0p5_0p02_0044_0004.uasset" 6034
"../../../Engine/Content/EngineMaterials/Substrate/GLints/dict_16_192_64_0p5_0p02_0044_0005.uasset" 6035
"../../../Engine/Content/EngineMaterials/Substrate/GLints/dict_16_192_64_0p5_0p02_0044_0006.uasset" 6036
"../../../Engine/Content/EngineMaterials/Substrate/GLints/dict_16_192_64_0p5_0p02_0044_0007.uasset" 6037
"../../../Engine/Content/EngineMaterials/Substrate/GLints/dict_16_192_64_0p5_0p02_0044_0008.uasset" 6038
"../../../Engine/Content/EngineMaterials/Substrate/GLints/dict_16_192_64_0p5_0p02_0044_0009.uasset" 6039
"../../../Engine/Content/EngineMaterials/Substrate/GLints/dict_16_192_64_0p5_0p02_0044_0010.uasset" 6040
"../../../Engine/Content/EngineMaterials/Substrate/GLints/dict_16_192_64_0p5_0p02_0044_0011.uasset" 6041
"../../../Engine/Content/EngineMaterials/Substrate/GLints/dict_16_192_64_0p5_0p02_0044_0012.uasset" 6042
"../../../Engine/Content/EngineMaterials/Substrate/GLints/dict_16_192_64_0p5_0p02_0044_0013.uasset" 6043
"../../../Engine/Content/EngineMaterials/Substrate/GLints/dict_16_192_64_0p5_0p02_0044_0014.uasset" 6044
"../../../Engine/Content/EngineMaterials/Substrate/GLints/dict_16_192_64_0p5_0p02_0044_0015.uasset" 6045
"../../../Engine/Content/EngineMaterials/Substrate/GLints/dict_16_192_64_0p5_0p02_0045_0000.uasset" 6046
"../../../Engine/Content/EngineMaterials/Substrate/GLints/dict_16_192_64_0p5_0p02_0045_0001.uasset" 6047
"../../../Engine/Content/EngineMaterials/Substrate/GLints/dict_16_192_64_0p5_0p02_0045_0002.uasset" 6048
"../../../Engine/Content/EngineMaterials/Substrate/GLints/dict_16_192_64_0p5_0p02_0045_0003.uasset" 6049
"../../../Engine/Content/EngineMaterials/Substrate/GLints/dict_16_192_64_0p5_0p02_0045_0004.uasset" 6050
"../../../Engine/Content/EngineMaterials/Substrate/GLints/dict_16_192_64_0p5_0p02_0045_0005.uasset" 6051
"../../../Engine/Content/EngineMaterials/Substrate/GLints/dict_16_192_64_0p5_0p02_0045_0006.uasset" 6052
"../../../Engine/Content/EngineMaterials/Substrate/GLints/dict_16_192_64_0p5_0p02_0045_0007.uasset" 6053
"../../../Engine/Content/EngineMaterials/Substrate/GLints/dict_16_192_64_0p5_0p02_0045_0008.uasset" 6054
"../../../Engine/Content/EngineMaterials/Substrate/GLints/dict_16_192_64_0p5_0p02_0045_0009.uasset" 6055
"../../../Engine/Content/EngineMaterials/Substrate/GLints/dict_16_192_64_0p5_0p02_0045_0010.uasset" 6056
"../../../Engine/Content/EngineMaterials/Substrate/GLints/dict_16_192_64_0p5_0p02_0045_0011.uasset" 6057
"../../../Engine/Content/EngineMaterials/Substrate/GLints/dict_16_192_64_0p5_0p02_0045_0012.uasset" 6058
"../../../Engine/Content/EngineMaterials/Substrate/GLints/dict_16_192_64_0p5_0p02_0045_0013.uasset" 6059
"../../../Engine/Content/EngineMaterials/Substrate/GLints/dict_16_192_64_0p5_0p02_0045_0014.uasset" 6060
"../../../Engine/Content/EngineMaterials/Substrate/GLints/dict_16_192_64_0p5_0p02_0045_0015.uasset" 6061
"../../../Engine/Content/EngineMaterials/Substrate/GLints/dict_16_192_64_0p5_0p02_0046_0000.uasset" 6062
"../../../Engine/Content/EngineMaterials/Substrate/GLints/dict_16_192_64_0p5_0p02_0046_0001.uasset" 6063
"../../../Engine/Content/EngineMaterials/Substrate/GLints/dict_16_192_64_0p5_0p02_0046_0002.uasset" 6064
"../../../Engine/Content/EngineMaterials/Substrate/GLints/dict_16_192_64_0p5_0p02_0046_0003.uasset" 6065
"../../../Engine/Content/EngineMaterials/Substrate/GLints/dict_16_192_64_0p5_0p02_0046_0004.uasset" 6066
"../../../Engine/Content/EngineMaterials/Substrate/GLints/dict_16_192_64_0p5_0p02_0046_0005.uasset" 6067
"../../../Engine/Content/EngineMaterials/Substrate/GLints/dict_16_192_64_0p5_0p02_0046_0006.uasset" 6068
"../../../Engine/Content/EngineMaterials/Substrate/GLints/dict_16_192_64_0p5_0p02_0046_0007.uasset" 6069
"../../../Engine/Content/EngineMaterials/Substrate/GLints/dict_16_192_64_0p5_0p02_0046_0008.uasset" 6070
"../../../Engine/Content/EngineMaterials/Substrate/GLints/dict_16_192_64_0p5_0p02_0046_0009.uasset" 6071
"../../../Engine/Content/EngineMaterials/Substrate/GLints/dict_16_192_64_0p5_0p02_0046_0010.uasset" 6072
"../../../Engine/Content/EngineMaterials/Substrate/GLints/dict_16_192_64_0p5_0p02_0046_0011.uasset" 6073
"../../../Engine/Content/EngineMaterials/Substrate/GLints/dict_16_192_64_0p5_0p02_0046_0012.uasset" 6074
"../../../Engine/Content/EngineMaterials/Substrate/GLints/dict_16_192_64_0p5_0p02_0046_0013.uasset" 6075
"../../../Engine/Content/EngineMaterials/Substrate/GLints/dict_16_192_64_0p5_0p02_0046_0014.uasset" 6076
"../../../Engine/Content/EngineMaterials/Substrate/GLints/dict_16_192_64_0p5_0p02_0046_0015.uasset" 6077
"../../../Engine/Content/EngineMaterials/Substrate/GLints/dict_16_192_64_0p5_0p02_0047_0000.uasset" 6078
"../../../Engine/Content/EngineMaterials/Substrate/GLints/dict_16_192_64_0p5_0p02_0047_0001.uasset" 6079
"../../../Engine/Content/EngineMaterials/Substrate/GLints/dict_16_192_64_0p5_0p02_0047_0002.uasset" 6080
"../../../Engine/Content/EngineMaterials/Substrate/GLints/dict_16_192_64_0p5_0p02_0047_0003.uasset" 6081
"../../../Engine/Content/EngineMaterials/Substrate/GLints/dict_16_192_64_0p5_0p02_0047_0004.uasset" 6082
"../../../Engine/Content/EngineMaterials/Substrate/GLints/dict_16_192_64_0p5_0p02_0047_0005.uasset" 6083
"../../../Engine/Content/EngineMaterials/Substrate/GLints/dict_16_192_64_0p5_0p02_0047_0006.uasset" 6084
"../../../Engine/Content/EngineMaterials/Substrate/GLints/dict_16_192_64_0p5_0p02_0047_0007.uasset" 6085
"../../../Engine/Content/EngineMaterials/Substrate/GLints/dict_16_192_64_0p5_0p02_0047_0008.uasset" 6086
"../../../Engine/Content/EngineMaterials/Substrate/GLints/dict_16_192_64_0p5_0p02_0047_0009.uasset" 6087
"../../../Engine/Content/EngineMaterials/Substrate/GLints/dict_16_192_64_0p5_0p02_0047_0010.uasset" 6088
"../../../Engine/Content/EngineMaterials/Substrate/GLints/dict_16_192_64_0p5_0p02_0047_0011.uasset" 6089
"../../../Engine/Content/EngineMaterials/Substrate/GLints/dict_16_192_64_0p5_0p02_0047_0012.uasset" 6090
"../../../Engine/Content/EngineMaterials/Substrate/GLints/dict_16_192_64_0p5_0p02_0047_0013.uasset" 6091
"../../../Engine/Content/EngineMaterials/Substrate/GLints/dict_16_192_64_0p5_0p02_0047_0014.uasset" 6092
"../../../Engine/Content/EngineMaterials/Substrate/GLints/dict_16_192_64_0p5_0p02_0047_0015.uasset" 6093
"../../../Engine/Content/EngineMaterials/Substrate/GLints/dict_16_192_64_0p5_0p02_0048_0000.uasset" 6094
"../../../Engine/Content/EngineMaterials/Substrate/GLints/dict_16_192_64_0p5_0p02_0048_0001.uasset" 6095
"../../../Engine/Content/EngineMaterials/Substrate/GLints/dict_16_192_64_0p5_0p02_0048_0002.uasset" 6096
"../../../Engine/Content/EngineMaterials/Substrate/GLints/dict_16_192_64_0p5_0p02_0048_0003.uasset" 6097
"../../../Engine/Content/EngineMaterials/Substrate/GLints/dict_16_192_64_0p5_0p02_0048_0004.uasset" 6098
"../../../Engine/Content/EngineMaterials/Substrate/GLints/dict_16_192_64_0p5_0p02_0048_0005.uasset" 6099
"../../../Engine/Content/EngineMaterials/Substrate/GLints/dict_16_192_64_0p5_0p02_0048_0006.uasset" 6100
"../../../Engine/Content/EngineMaterials/Substrate/GLints/dict_16_192_64_0p5_0p02_0048_0007.uasset" 6101
"../../../Engine/Content/EngineMaterials/Substrate/GLints/dict_16_192_64_0p5_0p02_0048_0008.uasset" 6102
"../../../Engine/Content/EngineMaterials/Substrate/GLints/dict_16_192_64_0p5_0p02_0048_0009.uasset" 6103
"../../../Engine/Content/EngineMaterials/Substrate/GLints/dict_16_192_64_0p5_0p02_0048_0010.uasset" 6104
"../../../Engine/Content/EngineMaterials/Substrate/GLints/dict_16_192_64_0p5_0p02_0048_0011.uasset" 6105
"../../../Engine/Content/EngineMaterials/Substrate/GLints/dict_16_192_64_0p5_0p02_0048_0012.uasset" 6106
"../../../Engine/Content/EngineMaterials/Substrate/GLints/dict_16_192_64_0p5_0p02_0048_0013.uasset" 6107
"../../../Engine/Content/EngineMaterials/Substrate/GLints/dict_16_192_64_0p5_0p02_0048_0014.uasset" 6108
"../../../Engine/Content/EngineMaterials/Substrate/GLints/dict_16_192_64_0p5_0p02_0048_0015.uasset" 6109
"../../../Engine/Content/EngineMaterials/Substrate/GLints/dict_16_192_64_0p5_0p02_0049_0000.uasset" 6110
"../../../Engine/Content/EngineMaterials/Substrate/GLints/dict_16_192_64_0p5_0p02_0049_0001.uasset" 6111
"../../../Engine/Content/EngineMaterials/Substrate/GLints/dict_16_192_64_0p5_0p02_0049_0002.uasset" 6112
"../../../Engine/Content/EngineMaterials/Substrate/GLints/dict_16_192_64_0p5_0p02_0049_0003.uasset" 6113
"../../../Engine/Content/EngineMaterials/Substrate/GLints/dict_16_192_64_0p5_0p02_0049_0004.uasset" 6114
"../../../Engine/Content/EngineMaterials/Substrate/GLints/dict_16_192_64_0p5_0p02_0049_0005.uasset" 6115
"../../../Engine/Content/EngineMaterials/Substrate/GLints/dict_16_192_64_0p5_0p02_0049_0006.uasset" 6116
"../../../Engine/Content/EngineMaterials/Substrate/GLints/dict_16_192_64_0p5_0p02_0049_0007.uasset" 6117
"../../../Engine/Content/EngineMaterials/Substrate/GLints/dict_16_192_64_0p5_0p02_0049_0008.uasset" 6118
"../../../Engine/Content/EngineMaterials/Substrate/GLints/dict_16_192_64_0p5_0p02_0049_0009.uasset" 6119
"../../../Engine/Content/EngineMaterials/Substrate/GLints/dict_16_192_64_0p5_0p02_0049_0010.uasset" 6120
"../../../Engine/Content/EngineMaterials/Substrate/GLints/dict_16_192_64_0p5_0p02_0049_0011.uasset" 6121
"../../../Engine/Content/EngineMaterials/Substrate/GLints/dict_16_192_64_0p5_0p02_0049_0012.uasset" 6122
"../../../Engine/Content/EngineMaterials/Substrate/GLints/dict_16_192_64_0p5_0p02_0049_0013.uasset" 6123
"../../../Engine/Content/EngineMaterials/Substrate/GLints/dict_16_192_64_0p5_0p02_0049_0014.uasset" 6124
"../../../Engine/Content/EngineMaterials/Substrate/GLints/dict_16_192_64_0p5_0p02_0049_0015.uasset" 6125
"../../../Engine/Content/EngineMaterials/Substrate/GLints/dict_16_192_64_0p5_0p02_0050_0000.uasset" 6126
"../../../Engine/Content/EngineMaterials/Substrate/GLints/dict_16_192_64_0p5_0p02_0050_0001.uasset" 6127
"../../../Engine/Content/EngineMaterials/Substrate/GLints/dict_16_192_64_0p5_0p02_0050_0002.uasset" 6128
"../../../Engine/Content/EngineMaterials/Substrate/GLints/dict_16_192_64_0p5_0p02_0050_0003.uasset" 6129
"../../../Engine/Content/EngineMaterials/Substrate/GLints/dict_16_192_64_0p5_0p02_0050_0004.uasset" 6130
"../../../Engine/Content/EngineMaterials/Substrate/GLints/dict_16_192_64_0p5_0p02_0050_0005.uasset" 6131
"../../../Engine/Content/EngineMaterials/Substrate/GLints/dict_16_192_64_0p5_0p02_0050_0006.uasset" 6132
"../../../Engine/Content/EngineMaterials/Substrate/GLints/dict_16_192_64_0p5_0p02_0050_0007.uasset" 6133
"../../../Engine/Content/EngineMaterials/Substrate/GLints/dict_16_192_64_0p5_0p02_0050_0008.uasset" 6134
"../../../Engine/Content/EngineMaterials/Substrate/GLints/dict_16_192_64_0p5_0p02_0050_0009.uasset" 6135
"../../../Engine/Content/EngineMaterials/Substrate/GLints/dict_16_192_64_0p5_0p02_0050_0010.uasset" 6136
"../../../Engine/Content/EngineMaterials/Substrate/GLints/dict_16_192_64_0p5_0p02_0050_0011.uasset" 6137
"../../../Engine/Content/EngineMaterials/Substrate/GLints/dict_16_192_64_0p5_0p02_0050_0012.uasset" 6138
"../../../Engine/Content/EngineMaterials/Substrate/GLints/dict_16_192_64_0p5_0p02_0050_0013.uasset" 6139
"../../../Engine/Content/EngineMaterials/Substrate/GLints/dict_16_192_64_0p5_0p02_0050_0014.uasset" 6140
"../../../Engine/Content/EngineMaterials/Substrate/GLints/dict_16_192_64_0p5_0p02_0050_0015.uasset" 6141
"../../../Engine/Content/EngineMaterials/Substrate/GLints/dict_16_192_64_0p5_0p02_0051_0000.uasset" 6142
"../../../Engine/Content/EngineMaterials/Substrate/GLints/dict_16_192_64_0p5_0p02_0051_0001.uasset" 6143
"../../../Engine/Content/EngineMaterials/Substrate/GLints/dict_16_192_64_0p5_0p02_0051_0002.uasset" 6144
"../../../Engine/Content/EngineMaterials/Substrate/GLints/dict_16_192_64_0p5_0p02_0051_0003.uasset" 6145
"../../../Engine/Content/EngineMaterials/Substrate/GLints/dict_16_192_64_0p5_0p02_0051_0004.uasset" 6146
"../../../Engine/Content/EngineMaterials/Substrate/GLints/dict_16_192_64_0p5_0p02_0051_0005.uasset" 6147
"../../../Engine/Content/EngineMaterials/Substrate/GLints/dict_16_192_64_0p5_0p02_0051_0006.uasset" 6148
"../../../Engine/Content/EngineMaterials/Substrate/GLints/dict_16_192_64_0p5_0p02_0051_0007.uasset" 6149
"../../../Engine/Content/EngineMaterials/Substrate/GLints/dict_16_192_64_0p5_0p02_0051_0008.uasset" 6150
"../../../Engine/Content/EngineMaterials/Substrate/GLints/dict_16_192_64_0p5_0p02_0051_0009.uasset" 6151
"../../../Engine/Content/EngineMaterials/Substrate/GLints/dict_16_192_64_0p5_0p02_0051_0010.uasset" 6152
"../../../Engine/Content/EngineMaterials/Substrate/GLints/dict_16_192_64_0p5_0p02_0051_0011.uasset" 6153
"../../../Engine/Content/EngineMaterials/Substrate/GLints/dict_16_192_64_0p5_0p02_0051_0012.uasset" 6154
"../../../Engine/Content/EngineMaterials/Substrate/GLints/dict_16_192_64_0p5_0p02_0051_0013.uasset" 6155
"../../../Engine/Content/EngineMaterials/Substrate/GLints/dict_16_192_64_0p5_0p02_0051_0014.uasset" 6156
"../../../Engine/Content/EngineMaterials/Substrate/GLints/dict_16_192_64_0p5_0p02_0051_0015.uasset" 6157
"../../../Engine/Content/EngineMaterials/Substrate/GLints/dict_16_192_64_0p5_0p02_0052_0000.uasset" 6158
"../../../Engine/Content/EngineMaterials/Substrate/GLints/dict_16_192_64_0p5_0p02_0052_0001.uasset" 6159
"../../../Engine/Content/EngineMaterials/Substrate/GLints/dict_16_192_64_0p5_0p02_0052_0002.uasset" 6160
"../../../Engine/Content/EngineMaterials/Substrate/GLints/dict_16_192_64_0p5_0p02_0052_0003.uasset" 6161
"../../../Engine/Content/EngineMaterials/Substrate/GLints/dict_16_192_64_0p5_0p02_0052_0004.uasset" 6162
"../../../Engine/Content/EngineMaterials/Substrate/GLints/dict_16_192_64_0p5_0p02_0052_0005.uasset" 6163
"../../../Engine/Content/EngineMaterials/Substrate/GLints/dict_16_192_64_0p5_0p02_0052_0006.uasset" 6164
"../../../Engine/Content/EngineMaterials/Substrate/GLints/dict_16_192_64_0p5_0p02_0052_0007.uasset" 6165
"../../../Engine/Content/EngineMaterials/Substrate/GLints/dict_16_192_64_0p5_0p02_0052_0008.uasset" 6166
"../../../Engine/Content/EngineMaterials/Substrate/GLints/dict_16_192_64_0p5_0p02_0052_0009.uasset" 6167
"../../../Engine/Content/EngineMaterials/Substrate/GLints/dict_16_192_64_0p5_0p02_0052_0010.uasset" 6168
"../../../Engine/Content/EngineMaterials/Substrate/GLints/dict_16_192_64_0p5_0p02_0052_0011.uasset" 6169
"../../../Engine/Content/EngineMaterials/Substrate/GLints/dict_16_192_64_0p5_0p02_0052_0012.uasset" 6170
"../../../Engine/Content/EngineMaterials/Substrate/GLints/dict_16_192_64_0p5_0p02_0052_0013.uasset" 6171
"../../../Engine/Content/EngineMaterials/Substrate/GLints/dict_16_192_64_0p5_0p02_0052_0014.uasset" 6172
"../../../Engine/Content/EngineMaterials/Substrate/GLints/dict_16_192_64_0p5_0p02_0052_0015.uasset" 6173
"../../../Engine/Content/EngineMaterials/Substrate/GLints/dict_16_192_64_0p5_0p02_0053_0000.uasset" 6174
"../../../Engine/Content/EngineMaterials/Substrate/GLints/dict_16_192_64_0p5_0p02_0053_0001.uasset" 6175
"../../../Engine/Content/EngineMaterials/Substrate/GLints/dict_16_192_64_0p5_0p02_0053_0002.uasset" 6176
"../../../Engine/Content/EngineMaterials/Substrate/GLints/dict_16_192_64_0p5_0p02_0053_0003.uasset" 6177
"../../../Engine/Content/EngineMaterials/Substrate/GLints/dict_16_192_64_0p5_0p02_0053_0004.uasset" 6178
"../../../Engine/Content/EngineMaterials/Substrate/GLints/dict_16_192_64_0p5_0p02_0053_0005.uasset" 6179
"../../../Engine/Content/EngineMaterials/Substrate/GLints/dict_16_192_64_0p5_0p02_0053_0006.uasset" 6180
"../../../Engine/Content/EngineMaterials/Substrate/GLints/dict_16_192_64_0p5_0p02_0053_0007.uasset" 6181
"../../../Engine/Content/EngineMaterials/Substrate/GLints/dict_16_192_64_0p5_0p02_0053_0008.uasset" 6182
"../../../Engine/Content/EngineMaterials/Substrate/GLints/dict_16_192_64_0p5_0p02_0053_0009.uasset" 6183
"../../../Engine/Content/EngineMaterials/Substrate/GLints/dict_16_192_64_0p5_0p02_0053_0010.uasset" 6184
"../../../Engine/Content/EngineMaterials/Substrate/GLints/dict_16_192_64_0p5_0p02_0053_0011.uasset" 6185
"../../../Engine/Content/EngineMaterials/Substrate/GLints/dict_16_192_64_0p5_0p02_0053_0012.uasset" 6186
"../../../Engine/Content/EngineMaterials/Substrate/GLints/dict_16_192_64_0p5_0p02_0053_0013.uasset" 6187
"../../../Engine/Content/EngineMaterials/Substrate/GLints/dict_16_192_64_0p5_0p02_0053_0014.uasset" 6188
"../../../Engine/Content/EngineMaterials/Substrate/GLints/dict_16_192_64_0p5_0p02_0053_0015.uasset" 6189
"../../../Engine/Content/EngineMaterials/Substrate/GLints/dict_16_192_64_0p5_0p02_0054_0000.uasset" 6190
"../../../Engine/Content/EngineMaterials/Substrate/GLints/dict_16_192_64_0p5_0p02_0054_0001.uasset" 6191
"../../../Engine/Content/EngineMaterials/Substrate/GLints/dict_16_192_64_0p5_0p02_0054_0002.uasset" 6192
"../../../Engine/Content/EngineMaterials/Substrate/GLints/dict_16_192_64_0p5_0p02_0054_0003.uasset" 6193
"../../../Engine/Content/EngineMaterials/Substrate/GLints/dict_16_192_64_0p5_0p02_0054_0004.uasset" 6194
"../../../Engine/Content/EngineMaterials/Substrate/GLints/dict_16_192_64_0p5_0p02_0054_0005.uasset" 6195
"../../../Engine/Content/EngineMaterials/Substrate/GLints/dict_16_192_64_0p5_0p02_0054_0006.uasset" 6196
"../../../Engine/Content/EngineMaterials/Substrate/GLints/dict_16_192_64_0p5_0p02_0054_0007.uasset" 6197
"../../../Engine/Content/EngineMaterials/Substrate/GLints/dict_16_192_64_0p5_0p02_0054_0008.uasset" 6198
"../../../Engine/Content/EngineMaterials/Substrate/GLints/dict_16_192_64_0p5_0p02_0054_0009.uasset" 6199
"../../../Engine/Content/EngineMaterials/Substrate/GLints/dict_16_192_64_0p5_0p02_0054_0010.uasset" 6200
"../../../Engine/Content/EngineMaterials/Substrate/GLints/dict_16_192_64_0p5_0p02_0054_0011.uasset" 6201
"../../../Engine/Content/EngineMaterials/Substrate/GLints/dict_16_192_64_0p5_0p02_0054_0012.uasset" 6202
"../../../Engine/Content/EngineMaterials/Substrate/GLints/dict_16_192_64_0p5_0p02_0054_0013.uasset" 6203
"../../../Engine/Content/EngineMaterials/Substrate/GLints/dict_16_192_64_0p5_0p02_0054_0014.uasset" 6204
"../../../Engine/Content/EngineMaterials/Substrate/GLints/dict_16_192_64_0p5_0p02_0054_0015.uasset" 6205
"../../../Engine/Content/EngineMaterials/Substrate/GLints/dict_16_192_64_0p5_0p02_0055_0000.uasset" 6206
"../../../Engine/Content/EngineMaterials/Substrate/GLints/dict_16_192_64_0p5_0p02_0055_0001.uasset" 6207
"../../../Engine/Content/EngineMaterials/Substrate/GLints/dict_16_192_64_0p5_0p02_0055_0002.uasset" 6208
"../../../Engine/Content/EngineMaterials/Substrate/GLints/dict_16_192_64_0p5_0p02_0055_0003.uasset" 6209
"../../../Engine/Content/EngineMaterials/Substrate/GLints/dict_16_192_64_0p5_0p02_0055_0004.uasset" 6210
"../../../Engine/Content/EngineMaterials/Substrate/GLints/dict_16_192_64_0p5_0p02_0055_0005.uasset" 6211
"../../../Engine/Content/EngineMaterials/Substrate/GLints/dict_16_192_64_0p5_0p02_0055_0006.uasset" 6212
"../../../Engine/Content/EngineMaterials/Substrate/GLints/dict_16_192_64_0p5_0p02_0055_0007.uasset" 6213
"../../../Engine/Content/EngineMaterials/Substrate/GLints/dict_16_192_64_0p5_0p02_0055_0008.uasset" 6214
"../../../Engine/Content/EngineMaterials/Substrate/GLints/dict_16_192_64_0p5_0p02_0055_0009.uasset" 6215
"../../../Engine/Content/EngineMaterials/Substrate/GLints/dict_16_192_64_0p5_0p02_0055_0010.uasset" 6216
"../../../Engine/Content/EngineMaterials/Substrate/GLints/dict_16_192_64_0p5_0p02_0055_0011.uasset" 6217
"../../../Engine/Content/EngineMaterials/Substrate/GLints/dict_16_192_64_0p5_0p02_0055_0012.uasset" 6218
"../../../Engine/Content/EngineMaterials/Substrate/GLints/dict_16_192_64_0p5_0p02_0055_0013.uasset" 6219
"../../../Engine/Content/EngineMaterials/Substrate/GLints/dict_16_192_64_0p5_0p02_0055_0014.uasset" 6220
"../../../Engine/Content/EngineMaterials/Substrate/GLints/dict_16_192_64_0p5_0p02_0055_0015.uasset" 6221
"../../../Engine/Content/EngineMaterials/Substrate/GLints/dict_16_192_64_0p5_0p02_0056_0000.uasset" 6222
"../../../Engine/Content/EngineMaterials/Substrate/GLints/dict_16_192_64_0p5_0p02_0056_0001.uasset" 6223
"../../../Engine/Content/EngineMaterials/Substrate/GLints/dict_16_192_64_0p5_0p02_0056_0002.uasset" 6224
"../../../Engine/Content/EngineMaterials/Substrate/GLints/dict_16_192_64_0p5_0p02_0056_0003.uasset" 6225
"../../../Engine/Content/EngineMaterials/Substrate/GLints/dict_16_192_64_0p5_0p02_0056_0004.uasset" 6226
"../../../Engine/Content/EngineMaterials/Substrate/GLints/dict_16_192_64_0p5_0p02_0056_0005.uasset" 6227
"../../../Engine/Content/EngineMaterials/Substrate/GLints/dict_16_192_64_0p5_0p02_0056_0006.uasset" 6228
"../../../Engine/Content/EngineMaterials/Substrate/GLints/dict_16_192_64_0p5_0p02_0056_0007.uasset" 6229
"../../../Engine/Content/EngineMaterials/Substrate/GLints/dict_16_192_64_0p5_0p02_0056_0008.uasset" 6230
"../../../Engine/Content/EngineMaterials/Substrate/GLints/dict_16_192_64_0p5_0p02_0056_0009.uasset" 6231
"../../../Engine/Content/EngineMaterials/Substrate/GLints/dict_16_192_64_0p5_0p02_0056_0010.uasset" 6232
"../../../Engine/Content/EngineMaterials/Substrate/GLints/dict_16_192_64_0p5_0p02_0056_0011.uasset" 6233
"../../../Engine/Content/EngineMaterials/Substrate/GLints/dict_16_192_64_0p5_0p02_0056_0012.uasset" 6234
"../../../Engine/Content/EngineMaterials/Substrate/GLints/dict_16_192_64_0p5_0p02_0056_0013.uasset" 6235
"../../../Engine/Content/EngineMaterials/Substrate/GLints/dict_16_192_64_0p5_0p02_0056_0014.uasset" 6236
"../../../Engine/Content/EngineMaterials/Substrate/GLints/dict_16_192_64_0p5_0p02_0056_0015.uasset" 6237
"../../../Engine/Content/EngineMaterials/Substrate/GLints/dict_16_192_64_0p5_0p02_0057_0000.uasset" 6238
"../../../Engine/Content/EngineMaterials/Substrate/GLints/dict_16_192_64_0p5_0p02_0057_0001.uasset" 6239
"../../../Engine/Content/EngineMaterials/Substrate/GLints/dict_16_192_64_0p5_0p02_0057_0002.uasset" 6240
"../../../Engine/Content/EngineMaterials/Substrate/GLints/dict_16_192_64_0p5_0p02_0057_0003.uasset" 6241
"../../../Engine/Content/EngineMaterials/Substrate/GLints/dict_16_192_64_0p5_0p02_0057_0004.uasset" 6242
"../../../Engine/Content/EngineMaterials/Substrate/GLints/dict_16_192_64_0p5_0p02_0057_0005.uasset" 6243
"../../../Engine/Content/EngineMaterials/Substrate/GLints/dict_16_192_64_0p5_0p02_0057_0006.uasset" 6244
"../../../Engine/Content/EngineMaterials/Substrate/GLints/dict_16_192_64_0p5_0p02_0057_0007.uasset" 6245
"../../../Engine/Content/EngineMaterials/Substrate/GLints/dict_16_192_64_0p5_0p02_0057_0008.uasset" 6246
"../../../Engine/Content/EngineMaterials/Substrate/GLints/dict_16_192_64_0p5_0p02_0057_0009.uasset" 6247
"../../../Engine/Content/EngineMaterials/Substrate/GLints/dict_16_192_64_0p5_0p02_0057_0010.uasset" 6248
"../../../Engine/Content/EngineMaterials/Substrate/GLints/dict_16_192_64_0p5_0p02_0057_0011.uasset" 6249
"../../../Engine/Content/EngineMaterials/Substrate/GLints/dict_16_192_64_0p5_0p02_0057_0012.uasset" 6250
"../../../Engine/Content/EngineMaterials/Substrate/GLints/dict_16_192_64_0p5_0p02_0057_0013.uasset" 6251
"../../../Engine/Content/EngineMaterials/Substrate/GLints/dict_16_192_64_0p5_0p02_0057_0014.uasset" 6252
"../../../Engine/Content/EngineMaterials/Substrate/GLints/dict_16_192_64_0p5_0p02_0057_0015.uasset" 6253
"../../../Engine/Content/EngineMaterials/Substrate/GLints/dict_16_192_64_0p5_0p02_0058_0000.uasset" 6254
"../../../Engine/Content/EngineMaterials/Substrate/GLints/dict_16_192_64_0p5_0p02_0058_0001.uasset" 6255
"../../../Engine/Content/EngineMaterials/Substrate/GLints/dict_16_192_64_0p5_0p02_0058_0002.uasset" 6256
"../../../Engine/Content/EngineMaterials/Substrate/GLints/dict_16_192_64_0p5_0p02_0058_0003.uasset" 6257
"../../../Engine/Content/EngineMaterials/Substrate/GLints/dict_16_192_64_0p5_0p02_0058_0004.uasset" 6258
"../../../Engine/Content/EngineMaterials/Substrate/GLints/dict_16_192_64_0p5_0p02_0058_0005.uasset" 6259
"../../../Engine/Content/EngineMaterials/Substrate/GLints/dict_16_192_64_0p5_0p02_0058_0006.uasset" 6260
"../../../Engine/Content/EngineMaterials/Substrate/GLints/dict_16_192_64_0p5_0p02_0058_0007.uasset" 6261
"../../../Engine/Content/EngineMaterials/Substrate/GLints/dict_16_192_64_0p5_0p02_0058_0008.uasset" 6262
"../../../Engine/Content/EngineMaterials/Substrate/GLints/dict_16_192_64_0p5_0p02_0058_0009.uasset" 6263
"../../../Engine/Content/EngineMaterials/Substrate/GLints/dict_16_192_64_0p5_0p02_0058_0010.uasset" 6264
"../../../Engine/Content/EngineMaterials/Substrate/GLints/dict_16_192_64_0p5_0p02_0058_0011.uasset" 6265
"../../../Engine/Content/EngineMaterials/Substrate/GLints/dict_16_192_64_0p5_0p02_0058_0012.uasset" 6266
"../../../Engine/Content/EngineMaterials/Substrate/GLints/dict_16_192_64_0p5_0p02_0058_0013.uasset" 6267
"../../../Engine/Content/EngineMaterials/Substrate/GLints/dict_16_192_64_0p5_0p02_0058_0014.uasset" 6268
"../../../Engine/Content/EngineMaterials/Substrate/GLints/dict_16_192_64_0p5_0p02_0058_0015.uasset" 6269
"../../../Engine/Content/EngineMaterials/Substrate/GLints/dict_16_192_64_0p5_0p02_0059_0000.uasset" 6270
"../../../Engine/Content/EngineMaterials/Substrate/GLints/dict_16_192_64_0p5_0p02_0059_0001.uasset" 6271
"../../../Engine/Content/EngineMaterials/Substrate/GLints/dict_16_192_64_0p5_0p02_0059_0002.uasset" 6272
"../../../Engine/Content/EngineMaterials/Substrate/GLints/dict_16_192_64_0p5_0p02_0059_0003.uasset" 6273
"../../../Engine/Content/EngineMaterials/Substrate/GLints/dict_16_192_64_0p5_0p02_0059_0004.uasset" 6274
"../../../Engine/Content/EngineMaterials/Substrate/GLints/dict_16_192_64_0p5_0p02_0059_0005.uasset" 6275
"../../../Engine/Content/EngineMaterials/Substrate/GLints/dict_16_192_64_0p5_0p02_0059_0006.uasset" 6276
"../../../Engine/Content/EngineMaterials/Substrate/GLints/dict_16_192_64_0p5_0p02_0059_0007.uasset" 6277
"../../../Engine/Content/EngineMaterials/Substrate/GLints/dict_16_192_64_0p5_0p02_0059_0008.uasset" 6278
"../../../Engine/Content/EngineMaterials/Substrate/GLints/dict_16_192_64_0p5_0p02_0059_0009.uasset" 6279
"../../../Engine/Content/EngineMaterials/Substrate/GLints/dict_16_192_64_0p5_0p02_0059_0010.uasset" 6280
"../../../Engine/Content/EngineMaterials/Substrate/GLints/dict_16_192_64_0p5_0p02_0059_0011.uasset" 6281
"../../../Engine/Content/EngineMaterials/Substrate/GLints/dict_16_192_64_0p5_0p02_0059_0012.uasset" 6282
"../../../Engine/Content/EngineMaterials/Substrate/GLints/dict_16_192_64_0p5_0p02_0059_0013.uasset" 6283
"../../../Engine/Content/EngineMaterials/Substrate/GLints/dict_16_192_64_0p5_0p02_0059_0014.uasset" 6284
"../../../Engine/Content/EngineMaterials/Substrate/GLints/dict_16_192_64_0p5_0p02_0059_0015.uasset" 6285
"../../../Engine/Content/EngineMaterials/Substrate/GLints/dict_16_192_64_0p5_0p02_0060_0000.uasset" 6286
"../../../Engine/Content/EngineMaterials/Substrate/GLints/dict_16_192_64_0p5_0p02_0060_0001.uasset" 6287
"../../../Engine/Content/EngineMaterials/Substrate/GLints/dict_16_192_64_0p5_0p02_0060_0002.uasset" 6288
"../../../Engine/Content/EngineMaterials/Substrate/GLints/dict_16_192_64_0p5_0p02_0060_0003.uasset" 6289
"../../../Engine/Content/EngineMaterials/Substrate/GLints/dict_16_192_64_0p5_0p02_0060_0004.uasset" 6290
"../../../Engine/Content/EngineMaterials/Substrate/GLints/dict_16_192_64_0p5_0p02_0060_0005.uasset" 6291
"../../../Engine/Content/EngineMaterials/Substrate/GLints/dict_16_192_64_0p5_0p02_0060_0006.uasset" 6292
"../../../Engine/Content/EngineMaterials/Substrate/GLints/dict_16_192_64_0p5_0p02_0060_0007.uasset" 6293
"../../../Engine/Content/EngineMaterials/Substrate/GLints/dict_16_192_64_0p5_0p02_0060_0008.uasset" 6294
"../../../Engine/Content/EngineMaterials/Substrate/GLints/dict_16_192_64_0p5_0p02_0060_0009.uasset" 6295
"../../../Engine/Content/EngineMaterials/Substrate/GLints/dict_16_192_64_0p5_0p02_0060_0010.uasset" 6296
"../../../Engine/Content/EngineMaterials/Substrate/GLints/dict_16_192_64_0p5_0p02_0060_0011.uasset" 6297
"../../../Engine/Content/EngineMaterials/Substrate/GLints/dict_16_192_64_0p5_0p02_0060_0012.uasset" 6298
"../../../Engine/Content/EngineMaterials/Substrate/GLints/dict_16_192_64_0p5_0p02_0060_0013.uasset" 6299
"../../../Engine/Content/EngineMaterials/Substrate/GLints/dict_16_192_64_0p5_0p02_0060_0014.uasset" 6300
"../../../Engine/Content/EngineMaterials/Substrate/GLints/dict_16_192_64_0p5_0p02_0060_0015.uasset" 6301
"../../../Engine/Content/EngineMaterials/Substrate/GLints/dict_16_192_64_0p5_0p02_0061_0000.uasset" 6302
"../../../Engine/Content/EngineMaterials/Substrate/GLints/dict_16_192_64_0p5_0p02_0061_0001.uasset" 6303
"../../../Engine/Content/EngineMaterials/Substrate/GLints/dict_16_192_64_0p5_0p02_0061_0002.uasset" 6304
"../../../Engine/Content/EngineMaterials/Substrate/GLints/dict_16_192_64_0p5_0p02_0061_0003.uasset" 6305
"../../../Engine/Content/EngineMaterials/Substrate/GLints/dict_16_192_64_0p5_0p02_0061_0004.uasset" 6306
"../../../Engine/Content/EngineMaterials/Substrate/GLints/dict_16_192_64_0p5_0p02_0061_0005.uasset" 6307
"../../../Engine/Content/EngineMaterials/Substrate/GLints/dict_16_192_64_0p5_0p02_0061_0006.uasset" 6308
"../../../Engine/Content/EngineMaterials/Substrate/GLints/dict_16_192_64_0p5_0p02_0061_0007.uasset" 6309
"../../../Engine/Content/EngineMaterials/Substrate/GLints/dict_16_192_64_0p5_0p02_0061_0008.uasset" 6310
"../../../Engine/Content/EngineMaterials/Substrate/GLints/dict_16_192_64_0p5_0p02_0061_0009.uasset" 6311
"../../../Engine/Content/EngineMaterials/Substrate/GLints/dict_16_192_64_0p5_0p02_0061_0010.uasset" 6312
"../../../Engine/Content/EngineMaterials/Substrate/GLints/dict_16_192_64_0p5_0p02_0061_0011.uasset" 6313
"../../../Engine/Content/EngineMaterials/Substrate/GLints/dict_16_192_64_0p5_0p02_0061_0012.uasset" 6314
"../../../Engine/Content/EngineMaterials/Substrate/GLints/dict_16_192_64_0p5_0p02_0061_0013.uasset" 6315
"../../../Engine/Content/EngineMaterials/Substrate/GLints/dict_16_192_64_0p5_0p02_0061_0014.uasset" 6316
"../../../Engine/Content/EngineMaterials/Substrate/GLints/dict_16_192_64_0p5_0p02_0061_0015.uasset" 6317
"../../../Engine/Content/EngineMaterials/Substrate/GLints/dict_16_192_64_0p5_0p02_0062_0000.uasset" 6318
"../../../Engine/Content/EngineMaterials/Substrate/GLints/dict_16_192_64_0p5_0p02_0062_0001.uasset" 6319
"../../../Engine/Content/EngineMaterials/Substrate/GLints/dict_16_192_64_0p5_0p02_0062_0002.uasset" 6320
"../../../Engine/Content/EngineMaterials/Substrate/GLints/dict_16_192_64_0p5_0p02_0062_0003.uasset" 6321
"../../../Engine/Content/EngineMaterials/Substrate/GLints/dict_16_192_64_0p5_0p02_0062_0004.uasset" 6322
"../../../Engine/Content/EngineMaterials/Substrate/GLints/dict_16_192_64_0p5_0p02_0062_0005.uasset" 6323
"../../../Engine/Content/EngineMaterials/Substrate/GLints/dict_16_192_64_0p5_0p02_0062_0006.uasset" 6324
"../../../Engine/Content/EngineMaterials/Substrate/GLints/dict_16_192_64_0p5_0p02_0062_0007.uasset" 6325
"../../../Engine/Content/EngineMaterials/Substrate/GLints/dict_16_192_64_0p5_0p02_0062_0008.uasset" 6326
"../../../Engine/Content/EngineMaterials/Substrate/GLints/dict_16_192_64_0p5_0p02_0062_0009.uasset" 6327
"../../../Engine/Content/EngineMaterials/Substrate/GLints/dict_16_192_64_0p5_0p02_0062_0010.uasset" 6328
"../../../Engine/Content/EngineMaterials/Substrate/GLints/dict_16_192_64_0p5_0p02_0062_0011.uasset" 6329
"../../../Engine/Content/EngineMaterials/Substrate/GLints/dict_16_192_64_0p5_0p02_0062_0012.uasset" 6330
"../../../Engine/Content/EngineMaterials/Substrate/GLints/dict_16_192_64_0p5_0p02_0062_0013.uasset" 6331
"../../../Engine/Content/EngineMaterials/Substrate/GLints/dict_16_192_64_0p5_0p02_0062_0014.uasset" 6332
"../../../Engine/Content/EngineMaterials/Substrate/GLints/dict_16_192_64_0p5_0p02_0062_0015.uasset" 6333
"../../../Engine/Content/EngineMaterials/Substrate/GLints/dict_16_192_64_0p5_0p02_0063_0000.uasset" 6334
"../../../Engine/Content/EngineMaterials/Substrate/GLints/dict_16_192_64_0p5_0p02_0063_0001.uasset" 6335
"../../../Engine/Content/EngineMaterials/Substrate/GLints/dict_16_192_64_0p5_0p02_0063_0002.uasset" 6336
"../../../Engine/Content/EngineMaterials/Substrate/GLints/dict_16_192_64_0p5_0p02_0063_0003.uasset" 6337
"../../../Engine/Content/EngineMaterials/Substrate/GLints/dict_16_192_64_0p5_0p02_0063_0004.uasset" 6338
"../../../Engine/Content/EngineMaterials/Substrate/GLints/dict_16_192_64_0p5_0p02_0063_0005.uasset" 6339
"../../../Engine/Content/EngineMaterials/Substrate/GLints/dict_16_192_64_0p5_0p02_0063_0006.uasset" 6340
"../../../Engine/Content/EngineMaterials/Substrate/GLints/dict_16_192_64_0p5_0p02_0063_0007.uasset" 6341
"../../../Engine/Content/EngineMaterials/Substrate/GLints/dict_16_192_64_0p5_0p02_0063_0008.uasset" 6342
"../../../Engine/Content/EngineMaterials/Substrate/GLints/dict_16_192_64_0p5_0p02_0063_0009.uasset" 6343
"../../../Engine/Content/EngineMaterials/Substrate/GLints/dict_16_192_64_0p5_0p02_0063_0010.uasset" 6344
"../../../Engine/Content/EngineMaterials/Substrate/GLints/dict_16_192_64_0p5_0p02_0063_0011.uasset" 6345
"../../../Engine/Content/EngineMaterials/Substrate/GLints/dict_16_192_64_0p5_0p02_0063_0012.uasset" 6346
"../../../Engine/Content/EngineMaterials/Substrate/GLints/dict_16_192_64_0p5_0p02_0063_0013.uasset" 6347
"../../../Engine/Content/EngineMaterials/Substrate/GLints/dict_16_192_64_0p5_0p02_0063_0014.uasset" 6348
"../../../Engine/Content/EngineMaterials/Substrate/GLints/dict_16_192_64_0p5_0p02_0063_0015.uasset" 6349
"/Engine/EngineMaterials/PPM_DefaultCalibrationColor" 6350
"/Game/M4/Blueprints/SystemResources/RVT/Volumes/RVT-Volume-Height-Large" 6351
"/Engine/EngineMaterials/PPM_DefaultCalibrationGrayscale" 6352
"/Engine/EngineMaterials/Substrate/Volume/SubstrateSimpleVolumeLUT3D" 6353
"../../../Engine/Content/EngineMaterials/Substrate/Volume/SubstrateSimpleVolumeLUT2D.uasset" 6354
"/Game/M4/Blueprints/SystemResources/Trails/MaterialFuncs/BlendTextureBeyondUV" 6355
"/Game/M4/Blueprints/SystemResources/RVT/Volumes/RVT-Volume-Color-Large" 6356
"/Game/Blueprints/UI/Skald_TitleScreen" 6357
"/Game/M4/Blueprints/SystemResources/RVT/Volumes/RVT-Volume-Color-Small" 6358
"/Game/Blueprints/UI/UISoundFX/AttackConfirmed_Cue" 6359
"/Game/M4/Materials/MasterMaterials/Functions/BeachDetection" 6360
"/Game/M4/Blueprints/SystemResources/RVT/Volumes/RVT-Volume-Height-Small" 6361
"/Engine/EngineMaterials/Substrate/Volume/SubstrateSimpleVolumeEnvLUT3D" 6362
"../../../Engine/Content/EngineMaterials/Substrate/Volume/SubstrateSimpleVolumeEnvLUT2D.uasset" 6363
"/Game/M4/Blueprints/SystemResources/RVT/Volumes/RVT-Volume-Color-Medium" 6364
"/Game/M4/Blueprints/SystemResources/Legacy/ObjectColorCorrector_Legacy" 6365
"/Game/M4/Materials/MasterMaterials/Functions/CheapContrastWithoutClamp" 6366
"/Engine/Functions/Engine_MaterialFunctions01/ImageAdjustment/CheapContrast" 6367
"/Game/Blueprints/Character/SkaldFactions/Gnolls/MountedShield/Gnoll_Mounted_AxenShi_0926075202_texture_normal" 6368
"/Engine/EngineMaterials/Substrate/Glints2/AGlintTex2dArray2" 6369
"D:/Skald_TurnBasedStrategy_Code/Content/M4/Materials/MasterMaterials/Functions/FlatlandMacroNormal.uasset" 6370
"D:/Skald_TurnBasedStrategy_Code/Content/M4/Blueprints/SystemResources/Heightfield/Materials/Debug/LODDebugMat.uasset" 6371
"D:/Skald_TurnBasedStrategy_Code/Content/Blueprints/Meshes/Random_Materials/M_GridCell_Decal.uasset" 6372
"D:/Skald_TurnBasedStrategy_Code/Content/M4/Materials/MasterMaterials/Functions/PaintFunctions/BlendMultiLayeredMaterials.uasset" 6373
"../../../Engine/Content/EngineSky/M_Sky_Panning_Clouds2.uasset" 6374
"D:/Skald_TurnBasedStrategy_Code/Content/M4/Materials/MasterMaterials/Functions/PaintFunctions/TextureSetBlending.uasset" 6375
"D:/Skald_TurnBasedStrategy_Code/Content/Blueprints/Meshes/Random_Materials/M_GridCell.uasset" 6376
"D:/Skald_TurnBasedStrategy_Code/Content/M4/Materials/MasterMaterials/Functions/CheapContrastWithoutClampRGBA.uasset" 6377
"D:/Skald_TurnBasedStrategy_Code/Content/Blueprints/Meshes/Random_Materials/M_GridHighlight_Decal.uasset" 6378
"D:/Skald_TurnBasedStrategy_Code/Content/Blueprints/Meshes/Random_Materials/M_GridHighlight.uasset" 6379
"D:/Skald_TurnBasedStrategy_Code/Content/M4/Materials/MasterMaterials/Functions/PrepareOutput-RVT-VHFM.uasset" 6380
"D:/Skald_TurnBasedStrategy_Code/Content/M4/Materials/MasterMaterials/Functions/VHFM/HeightBasedProceduralNormals.uasset" 6381
"D:/Skald_TurnBasedStrategy_Code/Content/M4/Extras/UDS-EasyIntegration/TerrainFunctions/IntegrateVHF+UDS-Dynamic_Weather_Effects.uasset" 6382
"D:/Skald_TurnBasedStrategy_Code/Content/M4/Materials/MasterMaterials/Functions/CheapVariationUVs.uasset" 6383
"D:/Skald_TurnBasedStrategy_Code/Content/M4/Materials/MasterMaterials/Functions/TilingReduction/StochasticTextureVariation.uasset" 6384
"D:/Skald_TurnBasedStrategy_Code/Content/M4/Materials/MasterMaterials/Functions/PrepareOutput-RVT.uasset" 6385
"D:/Skald_TurnBasedStrategy_Code/Content/M4/Materials/MasterMaterials/Functions/MountainTopSnow.uasset" 6386
"../../../Engine/Content/EngineMaterials/Substrate/Glints2/dict_0000_0000.uasset" 6387
"../../../Engine/Content/EngineMaterials/Substrate/Glints2/dict_0000_0001.uasset" 6388
"../../../Engine/Content/EngineMaterials/Substrate/Glints2/dict_0000_0002.uasset" 6389
"../../../Engine/Content/EngineMaterials/Substrate/Glints2/dict_0000_0003.uasset" 6390
"../../../Engine/Content/EngineMaterials/Substrate/Glints2/dict_0000_0004.uasset" 6391
"../../../Engine/Content/EngineMaterials/Substrate/Glints2/dict_0000_0005.uasset" 6392
"../../../Engine/Content/EngineMaterials/Substrate/Glints2/dict_0000_0006.uasset" 6393
"../../../Engine/Content/EngineMaterials/Substrate/Glints2/dict_0000_0007.uasset" 6394
"../../../Engine/Content/EngineMaterials/Substrate/Glints2/dict_0000_0008.uasset" 6395
"../../../Engine/Content/EngineMaterials/Substrate/Glints2/dict_0000_0009.uasset" 6396
"../../../Engine/Content/EngineMaterials/Substrate/Glints2/dict_0000_0010.uasset" 6397
"../../../Engine/Content/EngineMaterials/Substrate/Glints2/dict_0000_0011.uasset" 6398
"../../../Engine/Content/EngineMaterials/Substrate/Glints2/dict_0000_0012.uasset" 6399
"../../../Engine/Content/EngineMaterials/Substrate/Glints2/dict_0000_0013.uasset" 6400
"../../../Engine/Content/EngineMaterials/Substrate/Glints2/dict_0000_0014.uasset" 6401
"../../../Engine/Content/EngineMaterials/Substrate/Glints2/dict_0000_0015.uasset" 6402
"../../../Engine/Content/EngineMaterials/Substrate/Glints2/dict_0000_0016.uasset" 6403
"../../../Engine/Content/EngineMaterials/Substrate/Glints2/dict_0000_0017.uasset" 6404
"../../../Engine/Content/EngineMaterials/Substrate/Glints2/dict_0000_0018.uasset" 6405
"../../../Engine/Content/EngineMaterials/Substrate/Glints2/dict_0000_0019.uasset" 6406
"../../../Engine/Content/EngineMaterials/Substrate/Glints2/dict_0000_0020.uasset" 6407
"../../../Engine/Content/EngineMaterials/Substrate/Glints2/dict_0000_0021.uasset" 6408
"../../../Engine/Content/EngineMaterials/Substrate/Glints2/dict_0000_0022.uasset" 6409
"../../../Engine/Content/EngineMaterials/Substrate/Glints2/dict_0000_0023.uasset" 6410
"../../../Engine/Content/EngineMaterials/Substrate/Glints2/dict_0000_0024.uasset" 6411
"../../../Engine/Content/EngineMaterials/Substrate/Glints2/dict_0000_0025.uasset" 6412
"../../../Engine/Content/EngineMaterials/Substrate/Glints2/dict_0000_0026.uasset" 6413
"../../../Engine/Content/EngineMaterials/Substrate/Glints2/dict_0000_0027.uasset" 6414
"../../../Engine/Content/EngineMaterials/Substrate/Glints2/dict_0000_0028.uasset" 6415
"../../../Engine/Content/EngineMaterials/Substrate/Glints2/dict_0000_0029.uasset" 6416
"../../../Engine/Content/EngineMaterials/Substrate/Glints2/dict_0000_0030.uasset" 6417
"../../../Engine/Content/EngineMaterials/Substrate/Glints2/dict_0000_0031.uasset" 6418
"../../../Engine/Content/EngineMaterials/Substrate/Glints2/dict_0000_0032.uasset" 6419
"../../../Engine/Content/EngineMaterials/Substrate/Glints2/dict_0000_0033.uasset" 6420
"../../../Engine/Content/EngineMaterials/Substrate/Glints2/dict_0000_0034.uasset" 6421
"../../../Engine/Content/EngineMaterials/Substrate/Glints2/dict_0000_0035.uasset" 6422
"../../../Engine/Content/EngineMaterials/Substrate/Glints2/dict_0000_0036.uasset" 6423
"../../../Engine/Content/EngineMaterials/Substrate/Glints2/dict_0000_0037.uasset" 6424
"../../../Engine/Content/EngineMaterials/Substrate/Glints2/dict_0000_0038.uasset" 6425
"../../../Engine/Content/EngineMaterials/Substrate/Glints2/dict_0000_0039.uasset" 6426
"../../../Engine/Content/EngineMaterials/Substrate/Glints2/dict_0000_0040.uasset" 6427
"../../../Engine/Content/EngineMaterials/Substrate/Glints2/dict_0000_0041.uasset" 6428
"../../../Engine/Content/EngineMaterials/Substrate/Glints2/dict_0000_0042.uasset" 6429
"../../../Engine/Content/EngineMaterials/Substrate/Glints2/dict_0000_0043.uasset" 6430
"../../../Engine/Content/EngineMaterials/Substrate/Glints2/dict_0000_0044.uasset" 6431
"../../../Engine/Content/EngineMaterials/Substrate/Glints2/dict_0000_0045.uasset" 6432
"../../../Engine/Content/EngineMaterials/Substrate/Glints2/dict_0000_0046.uasset" 6433
"../../../Engine/Content/EngineMaterials/Substrate/Glints2/dict_0000_0047.uasset" 6434
"../../../Engine/Content/EngineMaterials/Substrate/Glints2/dict_0000_0048.uasset" 6435
"../../../Engine/Content/EngineMaterials/Substrate/Glints2/dict_0000_0049.uasset" 6436
"../../../Engine/Content/EngineMaterials/Substrate/Glints2/dict_0000_0050.uasset" 6437
"../../../Engine/Content/EngineMaterials/Substrate/Glints2/dict_0000_0051.uasset" 6438
"../../../Engine/Content/EngineMaterials/Substrate/Glints2/dict_0000_0052.uasset" 6439
"../../../Engine/Content/EngineMaterials/Substrate/Glints2/dict_0000_0053.uasset" 6440
"../../../Engine/Content/EngineMaterials/Substrate/Glints2/dict_0000_0054.uasset" 6441
"../../../Engine/Content/EngineMaterials/Substrate/Glints2/dict_0000_0055.uasset" 6442
"../../../Engine/Content/EngineMaterials/Substrate/Glints2/dict_0000_0056.uasset" 6443
"../../../Engine/Content/EngineMaterials/Substrate/Glints2/dict_0000_0057.uasset" 6444
"../../../Engine/Content/EngineMaterials/Substrate/Glints2/dict_0000_0058.uasset" 6445
"../../../Engine/Content/EngineMaterials/Substrate/Glints2/dict_0000_0059.uasset" 6446
"../../../Engine/Content/EngineMaterials/Substrate/Glints2/dict_0000_0060.uasset" 6447
"../../../Engine/Content/EngineMaterials/Substrate/Glints2/dict_0000_0061.uasset" 6448
"../../../Engine/Content/EngineMaterials/Substrate/Glints2/dict_0000_0062.uasset" 6449
"../../../Engine/Content/EngineMaterials/Substrate/Glints2/dict_0000_0063.uasset" 6450
"../../../Engine/Content/EngineMaterials/Substrate/Glints2/dict_0000_0064.uasset" 6451
"../../../Engine/Content/EngineMaterials/Substrate/Glints2/dict_0000_0065.uasset" 6452
"../../../Engine/Content/EngineMaterials/Substrate/Glints2/dict_0000_0066.uasset" 6453
"../../../Engine/Content/EngineMaterials/Substrate/Glints2/dict_0000_0067.uasset" 6454
"../../../Engine/Content/EngineMaterials/Substrate/Glints2/dict_0000_0068.uasset" 6455
"../../../Engine/Content/EngineMaterials/Substrate/Glints2/dict_0000_0069.uasset" 6456
"../../../Engine/Content/EngineMaterials/Substrate/Glints2/dict_0000_0070.uasset" 6457
"../../../Engine/Content/EngineMaterials/Substrate/Glints2/dict_0000_0071.uasset" 6458
"../../../Engine/Content/EngineMaterials/Substrate/Glints2/dict_0000_0072.uasset" 6459
"../../../Engine/Content/EngineMaterials/Substrate/Glints2/dict_0000_0073.uasset" 6460
"../../../Engine/Content/EngineMaterials/Substrate/Glints2/dict_0000_0074.uasset" 6461
"../../../Engine/Content/EngineMaterials/Substrate/Glints2/dict_0000_0075.uasset" 6462
"../../../Engine/Content/EngineMaterials/Substrate/Glints2/dict_0000_0076.uasset" 6463
"../../../Engine/Content/EngineMaterials/Substrate/Glints2/dict_0000_0077.uasset" 6464
"../../../Engine/Content/EngineMaterials/Substrate/Glints2/dict_0000_0078.uasset" 6465
"../../../Engine/Content/EngineMaterials/Substrate/Glints2/dict_0000_0079.uasset" 6466
"../../../Engine/Content/EngineMaterials/Substrate/Glints2/dict_0000_0080.uasset" 6467
"../../../Engine/Content/EngineMaterials/Substrate/Glints2/dict_0000_0081.uasset" 6468
"../../../Engine/Content/EngineMaterials/Substrate/Glints2/dict_0000_0082.uasset" 6469
"../../../Engine/Content/EngineMaterials/Substrate/Glints2/dict_0000_0083.uasset" 6470
"../../../Engine/Content/EngineMaterials/Substrate/Glints2/dict_0000_0084.uasset" 6471
"../../../Engine/Content/EngineMaterials/Substrate/Glints2/dict_0000_0085.uasset" 6472
"../../../Engine/Content/EngineMaterials/Substrate/Glints2/dict_0000_0086.uasset" 6473
"../../../Engine/Content/EngineMaterials/Substrate/Glints2/dict_0000_0087.uasset" 6474
"../../../Engine/Content/EngineMaterials/Substrate/Glints2/dict_0000_0088.uasset" 6475
"../../../Engine/Content/EngineMaterials/Substrate/Glints2/dict_0000_0089.uasset" 6476
"../../../Engine/Content/EngineMaterials/Substrate/Glints2/dict_0000_0090.uasset" 6477
"../../../Engine/Content/EngineMaterials/Substrate/Glints2/dict_0000_0091.uasset" 6478
"../../../Engine/Content/EngineMaterials/Substrate/Glints2/dict_0000_0092.uasset" 6479
"../../../Engine/Content/EngineMaterials/Substrate/Glints2/dict_0000_0093.uasset" 6480
"../../../Engine/Content/EngineMaterials/Substrate/Glints2/dict_0000_0094.uasset" 6481
"../../../Engine/Content/EngineMaterials/Substrate/Glints2/dict_0000_0095.uasset" 6482
"../../../Engine/Content/EngineMaterials/Substrate/Glints2/dict_0000_0096.uasset" 6483
"../../../Engine/Content/EngineMaterials/Substrate/Glints2/dict_0000_0097.uasset" 6484
"../../../Engine/Content/EngineMaterials/Substrate/Glints2/dict_0000_0098.uasset" 6485
"../../../Engine/Content/EngineMaterials/Substrate/Glints2/dict_0000_0099.uasset" 6486
"../../../Engine/Content/EngineMaterials/Substrate/Glints2/dict_0000_0100.uasset" 6487
"../../../Engine/Content/EngineMaterials/Substrate/Glints2/dict_0000_0101.uasset" 6488
"../../../Engine/Content/EngineMaterials/Substrate/Glints2/dict_0000_0102.uasset" 6489
"../../../Engine/Content/EngineMaterials/Substrate/Glints2/dict_0000_0103.uasset" 6490
"../../../Engine/Content/EngineMaterials/Substrate/Glints2/dict_0000_0104.uasset" 6491
"../../../Engine/Content/EngineMaterials/Substrate/Glints2/dict_0000_0105.uasset" 6492
"../../../Engine/Content/EngineMaterials/Substrate/Glints2/dict_0000_0106.uasset" 6493
"../../../Engine/Content/EngineMaterials/Substrate/Glints2/dict_0000_0107.uasset" 6494
"../../../Engine/Content/EngineMaterials/Substrate/Glints2/dict_0000_0108.uasset" 6495
"../../../Engine/Content/EngineMaterials/Substrate/Glints2/dict_0000_0109.uasset" 6496
"../../../Engine/Content/EngineMaterials/Substrate/Glints2/dict_0000_0110.uasset" 6497
"../../../Engine/Content/EngineMaterials/Substrate/Glints2/dict_0000_0111.uasset" 6498
"../../../Engine/Content/EngineMaterials/Substrate/Glints2/dict_0000_0112.uasset" 6499
"../../../Engine/Content/EngineMaterials/Substrate/Glints2/dict_0000_0113.uasset" 6500
"../../../Engine/Content/EngineMaterials/Substrate/Glints2/dict_0000_0114.uasset" 6501
"../../../Engine/Content/EngineMaterials/Substrate/Glints2/dict_0000_0115.uasset" 6502
"../../../Engine/Content/EngineMaterials/Substrate/Glints2/dict_0000_0116.uasset" 6503
"../../../Engine/Content/EngineMaterials/Substrate/Glints2/dict_0000_0117.uasset" 6504
"../../../Engine/Content/EngineMaterials/Substrate/Glints2/dict_0000_0118.uasset" 6505
"../../../Engine/Content/EngineMaterials/Substrate/Glints2/dict_0000_0119.uasset" 6506
"../../../Engine/Content/EngineMaterials/Substrate/Glints2/dict_0000_0120.uasset" 6507
"../../../Engine/Content/EngineMaterials/Substrate/Glints2/dict_0000_0121.uasset" 6508
"../../../Engine/Content/EngineMaterials/Substrate/Glints2/dict_0000_0122.uasset" 6509
"../../../Engine/Content/EngineMaterials/Substrate/Glints2/dict_0000_0123.uasset" 6510
"../../../Engine/Content/EngineMaterials/Substrate/Glints2/dict_0000_0124.uasset" 6511
"../../../Engine/Content/EngineMaterials/Substrate/Glints2/dict_0000_0125.uasset" 6512
"../../../Engine/Content/EngineMaterials/Substrate/Glints2/dict_0000_0126.uasset" 6513
"../../../Engine/Content/EngineMaterials/Substrate/Glints2/dict_0000_0127.uasset" 6514
"../../../Engine/Content/EngineMaterials/Substrate/Glints2/dict_0000_0128.uasset" 6515
"../../../Engine/Content/EngineMaterials/Substrate/Glints2/dict_0000_0129.uasset" 6516
"../../../Engine/Content/EngineMaterials/Substrate/Glints2/dict_0000_0130.uasset" 6517
"../../../Engine/Content/EngineMaterials/Substrate/Glints2/dict_0000_0131.uasset" 6518
"../../../Engine/Content/EngineMaterials/Substrate/Glints2/dict_0000_0132.uasset" 6519
"../../../Engine/Content/EngineMaterials/Substrate/Glints2/dict_0000_0133.uasset" 6520
"../../../Engine/Content/EngineMaterials/Substrate/Glints2/dict_0000_0134.uasset" 6521
"../../../Engine/Content/EngineMaterials/Substrate/Glints2/dict_0000_0135.uasset" 6522
"../../../Engine/Content/EngineMaterials/Substrate/Glints2/dict_0000_0136.uasset" 6523
"../../../Engine/Content/EngineMaterials/Substrate/Glints2/dict_0000_0137.uasset" 6524
"../../../Engine/Content/EngineMaterials/Substrate/Glints2/dict_0000_0138.uasset" 6525
"../../../Engine/Content/EngineMaterials/Substrate/Glints2/dict_0000_0139.uasset" 6526
"../../../Engine/Content/EngineMaterials/Substrate/Glints2/dict_0000_0140.uasset" 6527
"../../../Engine/Content/EngineMaterials/Substrate/Glints2/dict_0000_0141.uasset" 6528
"../../../Engine/Content/EngineMaterials/Substrate/Glints2/dict_0000_0142.uasset" 6529
"../../../Engine/Content/EngineMaterials/Substrate/Glints2/dict_0000_0143.uasset" 6530
"../../../Engine/Content/EngineMaterials/Substrate/Glints2/dict_0000_0144.uasset" 6531
"../../../Engine/Content/EngineMaterials/Substrate/Glints2/dict_0000_0145.uasset" 6532
"../../../Engine/Content/EngineMaterials/Substrate/Glints2/dict_0000_0146.uasset" 6533
"../../../Engine/Content/EngineMaterials/Substrate/Glints2/dict_0000_0147.uasset" 6534
"../../../Engine/Content/EngineMaterials/Substrate/Glints2/dict_0000_0148.uasset" 6535
"../../../Engine/Content/EngineMaterials/Substrate/Glints2/dict_0000_0149.uasset" 6536
"../../../Engine/Content/EngineMaterials/Substrate/Glints2/dict_0000_0150.uasset" 6537
"../../../Engine/Content/EngineMaterials/Substrate/Glints2/dict_0000_0151.uasset" 6538
"../../../Engine/Content/EngineMaterials/Substrate/Glints2/dict_0000_0152.uasset" 6539
"../../../Engine/Content/EngineMaterials/Substrate/Glints2/dict_0000_0153.uasset" 6540
"../../../Engine/Content/EngineMaterials/Substrate/Glints2/dict_0000_0154.uasset" 6541
"../../../Engine/Content/EngineMaterials/Substrate/Glints2/dict_0000_0155.uasset" 6542
"../../../Engine/Content/EngineMaterials/Substrate/Glints2/dict_0000_0156.uasset" 6543
"../../../Engine/Content/EngineMaterials/Substrate/Glints2/dict_0000_0157.uasset" 6544
"../../../Engine/Content/EngineMaterials/Substrate/Glints2/dict_0000_0158.uasset" 6545
"../../../Engine/Content/EngineMaterials/Substrate/Glints2/dict_0000_0159.uasset" 6546
"../../../Engine/Content/EngineMaterials/Substrate/Glints2/dict_0000_0160.uasset" 6547
"../../../Engine/Content/EngineMaterials/Substrate/Glints2/dict_0000_0161.uasset" 6548
"../../../Engine/Content/EngineMaterials/Substrate/Glints2/dict_0000_0162.uasset" 6549
"../../../Engine/Content/EngineMaterials/Substrate/Glints2/dict_0000_0163.uasset" 6550
"../../../Engine/Content/EngineMaterials/Substrate/Glints2/dict_0000_0164.uasset" 6551
"../../../Engine/Content/EngineMaterials/Substrate/Glints2/dict_0000_0165.uasset" 6552
"../../../Engine/Content/EngineMaterials/Substrate/Glints2/dict_0000_0166.uasset" 6553
"../../../Engine/Content/EngineMaterials/Substrate/Glints2/dict_0000_0167.uasset" 6554
"../../../Engine/Content/EngineMaterials/Substrate/Glints2/dict_0000_0168.uasset" 6555
"../../../Engine/Content/EngineMaterials/Substrate/Glints2/dict_0000_0169.uasset" 6556
"../../../Engine/Content/EngineMaterials/Substrate/Glints2/dict_0000_0170.uasset" 6557
"../../../Engine/Content/EngineMaterials/Substrate/Glints2/dict_0000_0171.uasset" 6558
"../../../Engine/Content/EngineMaterials/Substrate/Glints2/dict_0000_0172.uasset" 6559
"../../../Engine/Content/EngineMaterials/Substrate/Glints2/dict_0000_0173.uasset" 6560
"../../../Engine/Content/EngineMaterials/Substrate/Glints2/dict_0000_0174.uasset" 6561
"../../../Engine/Content/EngineMaterials/Substrate/Glints2/dict_0000_0175.uasset" 6562
"../../../Engine/Content/EngineMaterials/Substrate/Glints2/dict_0000_0176.uasset" 6563
"../../../Engine/Content/EngineMaterials/Substrate/Glints2/dict_0000_0177.uasset" 6564
"../../../Engine/Content/EngineMaterials/Substrate/Glints2/dict_0000_0178.uasset" 6565
"../../../Engine/Content/EngineMaterials/Substrate/Glints2/dict_0000_0179.uasset" 6566
"../../../Engine/Content/EngineMaterials/Substrate/Glints2/dict_0000_0180.uasset" 6567
"../../../Engine/Content/EngineMaterials/Substrate/Glints2/dict_0000_0181.uasset" 6568
"../../../Engine/Content/EngineMaterials/Substrate/Glints2/dict_0000_0182.uasset" 6569
"../../../Engine/Content/EngineMaterials/Substrate/Glints2/dict_0000_0183.uasset" 6570
"../../../Engine/Content/EngineMaterials/Substrate/Glints2/dict_0000_0184.uasset" 6571
"../../../Engine/Content/EngineMaterials/Substrate/Glints2/dict_0000_0185.uasset" 6572
"../../../Engine/Content/EngineMaterials/Substrate/Glints2/dict_0000_0186.uasset" 6573
"../../../Engine/Content/EngineMaterials/Substrate/Glints2/dict_0000_0187.uasset" 6574
"../../../Engine/Content/EngineMaterials/Substrate/Glints2/dict_0000_0188.uasset" 6575
"../../../Engine/Content/EngineMaterials/Substrate/Glints2/dict_0000_0189.uasset" 6576
"../../../Engine/Content/EngineMaterials/Substrate/Glints2/dict_0000_0190.uasset" 6577
"../../../Engine/Content/EngineMaterials/Substrate/Glints2/dict_0000_0191.uasset" 6578
"../../../Engine/Content/EngineMaterials/Substrate/Glints2/dict_0000_0192.uasset" 6579
"../../../Engine/Content/EngineMaterials/Substrate/Glints2/dict_0000_0193.uasset" 6580
"../../../Engine/Content/EngineMaterials/Substrate/Glints2/dict_0000_0194.uasset" 6581
"../../../Engine/Content/EngineMaterials/Substrate/Glints2/dict_0000_0195.uasset" 6582
"../../../Engine/Content/EngineMaterials/Substrate/Glints2/dict_0000_0196.uasset" 6583
"../../../Engine/Content/EngineMaterials/Substrate/Glints2/dict_0000_0197.uasset" 6584
"../../../Engine/Content/EngineMaterials/Substrate/Glints2/dict_0000_0198.uasset" 6585
"../../../Engine/Content/EngineMaterials/Substrate/Glints2/dict_0000_0199.uasset" 6586
"../../../Engine/Content/EngineMaterials/Substrate/Glints2/dict_0000_0200.uasset" 6587
"../../../Engine/Content/EngineMaterials/Substrate/Glints2/dict_0000_0201.uasset" 6588
"../../../Engine/Content/EngineMaterials/Substrate/Glints2/dict_0000_0202.uasset" 6589
"../../../Engine/Content/EngineMaterials/Substrate/Glints2/dict_0000_0203.uasset" 6590
"../../../Engine/Content/EngineMaterials/Substrate/Glints2/dict_0000_0204.uasset" 6591
"../../../Engine/Content/EngineMaterials/Substrate/Glints2/dict_0000_0205.uasset" 6592
"../../../Engine/Content/EngineMaterials/Substrate/Glints2/dict_0000_0206.uasset" 6593
"../../../Engine/Content/EngineMaterials/Substrate/Glints2/dict_0000_0207.uasset" 6594
"../../../Engine/Content/EngineMaterials/Substrate/Glints2/dict_0000_0208.uasset" 6595
"../../../Engine/Content/EngineMaterials/Substrate/Glints2/dict_0000_0209.uasset" 6596
"../../../Engine/Content/EngineMaterials/Substrate/Glints2/dict_0000_0210.uasset" 6597
"../../../Engine/Content/EngineMaterials/Substrate/Glints2/dict_0000_0211.uasset" 6598
"../../../Engine/Content/EngineMaterials/Substrate/Glints2/dict_0000_0212.uasset" 6599
"../../../Engine/Content/EngineMaterials/Substrate/Glints2/dict_0000_0213.uasset" 6600
"../../../Engine/Content/EngineMaterials/Substrate/Glints2/dict_0000_0214.uasset" 6601
"../../../Engine/Content/EngineMaterials/Substrate/Glints2/dict_0000_0215.uasset" 6602
"../../../Engine/Content/EngineMaterials/Substrate/Glints2/dict_0000_0216.uasset" 6603
"../../../Engine/Content/EngineMaterials/Substrate/Glints2/dict_0000_0217.uasset" 6604
"../../../Engine/Content/EngineMaterials/Substrate/Glints2/dict_0000_0218.uasset" 6605
"../../../Engine/Content/EngineMaterials/Substrate/Glints2/dict_0000_0219.uasset" 6606
"../../../Engine/Content/EngineMaterials/Substrate/Glints2/dict_0000_0220.uasset" 6607
"../../../Engine/Content/EngineMaterials/Substrate/Glints2/dict_0000_0221.uasset" 6608
"../../../Engine/Content/EngineMaterials/Substrate/Glints2/dict_0000_0222.uasset" 6609
"../../../Engine/Content/EngineMaterials/Substrate/Glints2/dict_0000_0223.uasset" 6610
"../../../Engine/Content/EngineMaterials/Substrate/Glints2/dict_0000_0224.uasset" 6611
"../../../Engine/Content/EngineMaterials/Substrate/Glints2/dict_0000_0225.uasset" 6612
"../../../Engine/Content/EngineMaterials/Substrate/Glints2/dict_0000_0226.uasset" 6613
"../../../Engine/Content/EngineMaterials/Substrate/Glints2/dict_0000_0227.uasset" 6614
"../../../Engine/Content/EngineMaterials/Substrate/Glints2/dict_0000_0228.uasset" 6615
"../../../Engine/Content/EngineMaterials/Substrate/Glints2/dict_0000_0229.uasset" 6616
"../../../Engine/Content/EngineMaterials/Substrate/Glints2/dict_0000_0230.uasset" 6617
"../../../Engine/Content/EngineMaterials/Substrate/Glints2/dict_0000_0231.uasset" 6618
"../../../Engine/Content/EngineMaterials/Substrate/Glints2/dict_0000_0232.uasset" 6619
"../../../Engine/Content/EngineMaterials/Substrate/Glints2/dict_0000_0233.uasset" 6620
"../../../Engine/Content/EngineMaterials/Substrate/Glints2/dict_0000_0234.uasset" 6621
"../../../Engine/Content/EngineMaterials/Substrate/Glints2/dict_0000_0235.uasset" 6622
"../../../Engine/Content/EngineMaterials/Substrate/Glints2/dict_0000_0236.uasset" 6623
"../../../Engine/Content/EngineMaterials/Substrate/Glints2/dict_0000_0237.uasset" 6624
"../../../Engine/Content/EngineMaterials/Substrate/Glints2/dict_0000_0238.uasset" 6625
"../../../Engine/Content/EngineMaterials/Substrate/Glints2/dict_0000_0239.uasset" 6626
"../../../Engine/Content/EngineMaterials/Substrate/Glints2/dict_0000_0240.uasset" 6627
"../../../Engine/Content/EngineMaterials/Substrate/Glints2/dict_0000_0241.uasset" 6628
"../../../Engine/Content/EngineMaterials/Substrate/Glints2/dict_0000_0242.uasset" 6629
"../../../Engine/Content/EngineMaterials/Substrate/Glints2/dict_0000_0243.uasset" 6630
"../../../Engine/Content/EngineMaterials/Substrate/Glints2/dict_0000_0244.uasset" 6631
"../../../Engine/Content/EngineMaterials/Substrate/Glints2/dict_0000_0245.uasset" 6632
"../../../Engine/Content/EngineMaterials/Substrate/Glints2/dict_0000_0246.uasset" 6633
"../../../Engine/Content/EngineMaterials/Substrate/Glints2/dict_0000_0247.uasset" 6634
"../../../Engine/Content/EngineMaterials/Substrate/Glints2/dict_0000_0248.uasset" 6635
"../../../Engine/Content/EngineMaterials/Substrate/Glints2/dict_0000_0249.uasset" 6636
"../../../Engine/Content/EngineMaterials/Substrate/Glints2/dict_0000_0250.uasset" 6637
"../../../Engine/Content/EngineMaterials/Substrate/Glints2/dict_0000_0251.uasset" 6638
"../../../Engine/Content/EngineMaterials/Substrate/Glints2/dict_0000_0252.uasset" 6639
"../../../Engine/Content/EngineMaterials/Substrate/Glints2/dict_0000_0253.uasset" 6640
"../../../Engine/Content/EngineMaterials/Substrate/Glints2/dict_0000_0254.uasset" 6641
"../../../Engine/Content/EngineMaterials/Substrate/Glints2/dict_0000_0255.uasset" 6642
"../../../Engine/Content/EngineMaterials/Substrate/Glints2/dict_0001_0000.uasset" 6643
"../../../Engine/Content/EngineMaterials/Substrate/Glints2/dict_0001_0001.uasset" 6644
"../../../Engine/Content/EngineMaterials/Substrate/Glints2/dict_0001_0002.uasset" 6645
"../../../Engine/Content/EngineMaterials/Substrate/Glints2/dict_0001_0003.uasset" 6646
"../../../Engine/Content/EngineMaterials/Substrate/Glints2/dict_0001_0004.uasset" 6647
"../../../Engine/Content/EngineMaterials/Substrate/Glints2/dict_0001_0005.uasset" 6648
"../../../Engine/Content/EngineMaterials/Substrate/Glints2/dict_0001_0006.uasset" 6649
"../../../Engine/Content/EngineMaterials/Substrate/Glints2/dict_0001_0007.uasset" 6650
"../../../Engine/Content/EngineMaterials/Substrate/Glints2/dict_0001_0008.uasset" 6651
"../../../Engine/Content/EngineMaterials/Substrate/Glints2/dict_0001_0009.uasset" 6652
"../../../Engine/Content/EngineMaterials/Substrate/Glints2/dict_0001_0010.uasset" 6653
"../../../Engine/Content/EngineMaterials/Substrate/Glints2/dict_0001_0011.uasset" 6654
"../../../Engine/Content/EngineMaterials/Substrate/Glints2/dict_0001_0012.uasset" 6655
"../../../Engine/Content/EngineMaterials/Substrate/Glints2/dict_0001_0013.uasset" 6656
"../../../Engine/Content/EngineMaterials/Substrate/Glints2/dict_0001_0014.uasset" 6657
"../../../Engine/Content/EngineMaterials/Substrate/Glints2/dict_0001_0015.uasset" 6658
"../../../Engine/Content/EngineMaterials/Substrate/Glints2/dict_0001_0016.uasset" 6659
"../../../Engine/Content/EngineMaterials/Substrate/Glints2/dict_0001_0017.uasset" 6660
"../../../Engine/Content/EngineMaterials/Substrate/Glints2/dict_0001_0018.uasset" 6661
"../../../Engine/Content/EngineMaterials/Substrate/Glints2/dict_0001_0019.uasset" 6662
"../../../Engine/Content/EngineMaterials/Substrate/Glints2/dict_0001_0020.uasset" 6663
"../../../Engine/Content/EngineMaterials/Substrate/Glints2/dict_0001_0021.uasset" 6664
"../../../Engine/Content/EngineMaterials/Substrate/Glints2/dict_0001_0022.uasset" 6665
"../../../Engine/Content/EngineMaterials/Substrate/Glints2/dict_0001_0023.uasset" 6666
"../../../Engine/Content/EngineMaterials/Substrate/Glints2/dict_0001_0024.uasset" 6667
"../../../Engine/Content/EngineMaterials/Substrate/Glints2/dict_0001_0025.uasset" 6668
"../../../Engine/Content/EngineMaterials/Substrate/Glints2/dict_0001_0026.uasset" 6669
"../../../Engine/Content/EngineMaterials/Substrate/Glints2/dict_0001_0027.uasset" 6670
"../../../Engine/Content/EngineMaterials/Substrate/Glints2/dict_0001_0028.uasset" 6671
"../../../Engine/Content/EngineMaterials/Substrate/Glints2/dict_0001_0029.uasset" 6672
"../../../Engine/Content/EngineMaterials/Substrate/Glints2/dict_0001_0030.uasset" 6673
"../../../Engine/Content/EngineMaterials/Substrate/Glints2/dict_0001_0031.uasset" 6674
"../../../Engine/Content/EngineMaterials/Substrate/Glints2/dict_0001_0032.uasset" 6675
"../../../Engine/Content/EngineMaterials/Substrate/Glints2/dict_0001_0033.uasset" 6676
"../../../Engine/Content/EngineMaterials/Substrate/Glints2/dict_0001_0034.uasset" 6677
"../../../Engine/Content/EngineMaterials/Substrate/Glints2/dict_0001_0035.uasset" 6678
"../../../Engine/Content/EngineMaterials/Substrate/Glints2/dict_0001_0036.uasset" 6679
"../../../Engine/Content/EngineMaterials/Substrate/Glints2/dict_0001_0037.uasset" 6680
"../../../Engine/Content/EngineMaterials/Substrate/Glints2/dict_0001_0038.uasset" 6681
"../../../Engine/Content/EngineMaterials/Substrate/Glints2/dict_0001_0039.uasset" 6682
"../../../Engine/Content/EngineMaterials/Substrate/Glints2/dict_0001_0040.uasset" 6683
"../../../Engine/Content/EngineMaterials/Substrate/Glints2/dict_0001_0041.uasset" 6684
"../../../Engine/Content/EngineMaterials/Substrate/Glints2/dict_0001_0042.uasset" 6685
"../../../Engine/Content/EngineMaterials/Substrate/Glints2/dict_0001_0043.uasset" 6686
"../../../Engine/Content/EngineMaterials/Substrate/Glints2/dict_0001_0044.uasset" 6687
"../../../Engine/Content/EngineMaterials/Substrate/Glints2/dict_0001_0045.uasset" 6688
"../../../Engine/Content/EngineMaterials/Substrate/Glints2/dict_0001_0046.uasset" 6689
"../../../Engine/Content/EngineMaterials/Substrate/Glints2/dict_0001_0047.uasset" 6690
"../../../Engine/Content/EngineMaterials/Substrate/Glints2/dict_0001_0048.uasset" 6691
"../../../Engine/Content/EngineMaterials/Substrate/Glints2/dict_0001_0049.uasset" 6692
"../../../Engine/Content/EngineMaterials/Substrate/Glints2/dict_0001_0050.uasset" 6693
"../../../Engine/Content/EngineMaterials/Substrate/Glints2/dict_0001_0051.uasset" 6694
"../../../Engine/Content/EngineMaterials/Substrate/Glints2/dict_0001_0052.uasset" 6695
"../../../Engine/Content/EngineMaterials/Substrate/Glints2/dict_0001_0053.uasset" 6696
"../../../Engine/Content/EngineMaterials/Substrate/Glints2/dict_0001_0054.uasset" 6697
"../../../Engine/Content/EngineMaterials/Substrate/Glints2/dict_0001_0055.uasset" 6698
"../../../Engine/Content/EngineMaterials/Substrate/Glints2/dict_0001_0056.uasset" 6699
"../../../Engine/Content/EngineMaterials/Substrate/Glints2/dict_0001_0057.uasset" 6700
"../../../Engine/Content/EngineMaterials/Substrate/Glints2/dict_0001_0058.uasset" 6701
"../../../Engine/Content/EngineMaterials/Substrate/Glints2/dict_0001_0059.uasset" 6702
"../../../Engine/Content/EngineMaterials/Substrate/Glints2/dict_0001_0060.uasset" 6703
"../../../Engine/Content/EngineMaterials/Substrate/Glints2/dict_0001_0061.uasset" 6704
"../../../Engine/Content/EngineMaterials/Substrate/Glints2/dict_0001_0062.uasset" 6705
"../../../Engine/Content/EngineMaterials/Substrate/Glints2/dict_0001_0063.uasset" 6706
"../../../Engine/Content/EngineMaterials/Substrate/Glints2/dict_0001_0064.uasset" 6707
"../../../Engine/Content/EngineMaterials/Substrate/Glints2/dict_0001_0065.uasset" 6708
"../../../Engine/Content/EngineMaterials/Substrate/Glints2/dict_0001_0066.uasset" 6709
"../../../Engine/Content/EngineMaterials/Substrate/Glints2/dict_0001_0067.uasset" 6710
"../../../Engine/Content/EngineMaterials/Substrate/Glints2/dict_0001_0068.uasset" 6711
"../../../Engine/Content/EngineMaterials/Substrate/Glints2/dict_0001_0069.uasset" 6712
"../../../Engine/Content/EngineMaterials/Substrate/Glints2/dict_0001_0070.uasset" 6713
"../../../Engine/Content/EngineMaterials/Substrate/Glints2/dict_0001_0071.uasset" 6714
"../../../Engine/Content/EngineMaterials/Substrate/Glints2/dict_0001_0072.uasset" 6715
"../../../Engine/Content/EngineMaterials/Substrate/Glints2/dict_0001_0073.uasset" 6716
"../../../Engine/Content/EngineMaterials/Substrate/Glints2/dict_0001_0074.uasset" 6717
"../../../Engine/Content/EngineMaterials/Substrate/Glints2/dict_0001_0075.uasset" 6718
"../../../Engine/Content/EngineMaterials/Substrate/Glints2/dict_0001_0076.uasset" 6719
"../../../Engine/Content/EngineMaterials/Substrate/Glints2/dict_0001_0077.uasset" 6720
"../../../Engine/Content/EngineMaterials/Substrate/Glints2/dict_0001_0078.uasset" 6721
"../../../Engine/Content/EngineMaterials/Substrate/Glints2/dict_0001_0079.uasset" 6722
"../../../Engine/Content/EngineMaterials/Substrate/Glints2/dict_0001_0080.uasset" 6723
"../../../Engine/Content/EngineMaterials/Substrate/Glints2/dict_0001_0081.uasset" 6724
"../../../Engine/Content/EngineMaterials/Substrate/Glints2/dict_0001_0082.uasset" 6725
"../../../Engine/Content/EngineMaterials/Substrate/Glints2/dict_0001_0083.uasset" 6726
"../../../Engine/Content/EngineMaterials/Substrate/Glints2/dict_0001_0084.uasset" 6727
"../../../Engine/Content/EngineMaterials/Substrate/Glints2/dict_0001_0085.uasset" 6728
"../../../Engine/Content/EngineMaterials/Substrate/Glints2/dict_0001_0086.uasset" 6729
"../../../Engine/Content/EngineMaterials/Substrate/Glints2/dict_0001_0087.uasset" 6730
"../../../Engine/Content/EngineMaterials/Substrate/Glints2/dict_0001_0088.uasset" 6731
"../../../Engine/Content/EngineMaterials/Substrate/Glints2/dict_0001_0089.uasset" 6732
"../../../Engine/Content/EngineMaterials/Substrate/Glints2/dict_0001_0090.uasset" 6733
"../../../Engine/Content/EngineMaterials/Substrate/Glints2/dict_0001_0091.uasset" 6734
"../../../Engine/Content/EngineMaterials/Substrate/Glints2/dict_0001_0092.uasset" 6735
"../../../Engine/Content/EngineMaterials/Substrate/Glints2/dict_0001_0093.uasset" 6736
"../../../Engine/Content/EngineMaterials/Substrate/Glints2/dict_0001_0094.uasset" 6737
"../../../Engine/Content/EngineMaterials/Substrate/Glints2/dict_0001_0095.uasset" 6738
"../../../Engine/Content/EngineMaterials/Substrate/Glints2/dict_0001_0096.uasset" 6739
"../../../Engine/Content/EngineMaterials/Substrate/Glints2/dict_0001_0097.uasset" 6740
"../../../Engine/Content/EngineMaterials/Substrate/Glints2/dict_0001_0098.uasset" 6741
"../../../Engine/Content/EngineMaterials/Substrate/Glints2/dict_0001_0099.uasset" 6742
"../../../Engine/Content/EngineMaterials/Substrate/Glints2/dict_0001_0100.uasset" 6743
"../../../Engine/Content/EngineMaterials/Substrate/Glints2/dict_0001_0101.uasset" 6744
"../../../Engine/Content/EngineMaterials/Substrate/Glints2/dict_0001_0102.uasset" 6745
"../../../Engine/Content/EngineMaterials/Substrate/Glints2/dict_0001_0103.uasset" 6746
"../../../Engine/Content/EngineMaterials/Substrate/Glints2/dict_0001_0104.uasset" 6747
"../../../Engine/Content/EngineMaterials/Substrate/Glints2/dict_0001_0105.uasset" 6748
"../../../Engine/Content/EngineMaterials/Substrate/Glints2/dict_0001_0106.uasset" 6749
"../../../Engine/Content/EngineMaterials/Substrate/Glints2/dict_0001_0107.uasset" 6750
"../../../Engine/Content/EngineMaterials/Substrate/Glints2/dict_0001_0108.uasset" 6751
"../../../Engine/Content/EngineMaterials/Substrate/Glints2/dict_0001_0109.uasset" 6752
"../../../Engine/Content/EngineMaterials/Substrate/Glints2/dict_0001_0110.uasset" 6753
"../../../Engine/Content/EngineMaterials/Substrate/Glints2/dict_0001_0111.uasset" 6754
"../../../Engine/Content/EngineMaterials/Substrate/Glints2/dict_0001_0112.uasset" 6755
"../../../Engine/Content/EngineMaterials/Substrate/Glints2/dict_0001_0113.uasset" 6756
"../../../Engine/Content/EngineMaterials/Substrate/Glints2/dict_0001_0114.uasset" 6757
"../../../Engine/Content/EngineMaterials/Substrate/Glints2/dict_0001_0115.uasset" 6758
"../../../Engine/Content/EngineMaterials/Substrate/Glints2/dict_0001_0116.uasset" 6759
"../../../Engine/Content/EngineMaterials/Substrate/Glints2/dict_0001_0117.uasset" 6760
"../../../Engine/Content/EngineMaterials/Substrate/Glints2/dict_0001_0118.uasset" 6761
"../../../Engine/Content/EngineMaterials/Substrate/Glints2/dict_0001_0119.uasset" 6762
"../../../Engine/Content/EngineMaterials/Substrate/Glints2/dict_0001_0120.uasset" 6763
"../../../Engine/Content/EngineMaterials/Substrate/Glints2/dict_0001_0121.uasset" 6764
"../../../Engine/Content/EngineMaterials/Substrate/Glints2/dict_0001_0122.uasset" 6765
"../../../Engine/Content/EngineMaterials/Substrate/Glints2/dict_0001_0123.uasset" 6766
"../../../Engine/Content/EngineMaterials/Substrate/Glints2/dict_0001_0124.uasset" 6767
"../../../Engine/Content/EngineMaterials/Substrate/Glints2/dict_0001_0125.uasset" 6768
"../../../Engine/Content/EngineMaterials/Substrate/Glints2/dict_0001_0126.uasset" 6769
"../../../Engine/Content/EngineMaterials/Substrate/Glints2/dict_0001_0127.uasset" 6770
"../../../Engine/Content/EngineMaterials/Substrate/Glints2/dict_0001_0128.uasset" 6771
"../../../Engine/Content/EngineMaterials/Substrate/Glints2/dict_0001_0129.uasset" 6772
"../../../Engine/Content/EngineMaterials/Substrate/Glints2/dict_0001_0130.uasset" 6773
"../../../Engine/Content/EngineMaterials/Substrate/Glints2/dict_0001_0131.uasset" 6774
"../../../Engine/Content/EngineMaterials/Substrate/Glints2/dict_0001_0132.uasset" 6775
"../../../Engine/Content/EngineMaterials/Substrate/Glints2/dict_0001_0133.uasset" 6776
"../../../Engine/Content/EngineMaterials/Substrate/Glints2/dict_0001_0134.uasset" 6777
"../../../Engine/Content/EngineMaterials/Substrate/Glints2/dict_0001_0135.uasset" 6778
"../../../Engine/Content/EngineMaterials/Substrate/Glints2/dict_0001_0136.uasset" 6779
"../../../Engine/Content/EngineMaterials/Substrate/Glints2/dict_0001_0137.uasset" 6780
"../../../Engine/Content/EngineMaterials/Substrate/Glints2/dict_0001_0138.uasset" 6781
"../../../Engine/Content/EngineMaterials/Substrate/Glints2/dict_0001_0139.uasset" 6782
"../../../Engine/Content/EngineMaterials/Substrate/Glints2/dict_0001_0140.uasset" 6783
"../../../Engine/Content/EngineMaterials/Substrate/Glints2/dict_0001_0141.uasset" 6784
"../../../Engine/Content/EngineMaterials/Substrate/Glints2/dict_0001_0142.uasset" 6785
"../../../Engine/Content/EngineMaterials/Substrate/Glints2/dict_0001_0143.uasset" 6786
"../../../Engine/Content/EngineMaterials/Substrate/Glints2/dict_0001_0144.uasset" 6787
"../../../Engine/Content/EngineMaterials/Substrate/Glints2/dict_0001_0145.uasset" 6788
"../../../Engine/Content/EngineMaterials/Substrate/Glints2/dict_0001_0146.uasset" 6789
"../../../Engine/Content/EngineMaterials/Substrate/Glints2/dict_0001_0147.uasset" 6790
"../../../Engine/Content/EngineMaterials/Substrate/Glints2/dict_0001_0148.uasset" 6791
"../../../Engine/Content/EngineMaterials/Substrate/Glints2/dict_0001_0149.uasset" 6792
"../../../Engine/Content/EngineMaterials/Substrate/Glints2/dict_0001_0150.uasset" 6793
"../../../Engine/Content/EngineMaterials/Substrate/Glints2/dict_0001_0151.uasset" 6794
"../../../Engine/Content/EngineMaterials/Substrate/Glints2/dict_0001_0152.uasset" 6795
"../../../Engine/Content/EngineMaterials/Substrate/Glints2/dict_0001_0153.uasset" 6796
"../../../Engine/Content/EngineMaterials/Substrate/Glints2/dict_0001_0154.uasset" 6797
"../../../Engine/Content/EngineMaterials/Substrate/Glints2/dict_0001_0155.uasset" 6798
"../../../Engine/Content/EngineMaterials/Substrate/Glints2/dict_0001_0156.uasset" 6799
"../../../Engine/Content/EngineMaterials/Substrate/Glints2/dict_0001_0157.uasset" 6800
"../../../Engine/Content/EngineMaterials/Substrate/Glints2/dict_0001_0158.uasset" 6801
"../../../Engine/Content/EngineMaterials/Substrate/Glints2/dict_0001_0159.uasset" 6802
"../../../Engine/Content/EngineMaterials/Substrate/Glints2/dict_0001_0160.uasset" 6803
"../../../Engine/Content/EngineMaterials/Substrate/Glints2/dict_0001_0161.uasset" 6804
"../../../Engine/Content/EngineMaterials/Substrate/Glints2/dict_0001_0162.uasset" 6805
"../../../Engine/Content/EngineMaterials/Substrate/Glints2/dict_0001_0163.uasset" 6806
"../../../Engine/Content/EngineMaterials/Substrate/Glints2/dict_0001_0164.uasset" 6807
"../../../Engine/Content/EngineMaterials/Substrate/Glints2/dict_0001_0165.uasset" 6808
"../../../Engine/Content/EngineMaterials/Substrate/Glints2/dict_0001_0166.uasset" 6809
"../../../Engine/Content/EngineMaterials/Substrate/Glints2/dict_0001_0167.uasset" 6810
"../../../Engine/Content/EngineMaterials/Substrate/Glints2/dict_0001_0168.uasset" 6811
"../../../Engine/Content/EngineMaterials/Substrate/Glints2/dict_0001_0169.uasset" 6812
"../../../Engine/Content/EngineMaterials/Substrate/Glints2/dict_0001_0170.uasset" 6813
"../../../Engine/Content/EngineMaterials/Substrate/Glints2/dict_0001_0171.uasset" 6814
"../../../Engine/Content/EngineMaterials/Substrate/Glints2/dict_0001_0172.uasset" 6815
"../../../Engine/Content/EngineMaterials/Substrate/Glints2/dict_0001_0173.uasset" 6816
"../../../Engine/Content/EngineMaterials/Substrate/Glints2/dict_0001_0174.uasset" 6817
"../../../Engine/Content/EngineMaterials/Substrate/Glints2/dict_0001_0175.uasset" 6818
"../../../Engine/Content/EngineMaterials/Substrate/Glints2/dict_0001_0176.uasset" 6819
"../../../Engine/Content/EngineMaterials/Substrate/Glints2/dict_0001_0177.uasset" 6820
"../../../Engine/Content/EngineMaterials/Substrate/Glints2/dict_0001_0178.uasset" 6821
"../../../Engine/Content/EngineMaterials/Substrate/Glints2/dict_0001_0179.uasset" 6822
"../../../Engine/Content/EngineMaterials/Substrate/Glints2/dict_0001_0180.uasset" 6823
"../../../Engine/Content/EngineMaterials/Substrate/Glints2/dict_0001_0181.uasset" 6824
"../../../Engine/Content/EngineMaterials/Substrate/Glints2/dict_0001_0182.uasset" 6825
"../../../Engine/Content/EngineMaterials/Substrate/Glints2/dict_0001_0183.uasset" 6826
"../../../Engine/Content/EngineMaterials/Substrate/Glints2/dict_0001_0184.uasset" 6827
"../../../Engine/Content/EngineMaterials/Substrate/Glints2/dict_0001_0185.uasset" 6828
"../../../Engine/Content/EngineMaterials/Substrate/Glints2/dict_0001_0186.uasset" 6829
"../../../Engine/Content/EngineMaterials/Substrate/Glints2/dict_0001_0187.uasset" 6830
"../../../Engine/Content/EngineMaterials/Substrate/Glints2/dict_0001_0188.uasset" 6831
"../../../Engine/Content/EngineMaterials/Substrate/Glints2/dict_0001_0189.uasset" 6832
"../../../Engine/Content/EngineMaterials/Substrate/Glints2/dict_0001_0190.uasset" 6833
"../../../Engine/Content/EngineMaterials/Substrate/Glints2/dict_0001_0191.uasset" 6834
"../../../Engine/Content/EngineMaterials/Substrate/Glints2/dict_0001_0192.uasset" 6835
"../../../Engine/Content/EngineMaterials/Substrate/Glints2/dict_0001_0193.uasset" 6836
"../../../Engine/Content/EngineMaterials/Substrate/Glints2/dict_0001_0194.uasset" 6837
"../../../Engine/Content/EngineMaterials/Substrate/Glints2/dict_0001_0195.uasset" 6838
"../../../Engine/Content/EngineMaterials/Substrate/Glints2/dict_0001_0196.uasset" 6839
"../../../Engine/Content/EngineMaterials/Substrate/Glints2/dict_0001_0197.uasset" 6840
"../../../Engine/Content/EngineMaterials/Substrate/Glints2/dict_0001_0198.uasset" 6841
"../../../Engine/Content/EngineMaterials/Substrate/Glints2/dict_0001_0199.uasset" 6842
"../../../Engine/Content/EngineMaterials/Substrate/Glints2/dict_0001_0200.uasset" 6843
"../../../Engine/Content/EngineMaterials/Substrate/Glints2/dict_0001_0201.uasset" 6844
"../../../Engine/Content/EngineMaterials/Substrate/Glints2/dict_0001_0202.uasset" 6845
"../../../Engine/Content/EngineMaterials/Substrate/Glints2/dict_0001_0203.uasset" 6846
"../../../Engine/Content/EngineMaterials/Substrate/Glints2/dict_0001_0204.uasset" 6847
"../../../Engine/Content/EngineMaterials/Substrate/Glints2/dict_0001_0205.uasset" 6848
"../../../Engine/Content/EngineMaterials/Substrate/Glints2/dict_0001_0206.uasset" 6849
"../../../Engine/Content/EngineMaterials/Substrate/Glints2/dict_0001_0207.uasset" 6850
"../../../Engine/Content/EngineMaterials/Substrate/Glints2/dict_0001_0208.uasset" 6851
"../../../Engine/Content/EngineMaterials/Substrate/Glints2/dict_0001_0209.uasset" 6852
"../../../Engine/Content/EngineMaterials/Substrate/Glints2/dict_0001_0210.uasset" 6853
"../../../Engine/Content/EngineMaterials/Substrate/Glints2/dict_0001_0211.uasset" 6854
"../../../Engine/Content/EngineMaterials/Substrate/Glints2/dict_0001_0212.uasset" 6855
"../../../Engine/Content/EngineMaterials/Substrate/Glints2/dict_0001_0213.uasset" 6856
"../../../Engine/Content/EngineMaterials/Substrate/Glints2/dict_0001_0214.uasset" 6857
"../../../Engine/Content/EngineMaterials/Substrate/Glints2/dict_0001_0215.uasset" 6858
"../../../Engine/Content/EngineMaterials/Substrate/Glints2/dict_0001_0216.uasset" 6859
"../../../Engine/Content/EngineMaterials/Substrate/Glints2/dict_0001_0217.uasset" 6860
"../../../Engine/Content/EngineMaterials/Substrate/Glints2/dict_0001_0218.uasset" 6861
"../../../Engine/Content/EngineMaterials/Substrate/Glints2/dict_0001_0219.uasset" 6862
"../../../Engine/Content/EngineMaterials/Substrate/Glints2/dict_0001_0220.uasset" 6863
"../../../Engine/Content/EngineMaterials/Substrate/Glints2/dict_0001_0221.uasset" 6864
"../../../Engine/Content/EngineMaterials/Substrate/Glints2/dict_0001_0222.uasset" 6865
"../../../Engine/Content/EngineMaterials/Substrate/Glints2/dict_0001_0223.uasset" 6866
"../../../Engine/Content/EngineMaterials/Substrate/Glints2/dict_0001_0224.uasset" 6867
"../../../Engine/Content/EngineMaterials/Substrate/Glints2/dict_0001_0225.uasset" 6868
"../../../Engine/Content/EngineMaterials/Substrate/Glints2/dict_0001_0226.uasset" 6869
"../../../Engine/Content/EngineMaterials/Substrate/Glints2/dict_0001_0227.uasset" 6870
"../../../Engine/Content/EngineMaterials/Substrate/Glints2/dict_0001_0228.uasset" 6871
"../../../Engine/Content/EngineMaterials/Substrate/Glints2/dict_0001_0229.uasset" 6872
"../../../Engine/Content/EngineMaterials/Substrate/Glints2/dict_0001_0230.uasset" 6873
"../../../Engine/Content/EngineMaterials/Substrate/Glints2/dict_0001_0231.uasset" 6874
"../../../Engine/Content/EngineMaterials/Substrate/Glints2/dict_0001_0232.uasset" 6875
"../../../Engine/Content/EngineMaterials/Substrate/Glints2/dict_0001_0233.uasset" 6876
"../../../Engine/Content/EngineMaterials/Substrate/Glints2/dict_0001_0234.uasset" 6877
"../../../Engine/Content/EngineMaterials/Substrate/Glints2/dict_0001_0235.uasset" 6878
"../../../Engine/Content/EngineMaterials/Substrate/Glints2/dict_0001_0236.uasset" 6879
"../../../Engine/Content/EngineMaterials/Substrate/Glints2/dict_0001_0237.uasset" 6880
"../../../Engine/Content/EngineMaterials/Substrate/Glints2/dict_0001_0238.uasset" 6881
"../../../Engine/Content/EngineMaterials/Substrate/Glints2/dict_0001_0239.uasset" 6882
"../../../Engine/Content/EngineMaterials/Substrate/Glints2/dict_0001_0240.uasset" 6883
"../../../Engine/Content/EngineMaterials/Substrate/Glints2/dict_0001_0241.uasset" 6884
"../../../Engine/Content/EngineMaterials/Substrate/Glints2/dict_0001_0242.uasset" 6885
"../../../Engine/Content/EngineMaterials/Substrate/Glints2/dict_0001_0243.uasset" 6886
"../../../Engine/Content/EngineMaterials/Substrate/Glints2/dict_0001_0244.uasset" 6887
"../../../Engine/Content/EngineMaterials/Substrate/Glints2/dict_0001_0245.uasset" 6888
"../../../Engine/Content/EngineMaterials/Substrate/Glints2/dict_0001_0246.uasset" 6889
"../../../Engine/Content/EngineMaterials/Substrate/Glints2/dict_0001_0247.uasset" 6890
"../../../Engine/Content/EngineMaterials/Substrate/Glints2/dict_0001_0248.uasset" 6891
"../../../Engine/Content/EngineMaterials/Substrate/Glints2/dict_0001_0249.uasset" 6892
"../../../Engine/Content/EngineMaterials/Substrate/Glints2/dict_0001_0250.uasset" 6893
"../../../Engine/Content/EngineMaterials/Substrate/Glints2/dict_0001_0251.uasset" 6894
"../../../Engine/Content/EngineMaterials/Substrate/Glints2/dict_0001_0252.uasset" 6895
"../../../Engine/Content/EngineMaterials/Substrate/Glints2/dict_0001_0253.uasset" 6896
"../../../Engine/Content/EngineMaterials/Substrate/Glints2/dict_0001_0254.uasset" 6897
"../../../Engine/Content/EngineMaterials/Substrate/Glints2/dict_0001_0255.uasset" 6898
"../../../Engine/Content/EngineMaterials/Substrate/Glints2/dict_0002_0000.uasset" 6899
"../../../Engine/Content/EngineMaterials/Substrate/Glints2/dict_0002_0001.uasset" 6900
"../../../Engine/Content/EngineMaterials/Substrate/Glints2/dict_0002_0002.uasset" 6901
"../../../Engine/Content/EngineMaterials/Substrate/Glints2/dict_0002_0003.uasset" 6902
"../../../Engine/Content/EngineMaterials/Substrate/Glints2/dict_0002_0004.uasset" 6903
"../../../Engine/Content/EngineMaterials/Substrate/Glints2/dict_0002_0005.uasset" 6904
"../../../Engine/Content/EngineMaterials/Substrate/Glints2/dict_0002_0006.uasset" 6905
"../../../Engine/Content/EngineMaterials/Substrate/Glints2/dict_0002_0007.uasset" 6906
"../../../Engine/Content/EngineMaterials/Substrate/Glints2/dict_0002_0008.uasset" 6907
"../../../Engine/Content/EngineMaterials/Substrate/Glints2/dict_0002_0009.uasset" 6908
"../../../Engine/Content/EngineMaterials/Substrate/Glints2/dict_0002_0010.uasset" 6909
"../../../Engine/Content/EngineMaterials/Substrate/Glints2/dict_0002_0011.uasset" 6910
"../../../Engine/Content/EngineMaterials/Substrate/Glints2/dict_0002_0012.uasset" 6911
"../../../Engine/Content/EngineMaterials/Substrate/Glints2/dict_0002_0013.uasset" 6912
"../../../Engine/Content/EngineMaterials/Substrate/Glints2/dict_0002_0014.uasset" 6913
"../../../Engine/Content/EngineMaterials/Substrate/Glints2/dict_0002_0015.uasset" 6914
"../../../Engine/Content/EngineMaterials/Substrate/Glints2/dict_0002_0016.uasset" 6915
"../../../Engine/Content/EngineMaterials/Substrate/Glints2/dict_0002_0017.uasset" 6916
"../../../Engine/Content/EngineMaterials/Substrate/Glints2/dict_0002_0018.uasset" 6917
"../../../Engine/Content/EngineMaterials/Substrate/Glints2/dict_0002_0019.uasset" 6918
"../../../Engine/Content/EngineMaterials/Substrate/Glints2/dict_0002_0020.uasset" 6919
"../../../Engine/Content/EngineMaterials/Substrate/Glints2/dict_0002_0021.uasset" 6920
"../../../Engine/Content/EngineMaterials/Substrate/Glints2/dict_0002_0022.uasset" 6921
"../../../Engine/Content/EngineMaterials/Substrate/Glints2/dict_0002_0023.uasset" 6922
"../../../Engine/Content/EngineMaterials/Substrate/Glints2/dict_0002_0024.uasset" 6923
"../../../Engine/Content/EngineMaterials/Substrate/Glints2/dict_0002_0025.uasset" 6924
"../../../Engine/Content/EngineMaterials/Substrate/Glints2/dict_0002_0026.uasset" 6925
"../../../Engine/Content/EngineMaterials/Substrate/Glints2/dict_0002_0027.uasset" 6926
"../../../Engine/Content/EngineMaterials/Substrate/Glints2/dict_0002_0028.uasset" 6927
"../../../Engine/Content/EngineMaterials/Substrate/Glints2/dict_0002_0029.uasset" 6928
"../../../Engine/Content/EngineMaterials/Substrate/Glints2/dict_0002_0030.uasset" 6929
"../../../Engine/Content/EngineMaterials/Substrate/Glints2/dict_0002_0031.uasset" 6930
"../../../Engine/Content/EngineMaterials/Substrate/Glints2/dict_0002_0032.uasset" 6931
"../../../Engine/Content/EngineMaterials/Substrate/Glints2/dict_0002_0033.uasset" 6932
"../../../Engine/Content/EngineMaterials/Substrate/Glints2/dict_0002_0034.uasset" 6933
"../../../Engine/Content/EngineMaterials/Substrate/Glints2/dict_0002_0035.uasset" 6934
"../../../Engine/Content/EngineMaterials/Substrate/Glints2/dict_0002_0036.uasset" 6935
"../../../Engine/Content/EngineMaterials/Substrate/Glints2/dict_0002_0037.uasset" 6936
"../../../Engine/Content/EngineMaterials/Substrate/Glints2/dict_0002_0038.uasset" 6937
"../../../Engine/Content/EngineMaterials/Substrate/Glints2/dict_0002_0039.uasset" 6938
"../../../Engine/Content/EngineMaterials/Substrate/Glints2/dict_0002_0040.uasset" 6939
"../../../Engine/Content/EngineMaterials/Substrate/Glints2/dict_0002_0041.uasset" 6940
"../../../Engine/Content/EngineMaterials/Substrate/Glints2/dict_0002_0042.uasset" 6941
"../../../Engine/Content/EngineMaterials/Substrate/Glints2/dict_0002_0043.uasset" 6942
"../../../Engine/Content/EngineMaterials/Substrate/Glints2/dict_0002_0044.uasset" 6943
"../../../Engine/Content/EngineMaterials/Substrate/Glints2/dict_0002_0045.uasset" 6944
"../../../Engine/Content/EngineMaterials/Substrate/Glints2/dict_0002_0046.uasset" 6945
"../../../Engine/Content/EngineMaterials/Substrate/Glints2/dict_0002_0047.uasset" 6946
"../../../Engine/Content/EngineMaterials/Substrate/Glints2/dict_0002_0048.uasset" 6947
"../../../Engine/Content/EngineMaterials/Substrate/Glints2/dict_0002_0049.uasset" 6948
"../../../Engine/Content/EngineMaterials/Substrate/Glints2/dict_0002_0050.uasset" 6949
"../../../Engine/Content/EngineMaterials/Substrate/Glints2/dict_0002_0051.uasset" 6950
"../../../Engine/Content/EngineMaterials/Substrate/Glints2/dict_0002_0052.uasset" 6951
"../../../Engine/Content/EngineMaterials/Substrate/Glints2/dict_0002_0053.uasset" 6952
"../../../Engine/Content/EngineMaterials/Substrate/Glints2/dict_0002_0054.uasset" 6953
"../../../Engine/Content/EngineMaterials/Substrate/Glints2/dict_0002_0055.uasset" 6954
"../../../Engine/Content/EngineMaterials/Substrate/Glints2/dict_0002_0056.uasset" 6955
"../../../Engine/Content/EngineMaterials/Substrate/Glints2/dict_0002_0057.uasset" 6956
"../../../Engine/Content/EngineMaterials/Substrate/Glints2/dict_0002_0058.uasset" 6957
"../../../Engine/Content/EngineMaterials/Substrate/Glints2/dict_0002_0059.uasset" 6958
"../../../Engine/Content/EngineMaterials/Substrate/Glints2/dict_0002_0060.uasset" 6959
"../../../Engine/Content/EngineMaterials/Substrate/Glints2/dict_0002_0061.uasset" 6960
"../../../Engine/Content/EngineMaterials/Substrate/Glints2/dict_0002_0062.uasset" 6961
"../../../Engine/Content/EngineMaterials/Substrate/Glints2/dict_0002_0063.uasset" 6962
"../../../Engine/Content/EngineMaterials/Substrate/Glints2/dict_0002_0064.uasset" 6963
"../../../Engine/Content/EngineMaterials/Substrate/Glints2/dict_0002_0065.uasset" 6964
"../../../Engine/Content/EngineMaterials/Substrate/Glints2/dict_0002_0066.uasset" 6965
"../../../Engine/Content/EngineMaterials/Substrate/Glints2/dict_0002_0067.uasset" 6966
"../../../Engine/Content/EngineMaterials/Substrate/Glints2/dict_0002_0068.uasset" 6967
"../../../Engine/Content/EngineMaterials/Substrate/Glints2/dict_0002_0069.uasset" 6968
"../../../Engine/Content/EngineMaterials/Substrate/Glints2/dict_0002_0070.uasset" 6969
"../../../Engine/Content/EngineMaterials/Substrate/Glints2/dict_0002_0071.uasset" 6970
"../../../Engine/Content/EngineMaterials/Substrate/Glints2/dict_0002_0072.uasset" 6971
"../../../Engine/Content/EngineMaterials/Substrate/Glints2/dict_0002_0073.uasset" 6972
"../../../Engine/Content/EngineMaterials/Substrate/Glints2/dict_0002_0074.uasset" 6973
"../../../Engine/Content/EngineMaterials/Substrate/Glints2/dict_0002_0075.uasset" 6974
"../../../Engine/Content/EngineMaterials/Substrate/Glints2/dict_0002_0076.uasset" 6975
"../../../Engine/Content/EngineMaterials/Substrate/Glints2/dict_0002_0077.uasset" 6976
"../../../Engine/Content/EngineMaterials/Substrate/Glints2/dict_0002_0078.uasset" 6977
"../../../Engine/Content/EngineMaterials/Substrate/Glints2/dict_0002_0079.uasset" 6978
"../../../Engine/Content/EngineMaterials/Substrate/Glints2/dict_0002_0080.uasset" 6979
"../../../Engine/Content/EngineMaterials/Substrate/Glints2/dict_0002_0081.uasset" 6980
"../../../Engine/Content/EngineMaterials/Substrate/Glints2/dict_0002_0082.uasset" 6981
"../../../Engine/Content/EngineMaterials/Substrate/Glints2/dict_0002_0083.uasset" 6982
"../../../Engine/Content/EngineMaterials/Substrate/Glints2/dict_0002_0084.uasset" 6983
"../../../Engine/Content/EngineMaterials/Substrate/Glints2/dict_0002_0085.uasset" 6984
"../../../Engine/Content/EngineMaterials/Substrate/Glints2/dict_0002_0086.uasset" 6985
"../../../Engine/Content/EngineMaterials/Substrate/Glints2/dict_0002_0087.uasset" 6986
"../../../Engine/Content/EngineMaterials/Substrate/Glints2/dict_0002_0088.uasset" 6987
"../../../Engine/Content/EngineMaterials/Substrate/Glints2/dict_0002_0089.uasset" 6988
"../../../Engine/Content/EngineMaterials/Substrate/Glints2/dict_0002_0090.uasset" 6989
"../../../Engine/Content/EngineMaterials/Substrate/Glints2/dict_0002_0091.uasset" 6990
"../../../Engine/Content/EngineMaterials/Substrate/Glints2/dict_0002_0092.uasset" 6991
"../../../Engine/Content/EngineMaterials/Substrate/Glints2/dict_0002_0093.uasset" 6992
"../../../Engine/Content/EngineMaterials/Substrate/Glints2/dict_0002_0094.uasset" 6993
"../../../Engine/Content/EngineMaterials/Substrate/Glints2/dict_0002_0095.uasset" 6994
"../../../Engine/Content/EngineMaterials/Substrate/Glints2/dict_0002_0096.uasset" 6995
"../../../Engine/Content/EngineMaterials/Substrate/Glints2/dict_0002_0097.uasset" 6996
"../../../Engine/Content/EngineMaterials/Substrate/Glints2/dict_0002_0098.uasset" 6997
"../../../Engine/Content/EngineMaterials/Substrate/Glints2/dict_0002_0099.uasset" 6998
"../../../Engine/Content/EngineMaterials/Substrate/Glints2/dict_0002_0100.uasset" 6999
"../../../Engine/Content/EngineMaterials/Substrate/Glints2/dict_0002_0101.uasset" 7000
"../../../Engine/Content/EngineMaterials/Substrate/Glints2/dict_0002_0102.uasset" 7001
"../../../Engine/Content/EngineMaterials/Substrate/Glints2/dict_0002_0103.uasset" 7002
"../../../Engine/Content/EngineMaterials/Substrate/Glints2/dict_0002_0104.uasset" 7003
"../../../Engine/Content/EngineMaterials/Substrate/Glints2/dict_0002_0105.uasset" 7004
"../../../Engine/Content/EngineMaterials/Substrate/Glints2/dict_0002_0106.uasset" 7005
"../../../Engine/Content/EngineMaterials/Substrate/Glints2/dict_0002_0107.uasset" 7006
"../../../Engine/Content/EngineMaterials/Substrate/Glints2/dict_0002_0108.uasset" 7007
"../../../Engine/Content/EngineMaterials/Substrate/Glints2/dict_0002_0109.uasset" 7008
"../../../Engine/Content/EngineMaterials/Substrate/Glints2/dict_0002_0110.uasset" 7009
"../../../Engine/Content/EngineMaterials/Substrate/Glints2/dict_0002_0111.uasset" 7010
"../../../Engine/Content/EngineMaterials/Substrate/Glints2/dict_0002_0112.uasset" 7011
"../../../Engine/Content/EngineMaterials/Substrate/Glints2/dict_0002_0113.uasset" 7012
"../../../Engine/Content/EngineMaterials/Substrate/Glints2/dict_0002_0114.uasset" 7013
"../../../Engine/Content/EngineMaterials/Substrate/Glints2/dict_0002_0115.uasset" 7014
"../../../Engine/Content/EngineMaterials/Substrate/Glints2/dict_0002_0116.uasset" 7015
"../../../Engine/Content/EngineMaterials/Substrate/Glints2/dict_0002_0117.uasset" 7016
"../../../Engine/Content/EngineMaterials/Substrate/Glints2/dict_0002_0118.uasset" 7017
"../../../Engine/Content/EngineMaterials/Substrate/Glints2/dict_0002_0119.uasset" 7018
"../../../Engine/Content/EngineMaterials/Substrate/Glints2/dict_0002_0120.uasset" 7019
"../../../Engine/Content/EngineMaterials/Substrate/Glints2/dict_0002_0121.uasset" 7020
"../../../Engine/Content/EngineMaterials/Substrate/Glints2/dict_0002_0122.uasset" 7021
"../../../Engine/Content/EngineMaterials/Substrate/Glints2/dict_0002_0123.uasset" 7022
"../../../Engine/Content/EngineMaterials/Substrate/Glints2/dict_0002_0124.uasset" 7023
"../../../Engine/Content/EngineMaterials/Substrate/Glints2/dict_0002_0125.uasset" 7024
"../../../Engine/Content/EngineMaterials/Substrate/Glints2/dict_0002_0126.uasset" 7025
"../../../Engine/Content/EngineMaterials/Substrate/Glints2/dict_0002_0127.uasset" 7026
"../../../Engine/Content/EngineMaterials/Substrate/Glints2/dict_0002_0128.uasset" 7027
"../../../Engine/Content/EngineMaterials/Substrate/Glints2/dict_0002_0129.uasset" 7028
"../../../Engine/Content/EngineMaterials/Substrate/Glints2/dict_0002_0130.uasset" 7029
"../../../Engine/Content/EngineMaterials/Substrate/Glints2/dict_0002_0131.uasset" 7030
"../../../Engine/Content/EngineMaterials/Substrate/Glints2/dict_0002_0132.uasset" 7031
"../../../Engine/Content/EngineMaterials/Substrate/Glints2/dict_0002_0133.uasset" 7032
"../../../Engine/Content/EngineMaterials/Substrate/Glints2/dict_0002_0134.uasset" 7033
"../../../Engine/Content/EngineMaterials/Substrate/Glints2/dict_0002_0135.uasset" 7034
"../../../Engine/Content/EngineMaterials/Substrate/Glints2/dict_0002_0136.uasset" 7035
"../../../Engine/Content/EngineMaterials/Substrate/Glints2/dict_0002_0137.uasset" 7036
"../../../Engine/Content/EngineMaterials/Substrate/Glints2/dict_0002_0138.uasset" 7037
"../../../Engine/Content/EngineMaterials/Substrate/Glints2/dict_0002_0139.uasset" 7038
"../../../Engine/Content/EngineMaterials/Substrate/Glints2/dict_0002_0140.uasset" 7039
"../../../Engine/Content/EngineMaterials/Substrate/Glints2/dict_0002_0141.uasset" 7040
"../../../Engine/Content/EngineMaterials/Substrate/Glints2/dict_0002_0142.uasset" 7041
"../../../Engine/Content/EngineMaterials/Substrate/Glints2/dict_0002_0143.uasset" 7042
"../../../Engine/Content/EngineMaterials/Substrate/Glints2/dict_0002_0144.uasset" 7043
"../../../Engine/Content/EngineMaterials/Substrate/Glints2/dict_0002_0145.uasset" 7044
"../../../Engine/Content/EngineMaterials/Substrate/Glints2/dict_0002_0146.uasset" 7045
"../../../Engine/Content/EngineMaterials/Substrate/Glints2/dict_0002_0147.uasset" 7046
"../../../Engine/Content/EngineMaterials/Substrate/Glints2/dict_0002_0148.uasset" 7047
"../../../Engine/Content/EngineMaterials/Substrate/Glints2/dict_0002_0149.uasset" 7048
"../../../Engine/Content/EngineMaterials/Substrate/Glints2/dict_0002_0150.uasset" 7049
"../../../Engine/Content/EngineMaterials/Substrate/Glints2/dict_0002_0151.uasset" 7050
"../../../Engine/Content/EngineMaterials/Substrate/Glints2/dict_0002_0152.uasset" 7051
"../../../Engine/Content/EngineMaterials/Substrate/Glints2/dict_0002_0153.uasset" 7052
"../../../Engine/Content/EngineMaterials/Substrate/Glints2/dict_0002_0154.uasset" 7053
"../../../Engine/Content/EngineMaterials/Substrate/Glints2/dict_0002_0155.uasset" 7054
"../../../Engine/Content/EngineMaterials/Substrate/Glints2/dict_0002_0156.uasset" 7055
"../../../Engine/Content/EngineMaterials/Substrate/Glints2/dict_0002_0157.uasset" 7056
"../../../Engine/Content/EngineMaterials/Substrate/Glints2/dict_0002_0158.uasset" 7057
"../../../Engine/Content/EngineMaterials/Substrate/Glints2/dict_0002_0159.uasset" 7058
"../../../Engine/Content/EngineMaterials/Substrate/Glints2/dict_0002_0160.uasset" 7059
"../../../Engine/Content/EngineMaterials/Substrate/Glints2/dict_0002_0161.uasset" 7060
"../../../Engine/Content/EngineMaterials/Substrate/Glints2/dict_0002_0162.uasset" 7061
"../../../Engine/Content/EngineMaterials/Substrate/Glints2/dict_0002_0163.uasset" 7062
"../../../Engine/Content/EngineMaterials/Substrate/Glints2/dict_0002_0164.uasset" 7063
"../../../Engine/Content/EngineMaterials/Substrate/Glints2/dict_0002_0165.uasset" 7064
"../../../Engine/Content/EngineMaterials/Substrate/Glints2/dict_0002_0166.uasset" 7065
"../../../Engine/Content/EngineMaterials/Substrate/Glints2/dict_0002_0167.uasset" 7066
"../../../Engine/Content/EngineMaterials/Substrate/Glints2/dict_0002_0168.uasset" 7067
"../../../Engine/Content/EngineMaterials/Substrate/Glints2/dict_0002_0169.uasset" 7068
"../../../Engine/Content/EngineMaterials/Substrate/Glints2/dict_0002_0170.uasset" 7069
"../../../Engine/Content/EngineMaterials/Substrate/Glints2/dict_0002_0171.uasset" 7070
"../../../Engine/Content/EngineMaterials/Substrate/Glints2/dict_0002_0172.uasset" 7071
"../../../Engine/Content/EngineMaterials/Substrate/Glints2/dict_0002_0173.uasset" 7072
"../../../Engine/Content/EngineMaterials/Substrate/Glints2/dict_0002_0174.uasset" 7073
"../../../Engine/Content/EngineMaterials/Substrate/Glints2/dict_0002_0175.uasset" 7074
"../../../Engine/Content/EngineMaterials/Substrate/Glints2/dict_0002_0176.uasset" 7075
"../../../Engine/Content/EngineMaterials/Substrate/Glints2/dict_0002_0177.uasset" 7076
"../../../Engine/Content/EngineMaterials/Substrate/Glints2/dict_0002_0178.uasset" 7077
"../../../Engine/Content/EngineMaterials/Substrate/Glints2/dict_0002_0179.uasset" 7078
"../../../Engine/Content/EngineMaterials/Substrate/Glints2/dict_0002_0180.uasset" 7079
"../../../Engine/Content/EngineMaterials/Substrate/Glints2/dict_0002_0181.uasset" 7080
"../../../Engine/Content/EngineMaterials/Substrate/Glints2/dict_0002_0182.uasset" 7081
"../../../Engine/Content/EngineMaterials/Substrate/Glints2/dict_0002_0183.uasset" 7082
"../../../Engine/Content/EngineMaterials/Substrate/Glints2/dict_0002_0184.uasset" 7083
"../../../Engine/Content/EngineMaterials/Substrate/Glints2/dict_0002_0185.uasset" 7084
"../../../Engine/Content/EngineMaterials/Substrate/Glints2/dict_0002_0186.uasset" 7085
"../../../Engine/Content/EngineMaterials/Substrate/Glints2/dict_0002_0187.uasset" 7086
"../../../Engine/Content/EngineMaterials/Substrate/Glints2/dict_0002_0188.uasset" 7087
"../../../Engine/Content/EngineMaterials/Substrate/Glints2/dict_0002_0189.uasset" 7088
"../../../Engine/Content/EngineMaterials/Substrate/Glints2/dict_0002_0190.uasset" 7089
"../../../Engine/Content/EngineMaterials/Substrate/Glints2/dict_0002_0191.uasset" 7090
"../../../Engine/Content/EngineMaterials/Substrate/Glints2/dict_0002_0192.uasset" 7091
"../../../Engine/Content/EngineMaterials/Substrate/Glints2/dict_0002_0193.uasset" 7092
"../../../Engine/Content/EngineMaterials/Substrate/Glints2/dict_0002_0194.uasset" 7093
"../../../Engine/Content/EngineMaterials/Substrate/Glints2/dict_0002_0195.uasset" 7094
"../../../Engine/Content/EngineMaterials/Substrate/Glints2/dict_0002_0196.uasset" 7095
"../../../Engine/Content/EngineMaterials/Substrate/Glints2/dict_0002_0197.uasset" 7096
"../../../Engine/Content/EngineMaterials/Substrate/Glints2/dict_0002_0198.uasset" 7097
"../../../Engine/Content/EngineMaterials/Substrate/Glints2/dict_0002_0199.uasset" 7098
"../../../Engine/Content/EngineMaterials/Substrate/Glints2/dict_0002_0200.uasset" 7099
"../../../Engine/Content/EngineMaterials/Substrate/Glints2/dict_0002_0201.uasset" 7100
"../../../Engine/Content/EngineMaterials/Substrate/Glints2/dict_0002_0202.uasset" 7101
"../../../Engine/Content/EngineMaterials/Substrate/Glints2/dict_0002_0203.uasset" 7102
"../../../Engine/Content/EngineMaterials/Substrate/Glints2/dict_0002_0204.uasset" 7103
"../../../Engine/Content/EngineMaterials/Substrate/Glints2/dict_0002_0205.uasset" 7104
"../../../Engine/Content/EngineMaterials/Substrate/Glints2/dict_0002_0206.uasset" 7105
"../../../Engine/Content/EngineMaterials/Substrate/Glints2/dict_0002_0207.uasset" 7106
"../../../Engine/Content/EngineMaterials/Substrate/Glints2/dict_0002_0208.uasset" 7107
"../../../Engine/Content/EngineMaterials/Substrate/Glints2/dict_0002_0209.uasset" 7108
"../../../Engine/Content/EngineMaterials/Substrate/Glints2/dict_0002_0210.uasset" 7109
"../../../Engine/Content/EngineMaterials/Substrate/Glints2/dict_0002_0211.uasset" 7110
"../../../Engine/Content/EngineMaterials/Substrate/Glints2/dict_0002_0212.uasset" 7111
"../../../Engine/Content/EngineMaterials/Substrate/Glints2/dict_0002_0213.uasset" 7112
"../../../Engine/Content/EngineMaterials/Substrate/Glints2/dict_0002_0214.uasset" 7113
"../../../Engine/Content/EngineMaterials/Substrate/Glints2/dict_0002_0215.uasset" 7114
"../../../Engine/Content/EngineMaterials/Substrate/Glints2/dict_0002_0216.uasset" 7115
"../../../Engine/Content/EngineMaterials/Substrate/Glints2/dict_0002_0217.uasset" 7116
"../../../Engine/Content/EngineMaterials/Substrate/Glints2/dict_0002_0218.uasset" 7117
"../../../Engine/Content/EngineMaterials/Substrate/Glints2/dict_0002_0219.uasset" 7118
"../../../Engine/Content/EngineMaterials/Substrate/Glints2/dict_0002_0220.uasset" 7119
"../../../Engine/Content/EngineMaterials/Substrate/Glints2/dict_0002_0221.uasset" 7120
"../../../Engine/Content/EngineMaterials/Substrate/Glints2/dict_0002_0222.uasset" 7121
"../../../Engine/Content/EngineMaterials/Substrate/Glints2/dict_0002_0223.uasset" 7122
"../../../Engine/Content/EngineMaterials/Substrate/Glints2/dict_0002_0224.uasset" 7123
"../../../Engine/Content/EngineMaterials/Substrate/Glints2/dict_0002_0225.uasset" 7124
"../../../Engine/Content/EngineMaterials/Substrate/Glints2/dict_0002_0226.uasset" 7125
"../../../Engine/Content/EngineMaterials/Substrate/Glints2/dict_0002_0227.uasset" 7126
"../../../Engine/Content/EngineMaterials/Substrate/Glints2/dict_0002_0228.uasset" 7127
"../../../Engine/Content/EngineMaterials/Substrate/Glints2/dict_0002_0229.uasset" 7128
"../../../Engine/Content/EngineMaterials/Substrate/Glints2/dict_0002_0230.uasset" 7129
"../../../Engine/Content/EngineMaterials/Substrate/Glints2/dict_0002_0231.uasset" 7130
"../../../Engine/Content/EngineMaterials/Substrate/Glints2/dict_0002_0232.uasset" 7131
"../../../Engine/Content/EngineMaterials/Substrate/Glints2/dict_0002_0233.uasset" 7132
"../../../Engine/Content/EngineMaterials/Substrate/Glints2/dict_0002_0234.uasset" 7133
"../../../Engine/Content/EngineMaterials/Substrate/Glints2/dict_0002_0235.uasset" 7134
"../../../Engine/Content/EngineMaterials/Substrate/Glints2/dict_0002_0236.uasset" 7135
"../../../Engine/Content/EngineMaterials/Substrate/Glints2/dict_0002_0237.uasset" 7136
"../../../Engine/Content/EngineMaterials/Substrate/Glints2/dict_0002_0238.uasset" 7137
"../../../Engine/Content/EngineMaterials/Substrate/Glints2/dict_0002_0239.uasset" 7138
"../../../Engine/Content/EngineMaterials/Substrate/Glints2/dict_0002_0240.uasset" 7139
"../../../Engine/Content/EngineMaterials/Substrate/Glints2/dict_0002_0241.uasset" 7140
"../../../Engine/Content/EngineMaterials/Substrate/Glints2/dict_0002_0242.uasset" 7141
"../../../Engine/Content/EngineMaterials/Substrate/Glints2/dict_0002_0243.uasset" 7142
"../../../Engine/Content/EngineMaterials/Substrate/Glints2/dict_0002_0244.uasset" 7143
"../../../Engine/Content/EngineMaterials/Substrate/Glints2/dict_0002_0245.uasset" 7144
"../../../Engine/Content/EngineMaterials/Substrate/Glints2/dict_0002_0246.uasset" 7145
"../../../Engine/Content/EngineMaterials/Substrate/Glints2/dict_0002_0247.uasset" 7146
"../../../Engine/Content/EngineMaterials/Substrate/Glints2/dict_0002_0248.uasset" 7147
"../../../Engine/Content/EngineMaterials/Substrate/Glints2/dict_0002_0249.uasset" 7148
"../../../Engine/Content/EngineMaterials/Substrate/Glints2/dict_0002_0250.uasset" 7149
"../../../Engine/Content/EngineMaterials/Substrate/Glints2/dict_0002_0251.uasset" 7150
"../../../Engine/Content/EngineMaterials/Substrate/Glints2/dict_0002_0252.uasset" 7151
"../../../Engine/Content/EngineMaterials/Substrate/Glints2/dict_0002_0253.uasset" 7152
"../../../Engine/Content/EngineMaterials/Substrate/Glints2/dict_0002_0254.uasset" 7153
"../../../Engine/Content/EngineMaterials/Substrate/Glints2/dict_0002_0255.uasset" 7154
"../../../Engine/Content/EngineMaterials/Substrate/Glints2/dict_0003_0000.uasset" 7155
"../../../Engine/Content/EngineMaterials/Substrate/Glints2/dict_0003_0001.uasset" 7156
"../../../Engine/Content/EngineMaterials/Substrate/Glints2/dict_0003_0002.uasset" 7157
"../../../Engine/Content/EngineMaterials/Substrate/Glints2/dict_0003_0003.uasset" 7158
"../../../Engine/Content/EngineMaterials/Substrate/Glints2/dict_0003_0004.uasset" 7159
"../../../Engine/Content/EngineMaterials/Substrate/Glints2/dict_0003_0005.uasset" 7160
"../../../Engine/Content/EngineMaterials/Substrate/Glints2/dict_0003_0006.uasset" 7161
"../../../Engine/Content/EngineMaterials/Substrate/Glints2/dict_0003_0007.uasset" 7162
"../../../Engine/Content/EngineMaterials/Substrate/Glints2/dict_0003_0008.uasset" 7163
"../../../Engine/Content/EngineMaterials/Substrate/Glints2/dict_0003_0009.uasset" 7164
"../../../Engine/Content/EngineMaterials/Substrate/Glints2/dict_0003_0010.uasset" 7165
"../../../Engine/Content/EngineMaterials/Substrate/Glints2/dict_0003_0011.uasset" 7166
"../../../Engine/Content/EngineMaterials/Substrate/Glints2/dict_0003_0012.uasset" 7167
"../../../Engine/Content/EngineMaterials/Substrate/Glints2/dict_0003_0013.uasset" 7168
"../../../Engine/Content/EngineMaterials/Substrate/Glints2/dict_0003_0014.uasset" 7169
"../../../Engine/Content/EngineMaterials/Substrate/Glints2/dict_0003_0015.uasset" 7170
"../../../Engine/Content/EngineMaterials/Substrate/Glints2/dict_0003_0016.uasset" 7171
"../../../Engine/Content/EngineMaterials/Substrate/Glints2/dict_0003_0017.uasset" 7172
"../../../Engine/Content/EngineMaterials/Substrate/Glints2/dict_0003_0018.uasset" 7173
"../../../Engine/Content/EngineMaterials/Substrate/Glints2/dict_0003_0019.uasset" 7174
"../../../Engine/Content/EngineMaterials/Substrate/Glints2/dict_0003_0020.uasset" 7175
"../../../Engine/Content/EngineMaterials/Substrate/Glints2/dict_0003_0021.uasset" 7176
"../../../Engine/Content/EngineMaterials/Substrate/Glints2/dict_0003_0022.uasset" 7177
"../../../Engine/Content/EngineMaterials/Substrate/Glints2/dict_0003_0023.uasset" 7178
"../../../Engine/Content/EngineMaterials/Substrate/Glints2/dict_0003_0024.uasset" 7179
"../../../Engine/Content/EngineMaterials/Substrate/Glints2/dict_0003_0025.uasset" 7180
"../../../Engine/Content/EngineMaterials/Substrate/Glints2/dict_0003_0026.uasset" 7181
"../../../Engine/Content/EngineMaterials/Substrate/Glints2/dict_0003_0027.uasset" 7182
"../../../Engine/Content/EngineMaterials/Substrate/Glints2/dict_0003_0028.uasset" 7183
"../../../Engine/Content/EngineMaterials/Substrate/Glints2/dict_0003_0029.uasset" 7184
"../../../Engine/Content/EngineMaterials/Substrate/Glints2/dict_0003_0030.uasset" 7185
"../../../Engine/Content/EngineMaterials/Substrate/Glints2/dict_0003_0031.uasset" 7186
"../../../Engine/Content/EngineMaterials/Substrate/Glints2/dict_0003_0032.uasset" 7187
"../../../Engine/Content/EngineMaterials/Substrate/Glints2/dict_0003_0033.uasset" 7188
"../../../Engine/Content/EngineMaterials/Substrate/Glints2/dict_0003_0034.uasset" 7189
"../../../Engine/Content/EngineMaterials/Substrate/Glints2/dict_0003_0035.uasset" 7190
"../../../Engine/Content/EngineMaterials/Substrate/Glints2/dict_0003_0036.uasset" 7191
"../../../Engine/Content/EngineMaterials/Substrate/Glints2/dict_0003_0037.uasset" 7192
"../../../Engine/Content/EngineMaterials/Substrate/Glints2/dict_0003_0038.uasset" 7193
"../../../Engine/Content/EngineMaterials/Substrate/Glints2/dict_0003_0039.uasset" 7194
"../../../Engine/Content/EngineMaterials/Substrate/Glints2/dict_0003_0040.uasset" 7195
"../../../Engine/Content/EngineMaterials/Substrate/Glints2/dict_0003_0041.uasset" 7196
"../../../Engine/Content/EngineMaterials/Substrate/Glints2/dict_0003_0042.uasset" 7197
"../../../Engine/Content/EngineMaterials/Substrate/Glints2/dict_0003_0043.uasset" 7198
"../../../Engine/Content/EngineMaterials/Substrate/Glints2/dict_0003_0044.uasset" 7199
"../../../Engine/Content/EngineMaterials/Substrate/Glints2/dict_0003_0045.uasset" 7200
"../../../Engine/Content/EngineMaterials/Substrate/Glints2/dict_0003_0046.uasset" 7201
"../../../Engine/Content/EngineMaterials/Substrate/Glints2/dict_0003_0047.uasset" 7202
"../../../Engine/Content/EngineMaterials/Substrate/Glints2/dict_0003_0048.uasset" 7203
"../../../Engine/Content/EngineMaterials/Substrate/Glints2/dict_0003_0049.uasset" 7204
"../../../Engine/Content/EngineMaterials/Substrate/Glints2/dict_0003_0050.uasset" 7205
"../../../Engine/Content/EngineMaterials/Substrate/Glints2/dict_0003_0051.uasset" 7206
"../../../Engine/Content/EngineMaterials/Substrate/Glints2/dict_0003_0052.uasset" 7207
"../../../Engine/Content/EngineMaterials/Substrate/Glints2/dict_0003_0053.uasset" 7208
"../../../Engine/Content/EngineMaterials/Substrate/Glints2/dict_0003_0054.uasset" 7209
"../../../Engine/Content/EngineMaterials/Substrate/Glints2/dict_0003_0055.uasset" 7210
"../../../Engine/Content/EngineMaterials/Substrate/Glints2/dict_0003_0056.uasset" 7211
"../../../Engine/Content/EngineMaterials/Substrate/Glints2/dict_0003_0057.uasset" 7212
"../../../Engine/Content/EngineMaterials/Substrate/Glints2/dict_0003_0058.uasset" 7213
"../../../Engine/Content/EngineMaterials/Substrate/Glints2/dict_0003_0059.uasset" 7214
"../../../Engine/Content/EngineMaterials/Substrate/Glints2/dict_0003_0060.uasset" 7215
"../../../Engine/Content/EngineMaterials/Substrate/Glints2/dict_0003_0061.uasset" 7216
"../../../Engine/Content/EngineMaterials/Substrate/Glints2/dict_0003_0062.uasset" 7217
"../../../Engine/Content/EngineMaterials/Substrate/Glints2/dict_0003_0063.uasset" 7218
"../../../Engine/Content/EngineMaterials/Substrate/Glints2/dict_0003_0064.uasset" 7219
"../../../Engine/Content/EngineMaterials/Substrate/Glints2/dict_0003_0065.uasset" 7220
"../../../Engine/Content/EngineMaterials/Substrate/Glints2/dict_0003_0066.uasset" 7221
"../../../Engine/Content/EngineMaterials/Substrate/Glints2/dict_0003_0067.uasset" 7222
"../../../Engine/Content/EngineMaterials/Substrate/Glints2/dict_0003_0068.uasset" 7223
"../../../Engine/Content/EngineMaterials/Substrate/Glints2/dict_0003_0069.uasset" 7224
"../../../Engine/Content/EngineMaterials/Substrate/Glints2/dict_0003_0070.uasset" 7225
"../../../Engine/Content/EngineMaterials/Substrate/Glints2/dict_0003_0071.uasset" 7226
"../../../Engine/Content/EngineMaterials/Substrate/Glints2/dict_0003_0072.uasset" 7227
"../../../Engine/Content/EngineMaterials/Substrate/Glints2/dict_0003_0073.uasset" 7228
"../../../Engine/Content/EngineMaterials/Substrate/Glints2/dict_0003_0074.uasset" 7229
"../../../Engine/Content/EngineMaterials/Substrate/Glints2/dict_0003_0075.uasset" 7230
"../../../Engine/Content/EngineMaterials/Substrate/Glints2/dict_0003_0076.uasset" 7231
"../../../Engine/Content/EngineMaterials/Substrate/Glints2/dict_0003_0077.uasset" 7232
"../../../Engine/Content/EngineMaterials/Substrate/Glints2/dict_0003_0078.uasset" 7233
"../../../Engine/Content/EngineMaterials/Substrate/Glints2/dict_0003_0079.uasset" 7234
"../../../Engine/Content/EngineMaterials/Substrate/Glints2/dict_0003_0080.uasset" 7235
"../../../Engine/Content/EngineMaterials/Substrate/Glints2/dict_0003_0081.uasset" 7236
"../../../Engine/Content/EngineMaterials/Substrate/Glints2/dict_0003_0082.uasset" 7237
"../../../Engine/Content/EngineMaterials/Substrate/Glints2/dict_0003_0083.uasset" 7238
"../../../Engine/Content/EngineMaterials/Substrate/Glints2/dict_0003_0084.uasset" 7239
"../../../Engine/Content/EngineMaterials/Substrate/Glints2/dict_0003_0085.uasset" 7240
"../../../Engine/Content/EngineMaterials/Substrate/Glints2/dict_0003_0086.uasset" 7241
"../../../Engine/Content/EngineMaterials/Substrate/Glints2/dict_0003_0087.uasset" 7242
"../../../Engine/Content/EngineMaterials/Substrate/Glints2/dict_0003_0088.uasset" 7243
"../../../Engine/Content/EngineMaterials/Substrate/Glints2/dict_0003_0089.uasset" 7244
"../../../Engine/Content/EngineMaterials/Substrate/Glints2/dict_0003_0090.uasset" 7245
"../../../Engine/Content/EngineMaterials/Substrate/Glints2/dict_0003_0091.uasset" 7246
"../../../Engine/Content/EngineMaterials/Substrate/Glints2/dict_0003_0092.uasset" 7247
"../../../Engine/Content/EngineMaterials/Substrate/Glints2/dict_0003_0093.uasset" 7248
"../../../Engine/Content/EngineMaterials/Substrate/Glints2/dict_0003_0094.uasset" 7249
"../../../Engine/Content/EngineMaterials/Substrate/Glints2/dict_0003_0095.uasset" 7250
"../../../Engine/Content/EngineMaterials/Substrate/Glints2/dict_0003_0096.uasset" 7251
"../../../Engine/Content/EngineMaterials/Substrate/Glints2/dict_0003_0097.uasset" 7252
"../../../Engine/Content/EngineMaterials/Substrate/Glints2/dict_0003_0098.uasset" 7253
"../../../Engine/Content/EngineMaterials/Substrate/Glints2/dict_0003_0099.uasset" 7254
"../../../Engine/Content/EngineMaterials/Substrate/Glints2/dict_0003_0100.uasset" 7255
"../../../Engine/Content/EngineMaterials/Substrate/Glints2/dict_0003_0101.uasset" 7256
"../../../Engine/Content/EngineMaterials/Substrate/Glints2/dict_0003_0102.uasset" 7257
"../../../Engine/Content/EngineMaterials/Substrate/Glints2/dict_0003_0103.uasset" 7258
"../../../Engine/Content/EngineMaterials/Substrate/Glints2/dict_0003_0104.uasset" 7259
"../../../Engine/Content/EngineMaterials/Substrate/Glints2/dict_0003_0105.uasset" 7260
"../../../Engine/Content/EngineMaterials/Substrate/Glints2/dict_0003_0106.uasset" 7261
"../../../Engine/Content/EngineMaterials/Substrate/Glints2/dict_0003_0107.uasset" 7262
"../../../Engine/Content/EngineMaterials/Substrate/Glints2/dict_0003_0108.uasset" 7263
"../../../Engine/Content/EngineMaterials/Substrate/Glints2/dict_0003_0109.uasset" 7264
"../../../Engine/Content/EngineMaterials/Substrate/Glints2/dict_0003_0110.uasset" 7265
"../../../Engine/Content/EngineMaterials/Substrate/Glints2/dict_0003_0111.uasset" 7266
"../../../Engine/Content/EngineMaterials/Substrate/Glints2/dict_0003_0112.uasset" 7267
"../../../Engine/Content/EngineMaterials/Substrate/Glints2/dict_0003_0113.uasset" 7268
"../../../Engine/Content/EngineMaterials/Substrate/Glints2/dict_0003_0114.uasset" 7269
"../../../Engine/Content/EngineMaterials/Substrate/Glints2/dict_0003_0115.uasset" 7270
"../../../Engine/Content/EngineMaterials/Substrate/Glints2/dict_0003_0116.uasset" 7271
"../../../Engine/Content/EngineMaterials/Substrate/Glints2/dict_0003_0117.uasset" 7272
"../../../Engine/Content/EngineMaterials/Substrate/Glints2/dict_0003_0118.uasset" 7273
"../../../Engine/Content/EngineMaterials/Substrate/Glints2/dict_0003_0119.uasset" 7274
"../../../Engine/Content/EngineMaterials/Substrate/Glints2/dict_0003_0120.uasset" 7275
"../../../Engine/Content/EngineMaterials/Substrate/Glints2/dict_0003_0121.uasset" 7276
"../../../Engine/Content/EngineMaterials/Substrate/Glints2/dict_0003_0122.uasset" 7277
"../../../Engine/Content/EngineMaterials/Substrate/Glints2/dict_0003_0123.uasset" 7278
"../../../Engine/Content/EngineMaterials/Substrate/Glints2/dict_0003_0124.uasset" 7279
"../../../Engine/Content/EngineMaterials/Substrate/Glints2/dict_0003_0125.uasset" 7280
"../../../Engine/Content/EngineMaterials/Substrate/Glints2/dict_0003_0126.uasset" 7281
"../../../Engine/Content/EngineMaterials/Substrate/Glints2/dict_0003_0127.uasset" 7282
"../../../Engine/Content/EngineMaterials/Substrate/Glints2/dict_0003_0128.uasset" 7283
"../../../Engine/Content/EngineMaterials/Substrate/Glints2/dict_0003_0129.uasset" 7284
"../../../Engine/Content/EngineMaterials/Substrate/Glints2/dict_0003_0130.uasset" 7285
"../../../Engine/Content/EngineMaterials/Substrate/Glints2/dict_0003_0131.uasset" 7286
"../../../Engine/Content/EngineMaterials/Substrate/Glints2/dict_0003_0132.uasset" 7287
"../../../Engine/Content/EngineMaterials/Substrate/Glints2/dict_0003_0133.uasset" 7288
"../../../Engine/Content/EngineMaterials/Substrate/Glints2/dict_0003_0134.uasset" 7289
"../../../Engine/Content/EngineMaterials/Substrate/Glints2/dict_0003_0135.uasset" 7290
"../../../Engine/Content/EngineMaterials/Substrate/Glints2/dict_0003_0136.uasset" 7291
"../../../Engine/Content/EngineMaterials/Substrate/Glints2/dict_0003_0137.uasset" 7292
"../../../Engine/Content/EngineMaterials/Substrate/Glints2/dict_0003_0138.uasset" 7293
"../../../Engine/Content/EngineMaterials/Substrate/Glints2/dict_0003_0139.uasset" 7294
"../../../Engine/Content/EngineMaterials/Substrate/Glints2/dict_0003_0140.uasset" 7295
"../../../Engine/Content/EngineMaterials/Substrate/Glints2/dict_0003_0141.uasset" 7296
"../../../Engine/Content/EngineMaterials/Substrate/Glints2/dict_0003_0142.uasset" 7297
"../../../Engine/Content/EngineMaterials/Substrate/Glints2/dict_0003_0143.uasset" 7298
"../../../Engine/Content/EngineMaterials/Substrate/Glints2/dict_0003_0144.uasset" 7299
"../../../Engine/Content/EngineMaterials/Substrate/Glints2/dict_0003_0145.uasset" 7300
"../../../Engine/Content/EngineMaterials/Substrate/Glints2/dict_0003_0146.uasset" 7301
"../../../Engine/Content/EngineMaterials/Substrate/Glints2/dict_0003_0147.uasset" 7302
"../../../Engine/Content/EngineMaterials/Substrate/Glints2/dict_0003_0148.uasset" 7303
"../../../Engine/Content/EngineMaterials/Substrate/Glints2/dict_0003_0149.uasset" 7304
"../../../Engine/Content/EngineMaterials/Substrate/Glints2/dict_0003_0150.uasset" 7305
"../../../Engine/Content/EngineMaterials/Substrate/Glints2/dict_0003_0151.uasset" 7306
"../../../Engine/Content/EngineMaterials/Substrate/Glints2/dict_0003_0152.uasset" 7307
"../../../Engine/Content/EngineMaterials/Substrate/Glints2/dict_0003_0153.uasset" 7308
"../../../Engine/Content/EngineMaterials/Substrate/Glints2/dict_0003_0154.uasset" 7309
"../../../Engine/Content/EngineMaterials/Substrate/Glints2/dict_0003_0155.uasset" 7310
"../../../Engine/Content/EngineMaterials/Substrate/Glints2/dict_0003_0156.uasset" 7311
"../../../Engine/Content/EngineMaterials/Substrate/Glints2/dict_0003_0157.uasset" 7312
"../../../Engine/Content/EngineMaterials/Substrate/Glints2/dict_0003_0158.uasset" 7313
"../../../Engine/Content/EngineMaterials/Substrate/Glints2/dict_0003_0159.uasset" 7314
"../../../Engine/Content/EngineMaterials/Substrate/Glints2/dict_0003_0160.uasset" 7315
"../../../Engine/Content/EngineMaterials/Substrate/Glints2/dict_0003_0161.uasset" 7316
"../../../Engine/Content/EngineMaterials/Substrate/Glints2/dict_0003_0162.uasset" 7317
"../../../Engine/Content/EngineMaterials/Substrate/Glints2/dict_0003_0163.uasset" 7318
"../../../Engine/Content/EngineMaterials/Substrate/Glints2/dict_0003_0164.uasset" 7319
"../../../Engine/Content/EngineMaterials/Substrate/Glints2/dict_0003_0165.uasset" 7320
"../../../Engine/Content/EngineMaterials/Substrate/Glints2/dict_0003_0166.uasset" 7321
"../../../Engine/Content/EngineMaterials/Substrate/Glints2/dict_0003_0167.uasset" 7322
"../../../Engine/Content/EngineMaterials/Substrate/Glints2/dict_0003_0168.uasset" 7323
"../../../Engine/Content/EngineMaterials/Substrate/Glints2/dict_0003_0169.uasset" 7324
"../../../Engine/Content/EngineMaterials/Substrate/Glints2/dict_0003_0170.uasset" 7325
"../../../Engine/Content/EngineMaterials/Substrate/Glints2/dict_0003_0171.uasset" 7326
"../../../Engine/Content/EngineMaterials/Substrate/Glints2/dict_0003_0172.uasset" 7327
"../../../Engine/Content/EngineMaterials/Substrate/Glints2/dict_0003_0173.uasset" 7328
"../../../Engine/Content/EngineMaterials/Substrate/Glints2/dict_0003_0174.uasset" 7329
"../../../Engine/Content/EngineMaterials/Substrate/Glints2/dict_0003_0175.uasset" 7330
"../../../Engine/Content/EngineMaterials/Substrate/Glints2/dict_0003_0176.uasset" 7331
"../../../Engine/Content/EngineMaterials/Substrate/Glints2/dict_0003_0177.uasset" 7332
"../../../Engine/Content/EngineMaterials/Substrate/Glints2/dict_0003_0178.uasset" 7333
"../../../Engine/Content/EngineMaterials/Substrate/Glints2/dict_0003_0179.uasset" 7334
"../../../Engine/Content/EngineMaterials/Substrate/Glints2/dict_0003_0180.uasset" 7335
"../../../Engine/Content/EngineMaterials/Substrate/Glints2/dict_0003_0181.uasset" 7336
"../../../Engine/Content/EngineMaterials/Substrate/Glints2/dict_0003_0182.uasset" 7337
"../../../Engine/Content/EngineMaterials/Substrate/Glints2/dict_0003_0183.uasset" 7338
"../../../Engine/Content/EngineMaterials/Substrate/Glints2/dict_0003_0184.uasset" 7339
"../../../Engine/Content/EngineMaterials/Substrate/Glints2/dict_0003_0185.uasset" 7340
"../../../Engine/Content/EngineMaterials/Substrate/Glints2/dict_0003_0186.uasset" 7341
"../../../Engine/Content/EngineMaterials/Substrate/Glints2/dict_0003_0187.uasset" 7342
"../../../Engine/Content/EngineMaterials/Substrate/Glints2/dict_0003_0188.uasset" 7343
"../../../Engine/Content/EngineMaterials/Substrate/Glints2/dict_0003_0189.uasset" 7344
"../../../Engine/Content/EngineMaterials/Substrate/Glints2/dict_0003_0190.uasset" 7345
"../../../Engine/Content/EngineMaterials/Substrate/Glints2/dict_0003_0191.uasset" 7346
"../../../Engine/Content/EngineMaterials/Substrate/Glints2/dict_0003_0192.uasset" 7347
"../../../Engine/Content/EngineMaterials/Substrate/Glints2/dict_0003_0193.uasset" 7348
"../../../Engine/Content/EngineMaterials/Substrate/Glints2/dict_0003_0194.uasset" 7349
"../../../Engine/Content/EngineMaterials/Substrate/Glints2/dict_0003_0195.uasset" 7350
"../../../Engine/Content/EngineMaterials/Substrate/Glints2/dict_0003_0196.uasset" 7351
"../../../Engine/Content/EngineMaterials/Substrate/Glints2/dict_0003_0197.uasset" 7352
"../../../Engine/Content/EngineMaterials/Substrate/Glints2/dict_0003_0198.uasset" 7353
"../../../Engine/Content/EngineMaterials/Substrate/Glints2/dict_0003_0199.uasset" 7354
"../../../Engine/Content/EngineMaterials/Substrate/Glints2/dict_0003_0200.uasset" 7355
"../../../Engine/Content/EngineMaterials/Substrate/Glints2/dict_0003_0201.uasset" 7356
"../../../Engine/Content/EngineMaterials/Substrate/Glints2/dict_0003_0202.uasset" 7357
"../../../Engine/Content/EngineMaterials/Substrate/Glints2/dict_0003_0203.uasset" 7358
"../../../Engine/Content/EngineMaterials/Substrate/Glints2/dict_0003_0204.uasset" 7359
"../../../Engine/Content/EngineMaterials/Substrate/Glints2/dict_0003_0205.uasset" 7360
"../../../Engine/Content/EngineMaterials/Substrate/Glints2/dict_0003_0206.uasset" 7361
"../../../Engine/Content/EngineMaterials/Substrate/Glints2/dict_0003_0207.uasset" 7362
"../../../Engine/Content/EngineMaterials/Substrate/Glints2/dict_0003_0208.uasset" 7363
"../../../Engine/Content/EngineMaterials/Substrate/Glints2/dict_0003_0209.uasset" 7364
"../../../Engine/Content/EngineMaterials/Substrate/Glints2/dict_0003_0210.uasset" 7365
"../../../Engine/Content/EngineMaterials/Substrate/Glints2/dict_0003_0211.uasset" 7366
"../../../Engine/Content/EngineMaterials/Substrate/Glints2/dict_0003_0212.uasset" 7367
"../../../Engine/Content/EngineMaterials/Substrate/Glints2/dict_0003_0213.uasset" 7368
"../../../Engine/Content/EngineMaterials/Substrate/Glints2/dict_0003_0214.uasset" 7369
"../../../Engine/Content/EngineMaterials/Substrate/Glints2/dict_0003_0215.uasset" 7370
"../../../Engine/Content/EngineMaterials/Substrate/Glints2/dict_0003_0216.uasset" 7371
"../../../Engine/Content/EngineMaterials/Substrate/Glints2/dict_0003_0217.uasset" 7372
"../../../Engine/Content/EngineMaterials/Substrate/Glints2/dict_0003_0218.uasset" 7373
"../../../Engine/Content/EngineMaterials/Substrate/Glints2/dict_0003_0219.uasset" 7374
"../../../Engine/Content/EngineMaterials/Substrate/Glints2/dict_0003_0220.uasset" 7375
"../../../Engine/Content/EngineMaterials/Substrate/Glints2/dict_0003_0221.uasset" 7376
"../../../Engine/Content/EngineMaterials/Substrate/Glints2/dict_0003_0222.uasset" 7377
"../../../Engine/Content/EngineMaterials/Substrate/Glints2/dict_0003_0223.uasset" 7378
"../../../Engine/Content/EngineMaterials/Substrate/Glints2/dict_0003_0224.uasset" 7379
"../../../Engine/Content/EngineMaterials/Substrate/Glints2/dict_0003_0225.uasset" 7380
"../../../Engine/Content/EngineMaterials/Substrate/Glints2/dict_0003_0226.uasset" 7381
"../../../Engine/Content/EngineMaterials/Substrate/Glints2/dict_0003_0227.uasset" 7382
"../../../Engine/Content/EngineMaterials/Substrate/Glints2/dict_0003_0228.uasset" 7383
"../../../Engine/Content/EngineMaterials/Substrate/Glints2/dict_0003_0229.uasset" 7384
"../../../Engine/Content/EngineMaterials/Substrate/Glints2/dict_0003_0230.uasset" 7385
"../../../Engine/Content/EngineMaterials/Substrate/Glints2/dict_0003_0231.uasset" 7386
"../../../Engine/Content/EngineMaterials/Substrate/Glints2/dict_0003_0232.uasset" 7387
"../../../Engine/Content/EngineMaterials/Substrate/Glints2/dict_0003_0233.uasset" 7388
"../../../Engine/Content/EngineMaterials/Substrate/Glints2/dict_0003_0234.uasset" 7389
"../../../Engine/Content/EngineMaterials/Substrate/Glints2/dict_0003_0235.uasset" 7390
"../../../Engine/Content/EngineMaterials/Substrate/Glints2/dict_0003_0236.uasset" 7391
"../../../Engine/Content/EngineMaterials/Substrate/Glints2/dict_0003_0237.uasset" 7392
"../../../Engine/Content/EngineMaterials/Substrate/Glints2/dict_0003_0238.uasset" 7393
"../../../Engine/Content/EngineMaterials/Substrate/Glints2/dict_0003_0239.uasset" 7394
"../../../Engine/Content/EngineMaterials/Substrate/Glints2/dict_0003_0240.uasset" 7395
"../../../Engine/Content/EngineMaterials/Substrate/Glints2/dict_0003_0241.uasset" 7396
"../../../Engine/Content/EngineMaterials/Substrate/Glints2/dict_0003_0242.uasset" 7397
"../../../Engine/Content/EngineMaterials/Substrate/Glints2/dict_0003_0243.uasset" 7398
"../../../Engine/Content/EngineMaterials/Substrate/Glints2/dict_0003_0244.uasset" 7399
"../../../Engine/Content/EngineMaterials/Substrate/Glints2/dict_0003_0245.uasset" 7400
"../../../Engine/Content/EngineMaterials/Substrate/Glints2/dict_0003_0246.uasset" 7401
"../../../Engine/Content/EngineMaterials/Substrate/Glints2/dict_0003_0247.uasset" 7402
"../../../Engine/Content/EngineMaterials/Substrate/Glints2/dict_0003_0248.uasset" 7403
"../../../Engine/Content/EngineMaterials/Substrate/Glints2/dict_0003_0249.uasset" 7404
"../../../Engine/Content/EngineMaterials/Substrate/Glints2/dict_0003_0250.uasset" 7405
"../../../Engine/Content/EngineMaterials/Substrate/Glints2/dict_0003_0251.uasset" 7406
"../../../Engine/Content/EngineMaterials/Substrate/Glints2/dict_0003_0252.uasset" 7407
"../../../Engine/Content/EngineMaterials/Substrate/Glints2/dict_0003_0253.uasset" 7408
"../../../Engine/Content/EngineMaterials/Substrate/Glints2/dict_0003_0254.uasset" 7409
"../../../Engine/Content/EngineMaterials/Substrate/Glints2/dict_0003_0255.uasset" 7410
"../../../Engine/Content/EngineMaterials/Substrate/Glints2/dict_0004_0000.uasset" 7411
"../../../Engine/Content/EngineMaterials/Substrate/Glints2/dict_0004_0001.uasset" 7412
"../../../Engine/Content/EngineMaterials/Substrate/Glints2/dict_0004_0002.uasset" 7413
"../../../Engine/Content/EngineMaterials/Substrate/Glints2/dict_0004_0003.uasset" 7414
"../../../Engine/Content/EngineMaterials/Substrate/Glints2/dict_0004_0004.uasset" 7415
"../../../Engine/Content/EngineMaterials/Substrate/Glints2/dict_0004_0005.uasset" 7416
"../../../Engine/Content/EngineMaterials/Substrate/Glints2/dict_0004_0006.uasset" 7417
"../../../Engine/Content/EngineMaterials/Substrate/Glints2/dict_0004_0007.uasset" 7418
"../../../Engine/Content/EngineMaterials/Substrate/Glints2/dict_0004_0008.uasset" 7419
"../../../Engine/Content/EngineMaterials/Substrate/Glints2/dict_0004_0009.uasset" 7420
"../../../Engine/Content/EngineMaterials/Substrate/Glints2/dict_0004_0010.uasset" 7421
"../../../Engine/Content/EngineMaterials/Substrate/Glints2/dict_0004_0011.uasset" 7422
"../../../Engine/Content/EngineMaterials/Substrate/Glints2/dict_0004_0012.uasset" 7423
"../../../Engine/Content/EngineMaterials/Substrate/Glints2/dict_0004_0013.uasset" 7424
"../../../Engine/Content/EngineMaterials/Substrate/Glints2/dict_0004_0014.uasset" 7425
"../../../Engine/Content/EngineMaterials/Substrate/Glints2/dict_0004_0015.uasset" 7426
"../../../Engine/Content/EngineMaterials/Substrate/Glints2/dict_0004_0016.uasset" 7427
"../../../Engine/Content/EngineMaterials/Substrate/Glints2/dict_0004_0017.uasset" 7428
"../../../Engine/Content/EngineMaterials/Substrate/Glints2/dict_0004_0018.uasset" 7429
"../../../Engine/Content/EngineMaterials/Substrate/Glints2/dict_0004_0019.uasset" 7430
"../../../Engine/Content/EngineMaterials/Substrate/Glints2/dict_0004_0020.uasset" 7431
"../../../Engine/Content/EngineMaterials/Substrate/Glints2/dict_0004_0021.uasset" 7432
"../../../Engine/Content/EngineMaterials/Substrate/Glints2/dict_0004_0022.uasset" 7433
"../../../Engine/Content/EngineMaterials/Substrate/Glints2/dict_0004_0023.uasset" 7434
"../../../Engine/Content/EngineMaterials/Substrate/Glints2/dict_0004_0024.uasset" 7435
"../../../Engine/Content/EngineMaterials/Substrate/Glints2/dict_0004_0025.uasset" 7436
"../../../Engine/Content/EngineMaterials/Substrate/Glints2/dict_0004_0026.uasset" 7437
"../../../Engine/Content/EngineMaterials/Substrate/Glints2/dict_0004_0027.uasset" 7438
"../../../Engine/Content/EngineMaterials/Substrate/Glints2/dict_0004_0028.uasset" 7439
"../../../Engine/Content/EngineMaterials/Substrate/Glints2/dict_0004_0029.uasset" 7440
"../../../Engine/Content/EngineMaterials/Substrate/Glints2/dict_0004_0030.uasset" 7441
"../../../Engine/Content/EngineMaterials/Substrate/Glints2/dict_0004_0031.uasset" 7442
"../../../Engine/Content/EngineMaterials/Substrate/Glints2/dict_0004_0032.uasset" 7443
"../../../Engine/Content/EngineMaterials/Substrate/Glints2/dict_0004_0033.uasset" 7444
"../../../Engine/Content/EngineMaterials/Substrate/Glints2/dict_0004_0034.uasset" 7445
"../../../Engine/Content/EngineMaterials/Substrate/Glints2/dict_0004_0035.uasset" 7446
"../../../Engine/Content/EngineMaterials/Substrate/Glints2/dict_0004_0036.uasset" 7447
"../../../Engine/Content/EngineMaterials/Substrate/Glints2/dict_0004_0037.uasset" 7448
"../../../Engine/Content/EngineMaterials/Substrate/Glints2/dict_0004_0038.uasset" 7449
"../../../Engine/Content/EngineMaterials/Substrate/Glints2/dict_0004_0039.uasset" 7450
"../../../Engine/Content/EngineMaterials/Substrate/Glints2/dict_0004_0040.uasset" 7451
"../../../Engine/Content/EngineMaterials/Substrate/Glints2/dict_0004_0041.uasset" 7452
"../../../Engine/Content/EngineMaterials/Substrate/Glints2/dict_0004_0042.uasset" 7453
"../../../Engine/Content/EngineMaterials/Substrate/Glints2/dict_0004_0043.uasset" 7454
"../../../Engine/Content/EngineMaterials/Substrate/Glints2/dict_0004_0044.uasset" 7455
"../../../Engine/Content/EngineMaterials/Substrate/Glints2/dict_0004_0045.uasset" 7456
"../../../Engine/Content/EngineMaterials/Substrate/Glints2/dict_0004_0046.uasset" 7457
"../../../Engine/Content/EngineMaterials/Substrate/Glints2/dict_0004_0047.uasset" 7458
"../../../Engine/Content/EngineMaterials/Substrate/Glints2/dict_0004_0048.uasset" 7459
"../../../Engine/Content/EngineMaterials/Substrate/Glints2/dict_0004_0049.uasset" 7460
"../../../Engine/Content/EngineMaterials/Substrate/Glints2/dict_0004_0050.uasset" 7461
"../../../Engine/Content/EngineMaterials/Substrate/Glints2/dict_0004_0051.uasset" 7462
"../../../Engine/Content/EngineMaterials/Substrate/Glints2/dict_0004_0052.uasset" 7463
"../../../Engine/Content/EngineMaterials/Substrate/Glints2/dict_0004_0053.uasset" 7464
"../../../Engine/Content/EngineMaterials/Substrate/Glints2/dict_0004_0054.uasset" 7465
"../../../Engine/Content/EngineMaterials/Substrate/Glints2/dict_0004_0055.uasset" 7466
"../../../Engine/Content/EngineMaterials/Substrate/Glints2/dict_0004_0056.uasset" 7467
"../../../Engine/Content/EngineMaterials/Substrate/Glints2/dict_0004_0057.uasset" 7468
"../../../Engine/Content/EngineMaterials/Substrate/Glints2/dict_0004_0058.uasset" 7469
"../../../Engine/Content/EngineMaterials/Substrate/Glints2/dict_0004_0059.uasset" 7470
"../../../Engine/Content/EngineMaterials/Substrate/Glints2/dict_0004_0060.uasset" 7471
"../../../Engine/Content/EngineMaterials/Substrate/Glints2/dict_0004_0061.uasset" 7472
"../../../Engine/Content/EngineMaterials/Substrate/Glints2/dict_0004_0062.uasset" 7473
"../../../Engine/Content/EngineMaterials/Substrate/Glints2/dict_0004_0063.uasset" 7474
"../../../Engine/Content/EngineMaterials/Substrate/Glints2/dict_0004_0064.uasset" 7475
"../../../Engine/Content/EngineMaterials/Substrate/Glints2/dict_0004_0065.uasset" 7476
"../../../Engine/Content/EngineMaterials/Substrate/Glints2/dict_0004_0066.uasset" 7477
"../../../Engine/Content/EngineMaterials/Substrate/Glints2/dict_0004_0067.uasset" 7478
"../../../Engine/Content/EngineMaterials/Substrate/Glints2/dict_0004_0068.uasset" 7479
"../../../Engine/Content/EngineMaterials/Substrate/Glints2/dict_0004_0069.uasset" 7480
"../../../Engine/Content/EngineMaterials/Substrate/Glints2/dict_0004_0070.uasset" 7481
"../../../Engine/Content/EngineMaterials/Substrate/Glints2/dict_0004_0071.uasset" 7482
"../../../Engine/Content/EngineMaterials/Substrate/Glints2/dict_0004_0072.uasset" 7483
"../../../Engine/Content/EngineMaterials/Substrate/Glints2/dict_0004_0073.uasset" 7484
"../../../Engine/Content/EngineMaterials/Substrate/Glints2/dict_0004_0074.uasset" 7485
"../../../Engine/Content/EngineMaterials/Substrate/Glints2/dict_0004_0075.uasset" 7486
"../../../Engine/Content/EngineMaterials/Substrate/Glints2/dict_0004_0076.uasset" 7487
"../../../Engine/Content/EngineMaterials/Substrate/Glints2/dict_0004_0077.uasset" 7488
"../../../Engine/Content/EngineMaterials/Substrate/Glints2/dict_0004_0078.uasset" 7489
"../../../Engine/Content/EngineMaterials/Substrate/Glints2/dict_0004_0079.uasset" 7490
"../../../Engine/Content/EngineMaterials/Substrate/Glints2/dict_0004_0080.uasset" 7491
"../../../Engine/Content/EngineMaterials/Substrate/Glints2/dict_0004_0081.uasset" 7492
"../../../Engine/Content/EngineMaterials/Substrate/Glints2/dict_0004_0082.uasset" 7493
"../../../Engine/Content/EngineMaterials/Substrate/Glints2/dict_0004_0083.uasset" 7494
"../../../Engine/Content/EngineMaterials/Substrate/Glints2/dict_0004_0084.uasset" 7495
"../../../Engine/Content/EngineMaterials/Substrate/Glints2/dict_0004_0085.uasset" 7496
"../../../Engine/Content/EngineMaterials/Substrate/Glints2/dict_0004_0086.uasset" 7497
"../../../Engine/Content/EngineMaterials/Substrate/Glints2/dict_0004_0087.uasset" 7498
"../../../Engine/Content/EngineMaterials/Substrate/Glints2/dict_0004_0088.uasset" 7499
"../../../Engine/Content/EngineMaterials/Substrate/Glints2/dict_0004_0089.uasset" 7500
"../../../Engine/Content/EngineMaterials/Substrate/Glints2/dict_0004_0090.uasset" 7501
"../../../Engine/Content/EngineMaterials/Substrate/Glints2/dict_0004_0091.uasset" 7502
"../../../Engine/Content/EngineMaterials/Substrate/Glints2/dict_0004_0092.uasset" 7503
"../../../Engine/Content/EngineMaterials/Substrate/Glints2/dict_0004_0093.uasset" 7504
"../../../Engine/Content/EngineMaterials/Substrate/Glints2/dict_0004_0094.uasset" 7505
"../../../Engine/Content/EngineMaterials/Substrate/Glints2/dict_0004_0095.uasset" 7506
"../../../Engine/Content/EngineMaterials/Substrate/Glints2/dict_0004_0096.uasset" 7507
"../../../Engine/Content/EngineMaterials/Substrate/Glints2/dict_0004_0097.uasset" 7508
"../../../Engine/Content/EngineMaterials/Substrate/Glints2/dict_0004_0098.uasset" 7509
"../../../Engine/Content/EngineMaterials/Substrate/Glints2/dict_0004_0099.uasset" 7510
"../../../Engine/Content/EngineMaterials/Substrate/Glints2/dict_0004_0100.uasset" 7511
"../../../Engine/Content/EngineMaterials/Substrate/Glints2/dict_0004_0101.uasset" 7512
"../../../Engine/Content/EngineMaterials/Substrate/Glints2/dict_0004_0102.uasset" 7513
"../../../Engine/Content/EngineMaterials/Substrate/Glints2/dict_0004_0103.uasset" 7514
"../../../Engine/Content/EngineMaterials/Substrate/Glints2/dict_0004_0104.uasset" 7515
"../../../Engine/Content/EngineMaterials/Substrate/Glints2/dict_0004_0105.uasset" 7516
"../../../Engine/Content/EngineMaterials/Substrate/Glints2/dict_0004_0106.uasset" 7517
"../../../Engine/Content/EngineMaterials/Substrate/Glints2/dict_0004_0107.uasset" 7518
"../../../Engine/Content/EngineMaterials/Substrate/Glints2/dict_0004_0108.uasset" 7519
"../../../Engine/Content/EngineMaterials/Substrate/Glints2/dict_0004_0109.uasset" 7520
"../../../Engine/Content/EngineMaterials/Substrate/Glints2/dict_0004_0110.uasset" 7521
"../../../Engine/Content/EngineMaterials/Substrate/Glints2/dict_0004_0111.uasset" 7522
"../../../Engine/Content/EngineMaterials/Substrate/Glints2/dict_0004_0112.uasset" 7523
"../../../Engine/Content/EngineMaterials/Substrate/Glints2/dict_0004_0113.uasset" 7524
"../../../Engine/Content/EngineMaterials/Substrate/Glints2/dict_0004_0114.uasset" 7525
"../../../Engine/Content/EngineMaterials/Substrate/Glints2/dict_0004_0115.uasset" 7526
"../../../Engine/Content/EngineMaterials/Substrate/Glints2/dict_0004_0116.uasset" 7527
"../../../Engine/Content/EngineMaterials/Substrate/Glints2/dict_0004_0117.uasset" 7528
"../../../Engine/Content/EngineMaterials/Substrate/Glints2/dict_0004_0118.uasset" 7529
"../../../Engine/Content/EngineMaterials/Substrate/Glints2/dict_0004_0119.uasset" 7530
"../../../Engine/Content/EngineMaterials/Substrate/Glints2/dict_0004_0120.uasset" 7531
"../../../Engine/Content/EngineMaterials/Substrate/Glints2/dict_0004_0121.uasset" 7532
"../../../Engine/Content/EngineMaterials/Substrate/Glints2/dict_0004_0122.uasset" 7533
"../../../Engine/Content/EngineMaterials/Substrate/Glints2/dict_0004_0123.uasset" 7534
"../../../Engine/Content/EngineMaterials/Substrate/Glints2/dict_0004_0124.uasset" 7535
"../../../Engine/Content/EngineMaterials/Substrate/Glints2/dict_0004_0125.uasset" 7536
"../../../Engine/Content/EngineMaterials/Substrate/Glints2/dict_0004_0126.uasset" 7537
"../../../Engine/Content/EngineMaterials/Substrate/Glints2/dict_0004_0127.uasset" 7538
"../../../Engine/Content/EngineMaterials/Substrate/Glints2/dict_0004_0128.uasset" 7539
"../../../Engine/Content/EngineMaterials/Substrate/Glints2/dict_0004_0129.uasset" 7540
"../../../Engine/Content/EngineMaterials/Substrate/Glints2/dict_0004_0130.uasset" 7541
"../../../Engine/Content/EngineMaterials/Substrate/Glints2/dict_0004_0131.uasset" 7542
"../../../Engine/Content/EngineMaterials/Substrate/Glints2/dict_0004_0132.uasset" 7543
"../../../Engine/Content/EngineMaterials/Substrate/Glints2/dict_0004_0133.uasset" 7544
"../../../Engine/Content/EngineMaterials/Substrate/Glints2/dict_0004_0134.uasset" 7545
"../../../Engine/Content/EngineMaterials/Substrate/Glints2/dict_0004_0135.uasset" 7546
"../../../Engine/Content/EngineMaterials/Substrate/Glints2/dict_0004_0136.uasset" 7547
"../../../Engine/Content/EngineMaterials/Substrate/Glints2/dict_0004_0137.uasset" 7548
"../../../Engine/Content/EngineMaterials/Substrate/Glints2/dict_0004_0138.uasset" 7549
"../../../Engine/Content/EngineMaterials/Substrate/Glints2/dict_0004_0139.uasset" 7550
"../../../Engine/Content/EngineMaterials/Substrate/Glints2/dict_0004_0140.uasset" 7551
"../../../Engine/Content/EngineMaterials/Substrate/Glints2/dict_0004_0141.uasset" 7552
"../../../Engine/Content/EngineMaterials/Substrate/Glints2/dict_0004_0142.uasset" 7553
"../../../Engine/Content/EngineMaterials/Substrate/Glints2/dict_0004_0143.uasset" 7554
"../../../Engine/Content/EngineMaterials/Substrate/Glints2/dict_0004_0144.uasset" 7555
"../../../Engine/Content/EngineMaterials/Substrate/Glints2/dict_0004_0145.uasset" 7556
"../../../Engine/Content/EngineMaterials/Substrate/Glints2/dict_0004_0146.uasset" 7557
"../../../Engine/Content/EngineMaterials/Substrate/Glints2/dict_0004_0147.uasset" 7558
"../../../Engine/Content/EngineMaterials/Substrate/Glints2/dict_0004_0148.uasset" 7559
"../../../Engine/Content/EngineMaterials/Substrate/Glints2/dict_0004_0149.uasset" 7560
"../../../Engine/Content/EngineMaterials/Substrate/Glints2/dict_0004_0150.uasset" 7561
"../../../Engine/Content/EngineMaterials/Substrate/Glints2/dict_0004_0151.uasset" 7562
"../../../Engine/Content/EngineMaterials/Substrate/Glints2/dict_0004_0152.uasset" 7563
"../../../Engine/Content/EngineMaterials/Substrate/Glints2/dict_0004_0153.uasset" 7564
"../../../Engine/Content/EngineMaterials/Substrate/Glints2/dict_0004_0154.uasset" 7565
"../../../Engine/Content/EngineMaterials/Substrate/Glints2/dict_0004_0155.uasset" 7566
"../../../Engine/Content/EngineMaterials/Substrate/Glints2/dict_0004_0156.uasset" 7567
"../../../Engine/Content/EngineMaterials/Substrate/Glints2/dict_0004_0157.uasset" 7568
"../../../Engine/Content/EngineMaterials/Substrate/Glints2/dict_0004_0158.uasset" 7569
"../../../Engine/Content/EngineMaterials/Substrate/Glints2/dict_0004_0159.uasset" 7570
"../../../Engine/Content/EngineMaterials/Substrate/Glints2/dict_0004_0160.uasset" 7571
"../../../Engine/Content/EngineMaterials/Substrate/Glints2/dict_0004_0161.uasset" 7572
"../../../Engine/Content/EngineMaterials/Substrate/Glints2/dict_0004_0162.uasset" 7573
"../../../Engine/Content/EngineMaterials/Substrate/Glints2/dict_0004_0163.uasset" 7574
"../../../Engine/Content/EngineMaterials/Substrate/Glints2/dict_0004_0164.uasset" 7575
"../../../Engine/Content/EngineMaterials/Substrate/Glints2/dict_0004_0165.uasset" 7576
"../../../Engine/Content/EngineMaterials/Substrate/Glints2/dict_0004_0166.uasset" 7577
"../../../Engine/Content/EngineMaterials/Substrate/Glints2/dict_0004_0167.uasset" 7578
"../../../Engine/Content/EngineMaterials/Substrate/Glints2/dict_0004_0168.uasset" 7579
"../../../Engine/Content/EngineMaterials/Substrate/Glints2/dict_0004_0169.uasset" 7580
"../../../Engine/Content/EngineMaterials/Substrate/Glints2/dict_0004_0170.uasset" 7581
"../../../Engine/Content/EngineMaterials/Substrate/Glints2/dict_0004_0171.uasset" 7582
"../../../Engine/Content/EngineMaterials/Substrate/Glints2/dict_0004_0172.uasset" 7583
"../../../Engine/Content/EngineMaterials/Substrate/Glints2/dict_0004_0173.uasset" 7584
"../../../Engine/Content/EngineMaterials/Substrate/Glints2/dict_0004_0174.uasset" 7585
"../../../Engine/Content/EngineMaterials/Substrate/Glints2/dict_0004_0175.uasset" 7586
"../../../Engine/Content/EngineMaterials/Substrate/Glints2/dict_0004_0176.uasset" 7587
"../../../Engine/Content/EngineMaterials/Substrate/Glints2/dict_0004_0177.uasset" 7588
"../../../Engine/Content/EngineMaterials/Substrate/Glints2/dict_0004_0178.uasset" 7589
"../../../Engine/Content/EngineMaterials/Substrate/Glints2/dict_0004_0179.uasset" 7590
"../../../Engine/Content/EngineMaterials/Substrate/Glints2/dict_0004_0180.uasset" 7591
"../../../Engine/Content/EngineMaterials/Substrate/Glints2/dict_0004_0181.uasset" 7592
"../../../Engine/Content/EngineMaterials/Substrate/Glints2/dict_0004_0182.uasset" 7593
"../../../Engine/Content/EngineMaterials/Substrate/Glints2/dict_0004_0183.uasset" 7594
"../../../Engine/Content/EngineMaterials/Substrate/Glints2/dict_0004_0184.uasset" 7595
"../../../Engine/Content/EngineMaterials/Substrate/Glints2/dict_0004_0185.uasset" 7596
"../../../Engine/Content/EngineMaterials/Substrate/Glints2/dict_0004_0186.uasset" 7597
"../../../Engine/Content/EngineMaterials/Substrate/Glints2/dict_0004_0187.uasset" 7598
"../../../Engine/Content/EngineMaterials/Substrate/Glints2/dict_0004_0188.uasset" 7599
"../../../Engine/Content/EngineMaterials/Substrate/Glints2/dict_0004_0189.uasset" 7600
"../../../Engine/Content/EngineMaterials/Substrate/Glints2/dict_0004_0190.uasset" 7601
"../../../Engine/Content/EngineMaterials/Substrate/Glints2/dict_0004_0191.uasset" 7602
"../../../Engine/Content/EngineMaterials/Substrate/Glints2/dict_0004_0192.uasset" 7603
"../../../Engine/Content/EngineMaterials/Substrate/Glints2/dict_0004_0193.uasset" 7604
"../../../Engine/Content/EngineMaterials/Substrate/Glints2/dict_0004_0194.uasset" 7605
"../../../Engine/Content/EngineMaterials/Substrate/Glints2/dict_0004_0195.uasset" 7606
"../../../Engine/Content/EngineMaterials/Substrate/Glints2/dict_0004_0196.uasset" 7607
"../../../Engine/Content/EngineMaterials/Substrate/Glints2/dict_0004_0197.uasset" 7608
"../../../Engine/Content/EngineMaterials/Substrate/Glints2/dict_0004_0198.uasset" 7609
"../../../Engine/Content/EngineMaterials/Substrate/Glints2/dict_0004_0199.uasset" 7610
"../../../Engine/Content/EngineMaterials/Substrate/Glints2/dict_0004_0200.uasset" 7611
"../../../Engine/Content/EngineMaterials/Substrate/Glints2/dict_0004_0201.uasset" 7612
"../../../Engine/Content/EngineMaterials/Substrate/Glints2/dict_0004_0202.uasset" 7613
"../../../Engine/Content/EngineMaterials/Substrate/Glints2/dict_0004_0203.uasset" 7614
"../../../Engine/Content/EngineMaterials/Substrate/Glints2/dict_0004_0204.uasset" 7615
"../../../Engine/Content/EngineMaterials/Substrate/Glints2/dict_0004_0205.uasset" 7616
"../../../Engine/Content/EngineMaterials/Substrate/Glints2/dict_0004_0206.uasset" 7617
"../../../Engine/Content/EngineMaterials/Substrate/Glints2/dict_0004_0207.uasset" 7618
"../../../Engine/Content/EngineMaterials/Substrate/Glints2/dict_0004_0208.uasset" 7619
"../../../Engine/Content/EngineMaterials/Substrate/Glints2/dict_0004_0209.uasset" 7620
"../../../Engine/Content/EngineMaterials/Substrate/Glints2/dict_0004_0210.uasset" 7621
"../../../Engine/Content/EngineMaterials/Substrate/Glints2/dict_0004_0211.uasset" 7622
"../../../Engine/Content/EngineMaterials/Substrate/Glints2/dict_0004_0212.uasset" 7623
"../../../Engine/Content/EngineMaterials/Substrate/Glints2/dict_0004_0213.uasset" 7624
"../../../Engine/Content/EngineMaterials/Substrate/Glints2/dict_0004_0214.uasset" 7625
"../../../Engine/Content/EngineMaterials/Substrate/Glints2/dict_0004_0215.uasset" 7626
"../../../Engine/Content/EngineMaterials/Substrate/Glints2/dict_0004_0216.uasset" 7627
"../../../Engine/Content/EngineMaterials/Substrate/Glints2/dict_0004_0217.uasset" 7628
"../../../Engine/Content/EngineMaterials/Substrate/Glints2/dict_0004_0218.uasset" 7629
"../../../Engine/Content/EngineMaterials/Substrate/Glints2/dict_0004_0219.uasset" 7630
"../../../Engine/Content/EngineMaterials/Substrate/Glints2/dict_0004_0220.uasset" 7631
"../../../Engine/Content/EngineMaterials/Substrate/Glints2/dict_0004_0221.uasset" 7632
"../../../Engine/Content/EngineMaterials/Substrate/Glints2/dict_0004_0222.uasset" 7633
"../../../Engine/Content/EngineMaterials/Substrate/Glints2/dict_0004_0223.uasset" 7634
"../../../Engine/Content/EngineMaterials/Substrate/Glints2/dict_0004_0224.uasset" 7635
"../../../Engine/Content/EngineMaterials/Substrate/Glints2/dict_0004_0225.uasset" 7636
"../../../Engine/Content/EngineMaterials/Substrate/Glints2/dict_0004_0226.uasset" 7637
"../../../Engine/Content/EngineMaterials/Substrate/Glints2/dict_0004_0227.uasset" 7638
"../../../Engine/Content/EngineMaterials/Substrate/Glints2/dict_0004_0228.uasset" 7639
"../../../Engine/Content/EngineMaterials/Substrate/Glints2/dict_0004_0229.uasset" 7640
"../../../Engine/Content/EngineMaterials/Substrate/Glints2/dict_0004_0230.uasset" 7641
"../../../Engine/Content/EngineMaterials/Substrate/Glints2/dict_0004_0231.uasset" 7642
"../../../Engine/Content/EngineMaterials/Substrate/Glints2/dict_0004_0232.uasset" 7643
"../../../Engine/Content/EngineMaterials/Substrate/Glints2/dict_0004_0233.uasset" 7644
"../../../Engine/Content/EngineMaterials/Substrate/Glints2/dict_0004_0234.uasset" 7645
"../../../Engine/Content/EngineMaterials/Substrate/Glints2/dict_0004_0235.uasset" 7646
"../../../Engine/Content/EngineMaterials/Substrate/Glints2/dict_0004_0236.uasset" 7647
"../../../Engine/Content/EngineMaterials/Substrate/Glints2/dict_0004_0237.uasset" 7648
"../../../Engine/Content/EngineMaterials/Substrate/Glints2/dict_0004_0238.uasset" 7649
"../../../Engine/Content/EngineMaterials/Substrate/Glints2/dict_0004_0239.uasset" 7650
"../../../Engine/Content/EngineMaterials/Substrate/Glints2/dict_0004_0240.uasset" 7651
"../../../Engine/Content/EngineMaterials/Substrate/Glints2/dict_0004_0241.uasset" 7652
"../../../Engine/Content/EngineMaterials/Substrate/Glints2/dict_0004_0242.uasset" 7653
"../../../Engine/Content/EngineMaterials/Substrate/Glints2/dict_0004_0243.uasset" 7654
"../../../Engine/Content/EngineMaterials/Substrate/Glints2/dict_0004_0244.uasset" 7655
"../../../Engine/Content/EngineMaterials/Substrate/Glints2/dict_0004_0245.uasset" 7656
"../../../Engine/Content/EngineMaterials/Substrate/Glints2/dict_0004_0246.uasset" 7657
"../../../Engine/Content/EngineMaterials/Substrate/Glints2/dict_0004_0247.uasset" 7658
"../../../Engine/Content/EngineMaterials/Substrate/Glints2/dict_0004_0248.uasset" 7659
"../../../Engine/Content/EngineMaterials/Substrate/Glints2/dict_0004_0249.uasset" 7660
"../../../Engine/Content/EngineMaterials/Substrate/Glints2/dict_0004_0250.uasset" 7661
"../../../Engine/Content/EngineMaterials/Substrate/Glints2/dict_0004_0251.uasset" 7662
"../../../Engine/Content/EngineMaterials/Substrate/Glints2/dict_0004_0252.uasset" 7663
"../../../Engine/Content/EngineMaterials/Substrate/Glints2/dict_0004_0253.uasset" 7664
"../../../Engine/Content/EngineMaterials/Substrate/Glints2/dict_0004_0254.uasset" 7665
"../../../Engine/Content/EngineMaterials/Substrate/Glints2/dict_0004_0255.uasset" 7666
"../../../Engine/Content/EngineMaterials/Substrate/Glints2/dict_0005_0000.uasset" 7667
"../../../Engine/Content/EngineMaterials/Substrate/Glints2/dict_0005_0001.uasset" 7668
"../../../Engine/Content/EngineMaterials/Substrate/Glints2/dict_0005_0002.uasset" 7669
"../../../Engine/Content/EngineMaterials/Substrate/Glints2/dict_0005_0003.uasset" 7670
"../../../Engine/Content/EngineMaterials/Substrate/Glints2/dict_0005_0004.uasset" 7671
"../../../Engine/Content/EngineMaterials/Substrate/Glints2/dict_0005_0005.uasset" 7672
"../../../Engine/Content/EngineMaterials/Substrate/Glints2/dict_0005_0006.uasset" 7673
"../../../Engine/Content/EngineMaterials/Substrate/Glints2/dict_0005_0007.uasset" 7674
"../../../Engine/Content/EngineMaterials/Substrate/Glints2/dict_0005_0008.uasset" 7675
"../../../Engine/Content/EngineMaterials/Substrate/Glints2/dict_0005_0009.uasset" 7676
"../../../Engine/Content/EngineMaterials/Substrate/Glints2/dict_0005_0010.uasset" 7677
"../../../Engine/Content/EngineMaterials/Substrate/Glints2/dict_0005_0011.uasset" 7678
"../../../Engine/Content/EngineMaterials/Substrate/Glints2/dict_0005_0012.uasset" 7679
"../../../Engine/Content/EngineMaterials/Substrate/Glints2/dict_0005_0013.uasset" 7680
"../../../Engine/Content/EngineMaterials/Substrate/Glints2/dict_0005_0014.uasset" 7681
"../../../Engine/Content/EngineMaterials/Substrate/Glints2/dict_0005_0015.uasset" 7682
"../../../Engine/Content/EngineMaterials/Substrate/Glints2/dict_0005_0016.uasset" 7683
"../../../Engine/Content/EngineMaterials/Substrate/Glints2/dict_0005_0017.uasset" 7684
"../../../Engine/Content/EngineMaterials/Substrate/Glints2/dict_0005_0018.uasset" 7685
"../../../Engine/Content/EngineMaterials/Substrate/Glints2/dict_0005_0019.uasset" 7686
"../../../Engine/Content/EngineMaterials/Substrate/Glints2/dict_0005_0020.uasset" 7687
"../../../Engine/Content/EngineMaterials/Substrate/Glints2/dict_0005_0021.uasset" 7688
"../../../Engine/Content/EngineMaterials/Substrate/Glints2/dict_0005_0022.uasset" 7689
"../../../Engine/Content/EngineMaterials/Substrate/Glints2/dict_0005_0023.uasset" 7690
"../../../Engine/Content/EngineMaterials/Substrate/Glints2/dict_0005_0024.uasset" 7691
"../../../Engine/Content/EngineMaterials/Substrate/Glints2/dict_0005_0025.uasset" 7692
"../../../Engine/Content/EngineMaterials/Substrate/Glints2/dict_0005_0026.uasset" 7693
"../../../Engine/Content/EngineMaterials/Substrate/Glints2/dict_0005_0027.uasset" 7694
"../../../Engine/Content/EngineMaterials/Substrate/Glints2/dict_0005_0028.uasset" 7695
"../../../Engine/Content/EngineMaterials/Substrate/Glints2/dict_0005_0029.uasset" 7696
"../../../Engine/Content/EngineMaterials/Substrate/Glints2/dict_0005_0030.uasset" 7697
"../../../Engine/Content/EngineMaterials/Substrate/Glints2/dict_0005_0031.uasset" 7698
"../../../Engine/Content/EngineMaterials/Substrate/Glints2/dict_0005_0032.uasset" 7699
"../../../Engine/Content/EngineMaterials/Substrate/Glints2/dict_0005_0033.uasset" 7700
"../../../Engine/Content/EngineMaterials/Substrate/Glints2/dict_0005_0034.uasset" 7701
"../../../Engine/Content/EngineMaterials/Substrate/Glints2/dict_0005_0035.uasset" 7702
"../../../Engine/Content/EngineMaterials/Substrate/Glints2/dict_0005_0036.uasset" 7703
"../../../Engine/Content/EngineMaterials/Substrate/Glints2/dict_0005_0037.uasset" 7704
"../../../Engine/Content/EngineMaterials/Substrate/Glints2/dict_0005_0038.uasset" 7705
"../../../Engine/Content/EngineMaterials/Substrate/Glints2/dict_0005_0039.uasset" 7706
"../../../Engine/Content/EngineMaterials/Substrate/Glints2/dict_0005_0040.uasset" 7707
"../../../Engine/Content/EngineMaterials/Substrate/Glints2/dict_0005_0041.uasset" 7708
"../../../Engine/Content/EngineMaterials/Substrate/Glints2/dict_0005_0042.uasset" 7709
"../../../Engine/Content/EngineMaterials/Substrate/Glints2/dict_0005_0043.uasset" 7710
"../../../Engine/Content/EngineMaterials/Substrate/Glints2/dict_0005_0044.uasset" 7711
"../../../Engine/Content/EngineMaterials/Substrate/Glints2/dict_0005_0045.uasset" 7712
"../../../Engine/Content/EngineMaterials/Substrate/Glints2/dict_0005_0046.uasset" 7713
"../../../Engine/Content/EngineMaterials/Substrate/Glints2/dict_0005_0047.uasset" 7714
"../../../Engine/Content/EngineMaterials/Substrate/Glints2/dict_0005_0048.uasset" 7715
"../../../Engine/Content/EngineMaterials/Substrate/Glints2/dict_0005_0049.uasset" 7716
"../../../Engine/Content/EngineMaterials/Substrate/Glints2/dict_0005_0050.uasset" 7717
"../../../Engine/Content/EngineMaterials/Substrate/Glints2/dict_0005_0051.uasset" 7718
"../../../Engine/Content/EngineMaterials/Substrate/Glints2/dict_0005_0052.uasset" 7719
"../../../Engine/Content/EngineMaterials/Substrate/Glints2/dict_0005_0053.uasset" 7720
"../../../Engine/Content/EngineMaterials/Substrate/Glints2/dict_0005_0054.uasset" 7721
"../../../Engine/Content/EngineMaterials/Substrate/Glints2/dict_0005_0055.uasset" 7722
"../../../Engine/Content/EngineMaterials/Substrate/Glints2/dict_0005_0056.uasset" 7723
"../../../Engine/Content/EngineMaterials/Substrate/Glints2/dict_0005_0057.uasset" 7724
"../../../Engine/Content/EngineMaterials/Substrate/Glints2/dict_0005_0058.uasset" 7725
"../../../Engine/Content/EngineMaterials/Substrate/Glints2/dict_0005_0059.uasset" 7726
"../../../Engine/Content/EngineMaterials/Substrate/Glints2/dict_0005_0060.uasset" 7727
"../../../Engine/Content/EngineMaterials/Substrate/Glints2/dict_0005_0061.uasset" 7728
"../../../Engine/Content/EngineMaterials/Substrate/Glints2/dict_0005_0062.uasset" 7729
"../../../Engine/Content/EngineMaterials/Substrate/Glints2/dict_0005_0063.uasset" 7730
"../../../Engine/Content/EngineMaterials/Substrate/Glints2/dict_0005_0064.uasset" 7731
"../../../Engine/Content/EngineMaterials/Substrate/Glints2/dict_0005_0065.uasset" 7732
"../../../Engine/Content/EngineMaterials/Substrate/Glints2/dict_0005_0066.uasset" 7733
"../../../Engine/Content/EngineMaterials/Substrate/Glints2/dict_0005_0067.uasset" 7734
"../../../Engine/Content/EngineMaterials/Substrate/Glints2/dict_0005_0068.uasset" 7735
"../../../Engine/Content/EngineMaterials/Substrate/Glints2/dict_0005_0069.uasset" 7736
"../../../Engine/Content/EngineMaterials/Substrate/Glints2/dict_0005_0070.uasset" 7737
"../../../Engine/Content/EngineMaterials/Substrate/Glints2/dict_0005_0071.uasset" 7738
"../../../Engine/Content/EngineMaterials/Substrate/Glints2/dict_0005_0072.uasset" 7739
"../../../Engine/Content/EngineMaterials/Substrate/Glints2/dict_0005_0073.uasset" 7740
"../../../Engine/Content/EngineMaterials/Substrate/Glints2/dict_0005_0074.uasset" 7741
"../../../Engine/Content/EngineMaterials/Substrate/Glints2/dict_0005_0075.uasset" 7742
"../../../Engine/Content/EngineMaterials/Substrate/Glints2/dict_0005_0076.uasset" 7743
"../../../Engine/Content/EngineMaterials/Substrate/Glints2/dict_0005_0077.uasset" 7744
"../../../Engine/Content/EngineMaterials/Substrate/Glints2/dict_0005_0078.uasset" 7745
"../../../Engine/Content/EngineMaterials/Substrate/Glints2/dict_0005_0079.uasset" 7746
"../../../Engine/Content/EngineMaterials/Substrate/Glints2/dict_0005_0080.uasset" 7747
"../../../Engine/Content/EngineMaterials/Substrate/Glints2/dict_0005_0081.uasset" 7748
"../../../Engine/Content/EngineMaterials/Substrate/Glints2/dict_0005_0082.uasset" 7749
"../../../Engine/Content/EngineMaterials/Substrate/Glints2/dict_0005_0083.uasset" 7750
"../../../Engine/Content/EngineMaterials/Substrate/Glints2/dict_0005_0084.uasset" 7751
"../../../Engine/Content/EngineMaterials/Substrate/Glints2/dict_0005_0085.uasset" 7752
"../../../Engine/Content/EngineMaterials/Substrate/Glints2/dict_0005_0086.uasset" 7753
"../../../Engine/Content/EngineMaterials/Substrate/Glints2/dict_0005_0087.uasset" 7754
"../../../Engine/Content/EngineMaterials/Substrate/Glints2/dict_0005_0088.uasset" 7755
"../../../Engine/Content/EngineMaterials/Substrate/Glints2/dict_0005_0089.uasset" 7756
"../../../Engine/Content/EngineMaterials/Substrate/Glints2/dict_0005_0090.uasset" 7757
"../../../Engine/Content/EngineMaterials/Substrate/Glints2/dict_0005_0091.uasset" 7758
"../../../Engine/Content/EngineMaterials/Substrate/Glints2/dict_0005_0092.uasset" 7759
"../../../Engine/Content/EngineMaterials/Substrate/Glints2/dict_0005_0093.uasset" 7760
"../../../Engine/Content/EngineMaterials/Substrate/Glints2/dict_0005_0094.uasset" 7761
"../../../Engine/Content/EngineMaterials/Substrate/Glints2/dict_0005_0095.uasset" 7762
"../../../Engine/Content/EngineMaterials/Substrate/Glints2/dict_0005_0096.uasset" 7763
"../../../Engine/Content/EngineMaterials/Substrate/Glints2/dict_0005_0097.uasset" 7764
"../../../Engine/Content/EngineMaterials/Substrate/Glints2/dict_0005_0098.uasset" 7765
"../../../Engine/Content/EngineMaterials/Substrate/Glints2/dict_0005_0099.uasset" 7766
"../../../Engine/Content/EngineMaterials/Substrate/Glints2/dict_0005_0100.uasset" 7767
"../../../Engine/Content/EngineMaterials/Substrate/Glints2/dict_0005_0101.uasset" 7768
"../../../Engine/Content/EngineMaterials/Substrate/Glints2/dict_0005_0102.uasset" 7769
"../../../Engine/Content/EngineMaterials/Substrate/Glints2/dict_0005_0103.uasset" 7770
"../../../Engine/Content/EngineMaterials/Substrate/Glints2/dict_0005_0104.uasset" 7771
"../../../Engine/Content/EngineMaterials/Substrate/Glints2/dict_0005_0105.uasset" 7772
"../../../Engine/Content/EngineMaterials/Substrate/Glints2/dict_0005_0106.uasset" 7773
"../../../Engine/Content/EngineMaterials/Substrate/Glints2/dict_0005_0107.uasset" 7774
"../../../Engine/Content/EngineMaterials/Substrate/Glints2/dict_0005_0108.uasset" 7775
"../../../Engine/Content/EngineMaterials/Substrate/Glints2/dict_0005_0109.uasset" 7776
"../../../Engine/Content/EngineMaterials/Substrate/Glints2/dict_0005_0110.uasset" 7777
"../../../Engine/Content/EngineMaterials/Substrate/Glints2/dict_0005_0111.uasset" 7778
"../../../Engine/Content/EngineMaterials/Substrate/Glints2/dict_0005_0112.uasset" 7779
"../../../Engine/Content/EngineMaterials/Substrate/Glints2/dict_0005_0113.uasset" 7780
"../../../Engine/Content/EngineMaterials/Substrate/Glints2/dict_0005_0114.uasset" 7781
"../../../Engine/Content/EngineMaterials/Substrate/Glints2/dict_0005_0115.uasset" 7782
"../../../Engine/Content/EngineMaterials/Substrate/Glints2/dict_0005_0116.uasset" 7783
"../../../Engine/Content/EngineMaterials/Substrate/Glints2/dict_0005_0117.uasset" 7784
"../../../Engine/Content/EngineMaterials/Substrate/Glints2/dict_0005_0118.uasset" 7785
"../../../Engine/Content/EngineMaterials/Substrate/Glints2/dict_0005_0119.uasset" 7786
"../../../Engine/Content/EngineMaterials/Substrate/Glints2/dict_0005_0120.uasset" 7787
"../../../Engine/Content/EngineMaterials/Substrate/Glints2/dict_0005_0121.uasset" 7788
"../../../Engine/Content/EngineMaterials/Substrate/Glints2/dict_0005_0122.uasset" 7789
"../../../Engine/Content/EngineMaterials/Substrate/Glints2/dict_0005_0123.uasset" 7790
"../../../Engine/Content/EngineMaterials/Substrate/Glints2/dict_0005_0124.uasset" 7791
"../../../Engine/Content/EngineMaterials/Substrate/Glints2/dict_0005_0125.uasset" 7792
"../../../Engine/Content/EngineMaterials/Substrate/Glints2/dict_0005_0126.uasset" 7793
"../../../Engine/Content/EngineMaterials/Substrate/Glints2/dict_0005_0127.uasset" 7794
"../../../Engine/Content/EngineMaterials/Substrate/Glints2/dict_0005_0128.uasset" 7795
"../../../Engine/Content/EngineMaterials/Substrate/Glints2/dict_0005_0129.uasset" 7796
"../../../Engine/Content/EngineMaterials/Substrate/Glints2/dict_0005_0130.uasset" 7797
"../../../Engine/Content/EngineMaterials/Substrate/Glints2/dict_0005_0131.uasset" 7798
"../../../Engine/Content/EngineMaterials/Substrate/Glints2/dict_0005_0132.uasset" 7799
"../../../Engine/Content/EngineMaterials/Substrate/Glints2/dict_0005_0133.uasset" 7800
"../../../Engine/Content/EngineMaterials/Substrate/Glints2/dict_0005_0134.uasset" 7801
"../../../Engine/Content/EngineMaterials/Substrate/Glints2/dict_0005_0135.uasset" 7802
"../../../Engine/Content/EngineMaterials/Substrate/Glints2/dict_0005_0136.uasset" 7803
"../../../Engine/Content/EngineMaterials/Substrate/Glints2/dict_0005_0137.uasset" 7804
"../../../Engine/Content/EngineMaterials/Substrate/Glints2/dict_0005_0138.uasset" 7805
"../../../Engine/Content/EngineMaterials/Substrate/Glints2/dict_0005_0139.uasset" 7806
"../../../Engine/Content/EngineMaterials/Substrate/Glints2/dict_0005_0140.uasset" 7807
"../../../Engine/Content/EngineMaterials/Substrate/Glints2/dict_0005_0141.uasset" 7808
"../../../Engine/Content/EngineMaterials/Substrate/Glints2/dict_0005_0142.uasset" 7809
"../../../Engine/Content/EngineMaterials/Substrate/Glints2/dict_0005_0143.uasset" 7810
"../../../Engine/Content/EngineMaterials/Substrate/Glints2/dict_0005_0144.uasset" 7811
"../../../Engine/Content/EngineMaterials/Substrate/Glints2/dict_0005_0145.uasset" 7812
"../../../Engine/Content/EngineMaterials/Substrate/Glints2/dict_0005_0146.uasset" 7813
"../../../Engine/Content/EngineMaterials/Substrate/Glints2/dict_0005_0147.uasset" 7814
"../../../Engine/Content/EngineMaterials/Substrate/Glints2/dict_0005_0148.uasset" 7815
"../../../Engine/Content/EngineMaterials/Substrate/Glints2/dict_0005_0149.uasset" 7816
"../../../Engine/Content/EngineMaterials/Substrate/Glints2/dict_0005_0150.uasset" 7817
"../../../Engine/Content/EngineMaterials/Substrate/Glints2/dict_0005_0151.uasset" 7818
"../../../Engine/Content/EngineMaterials/Substrate/Glints2/dict_0005_0152.uasset" 7819
"../../../Engine/Content/EngineMaterials/Substrate/Glints2/dict_0005_0153.uasset" 7820
"../../../Engine/Content/EngineMaterials/Substrate/Glints2/dict_0005_0154.uasset" 7821
"../../../Engine/Content/EngineMaterials/Substrate/Glints2/dict_0005_0155.uasset" 7822
"../../../Engine/Content/EngineMaterials/Substrate/Glints2/dict_0005_0156.uasset" 7823
"../../../Engine/Content/EngineMaterials/Substrate/Glints2/dict_0005_0157.uasset" 7824
"../../../Engine/Content/EngineMaterials/Substrate/Glints2/dict_0005_0158.uasset" 7825
"../../../Engine/Content/EngineMaterials/Substrate/Glints2/dict_0005_0159.uasset" 7826
"../../../Engine/Content/EngineMaterials/Substrate/Glints2/dict_0005_0160.uasset" 7827
"../../../Engine/Content/EngineMaterials/Substrate/Glints2/dict_0005_0161.uasset" 7828
"../../../Engine/Content/EngineMaterials/Substrate/Glints2/dict_0005_0162.uasset" 7829
"../../../Engine/Content/EngineMaterials/Substrate/Glints2/dict_0005_0163.uasset" 7830
"../../../Engine/Content/EngineMaterials/Substrate/Glints2/dict_0005_0164.uasset" 7831
"../../../Engine/Content/EngineMaterials/Substrate/Glints2/dict_0005_0165.uasset" 7832
"../../../Engine/Content/EngineMaterials/Substrate/Glints2/dict_0005_0166.uasset" 7833
"../../../Engine/Content/EngineMaterials/Substrate/Glints2/dict_0005_0167.uasset" 7834
"../../../Engine/Content/EngineMaterials/Substrate/Glints2/dict_0005_0168.uasset" 7835
"../../../Engine/Content/EngineMaterials/Substrate/Glints2/dict_0005_0169.uasset" 7836
"../../../Engine/Content/EngineMaterials/Substrate/Glints2/dict_0005_0170.uasset" 7837
"../../../Engine/Content/EngineMaterials/Substrate/Glints2/dict_0005_0171.uasset" 7838
"../../../Engine/Content/EngineMaterials/Substrate/Glints2/dict_0005_0172.uasset" 7839
"../../../Engine/Content/EngineMaterials/Substrate/Glints2/dict_0005_0173.uasset" 7840
"../../../Engine/Content/EngineMaterials/Substrate/Glints2/dict_0005_0174.uasset" 7841
"../../../Engine/Content/EngineMaterials/Substrate/Glints2/dict_0005_0175.uasset" 7842
"../../../Engine/Content/EngineMaterials/Substrate/Glints2/dict_0005_0176.uasset" 7843
"../../../Engine/Content/EngineMaterials/Substrate/Glints2/dict_0005_0177.uasset" 7844
"../../../Engine/Content/EngineMaterials/Substrate/Glints2/dict_0005_0178.uasset" 7845
"../../../Engine/Content/EngineMaterials/Substrate/Glints2/dict_0005_0179.uasset" 7846
"../../../Engine/Content/EngineMaterials/Substrate/Glints2/dict_0005_0180.uasset" 7847
"../../../Engine/Content/EngineMaterials/Substrate/Glints2/dict_0005_0181.uasset" 7848
"../../../Engine/Content/EngineMaterials/Substrate/Glints2/dict_0005_0182.uasset" 7849
"../../../Engine/Content/EngineMaterials/Substrate/Glints2/dict_0005_0183.uasset" 7850
"../../../Engine/Content/EngineMaterials/Substrate/Glints2/dict_0005_0184.uasset" 7851
"../../../Engine/Content/EngineMaterials/Substrate/Glints2/dict_0005_0185.uasset" 7852
"../../../Engine/Content/EngineMaterials/Substrate/Glints2/dict_0005_0186.uasset" 7853
"../../../Engine/Content/EngineMaterials/Substrate/Glints2/dict_0005_0187.uasset" 7854
"../../../Engine/Content/EngineMaterials/Substrate/Glints2/dict_0005_0188.uasset" 7855
"../../../Engine/Content/EngineMaterials/Substrate/Glints2/dict_0005_0189.uasset" 7856
"../../../Engine/Content/EngineMaterials/Substrate/Glints2/dict_0005_0190.uasset" 7857
"../../../Engine/Content/EngineMaterials/Substrate/Glints2/dict_0005_0191.uasset" 7858
"../../../Engine/Content/EngineMaterials/Substrate/Glints2/dict_0005_0192.uasset" 7859
"../../../Engine/Content/EngineMaterials/Substrate/Glints2/dict_0005_0193.uasset" 7860
"../../../Engine/Content/EngineMaterials/Substrate/Glints2/dict_0005_0194.uasset" 7861
"../../../Engine/Content/EngineMaterials/Substrate/Glints2/dict_0005_0195.uasset" 7862
"../../../Engine/Content/EngineMaterials/Substrate/Glints2/dict_0005_0196.uasset" 7863
"../../../Engine/Content/EngineMaterials/Substrate/Glints2/dict_0005_0197.uasset" 7864
"../../../Engine/Content/EngineMaterials/Substrate/Glints2/dict_0005_0198.uasset" 7865
"../../../Engine/Content/EngineMaterials/Substrate/Glints2/dict_0005_0199.uasset" 7866
"../../../Engine/Content/EngineMaterials/Substrate/Glints2/dict_0005_0200.uasset" 7867
"../../../Engine/Content/EngineMaterials/Substrate/Glints2/dict_0005_0201.uasset" 7868
"../../../Engine/Content/EngineMaterials/Substrate/Glints2/dict_0005_0202.uasset" 7869
"../../../Engine/Content/EngineMaterials/Substrate/Glints2/dict_0005_0203.uasset" 7870
"../../../Engine/Content/EngineMaterials/Substrate/Glints2/dict_0005_0204.uasset" 7871
"../../../Engine/Content/EngineMaterials/Substrate/Glints2/dict_0005_0205.uasset" 7872
"../../../Engine/Content/EngineMaterials/Substrate/Glints2/dict_0005_0206.uasset" 7873
"../../../Engine/Content/EngineMaterials/Substrate/Glints2/dict_0005_0207.uasset" 7874
"../../../Engine/Content/EngineMaterials/Substrate/Glints2/dict_0005_0208.uasset" 7875
"../../../Engine/Content/EngineMaterials/Substrate/Glints2/dict_0005_0209.uasset" 7876
"../../../Engine/Content/EngineMaterials/Substrate/Glints2/dict_0005_0210.uasset" 7877
"../../../Engine/Content/EngineMaterials/Substrate/Glints2/dict_0005_0211.uasset" 7878
"../../../Engine/Content/EngineMaterials/Substrate/Glints2/dict_0005_0212.uasset" 7879
"../../../Engine/Content/EngineMaterials/Substrate/Glints2/dict_0005_0213.uasset" 7880
"../../../Engine/Content/EngineMaterials/Substrate/Glints2/dict_0005_0214.uasset" 7881
"../../../Engine/Content/EngineMaterials/Substrate/Glints2/dict_0005_0215.uasset" 7882
"../../../Engine/Content/EngineMaterials/Substrate/Glints2/dict_0005_0216.uasset" 7883
"../../../Engine/Content/EngineMaterials/Substrate/Glints2/dict_0005_0217.uasset" 7884
"../../../Engine/Content/EngineMaterials/Substrate/Glints2/dict_0005_0218.uasset" 7885
"../../../Engine/Content/EngineMaterials/Substrate/Glints2/dict_0005_0219.uasset" 7886
"../../../Engine/Content/EngineMaterials/Substrate/Glints2/dict_0005_0220.uasset" 7887
"../../../Engine/Content/EngineMaterials/Substrate/Glints2/dict_0005_0221.uasset" 7888
"../../../Engine/Content/EngineMaterials/Substrate/Glints2/dict_0005_0222.uasset" 7889
"../../../Engine/Content/EngineMaterials/Substrate/Glints2/dict_0005_0223.uasset" 7890
"../../../Engine/Content/EngineMaterials/Substrate/Glints2/dict_0005_0224.uasset" 7891
"../../../Engine/Content/EngineMaterials/Substrate/Glints2/dict_0005_0225.uasset" 7892
"../../../Engine/Content/EngineMaterials/Substrate/Glints2/dict_0005_0226.uasset" 7893
"../../../Engine/Content/EngineMaterials/Substrate/Glints2/dict_0005_0227.uasset" 7894
"../../../Engine/Content/EngineMaterials/Substrate/Glints2/dict_0005_0228.uasset" 7895
"../../../Engine/Content/EngineMaterials/Substrate/Glints2/dict_0005_0229.uasset" 7896
"../../../Engine/Content/EngineMaterials/Substrate/Glints2/dict_0005_0230.uasset" 7897
"../../../Engine/Content/EngineMaterials/Substrate/Glints2/dict_0005_0231.uasset" 7898
"../../../Engine/Content/EngineMaterials/Substrate/Glints2/dict_0005_0232.uasset" 7899
"../../../Engine/Content/EngineMaterials/Substrate/Glints2/dict_0005_0233.uasset" 7900
"../../../Engine/Content/EngineMaterials/Substrate/Glints2/dict_0005_0234.uasset" 7901
"../../../Engine/Content/EngineMaterials/Substrate/Glints2/dict_0005_0235.uasset" 7902
"../../../Engine/Content/EngineMaterials/Substrate/Glints2/dict_0005_0236.uasset" 7903
"../../../Engine/Content/EngineMaterials/Substrate/Glints2/dict_0005_0237.uasset" 7904
"../../../Engine/Content/EngineMaterials/Substrate/Glints2/dict_0005_0238.uasset" 7905
"../../../Engine/Content/EngineMaterials/Substrate/Glints2/dict_0005_0239.uasset" 7906
"../../../Engine/Content/EngineMaterials/Substrate/Glints2/dict_0005_0240.uasset" 7907
"../../../Engine/Content/EngineMaterials/Substrate/Glints2/dict_0005_0241.uasset" 7908
"../../../Engine/Content/EngineMaterials/Substrate/Glints2/dict_0005_0242.uasset" 7909
"../../../Engine/Content/EngineMaterials/Substrate/Glints2/dict_0005_0243.uasset" 7910
"../../../Engine/Content/EngineMaterials/Substrate/Glints2/dict_0005_0244.uasset" 7911
"../../../Engine/Content/EngineMaterials/Substrate/Glints2/dict_0005_0245.uasset" 7912
"../../../Engine/Content/EngineMaterials/Substrate/Glints2/dict_0005_0246.uasset" 7913
"../../../Engine/Content/EngineMaterials/Substrate/Glints2/dict_0005_0247.uasset" 7914
"../../../Engine/Content/EngineMaterials/Substrate/Glints2/dict_0005_0248.uasset" 7915
"../../../Engine/Content/EngineMaterials/Substrate/Glints2/dict_0005_0249.uasset" 7916
"../../../Engine/Content/EngineMaterials/Substrate/Glints2/dict_0005_0250.uasset" 7917
"../../../Engine/Content/EngineMaterials/Substrate/Glints2/dict_0005_0251.uasset" 7918
"../../../Engine/Content/EngineMaterials/Substrate/Glints2/dict_0005_0252.uasset" 7919
"../../../Engine/Content/EngineMaterials/Substrate/Glints2/dict_0005_0253.uasset" 7920
"../../../Engine/Content/EngineMaterials/Substrate/Glints2/dict_0005_0254.uasset" 7921
"../../../Engine/Content/EngineMaterials/Substrate/Glints2/dict_0005_0255.uasset" 7922
"../../../Engine/Content/EngineMaterials/Substrate/Glints2/dict_0006_0000.uasset" 7923
"../../../Engine/Content/EngineMaterials/Substrate/Glints2/dict_0006_0001.uasset" 7924
"../../../Engine/Content/EngineMaterials/Substrate/Glints2/dict_0006_0002.uasset" 7925
"../../../Engine/Content/EngineMaterials/Substrate/Glints2/dict_0006_0003.uasset" 7926
"../../../Engine/Content/EngineMaterials/Substrate/Glints2/dict_0006_0004.uasset" 7927
"../../../Engine/Content/EngineMaterials/Substrate/Glints2/dict_0006_0005.uasset" 7928
"../../../Engine/Content/EngineMaterials/Substrate/Glints2/dict_0006_0006.uasset" 7929
"../../../Engine/Content/EngineMaterials/Substrate/Glints2/dict_0006_0007.uasset" 7930
"../../../Engine/Content/EngineMaterials/Substrate/Glints2/dict_0006_0008.uasset" 7931
"../../../Engine/Content/EngineMaterials/Substrate/Glints2/dict_0006_0009.uasset" 7932
"../../../Engine/Content/EngineMaterials/Substrate/Glints2/dict_0006_0010.uasset" 7933
"../../../Engine/Content/EngineMaterials/Substrate/Glints2/dict_0006_0011.uasset" 7934
"../../../Engine/Content/EngineMaterials/Substrate/Glints2/dict_0006_0012.uasset" 7935
"../../../Engine/Content/EngineMaterials/Substrate/Glints2/dict_0006_0013.uasset" 7936
"../../../Engine/Content/EngineMaterials/Substrate/Glints2/dict_0006_0014.uasset" 7937
"../../../Engine/Content/EngineMaterials/Substrate/Glints2/dict_0006_0015.uasset" 7938
"../../../Engine/Content/EngineMaterials/Substrate/Glints2/dict_0006_0016.uasset" 7939
"../../../Engine/Content/EngineMaterials/Substrate/Glints2/dict_0006_0017.uasset" 7940
"../../../Engine/Content/EngineMaterials/Substrate/Glints2/dict_0006_0018.uasset" 7941
"../../../Engine/Content/EngineMaterials/Substrate/Glints2/dict_0006_0019.uasset" 7942
"../../../Engine/Content/EngineMaterials/Substrate/Glints2/dict_0006_0020.uasset" 7943
"../../../Engine/Content/EngineMaterials/Substrate/Glints2/dict_0006_0021.uasset" 7944
"../../../Engine/Content/EngineMaterials/Substrate/Glints2/dict_0006_0022.uasset" 7945
"../../../Engine/Content/EngineMaterials/Substrate/Glints2/dict_0006_0023.uasset" 7946
"../../../Engine/Content/EngineMaterials/Substrate/Glints2/dict_0006_0024.uasset" 7947
"../../../Engine/Content/EngineMaterials/Substrate/Glints2/dict_0006_0025.uasset" 7948
"../../../Engine/Content/EngineMaterials/Substrate/Glints2/dict_0006_0026.uasset" 7949
"../../../Engine/Content/EngineMaterials/Substrate/Glints2/dict_0006_0027.uasset" 7950
"../../../Engine/Content/EngineMaterials/Substrate/Glints2/dict_0006_0028.uasset" 7951
"../../../Engine/Content/EngineMaterials/Substrate/Glints2/dict_0006_0029.uasset" 7952
"../../../Engine/Content/EngineMaterials/Substrate/Glints2/dict_0006_0030.uasset" 7953
"../../../Engine/Content/EngineMaterials/Substrate/Glints2/dict_0006_0031.uasset" 7954
"../../../Engine/Content/EngineMaterials/Substrate/Glints2/dict_0006_0032.uasset" 7955
"../../../Engine/Content/EngineMaterials/Substrate/Glints2/dict_0006_0033.uasset" 7956
"../../../Engine/Content/EngineMaterials/Substrate/Glints2/dict_0006_0034.uasset" 7957
"../../../Engine/Content/EngineMaterials/Substrate/Glints2/dict_0006_0035.uasset" 7958
"../../../Engine/Content/EngineMaterials/Substrate/Glints2/dict_0006_0036.uasset" 7959
"../../../Engine/Content/EngineMaterials/Substrate/Glints2/dict_0006_0037.uasset" 7960
"../../../Engine/Content/EngineMaterials/Substrate/Glints2/dict_0006_0038.uasset" 7961
"../../../Engine/Content/EngineMaterials/Substrate/Glints2/dict_0006_0039.uasset" 7962
"../../../Engine/Content/EngineMaterials/Substrate/Glints2/dict_0006_0040.uasset" 7963
"../../../Engine/Content/EngineMaterials/Substrate/Glints2/dict_0006_0041.uasset" 7964
"../../../Engine/Content/EngineMaterials/Substrate/Glints2/dict_0006_0042.uasset" 7965
"../../../Engine/Content/EngineMaterials/Substrate/Glints2/dict_0006_0043.uasset" 7966
"../../../Engine/Content/EngineMaterials/Substrate/Glints2/dict_0006_0044.uasset" 7967
"../../../Engine/Content/EngineMaterials/Substrate/Glints2/dict_0006_0045.uasset" 7968
"../../../Engine/Content/EngineMaterials/Substrate/Glints2/dict_0006_0046.uasset" 7969
"../../../Engine/Content/EngineMaterials/Substrate/Glints2/dict_0006_0047.uasset" 7970
"../../../Engine/Content/EngineMaterials/Substrate/Glints2/dict_0006_0048.uasset" 7971
"../../../Engine/Content/EngineMaterials/Substrate/Glints2/dict_0006_0049.uasset" 7972
"../../../Engine/Content/EngineMaterials/Substrate/Glints2/dict_0006_0050.uasset" 7973
"../../../Engine/Content/EngineMaterials/Substrate/Glints2/dict_0006_0051.uasset" 7974
"../../../Engine/Content/EngineMaterials/Substrate/Glints2/dict_0006_0052.uasset" 7975
"../../../Engine/Content/EngineMaterials/Substrate/Glints2/dict_0006_0053.uasset" 7976
"../../../Engine/Content/EngineMaterials/Substrate/Glints2/dict_0006_0054.uasset" 7977
"../../../Engine/Content/EngineMaterials/Substrate/Glints2/dict_0006_0055.uasset" 7978
"../../../Engine/Content/EngineMaterials/Substrate/Glints2/dict_0006_0056.uasset" 7979
"../../../Engine/Content/EngineMaterials/Substrate/Glints2/dict_0006_0057.uasset" 7980
"../../../Engine/Content/EngineMaterials/Substrate/Glints2/dict_0006_0058.uasset" 7981
"../../../Engine/Content/EngineMaterials/Substrate/Glints2/dict_0006_0059.uasset" 7982
"../../../Engine/Content/EngineMaterials/Substrate/Glints2/dict_0006_0060.uasset" 7983
"../../../Engine/Content/EngineMaterials/Substrate/Glints2/dict_0006_0061.uasset" 7984
"../../../Engine/Content/EngineMaterials/Substrate/Glints2/dict_0006_0062.uasset" 7985
"../../../Engine/Content/EngineMaterials/Substrate/Glints2/dict_0006_0063.uasset" 7986
"../../../Engine/Content/EngineMaterials/Substrate/Glints2/dict_0006_0064.uasset" 7987
"../../../Engine/Content/EngineMaterials/Substrate/Glints2/dict_0006_0065.uasset" 7988
"../../../Engine/Content/EngineMaterials/Substrate/Glints2/dict_0006_0066.uasset" 7989
"../../../Engine/Content/EngineMaterials/Substrate/Glints2/dict_0006_0067.uasset" 7990
"../../../Engine/Content/EngineMaterials/Substrate/Glints2/dict_0006_0068.uasset" 7991
"../../../Engine/Content/EngineMaterials/Substrate/Glints2/dict_0006_0069.uasset" 7992
"../../../Engine/Content/EngineMaterials/Substrate/Glints2/dict_0006_0070.uasset" 7993
"../../../Engine/Content/EngineMaterials/Substrate/Glints2/dict_0006_0071.uasset" 7994
"../../../Engine/Content/EngineMaterials/Substrate/Glints2/dict_0006_0072.uasset" 7995
"../../../Engine/Content/EngineMaterials/Substrate/Glints2/dict_0006_0073.uasset" 7996
"../../../Engine/Content/EngineMaterials/Substrate/Glints2/dict_0006_0074.uasset" 7997
"../../../Engine/Content/EngineMaterials/Substrate/Glints2/dict_0006_0075.uasset" 7998
"../../../Engine/Content/EngineMaterials/Substrate/Glints2/dict_0006_0076.uasset" 7999
"../../../Engine/Content/EngineMaterials/Substrate/Glints2/dict_0006_0077.uasset" 8000
"../../../Engine/Content/EngineMaterials/Substrate/Glints2/dict_0006_0078.uasset" 8001
"../../../Engine/Content/EngineMaterials/Substrate/Glints2/dict_0006_0079.uasset" 8002
"../../../Engine/Content/EngineMaterials/Substrate/Glints2/dict_0006_0080.uasset" 8003
"../../../Engine/Content/EngineMaterials/Substrate/Glints2/dict_0006_0081.uasset" 8004
"../../../Engine/Content/EngineMaterials/Substrate/Glints2/dict_0006_0082.uasset" 8005
"../../../Engine/Content/EngineMaterials/Substrate/Glints2/dict_0006_0083.uasset" 8006
"../../../Engine/Content/EngineMaterials/Substrate/Glints2/dict_0006_0084.uasset" 8007
"../../../Engine/Content/EngineMaterials/Substrate/Glints2/dict_0006_0085.uasset" 8008
"../../../Engine/Content/EngineMaterials/Substrate/Glints2/dict_0006_0086.uasset" 8009
"../../../Engine/Content/EngineMaterials/Substrate/Glints2/dict_0006_0087.uasset" 8010
"../../../Engine/Content/EngineMaterials/Substrate/Glints2/dict_0006_0088.uasset" 8011
"../../../Engine/Content/EngineMaterials/Substrate/Glints2/dict_0006_0089.uasset" 8012
"../../../Engine/Content/EngineMaterials/Substrate/Glints2/dict_0006_0090.uasset" 8013
"../../../Engine/Content/EngineMaterials/Substrate/Glints2/dict_0006_0091.uasset" 8014
"../../../Engine/Content/EngineMaterials/Substrate/Glints2/dict_0006_0092.uasset" 8015
"../../../Engine/Content/EngineMaterials/Substrate/Glints2/dict_0006_0093.uasset" 8016
"../../../Engine/Content/EngineMaterials/Substrate/Glints2/dict_0006_0094.uasset" 8017
"../../../Engine/Content/EngineMaterials/Substrate/Glints2/dict_0006_0095.uasset" 8018
"../../../Engine/Content/EngineMaterials/Substrate/Glints2/dict_0006_0096.uasset" 8019
"../../../Engine/Content/EngineMaterials/Substrate/Glints2/dict_0006_0097.uasset" 8020
"../../../Engine/Content/EngineMaterials/Substrate/Glints2/dict_0006_0098.uasset" 8021
"../../../Engine/Content/EngineMaterials/Substrate/Glints2/dict_0006_0099.uasset" 8022
"../../../Engine/Content/EngineMaterials/Substrate/Glints2/dict_0006_0100.uasset" 8023
"../../../Engine/Content/EngineMaterials/Substrate/Glints2/dict_0006_0101.uasset" 8024
"../../../Engine/Content/EngineMaterials/Substrate/Glints2/dict_0006_0102.uasset" 8025
"../../../Engine/Content/EngineMaterials/Substrate/Glints2/dict_0006_0103.uasset" 8026
"../../../Engine/Content/EngineMaterials/Substrate/Glints2/dict_0006_0104.uasset" 8027
"../../../Engine/Content/EngineMaterials/Substrate/Glints2/dict_0006_0105.uasset" 8028
"../../../Engine/Content/EngineMaterials/Substrate/Glints2/dict_0006_0106.uasset" 8029
"../../../Engine/Content/EngineMaterials/Substrate/Glints2/dict_0006_0107.uasset" 8030
"../../../Engine/Content/EngineMaterials/Substrate/Glints2/dict_0006_0108.uasset" 8031
"../../../Engine/Content/EngineMaterials/Substrate/Glints2/dict_0006_0109.uasset" 8032
"../../../Engine/Content/EngineMaterials/Substrate/Glints2/dict_0006_0110.uasset" 8033
"../../../Engine/Content/EngineMaterials/Substrate/Glints2/dict_0006_0111.uasset" 8034
"../../../Engine/Content/EngineMaterials/Substrate/Glints2/dict_0006_0112.uasset" 8035
"../../../Engine/Content/EngineMaterials/Substrate/Glints2/dict_0006_0113.uasset" 8036
"../../../Engine/Content/EngineMaterials/Substrate/Glints2/dict_0006_0114.uasset" 8037
"../../../Engine/Content/EngineMaterials/Substrate/Glints2/dict_0006_0115.uasset" 8038
"../../../Engine/Content/EngineMaterials/Substrate/Glints2/dict_0006_0116.uasset" 8039
"../../../Engine/Content/EngineMaterials/Substrate/Glints2/dict_0006_0117.uasset" 8040
"../../../Engine/Content/EngineMaterials/Substrate/Glints2/dict_0006_0118.uasset" 8041
"../../../Engine/Content/EngineMaterials/Substrate/Glints2/dict_0006_0119.uasset" 8042
"../../../Engine/Content/EngineMaterials/Substrate/Glints2/dict_0006_0120.uasset" 8043
"../../../Engine/Content/EngineMaterials/Substrate/Glints2/dict_0006_0121.uasset" 8044
"../../../Engine/Content/EngineMaterials/Substrate/Glints2/dict_0006_0122.uasset" 8045
"../../../Engine/Content/EngineMaterials/Substrate/Glints2/dict_0006_0123.uasset" 8046
"../../../Engine/Content/EngineMaterials/Substrate/Glints2/dict_0006_0124.uasset" 8047
"../../../Engine/Content/EngineMaterials/Substrate/Glints2/dict_0006_0125.uasset" 8048
"../../../Engine/Content/EngineMaterials/Substrate/Glints2/dict_0006_0126.uasset" 8049
"../../../Engine/Content/EngineMaterials/Substrate/Glints2/dict_0006_0127.uasset" 8050
"../../../Engine/Content/EngineMaterials/Substrate/Glints2/dict_0006_0128.uasset" 8051
"../../../Engine/Content/EngineMaterials/Substrate/Glints2/dict_0006_0129.uasset" 8052
"../../../Engine/Content/EngineMaterials/Substrate/Glints2/dict_0006_0130.uasset" 8053
"../../../Engine/Content/EngineMaterials/Substrate/Glints2/dict_0006_0131.uasset" 8054
"../../../Engine/Content/EngineMaterials/Substrate/Glints2/dict_0006_0132.uasset" 8055
"../../../Engine/Content/EngineMaterials/Substrate/Glints2/dict_0006_0133.uasset" 8056
"../../../Engine/Content/EngineMaterials/Substrate/Glints2/dict_0006_0134.uasset" 8057
"../../../Engine/Content/EngineMaterials/Substrate/Glints2/dict_0006_0135.uasset" 8058
"../../../Engine/Content/EngineMaterials/Substrate/Glints2/dict_0006_0136.uasset" 8059
"../../../Engine/Content/EngineMaterials/Substrate/Glints2/dict_0006_0137.uasset" 8060
"../../../Engine/Content/EngineMaterials/Substrate/Glints2/dict_0006_0138.uasset" 8061
"../../../Engine/Content/EngineMaterials/Substrate/Glints2/dict_0006_0139.uasset" 8062
"../../../Engine/Content/EngineMaterials/Substrate/Glints2/dict_0006_0140.uasset" 8063
"../../../Engine/Content/EngineMaterials/Substrate/Glints2/dict_0006_0141.uasset" 8064
"../../../Engine/Content/EngineMaterials/Substrate/Glints2/dict_0006_0142.uasset" 8065
"../../../Engine/Content/EngineMaterials/Substrate/Glints2/dict_0006_0143.uasset" 8066
"../../../Engine/Content/EngineMaterials/Substrate/Glints2/dict_0006_0144.uasset" 8067
"../../../Engine/Content/EngineMaterials/Substrate/Glints2/dict_0006_0145.uasset" 8068
"../../../Engine/Content/EngineMaterials/Substrate/Glints2/dict_0006_0146.uasset" 8069
"../../../Engine/Content/EngineMaterials/Substrate/Glints2/dict_0006_0147.uasset" 8070
"../../../Engine/Content/EngineMaterials/Substrate/Glints2/dict_0006_0148.uasset" 8071
"../../../Engine/Content/EngineMaterials/Substrate/Glints2/dict_0006_0149.uasset" 8072
"../../../Engine/Content/EngineMaterials/Substrate/Glints2/dict_0006_0150.uasset" 8073
"../../../Engine/Content/EngineMaterials/Substrate/Glints2/dict_0006_0151.uasset" 8074
"../../../Engine/Content/EngineMaterials/Substrate/Glints2/dict_0006_0152.uasset" 8075
"../../../Engine/Content/EngineMaterials/Substrate/Glints2/dict_0006_0153.uasset" 8076
"../../../Engine/Content/EngineMaterials/Substrate/Glints2/dict_0006_0154.uasset" 8077
"../../../Engine/Content/EngineMaterials/Substrate/Glints2/dict_0006_0155.uasset" 8078
"../../../Engine/Content/EngineMaterials/Substrate/Glints2/dict_0006_0156.uasset" 8079
"../../../Engine/Content/EngineMaterials/Substrate/Glints2/dict_0006_0157.uasset" 8080
"../../../Engine/Content/EngineMaterials/Substrate/Glints2/dict_0006_0158.uasset" 8081
"../../../Engine/Content/EngineMaterials/Substrate/Glints2/dict_0006_0159.uasset" 8082
"../../../Engine/Content/EngineMaterials/Substrate/Glints2/dict_0006_0160.uasset" 8083
"../../../Engine/Content/EngineMaterials/Substrate/Glints2/dict_0006_0161.uasset" 8084
"../../../Engine/Content/EngineMaterials/Substrate/Glints2/dict_0006_0162.uasset" 8085
"../../../Engine/Content/EngineMaterials/Substrate/Glints2/dict_0006_0163.uasset" 8086
"../../../Engine/Content/EngineMaterials/Substrate/Glints2/dict_0006_0164.uasset" 8087
"../../../Engine/Content/EngineMaterials/Substrate/Glints2/dict_0006_0165.uasset" 8088
"../../../Engine/Content/EngineMaterials/Substrate/Glints2/dict_0006_0166.uasset" 8089
"../../../Engine/Content/EngineMaterials/Substrate/Glints2/dict_0006_0167.uasset" 8090
"../../../Engine/Content/EngineMaterials/Substrate/Glints2/dict_0006_0168.uasset" 8091
"../../../Engine/Content/EngineMaterials/Substrate/Glints2/dict_0006_0169.uasset" 8092
"../../../Engine/Content/EngineMaterials/Substrate/Glints2/dict_0006_0170.uasset" 8093
"../../../Engine/Content/EngineMaterials/Substrate/Glints2/dict_0006_0171.uasset" 8094
"../../../Engine/Content/EngineMaterials/Substrate/Glints2/dict_0006_0172.uasset" 8095
"../../../Engine/Content/EngineMaterials/Substrate/Glints2/dict_0006_0173.uasset" 8096
"../../../Engine/Content/EngineMaterials/Substrate/Glints2/dict_0006_0174.uasset" 8097
"../../../Engine/Content/EngineMaterials/Substrate/Glints2/dict_0006_0175.uasset" 8098
"../../../Engine/Content/EngineMaterials/Substrate/Glints2/dict_0006_0176.uasset" 8099
"../../../Engine/Content/EngineMaterials/Substrate/Glints2/dict_0006_0177.uasset" 8100
"../../../Engine/Content/EngineMaterials/Substrate/Glints2/dict_0006_0178.uasset" 8101
"../../../Engine/Content/EngineMaterials/Substrate/Glints2/dict_0006_0179.uasset" 8102
"../../../Engine/Content/EngineMaterials/Substrate/Glints2/dict_0006_0180.uasset" 8103
"../../../Engine/Content/EngineMaterials/Substrate/Glints2/dict_0006_0181.uasset" 8104
"../../../Engine/Content/EngineMaterials/Substrate/Glints2/dict_0006_0182.uasset" 8105
"../../../Engine/Content/EngineMaterials/Substrate/Glints2/dict_0006_0183.uasset" 8106
"../../../Engine/Content/EngineMaterials/Substrate/Glints2/dict_0006_0184.uasset" 8107
"../../../Engine/Content/EngineMaterials/Substrate/Glints2/dict_0006_0185.uasset" 8108
"../../../Engine/Content/EngineMaterials/Substrate/Glints2/dict_0006_0186.uasset" 8109
"../../../Engine/Content/EngineMaterials/Substrate/Glints2/dict_0006_0187.uasset" 8110
"../../../Engine/Content/EngineMaterials/Substrate/Glints2/dict_0006_0188.uasset" 8111
"../../../Engine/Content/EngineMaterials/Substrate/Glints2/dict_0006_0189.uasset" 8112
"../../../Engine/Content/EngineMaterials/Substrate/Glints2/dict_0006_0190.uasset" 8113
"../../../Engine/Content/EngineMaterials/Substrate/Glints2/dict_0006_0191.uasset" 8114
"../../../Engine/Content/EngineMaterials/Substrate/Glints2/dict_0006_0192.uasset" 8115
"../../../Engine/Content/EngineMaterials/Substrate/Glints2/dict_0006_0193.uasset" 8116
"../../../Engine/Content/EngineMaterials/Substrate/Glints2/dict_0006_0194.uasset" 8117
"../../../Engine/Content/EngineMaterials/Substrate/Glints2/dict_0006_0195.uasset" 8118
"../../../Engine/Content/EngineMaterials/Substrate/Glints2/dict_0006_0196.uasset" 8119
"../../../Engine/Content/EngineMaterials/Substrate/Glints2/dict_0006_0197.uasset" 8120
"../../../Engine/Content/EngineMaterials/Substrate/Glints2/dict_0006_0198.uasset" 8121
"../../../Engine/Content/EngineMaterials/Substrate/Glints2/dict_0006_0199.uasset" 8122
"../../../Engine/Content/EngineMaterials/Substrate/Glints2/dict_0006_0200.uasset" 8123
"../../../Engine/Content/EngineMaterials/Substrate/Glints2/dict_0006_0201.uasset" 8124
"../../../Engine/Content/EngineMaterials/Substrate/Glints2/dict_0006_0202.uasset" 8125
"../../../Engine/Content/EngineMaterials/Substrate/Glints2/dict_0006_0203.uasset" 8126
"../../../Engine/Content/EngineMaterials/Substrate/Glints2/dict_0006_0204.uasset" 8127
"../../../Engine/Content/EngineMaterials/Substrate/Glints2/dict_0006_0205.uasset" 8128
"../../../Engine/Content/EngineMaterials/Substrate/Glints2/dict_0006_0206.uasset" 8129
"../../../Engine/Content/EngineMaterials/Substrate/Glints2/dict_0006_0207.uasset" 8130
"../../../Engine/Content/EngineMaterials/Substrate/Glints2/dict_0006_0208.uasset" 8131
"../../../Engine/Content/EngineMaterials/Substrate/Glints2/dict_0006_0209.uasset" 8132
"../../../Engine/Content/EngineMaterials/Substrate/Glints2/dict_0006_0210.uasset" 8133
"../../../Engine/Content/EngineMaterials/Substrate/Glints2/dict_0006_0211.uasset" 8134
"../../../Engine/Content/EngineMaterials/Substrate/Glints2/dict_0006_0212.uasset" 8135
"../../../Engine/Content/EngineMaterials/Substrate/Glints2/dict_0006_0213.uasset" 8136
"../../../Engine/Content/EngineMaterials/Substrate/Glints2/dict_0006_0214.uasset" 8137
"../../../Engine/Content/EngineMaterials/Substrate/Glints2/dict_0006_0215.uasset" 8138
"../../../Engine/Content/EngineMaterials/Substrate/Glints2/dict_0006_0216.uasset" 8139
"../../../Engine/Content/EngineMaterials/Substrate/Glints2/dict_0006_0217.uasset" 8140
"../../../Engine/Content/EngineMaterials/Substrate/Glints2/dict_0006_0218.uasset" 8141
"../../../Engine/Content/EngineMaterials/Substrate/Glints2/dict_0006_0219.uasset" 8142
"../../../Engine/Content/EngineMaterials/Substrate/Glints2/dict_0006_0220.uasset" 8143
"../../../Engine/Content/EngineMaterials/Substrate/Glints2/dict_0006_0221.uasset" 8144
"../../../Engine/Content/EngineMaterials/Substrate/Glints2/dict_0006_0222.uasset" 8145
"../../../Engine/Content/EngineMaterials/Substrate/Glints2/dict_0006_0223.uasset" 8146
"../../../Engine/Content/EngineMaterials/Substrate/Glints2/dict_0006_0224.uasset" 8147
"../../../Engine/Content/EngineMaterials/Substrate/Glints2/dict_0006_0225.uasset" 8148
"../../../Engine/Content/EngineMaterials/Substrate/Glints2/dict_0006_0226.uasset" 8149
"../../../Engine/Content/EngineMaterials/Substrate/Glints2/dict_0006_0227.uasset" 8150
"../../../Engine/Content/EngineMaterials/Substrate/Glints2/dict_0006_0228.uasset" 8151
"../../../Engine/Content/EngineMaterials/Substrate/Glints2/dict_0006_0229.uasset" 8152
"../../../Engine/Content/EngineMaterials/Substrate/Glints2/dict_0006_0230.uasset" 8153
"../../../Engine/Content/EngineMaterials/Substrate/Glints2/dict_0006_0231.uasset" 8154
"../../../Engine/Content/EngineMaterials/Substrate/Glints2/dict_0006_0232.uasset" 8155
"../../../Engine/Content/EngineMaterials/Substrate/Glints2/dict_0006_0233.uasset" 8156
"../../../Engine/Content/EngineMaterials/Substrate/Glints2/dict_0006_0234.uasset" 8157
"../../../Engine/Content/EngineMaterials/Substrate/Glints2/dict_0006_0235.uasset" 8158
"../../../Engine/Content/EngineMaterials/Substrate/Glints2/dict_0006_0236.uasset" 8159
"../../../Engine/Content/EngineMaterials/Substrate/Glints2/dict_0006_0237.uasset" 8160
"../../../Engine/Content/EngineMaterials/Substrate/Glints2/dict_0006_0238.uasset" 8161
"../../../Engine/Content/EngineMaterials/Substrate/Glints2/dict_0006_0239.uasset" 8162
"../../../Engine/Content/EngineMaterials/Substrate/Glints2/dict_0006_0240.uasset" 8163
"../../../Engine/Content/EngineMaterials/Substrate/Glints2/dict_0006_0241.uasset" 8164
"../../../Engine/Content/EngineMaterials/Substrate/Glints2/dict_0006_0242.uasset" 8165
"../../../Engine/Content/EngineMaterials/Substrate/Glints2/dict_0006_0243.uasset" 8166
"../../../Engine/Content/EngineMaterials/Substrate/Glints2/dict_0006_0244.uasset" 8167
"../../../Engine/Content/EngineMaterials/Substrate/Glints2/dict_0006_0245.uasset" 8168
"../../../Engine/Content/EngineMaterials/Substrate/Glints2/dict_0006_0246.uasset" 8169
"../../../Engine/Content/EngineMaterials/Substrate/Glints2/dict_0006_0247.uasset" 8170
"../../../Engine/Content/EngineMaterials/Substrate/Glints2/dict_0006_0248.uasset" 8171
"../../../Engine/Content/EngineMaterials/Substrate/Glints2/dict_0006_0249.uasset" 8172
"../../../Engine/Content/EngineMaterials/Substrate/Glints2/dict_0006_0250.uasset" 8173
"../../../Engine/Content/EngineMaterials/Substrate/Glints2/dict_0006_0251.uasset" 8174
"../../../Engine/Content/EngineMaterials/Substrate/Glints2/dict_0006_0252.uasset" 8175
"../../../Engine/Content/EngineMaterials/Substrate/Glints2/dict_0006_0253.uasset" 8176
"../../../Engine/Content/EngineMaterials/Substrate/Glints2/dict_0006_0254.uasset" 8177
"../../../Engine/Content/EngineMaterials/Substrate/Glints2/dict_0006_0255.uasset" 8178
"../../../Engine/Content/EngineMaterials/Substrate/Glints2/dict_0007_0000.uasset" 8179
"../../../Engine/Content/EngineMaterials/Substrate/Glints2/dict_0007_0001.uasset" 8180
"../../../Engine/Content/EngineMaterials/Substrate/Glints2/dict_0007_0002.uasset" 8181
"../../../Engine/Content/EngineMaterials/Substrate/Glints2/dict_0007_0003.uasset" 8182
"../../../Engine/Content/EngineMaterials/Substrate/Glints2/dict_0007_0004.uasset" 8183
"../../../Engine/Content/EngineMaterials/Substrate/Glints2/dict_0007_0005.uasset" 8184
"../../../Engine/Content/EngineMaterials/Substrate/Glints2/dict_0007_0006.uasset" 8185
"../../../Engine/Content/EngineMaterials/Substrate/Glints2/dict_0007_0007.uasset" 8186
"../../../Engine/Content/EngineMaterials/Substrate/Glints2/dict_0007_0008.uasset" 8187
"../../../Engine/Content/EngineMaterials/Substrate/Glints2/dict_0007_0009.uasset" 8188
"../../../Engine/Content/EngineMaterials/Substrate/Glints2/dict_0007_0010.uasset" 8189
"../../../Engine/Content/EngineMaterials/Substrate/Glints2/dict_0007_0011.uasset" 8190
"../../../Engine/Content/EngineMaterials/Substrate/Glints2/dict_0007_0012.uasset" 8191
"../../../Engine/Content/EngineMaterials/Substrate/Glints2/dict_0007_0013.uasset" 8192
"../../../Engine/Content/EngineMaterials/Substrate/Glints2/dict_0007_0014.uasset" 8193
"../../../Engine/Content/EngineMaterials/Substrate/Glints2/dict_0007_0015.uasset" 8194
"../../../Engine/Content/EngineMaterials/Substrate/Glints2/dict_0007_0016.uasset" 8195
"../../../Engine/Content/EngineMaterials/Substrate/Glints2/dict_0007_0017.uasset" 8196
"../../../Engine/Content/EngineMaterials/Substrate/Glints2/dict_0007_0018.uasset" 8197
"../../../Engine/Content/EngineMaterials/Substrate/Glints2/dict_0007_0019.uasset" 8198
"../../../Engine/Content/EngineMaterials/Substrate/Glints2/dict_0007_0020.uasset" 8199
"../../../Engine/Content/EngineMaterials/Substrate/Glints2/dict_0007_0021.uasset" 8200
"../../../Engine/Content/EngineMaterials/Substrate/Glints2/dict_0007_0022.uasset" 8201
"../../../Engine/Content/EngineMaterials/Substrate/Glints2/dict_0007_0023.uasset" 8202
"../../../Engine/Content/EngineMaterials/Substrate/Glints2/dict_0007_0024.uasset" 8203
"../../../Engine/Content/EngineMaterials/Substrate/Glints2/dict_0007_0025.uasset" 8204
"../../../Engine/Content/EngineMaterials/Substrate/Glints2/dict_0007_0026.uasset" 8205
"../../../Engine/Content/EngineMaterials/Substrate/Glints2/dict_0007_0027.uasset" 8206
"../../../Engine/Content/EngineMaterials/Substrate/Glints2/dict_0007_0028.uasset" 8207
"../../../Engine/Content/EngineMaterials/Substrate/Glints2/dict_0007_0029.uasset" 8208
"../../../Engine/Content/EngineMaterials/Substrate/Glints2/dict_0007_0030.uasset" 8209
"../../../Engine/Content/EngineMaterials/Substrate/Glints2/dict_0007_0031.uasset" 8210
"../../../Engine/Content/EngineMaterials/Substrate/Glints2/dict_0007_0032.uasset" 8211
"../../../Engine/Content/EngineMaterials/Substrate/Glints2/dict_0007_0033.uasset" 8212
"../../../Engine/Content/EngineMaterials/Substrate/Glints2/dict_0007_0034.uasset" 8213
"../../../Engine/Content/EngineMaterials/Substrate/Glints2/dict_0007_0035.uasset" 8214
"../../../Engine/Content/EngineMaterials/Substrate/Glints2/dict_0007_0036.uasset" 8215
"../../../Engine/Content/EngineMaterials/Substrate/Glints2/dict_0007_0037.uasset" 8216
"../../../Engine/Content/EngineMaterials/Substrate/Glints2/dict_0007_0038.uasset" 8217
"../../../Engine/Content/EngineMaterials/Substrate/Glints2/dict_0007_0039.uasset" 8218
"../../../Engine/Content/EngineMaterials/Substrate/Glints2/dict_0007_0040.uasset" 8219
"../../../Engine/Content/EngineMaterials/Substrate/Glints2/dict_0007_0041.uasset" 8220
"../../../Engine/Content/EngineMaterials/Substrate/Glints2/dict_0007_0042.uasset" 8221
"../../../Engine/Content/EngineMaterials/Substrate/Glints2/dict_0007_0043.uasset" 8222
"../../../Engine/Content/EngineMaterials/Substrate/Glints2/dict_0007_0044.uasset" 8223
"../../../Engine/Content/EngineMaterials/Substrate/Glints2/dict_0007_0045.uasset" 8224
"../../../Engine/Content/EngineMaterials/Substrate/Glints2/dict_0007_0046.uasset" 8225
"../../../Engine/Content/EngineMaterials/Substrate/Glints2/dict_0007_0047.uasset" 8226
"../../../Engine/Content/EngineMaterials/Substrate/Glints2/dict_0007_0048.uasset" 8227
"../../../Engine/Content/EngineMaterials/Substrate/Glints2/dict_0007_0049.uasset" 8228
"../../../Engine/Content/EngineMaterials/Substrate/Glints2/dict_0007_0050.uasset" 8229
"../../../Engine/Content/EngineMaterials/Substrate/Glints2/dict_0007_0051.uasset" 8230
"../../../Engine/Content/EngineMaterials/Substrate/Glints2/dict_0007_0052.uasset" 8231
"../../../Engine/Content/EngineMaterials/Substrate/Glints2/dict_0007_0053.uasset" 8232
"../../../Engine/Content/EngineMaterials/Substrate/Glints2/dict_0007_0054.uasset" 8233
"../../../Engine/Content/EngineMaterials/Substrate/Glints2/dict_0007_0055.uasset" 8234
"../../../Engine/Content/EngineMaterials/Substrate/Glints2/dict_0007_0056.uasset" 8235
"../../../Engine/Content/EngineMaterials/Substrate/Glints2/dict_0007_0057.uasset" 8236
"../../../Engine/Content/EngineMaterials/Substrate/Glints2/dict_0007_0058.uasset" 8237
"../../../Engine/Content/EngineMaterials/Substrate/Glints2/dict_0007_0059.uasset" 8238
"../../../Engine/Content/EngineMaterials/Substrate/Glints2/dict_0007_0060.uasset" 8239
"../../../Engine/Content/EngineMaterials/Substrate/Glints2/dict_0007_0061.uasset" 8240
"../../../Engine/Content/EngineMaterials/Substrate/Glints2/dict_0007_0062.uasset" 8241
"../../../Engine/Content/EngineMaterials/Substrate/Glints2/dict_0007_0063.uasset" 8242
"../../../Engine/Content/EngineMaterials/Substrate/Glints2/dict_0007_0064.uasset" 8243
"../../../Engine/Content/EngineMaterials/Substrate/Glints2/dict_0007_0065.uasset" 8244
"../../../Engine/Content/EngineMaterials/Substrate/Glints2/dict_0007_0066.uasset" 8245
"../../../Engine/Content/EngineMaterials/Substrate/Glints2/dict_0007_0067.uasset" 8246
"../../../Engine/Content/EngineMaterials/Substrate/Glints2/dict_0007_0068.uasset" 8247
"../../../Engine/Content/EngineMaterials/Substrate/Glints2/dict_0007_0069.uasset" 8248
"../../../Engine/Content/EngineMaterials/Substrate/Glints2/dict_0007_0070.uasset" 8249
"../../../Engine/Content/EngineMaterials/Substrate/Glints2/dict_0007_0071.uasset" 8250
"../../../Engine/Content/EngineMaterials/Substrate/Glints2/dict_0007_0072.uasset" 8251
"../../../Engine/Content/EngineMaterials/Substrate/Glints2/dict_0007_0073.uasset" 8252
"../../../Engine/Content/EngineMaterials/Substrate/Glints2/dict_0007_0074.uasset" 8253
"../../../Engine/Content/EngineMaterials/Substrate/Glints2/dict_0007_0075.uasset" 8254
"../../../Engine/Content/EngineMaterials/Substrate/Glints2/dict_0007_0076.uasset" 8255
"../../../Engine/Content/EngineMaterials/Substrate/Glints2/dict_0007_0077.uasset" 8256
"../../../Engine/Content/EngineMaterials/Substrate/Glints2/dict_0007_0078.uasset" 8257
"../../../Engine/Content/EngineMaterials/Substrate/Glints2/dict_0007_0079.uasset" 8258
"../../../Engine/Content/EngineMaterials/Substrate/Glints2/dict_0007_0080.uasset" 8259
"../../../Engine/Content/EngineMaterials/Substrate/Glints2/dict_0007_0081.uasset" 8260
"../../../Engine/Content/EngineMaterials/Substrate/Glints2/dict_0007_0082.uasset" 8261
"../../../Engine/Content/EngineMaterials/Substrate/Glints2/dict_0007_0083.uasset" 8262
"../../../Engine/Content/EngineMaterials/Substrate/Glints2/dict_0007_0084.uasset" 8263
"../../../Engine/Content/EngineMaterials/Substrate/Glints2/dict_0007_0085.uasset" 8264
"../../../Engine/Content/EngineMaterials/Substrate/Glints2/dict_0007_0086.uasset" 8265
"../../../Engine/Content/EngineMaterials/Substrate/Glints2/dict_0007_0087.uasset" 8266
"../../../Engine/Content/EngineMaterials/Substrate/Glints2/dict_0007_0088.uasset" 8267
"../../../Engine/Content/EngineMaterials/Substrate/Glints2/dict_0007_0089.uasset" 8268
"../../../Engine/Content/EngineMaterials/Substrate/Glints2/dict_0007_0090.uasset" 8269
"../../../Engine/Content/EngineMaterials/Substrate/Glints2/dict_0007_0091.uasset" 8270
"../../../Engine/Content/EngineMaterials/Substrate/Glints2/dict_0007_0092.uasset" 8271
"../../../Engine/Content/EngineMaterials/Substrate/Glints2/dict_0007_0093.uasset" 8272
"../../../Engine/Content/EngineMaterials/Substrate/Glints2/dict_0007_0094.uasset" 8273
"../../../Engine/Content/EngineMaterials/Substrate/Glints2/dict_0007_0095.uasset" 8274
"../../../Engine/Content/EngineMaterials/Substrate/Glints2/dict_0007_0096.uasset" 8275
"../../../Engine/Content/EngineMaterials/Substrate/Glints2/dict_0007_0097.uasset" 8276
"../../../Engine/Content/EngineMaterials/Substrate/Glints2/dict_0007_0098.uasset" 8277
"../../../Engine/Content/EngineMaterials/Substrate/Glints2/dict_0007_0099.uasset" 8278
"../../../Engine/Content/EngineMaterials/Substrate/Glints2/dict_0007_0100.uasset" 8279
"../../../Engine/Content/EngineMaterials/Substrate/Glints2/dict_0007_0101.uasset" 8280
"../../../Engine/Content/EngineMaterials/Substrate/Glints2/dict_0007_0102.uasset" 8281
"../../../Engine/Content/EngineMaterials/Substrate/Glints2/dict_0007_0103.uasset" 8282
"../../../Engine/Content/EngineMaterials/Substrate/Glints2/dict_0007_0104.uasset" 8283
"../../../Engine/Content/EngineMaterials/Substrate/Glints2/dict_0007_0105.uasset" 8284
"../../../Engine/Content/EngineMaterials/Substrate/Glints2/dict_0007_0106.uasset" 8285
"../../../Engine/Content/EngineMaterials/Substrate/Glints2/dict_0007_0107.uasset" 8286
"../../../Engine/Content/EngineMaterials/Substrate/Glints2/dict_0007_0108.uasset" 8287
"../../../Engine/Content/EngineMaterials/Substrate/Glints2/dict_0007_0109.uasset" 8288
"../../../Engine/Content/EngineMaterials/Substrate/Glints2/dict_0007_0110.uasset" 8289
"../../../Engine/Content/EngineMaterials/Substrate/Glints2/dict_0007_0111.uasset" 8290
"../../../Engine/Content/EngineMaterials/Substrate/Glints2/dict_0007_0112.uasset" 8291
"../../../Engine/Content/EngineMaterials/Substrate/Glints2/dict_0007_0113.uasset" 8292
"../../../Engine/Content/EngineMaterials/Substrate/Glints2/dict_0007_0114.uasset" 8293
"../../../Engine/Content/EngineMaterials/Substrate/Glints2/dict_0007_0115.uasset" 8294
"../../../Engine/Content/EngineMaterials/Substrate/Glints2/dict_0007_0116.uasset" 8295
"../../../Engine/Content/EngineMaterials/Substrate/Glints2/dict_0007_0117.uasset" 8296
"../../../Engine/Content/EngineMaterials/Substrate/Glints2/dict_0007_0118.uasset" 8297
"../../../Engine/Content/EngineMaterials/Substrate/Glints2/dict_0007_0119.uasset" 8298
"../../../Engine/Content/EngineMaterials/Substrate/Glints2/dict_0007_0120.uasset" 8299
"../../../Engine/Content/EngineMaterials/Substrate/Glints2/dict_0007_0121.uasset" 8300
"../../../Engine/Content/EngineMaterials/Substrate/Glints2/dict_0007_0122.uasset" 8301
"../../../Engine/Content/EngineMaterials/Substrate/Glints2/dict_0007_0123.uasset" 8302
"../../../Engine/Content/EngineMaterials/Substrate/Glints2/dict_0007_0124.uasset" 8303
"../../../Engine/Content/EngineMaterials/Substrate/Glints2/dict_0007_0125.uasset" 8304
"../../../Engine/Content/EngineMaterials/Substrate/Glints2/dict_0007_0126.uasset" 8305
"../../../Engine/Content/EngineMaterials/Substrate/Glints2/dict_0007_0127.uasset" 8306
"../../../Engine/Content/EngineMaterials/Substrate/Glints2/dict_0007_0128.uasset" 8307
"../../../Engine/Content/EngineMaterials/Substrate/Glints2/dict_0007_0129.uasset" 8308
"../../../Engine/Content/EngineMaterials/Substrate/Glints2/dict_0007_0130.uasset" 8309
"../../../Engine/Content/EngineMaterials/Substrate/Glints2/dict_0007_0131.uasset" 8310
"../../../Engine/Content/EngineMaterials/Substrate/Glints2/dict_0007_0132.uasset" 8311
"../../../Engine/Content/EngineMaterials/Substrate/Glints2/dict_0007_0133.uasset" 8312
"../../../Engine/Content/EngineMaterials/Substrate/Glints2/dict_0007_0134.uasset" 8313
"../../../Engine/Content/EngineMaterials/Substrate/Glints2/dict_0007_0135.uasset" 8314
"../../../Engine/Content/EngineMaterials/Substrate/Glints2/dict_0007_0136.uasset" 8315
"../../../Engine/Content/EngineMaterials/Substrate/Glints2/dict_0007_0137.uasset" 8316
"../../../Engine/Content/EngineMaterials/Substrate/Glints2/dict_0007_0138.uasset" 8317
"../../../Engine/Content/EngineMaterials/Substrate/Glints2/dict_0007_0139.uasset" 8318
"../../../Engine/Content/EngineMaterials/Substrate/Glints2/dict_0007_0140.uasset" 8319
"../../../Engine/Content/EngineMaterials/Substrate/Glints2/dict_0007_0141.uasset" 8320
"../../../Engine/Content/EngineMaterials/Substrate/Glints2/dict_0007_0142.uasset" 8321
"../../../Engine/Content/EngineMaterials/Substrate/Glints2/dict_0007_0143.uasset" 8322
"../../../Engine/Content/EngineMaterials/Substrate/Glints2/dict_0007_0144.uasset" 8323
"../../../Engine/Content/EngineMaterials/Substrate/Glints2/dict_0007_0145.uasset" 8324
"../../../Engine/Content/EngineMaterials/Substrate/Glints2/dict_0007_0146.uasset" 8325
"../../../Engine/Content/EngineMaterials/Substrate/Glints2/dict_0007_0147.uasset" 8326
"../../../Engine/Content/EngineMaterials/Substrate/Glints2/dict_0007_0148.uasset" 8327
"../../../Engine/Content/EngineMaterials/Substrate/Glints2/dict_0007_0149.uasset" 8328
"../../../Engine/Content/EngineMaterials/Substrate/Glints2/dict_0007_0150.uasset" 8329
"../../../Engine/Content/EngineMaterials/Substrate/Glints2/dict_0007_0151.uasset" 8330
"../../../Engine/Content/EngineMaterials/Substrate/Glints2/dict_0007_0152.uasset" 8331
"../../../Engine/Content/EngineMaterials/Substrate/Glints2/dict_0007_0153.uasset" 8332
"../../../Engine/Content/EngineMaterials/Substrate/Glints2/dict_0007_0154.uasset" 8333
"../../../Engine/Content/EngineMaterials/Substrate/Glints2/dict_0007_0155.uasset" 8334
"../../../Engine/Content/EngineMaterials/Substrate/Glints2/dict_0007_0156.uasset" 8335
"../../../Engine/Content/EngineMaterials/Substrate/Glints2/dict_0007_0157.uasset" 8336
"../../../Engine/Content/EngineMaterials/Substrate/Glints2/dict_0007_0158.uasset" 8337
"../../../Engine/Content/EngineMaterials/Substrate/Glints2/dict_0007_0159.uasset" 8338
"../../../Engine/Content/EngineMaterials/Substrate/Glints2/dict_0007_0160.uasset" 8339
"../../../Engine/Content/EngineMaterials/Substrate/Glints2/dict_0007_0161.uasset" 8340
"../../../Engine/Content/EngineMaterials/Substrate/Glints2/dict_0007_0162.uasset" 8341
"../../../Engine/Content/EngineMaterials/Substrate/Glints2/dict_0007_0163.uasset" 8342
"../../../Engine/Content/EngineMaterials/Substrate/Glints2/dict_0007_0164.uasset" 8343
"../../../Engine/Content/EngineMaterials/Substrate/Glints2/dict_0007_0165.uasset" 8344
"../../../Engine/Content/EngineMaterials/Substrate/Glints2/dict_0007_0166.uasset" 8345
"../../../Engine/Content/EngineMaterials/Substrate/Glints2/dict_0007_0167.uasset" 8346
"../../../Engine/Content/EngineMaterials/Substrate/Glints2/dict_0007_0168.uasset" 8347
"../../../Engine/Content/EngineMaterials/Substrate/Glints2/dict_0007_0169.uasset" 8348
"../../../Engine/Content/EngineMaterials/Substrate/Glints2/dict_0007_0170.uasset" 8349
"../../../Engine/Content/EngineMaterials/Substrate/Glints2/dict_0007_0171.uasset" 8350
"../../../Engine/Content/EngineMaterials/Substrate/Glints2/dict_0007_0172.uasset" 8351
"../../../Engine/Content/EngineMaterials/Substrate/Glints2/dict_0007_0173.uasset" 8352
"../../../Engine/Content/EngineMaterials/Substrate/Glints2/dict_0007_0174.uasset" 8353
"../../../Engine/Content/EngineMaterials/Substrate/Glints2/dict_0007_0175.uasset" 8354
"../../../Engine/Content/EngineMaterials/Substrate/Glints2/dict_0007_0176.uasset" 8355
"../../../Engine/Content/EngineMaterials/Substrate/Glints2/dict_0007_0177.uasset" 8356
"../../../Engine/Content/EngineMaterials/Substrate/Glints2/dict_0007_0178.uasset" 8357
"../../../Engine/Content/EngineMaterials/Substrate/Glints2/dict_0007_0179.uasset" 8358
"../../../Engine/Content/EngineMaterials/Substrate/Glints2/dict_0007_0180.uasset" 8359
"../../../Engine/Content/EngineMaterials/Substrate/Glints2/dict_0007_0181.uasset" 8360
"../../../Engine/Content/EngineMaterials/Substrate/Glints2/dict_0007_0182.uasset" 8361
"../../../Engine/Content/EngineMaterials/Substrate/Glints2/dict_0007_0183.uasset" 8362
"../../../Engine/Content/EngineMaterials/Substrate/Glints2/dict_0007_0184.uasset" 8363
"../../../Engine/Content/EngineMaterials/Substrate/Glints2/dict_0007_0185.uasset" 8364
"../../../Engine/Content/EngineMaterials/Substrate/Glints2/dict_0007_0186.uasset" 8365
"../../../Engine/Content/EngineMaterials/Substrate/Glints2/dict_0007_0187.uasset" 8366
"../../../Engine/Content/EngineMaterials/Substrate/Glints2/dict_0007_0188.uasset" 8367
"../../../Engine/Content/EngineMaterials/Substrate/Glints2/dict_0007_0189.uasset" 8368
"../../../Engine/Content/EngineMaterials/Substrate/Glints2/dict_0007_0190.uasset" 8369
"../../../Engine/Content/EngineMaterials/Substrate/Glints2/dict_0007_0191.uasset" 8370
"../../../Engine/Content/EngineMaterials/Substrate/Glints2/dict_0007_0192.uasset" 8371
"../../../Engine/Content/EngineMaterials/Substrate/Glints2/dict_0007_0193.uasset" 8372
"../../../Engine/Content/EngineMaterials/Substrate/Glints2/dict_0007_0194.uasset" 8373
"../../../Engine/Content/EngineMaterials/Substrate/Glints2/dict_0007_0195.uasset" 8374
"../../../Engine/Content/EngineMaterials/Substrate/Glints2/dict_0007_0196.uasset" 8375
"../../../Engine/Content/EngineMaterials/Substrate/Glints2/dict_0007_0197.uasset" 8376
"../../../Engine/Content/EngineMaterials/Substrate/Glints2/dict_0007_0198.uasset" 8377
"../../../Engine/Content/EngineMaterials/Substrate/Glints2/dict_0007_0199.uasset" 8378
"../../../Engine/Content/EngineMaterials/Substrate/Glints2/dict_0007_0200.uasset" 8379
"../../../Engine/Content/EngineMaterials/Substrate/Glints2/dict_0007_0201.uasset" 8380
"../../../Engine/Content/EngineMaterials/Substrate/Glints2/dict_0007_0202.uasset" 8381
"../../../Engine/Content/EngineMaterials/Substrate/Glints2/dict_0007_0203.uasset" 8382
"../../../Engine/Content/EngineMaterials/Substrate/Glints2/dict_0007_0204.uasset" 8383
"../../../Engine/Content/EngineMaterials/Substrate/Glints2/dict_0007_0205.uasset" 8384
"../../../Engine/Content/EngineMaterials/Substrate/Glints2/dict_0007_0206.uasset" 8385
"../../../Engine/Content/EngineMaterials/Substrate/Glints2/dict_0007_0207.uasset" 8386
"../../../Engine/Content/EngineMaterials/Substrate/Glints2/dict_0007_0208.uasset" 8387
"../../../Engine/Content/EngineMaterials/Substrate/Glints2/dict_0007_0209.uasset" 8388
"../../../Engine/Content/EngineMaterials/Substrate/Glints2/dict_0007_0210.uasset" 8389
"../../../Engine/Content/EngineMaterials/Substrate/Glints2/dict_0007_0211.uasset" 8390
"../../../Engine/Content/EngineMaterials/Substrate/Glints2/dict_0007_0212.uasset" 8391
"../../../Engine/Content/EngineMaterials/Substrate/Glints2/dict_0007_0213.uasset" 8392
"../../../Engine/Content/EngineMaterials/Substrate/Glints2/dict_0007_0214.uasset" 8393
"../../../Engine/Content/EngineMaterials/Substrate/Glints2/dict_0007_0215.uasset" 8394
"../../../Engine/Content/EngineMaterials/Substrate/Glints2/dict_0007_0216.uasset" 8395
"../../../Engine/Content/EngineMaterials/Substrate/Glints2/dict_0007_0217.uasset" 8396
"../../../Engine/Content/EngineMaterials/Substrate/Glints2/dict_0007_0218.uasset" 8397
"../../../Engine/Content/EngineMaterials/Substrate/Glints2/dict_0007_0219.uasset" 8398
"../../../Engine/Content/EngineMaterials/Substrate/Glints2/dict_0007_0220.uasset" 8399
"../../../Engine/Content/EngineMaterials/Substrate/Glints2/dict_0007_0221.uasset" 8400
"../../../Engine/Content/EngineMaterials/Substrate/Glints2/dict_0007_0222.uasset" 8401
"../../../Engine/Content/EngineMaterials/Substrate/Glints2/dict_0007_0223.uasset" 8402
"../../../Engine/Content/EngineMaterials/Substrate/Glints2/dict_0007_0224.uasset" 8403
"../../../Engine/Content/EngineMaterials/Substrate/Glints2/dict_0007_0225.uasset" 8404
"../../../Engine/Content/EngineMaterials/Substrate/Glints2/dict_0007_0226.uasset" 8405
"../../../Engine/Content/EngineMaterials/Substrate/Glints2/dict_0007_0227.uasset" 8406
"../../../Engine/Content/EngineMaterials/Substrate/Glints2/dict_0007_0228.uasset" 8407
"../../../Engine/Content/EngineMaterials/Substrate/Glints2/dict_0007_0229.uasset" 8408
"../../../Engine/Content/EngineMaterials/Substrate/Glints2/dict_0007_0230.uasset" 8409
"../../../Engine/Content/EngineMaterials/Substrate/Glints2/dict_0007_0231.uasset" 8410
"../../../Engine/Content/EngineMaterials/Substrate/Glints2/dict_0007_0232.uasset" 8411
"../../../Engine/Content/EngineMaterials/Substrate/Glints2/dict_0007_0233.uasset" 8412
"../../../Engine/Content/EngineMaterials/Substrate/Glints2/dict_0007_0234.uasset" 8413
"../../../Engine/Content/EngineMaterials/Substrate/Glints2/dict_0007_0235.uasset" 8414
"../../../Engine/Content/EngineMaterials/Substrate/Glints2/dict_0007_0236.uasset" 8415
"../../../Engine/Content/EngineMaterials/Substrate/Glints2/dict_0007_0237.uasset" 8416
"../../../Engine/Content/EngineMaterials/Substrate/Glints2/dict_0007_0238.uasset" 8417
"../../../Engine/Content/EngineMaterials/Substrate/Glints2/dict_0007_0239.uasset" 8418
"../../../Engine/Content/EngineMaterials/Substrate/Glints2/dict_0007_0240.uasset" 8419
"../../../Engine/Content/EngineMaterials/Substrate/Glints2/dict_0007_0241.uasset" 8420
"../../../Engine/Content/EngineMaterials/Substrate/Glints2/dict_0007_0242.uasset" 8421
"../../../Engine/Content/EngineMaterials/Substrate/Glints2/dict_0007_0243.uasset" 8422
"../../../Engine/Content/EngineMaterials/Substrate/Glints2/dict_0007_0244.uasset" 8423
"../../../Engine/Content/EngineMaterials/Substrate/Glints2/dict_0007_0245.uasset" 8424
"../../../Engine/Content/EngineMaterials/Substrate/Glints2/dict_0007_0246.uasset" 8425
"../../../Engine/Content/EngineMaterials/Substrate/Glints2/dict_0007_0247.uasset" 8426
"../../../Engine/Content/EngineMaterials/Substrate/Glints2/dict_0007_0248.uasset" 8427
"../../../Engine/Content/EngineMaterials/Substrate/Glints2/dict_0007_0249.uasset" 8428
"../../../Engine/Content/EngineMaterials/Substrate/Glints2/dict_0007_0250.uasset" 8429
"../../../Engine/Content/EngineMaterials/Substrate/Glints2/dict_0007_0251.uasset" 8430
"../../../Engine/Content/EngineMaterials/Substrate/Glints2/dict_0007_0252.uasset" 8431
"../../../Engine/Content/EngineMaterials/Substrate/Glints2/dict_0007_0253.uasset" 8432
"../../../Engine/Content/EngineMaterials/Substrate/Glints2/dict_0007_0254.uasset" 8433
"../../../Engine/Content/EngineMaterials/Substrate/Glints2/dict_0007_0255.uasset" 8434
"/Game/Blueprints/UI/UISoundFX/WizardWords/WizardVoice_Initiative_Cue" 8435
"/Game/Blueprints/Sounds/Combat/Sword_Miss" 8436
"/Game/Blueprints/UI/UISoundFX/WizardWords/WizardVoice_CriticalHit_1_Cue" 8437
"/Game/Blueprints/UI/Skald_BattleResultWidget" 8438
"/Game/Blueprints/Map/MapPNGs/Skald_Map_Upscaled_4K_Mat" 8439
"/Game/Blueprints/Sounds/Combat/Sword_Hit" 8440
"/Game/M4/Materials/MasterMaterials/Functions/TilingReduction/MacroBrightnessVariationAttribute" 8441
"/Game/M4/Materials/MasterMaterials/Functions/VHFM/DetailTexturingFunction" 8442
"/Game/Blueprints/UI/UISoundFX/WizardWords/WizardVoice_YourTurn_Cue" 8443
"/Game/M4/Materials/MasterMaterials/Functions/VHFM/NewTess_MultiMaterialHandling" 8444
"/Game/M4/Materials/MasterMaterials/Functions/TilingReduction/MacroBrightnessVariation" 8445
"/Game/M4/Materials/MasterMaterials/Functions/TilingReduction/StochasticTextureVariation" 8446
"/Game/M4/Materials/MasterMaterials/Functions/CheapVariationUVs" 8447
"D:/Skald_TurnBasedStrategy_Code/Content/M4/Materials/MasterMaterials/Functions/TilingReduction/StochasticTexture-Custom.uasset" 8448
"/Game/M4/Materials/MasterMaterials/Functions/PrepareOutput-RVT" 8449
"D:/Skald_TurnBasedStrategy_Code/Content/Additions/Realistic_Starter_VFX_Pack_Vol2/Materials/M_Smoke_Puff_A.uasset" 8450
"/Game/M4/Extras/UDS-EasyIntegration/TerrainFunctions/IntegrateVHF+UDS-Dynamic_Weather_Effects" 8451
"../../../Engine/Content/Functions/Engine_MaterialFunctions01/ImageAdjustment/CheapContrast_RGB.uasset" 8452
"D:/Skald_TurnBasedStrategy_Code/Content/Additions/Realistic_Starter_VFX_Pack_Vol2/Materials/M_Rock_B.uasset" 8453
"D:/Skald_TurnBasedStrategy_Code/Content/Additions/Realistic_Starter_VFX_Pack_Vol2/Materials/M_Smoke_Wisp.uasset" 8454
"/Game/M4/Materials/MasterMaterials/Functions/VHFM/HeightBasedProceduralNormals" 8455
"D:/Skald_TurnBasedStrategy_Code/Content/Blueprints/UI/UISoundFX/DiceRoll_01_Cue.uasset" 8456
"D:/Skald_TurnBasedStrategy_Code/Content/Additions/Realistic_Starter_VFX_Pack_Vol2/Materials/M_Dirt_A.uasset" 8457
"D:/Skald_TurnBasedStrategy_Code/Content/Additions/Realistic_Starter_VFX_Pack_Vol2/Mesh/SM_Derbis_B.uasset" 8458
"../../../Engine/Content/Functions/Engine_MaterialFunctions01/Gradient/RadialGradientExponential.uasset" 8459
"D:/Skald_TurnBasedStrategy_Code/Content/Additions/Realistic_Starter_VFX_Pack_Vol2/Materials/M_Blood_C.uasset" 8460
"D:/Skald_TurnBasedStrategy_Code/Content/Additions/Realistic_Starter_VFX_Pack_Vol2/Materials/M_Impact_A.uasset" 8461
"D:/Skald_TurnBasedStrategy_Code/Content/Additions/Realistic_Starter_VFX_Pack_Vol2/Materials/M_Smoke_A.uasset" 8462
"D:/Skald_TurnBasedStrategy_Code/Content/M4/Foliage/Plants/Materials/Common/SimpleColorMat_Inst.uasset" 8463
"../../../Engine/Content/ArtTools/RenderToTexture/MaterialFunctions/FoliageZRotation.uasset" 8464
"/Game/M4/Materials/MasterMaterials/Functions/PrepareOutput-RVT-VHFM" 8465
"/Game/M4/Materials/MasterMaterials/Functions/MountainTopSnow" 8466
"/Game/M4/Materials/MasterMaterials/Functions/CheapContrastWithoutClampRGBA" 8467
"/Game/Blueprints/Meshes/Random_Materials/M_GridCell" 8468
"/Game/Blueprints/Meshes/Random_Materials/M_GridHighlight" 8469
"/Game/Blueprints/Meshes/Random_Materials/M_GridHighlight_Decal" 8470
"/Game/Blueprints/Meshes/Random_Materials/M_GridCell_Decal" 8471
"/Game/M4/Materials/MasterMaterials/Functions/FlatlandMacroNormal" 8472
"/Game/M4/Materials/MasterMaterials/Functions/PaintFunctions/TextureSetBlending" 8473
"/Game/M4/Materials/MasterMaterials/Functions/PaintFunctions/BlendMultiLayeredMaterials" 8474
"/Game/M4/Blueprints/SystemResources/Heightfield/Materials/Debug/LODDebugMat" 8475
"/Engine/EngineSky/M_Sky_Panning_Clouds2" 8476
"/Game/M4/Foliage/Plants/Materials/Common/SimpleColorMat_Inst" 8477
"/Engine/ArtTools/RenderToTexture/MaterialFunctions/FoliageZRotation" 8478
"/Game/Additions/Realistic_Starter_VFX_Pack_Vol2/Materials/M_Smoke_A" 8479
"/Game/Additions/Realistic_Starter_VFX_Pack_Vol2/Materials/M_Blood_C" 8480
"D:/Skald_TurnBasedStrategy_Code/Content/M4/Materials/MasterMaterials/Functions/ColorCurves/Curves/TerrainCurvesAtlas.uasset" 8481
"D:/Skald_TurnBasedStrategy_Code/Content/Medieval_Tents/Materials/MasterMaterial/M_Master.uasset" 8482
"../../../Engine/Content/Functions/Engine_MaterialFunctions02/Utility/DitherTemporalAA.uasset" 8483
"D:/Skald_TurnBasedStrategy_Code/Content/Blueprints/UI/UISoundFX/Bag_of_coins_being_d__1-1760760229403_Cue.uasset" 8484
"D:/Skald_TurnBasedStrategy_Code/Content/M4/Blueprints/SystemResources/General/Tutorials/VHFM_WarningMat.uasset" 8485
"D:/Skald_TurnBasedStrategy_Code/Content/M4/Extras/UniversalColorCorrector/FoliageColorCorrectorFunction.uasset" 8486
"D:/Skald_TurnBasedStrategy_Code/Content/M4/TrailSystem/ForFoliage/FoliageTrample.uasset" 8487
"D:/Skald_TurnBasedStrategy_Code/Content/M4/Foliage/Plants/Materials/Grass/AdvancedGrassSystem/BladeCurling-AGS.uasset" 8488
"D:/Skald_TurnBasedStrategy_Code/Content/M4/Foliage/Plants/Materials/Grass/AdvancedGrassSystem/ProceduralDeadening-AGS.uasset" 8489
"../../../Engine/Content/Functions/Engine_MaterialFunctions01/Reflections/ReflectionVectorSoft.uasset" 8490
"D:/Skald_TurnBasedStrategy_Code/Content/Blueprints/Character/SkaldFactions/Gnolls/MountedSpear/Material_010.uasset" 8491
"D:/Skald_TurnBasedStrategy_Code/Content/M4/Foliage/Plants/Materials/Grass/AdvancedGrassSystem/ObjectScalingWithNoise-AGS.uasset" 8492
"D:/Skald_TurnBasedStrategy_Code/Content/Blueprints/Meshes/Territory_Capital/Material_001.uasset" 8493
"D:/Skald_TurnBasedStrategy_Code/Content/Blueprints/Character/SkaldFactions/LizardFolk/MountedShield/Material_011.uasset" 8494
"D:/Skald_TurnBasedStrategy_Code/Content/Blueprints/Character/SkaldFactions/Inflicted/2hSword/Material_006.uasset" 8495
"D:/Skald_TurnBasedStrategy_Code/Content/Blueprints/Character/SkaldFactions/RavPack/Mage/Material_021.uasset" 8496
"D:/Skald_TurnBasedStrategy_Code/Content/Blueprints/Character/SkaldFactions/Undead/2hSword/Material_010.uasset" 8497
"/Engine/Functions/Engine_MaterialFunctions01/Gradient/RadialGradientExponential" 8498
"/Game/Additions/Realistic_Starter_VFX_Pack_Vol2/Materials/M_Dirt_A" 8499
"/Game/Additions/Realistic_Starter_VFX_Pack_Vol2/Materials/M_Impact_A" 8500
"/Game/Additions/Realistic_Starter_VFX_Pack_Vol2/Materials/M_Smoke_Wisp" 8501
"/Game/Additions/Realistic_Starter_VFX_Pack_Vol2/Materials/M_Rock_B" 8502
"/Game/Additions/Realistic_Starter_VFX_Pack_Vol2/Materials/M_Smoke_Puff_A" 8503
"/Game/Additions/Realistic_Starter_VFX_Pack_Vol2/Mesh/SM_Derbis_B" 8504
"/Game/Blueprints/UI/Skald_DiceResolutionPanel" 8505
"/Game/Blueprints/UI/UISoundFX/DiceRoll_01_Cue" 8506
"/Engine/Functions/Engine_MaterialFunctions01/ImageAdjustment/CheapContrast_RGB" 8507
"/Game/M4/Materials/MasterMaterials/Functions/TilingReduction/StochasticTexture-Custom" 8508
"/Game/Blueprints/Character/SkaldFactions/Undead/2hSword/Material_010" 8509
"/Game/Blueprints/Character/SkaldFactions/RavPack/Mage/Material_021" 8510
"/Game/Blueprints/Character/SkaldFactions/Inflicted/2hSword/Material_006" 8511
"D:/Skald_TurnBasedStrategy_Code/Content/Blueprints/Character/SkaldFactions/Inflicted/DualWield/Material_010.uasset" 8512
"D:/Skald_TurnBasedStrategy_Code/Content/Blueprints/Character/SkaldFactions/Orcs/SpearnShield/Material_012.uasset" 8513
"/Game/Blueprints/Character/SkaldFactions/Gnolls/MountedSpear/Material_010" 8514
"/Game/Blueprints/Character/SkaldFactions/LizardFolk/MountedShield/Material_011" 8515
"D:/Skald_TurnBasedStrategy_Code/Content/Blueprints/Character/SkaldFactions/Inflicted/SpearnShield/Material_014.uasset" 8516
"D:/Skald_TurnBasedStrategy_Code/Content/Blueprints/Character/SkaldFactions/LizardFolk/DualWield/Material_009.uasset" 8517
"D:/Skald_TurnBasedStrategy_Code/Content/Blueprints/Character/SkaldFactions/Orcs/DualWield/Material_014.uasset" 8518
"D:/Skald_TurnBasedStrategy_Code/Content/Blueprints/Character/SkaldFactions/Dwarves/CrystalBeast/Material_011.uasset" 8519
"D:/Skald_TurnBasedStrategy_Code/Content/Blueprints/Character/SkaldFactions/RavPack/SwordnShield/Material_016.uasset" 8520
"D:/Skald_TurnBasedStrategy_Code/Content/Blueprints/Character/SkaldFactions/RavPack/MountedSpear/Material_020.uasset" 8521
"D:/Skald_TurnBasedStrategy_Code/Content/Blueprints/Character/SkaldFactions/Ironlegion/SpearAndShield/Material_011.uasset" 8522
"D:/Skald_TurnBasedStrategy_Code/Content/Blueprints/Character/SkaldFactions/Undead/CyclopeanHorror/Material_007.uasset" 8523
"D:/Skald_TurnBasedStrategy_Code/Content/Blueprints/Character/SkaldFactions/ToadFolk/MountedSpear/Material_019.uasset" 8524
"D:/Skald_TurnBasedStrategy_Code/Content/Blueprints/Character/SkaldFactions/Orcs/2hClub/Material_017.uasset" 8525
"D:/Skald_TurnBasedStrategy_Code/Content/Blueprints/Character/SkaldFactions/Undead/MountedMaceAndShield/Material_004.uasset" 8526
"D:/Skald_TurnBasedStrategy_Code/Content/Blueprints/Character/SkaldFactions/Gnolls/2hSpear/Material_002.uasset" 8527
"/Game/Blueprints/Meshes/Territory_Capital/Material_001" 8528
"/Engine/Functions/Engine_MaterialFunctions01/Reflections/ReflectionVectorSoft" 8529
"/Game/M4/Foliage/Plants/Materials/Grass/AdvancedGrassSystem/ProceduralDeadening-AGS" 8530
"/Game/M4/TrailSystem/ForFoliage/FoliageTrample" 8531
"/Game/M4/Foliage/Plants/Materials/Grass/AdvancedGrassSystem/ObjectScalingWithNoise-AGS" 8532
"/Game/M4/Foliage/Plants/Materials/Grass/AdvancedGrassSystem/BladeCurling-AGS" 8533
"/Game/M4/Extras/UniversalColorCorrector/FoliageColorCorrectorFunction" 8534
"D:/Skald_TurnBasedStrategy_Code/Content/Blueprints/Character/SkaldFactions/Humans/mage/Material_022.uasset" 8535
"/Game/M4/Blueprints/SystemResources/General/Tutorials/VHFM_WarningMat" 8536
"/Game/Blueprints/UI/UISoundFX/Bag_of_coins_being_d__1-1760760229403_Cue" 8537
"/Game/Medieval_Tents/Materials/MasterMaterial/M_Master" 8538
"/Engine/Functions/Engine_MaterialFunctions02/Utility/DitherTemporalAA" 8539
"/Game/M4/Materials/MasterMaterials/Functions/ColorCurves/Curves/TerrainCurvesAtlas" 8540
"/Game/Blueprints/Character/SkaldFactions/Undead/MountedMaceAndShield/Material_004" 8541
"/Game/Blueprints/Character/SkaldFactions/Orcs/2hClub/Material_017" 8542
"/Game/Blueprints/Character/SkaldFactions/Gnolls/2hSpear/Material_002" 8543
"/Game/Blueprints/Character/SkaldFactions/Ironlegion/SpearAndShield/Material_011" 8544
"D:/Skald_TurnBasedStrategy_Code/Content/Blueprints/Character/SkaldFactions/Orcs/Mage/Material_013.uasset" 8545
"D:/Skald_TurnBasedStrategy_Code/Content/Blueprints/Character/SkaldFactions/Undead/Archer/Material_008.uasset" 8546
"D:/Skald_TurnBasedStrategy_Code/Content/Blueprints/Character/SkaldFactions/RavPack/MutatedRavager/Material_018.uasset" 8547
"D:/Skald_TurnBasedStrategy_Code/Content/Blueprints/Character/SkaldFactions/ToadFolk/2hSword/Material_016.uasset" 8548
"D:/Skald_TurnBasedStrategy_Code/Content/Blueprints/Character/SkaldFactions/Ironlegion/2hSpear/Material_001.uasset" 8549
"D:/Skald_TurnBasedStrategy_Code/Content/Blueprints/Character/SkaldFactions/Gnolls/Archer/Material_006.uasset" 8550
"D:/Skald_TurnBasedStrategy_Code/Content/Blueprints/Character/SkaldFactions/Undead/DualWield/Material_006.uasset" 8551
"D:/Skald_TurnBasedStrategy_Code/Content/Blueprints/Character/SkaldFactions/Dwarves/Mage/Material_022.uasset" 8552
"D:/Skald_TurnBasedStrategy_Code/Content/Blueprints/Character/SkaldFactions/Orcs/2hAxe/Material_018.uasset" 8553
"D:/Skald_TurnBasedStrategy_Code/Content/Blueprints/Character/SkaldFactions/Elves/AncientEnt/Material_003.uasset" 8554
"D:/Skald_TurnBasedStrategy_Code/Content/Blueprints/Character/SkaldFactions/Undead/SpearAndShield/Material_002.uasset" 8555
"/Game/Blueprints/Character/SkaldFactions/RavPack/MountedSpear/Material_020" 8556
"/Game/Blueprints/Character/SkaldFactions/RavPack/SwordnShield/Material_016" 8557
"/Game/Blueprints/Character/SkaldFactions/ToadFolk/MountedSpear/Material_019" 8558
"/Game/Blueprints/Character/SkaldFactions/Undead/CyclopeanHorror/Material_007" 8559
"D:/Skald_TurnBasedStrategy_Code/Content/Blueprints/Character/SkaldFactions/Humans/SpearnShield/Material_021.uasset" 8560
"D:/Skald_TurnBasedStrategy_Code/Content/Blueprints/Character/SkaldFactions/Dwarves/AxeAndShield/Material_014.uasset" 8561
"D:/Skald_TurnBasedStrategy_Code/Content/Blueprints/Character/SkaldFactions/Ironlegion/DualWield/Material_004.uasset" 8562
"/Game/Blueprints/Character/SkaldFactions/Humans/mage/Material_022" 8563
"D:/Skald_TurnBasedStrategy_Code/Content/Blueprints/Character/SkaldFactions/Dwarves/MountedShield/Material_019.uasset" 8564
"/Game/Blueprints/Character/SkaldFactions/Dwarves/CrystalBeast/Material_011" 8565
"/Game/Blueprints/Character/SkaldFactions/Orcs/DualWield/Material_014" 8566
"/Game/Blueprints/Character/SkaldFactions/LizardFolk/DualWield/Material_009" 8567
"D:/Skald_TurnBasedStrategy_Code/Content/Blueprints/Character/SkaldFactions/ToadFolk/ClubAndShield/Material_013.uasset" 8568
"/Game/Blueprints/Character/SkaldFactions/Inflicted/SpearnShield/Material_014" 8569
"D:/Skald_TurnBasedStrategy_Code/Content/Blueprints/Character/SkaldFactions/Undead/Mage/Material_011.uasset" 8570
"/Game/Blueprints/Character/SkaldFactions/Orcs/SpearnShield/Material_012" 8571
"/Game/Blueprints/Character/SkaldFactions/Inflicted/DualWield/Material_010" 8572
"/Game/Blueprints/Character/SkaldFactions/Undead/Mage/Material_011" 8573
"/Game/Blueprints/Character/SkaldFactions/ToadFolk/ClubAndShield/Material_013" 8574
"D:/Skald_TurnBasedStrategy_Code/Content/Blueprints/Character/SkaldFactions/Humans/Griffon/Material_023.uasset" 8575
"D:/Skald_TurnBasedStrategy_Code/Content/Blueprints/Character/SkaldFactions/Dwarves/2hAxe/Material_012.uasset" 8576
"/Game/Blueprints/Character/SkaldFactions/Dwarves/MountedShield/Material_019" 8577
"D:/Skald_TurnBasedStrategy_Code/Content/Blueprints/Character/SkaldFactions/Ironlegion/Mage/Material_006.uasset" 8578
"D:/Skald_TurnBasedStrategy_Code/Content/Blueprints/Character/SkaldFactions/Gnolls/AxenShield/Material_003.uasset" 8579
"D:/Skald_TurnBasedStrategy_Code/Content/Blueprints/Character/SkaldFactions/ToadFolk/SpearAndShield/Material_014.uasset" 8580
"D:/Skald_TurnBasedStrategy_Code/Content/Blueprints/Character/SkaldFactions/Orcs/Archer/Material_016.uasset" 8581
"/Game/Blueprints/Character/SkaldFactions/Dwarves/AxeAndShield/Material_014" 8582
"/Game/Blueprints/Character/SkaldFactions/Ironlegion/DualWield/Material_004" 8583
"D:/Skald_TurnBasedStrategy_Code/Content/Blueprints/Character/SkaldFactions/Orcs/MountedSpear/Material_004.uasset" 8584
"D:/Skald_TurnBasedStrategy_Code/Content/Blueprints/Character/SkaldFactions/LizardFolk/SwordnShield/Material_014.uasset" 8585
"D:/Skald_TurnBasedStrategy_Code/Content/Blueprints/Character/SkaldFactions/Inflicted/SwordnShield/Material_015.uasset" 8586
"D:/Skald_TurnBasedStrategy_Code/Content/Blueprints/Character/SkaldFactions/RavPack/MountedShield/Material_019.uasset" 8587
"D:/Skald_TurnBasedStrategy_Code/Content/Blueprints/Character/SkaldFactions/ToadFolk/Mage/Material_011.uasset" 8588
"D:/Skald_TurnBasedStrategy_Code/Content/Blueprints/Character/SkaldFactions/Ironlegion/Juggernaught/Material_005.uasset" 8589
"D:/Skald_TurnBasedStrategy_Code/Content/Blueprints/Character/SkaldFactions/RavPack/SpearnShield/Material_017.uasset" 8590
"D:/Skald_TurnBasedStrategy_Code/Content/Blueprints/Character/SkaldFactions/LizardFolk/2hClub/Material_006.uasset" 8591
"/Game/Blueprints/Character/SkaldFactions/Humans/SpearnShield/Material_021" 8592
"/Game/Blueprints/Character/SkaldFactions/Undead/SpearAndShield/Material_002" 8593
"/Game/Blueprints/Character/SkaldFactions/Elves/AncientEnt/Material_003" 8594
"/Game/Blueprints/Character/SkaldFactions/Orcs/2hAxe/Material_018" 8595
"D:/Skald_TurnBasedStrategy_Code/Content/Blueprints/Character/SkaldFactions/Humans/MountedShield/Material_001.uasset" 8596
"/Game/Blueprints/Character/SkaldFactions/Dwarves/Mage/Material_022" 8597
"/Game/Blueprints/Character/SkaldFactions/Undead/DualWield/Material_006" 8598
"/Game/Blueprints/Character/SkaldFactions/Gnolls/Archer/Material_006" 8599
"/Game/Blueprints/Character/SkaldFactions/ToadFolk/2hSword/Material_016" 8600
"/Game/Blueprints/Character/SkaldFactions/Ironlegion/2hSpear/Material_001" 8601
"/Game/Blueprints/Character/SkaldFactions/Undead/Archer/Material_008" 8602
"/Game/Blueprints/Character/SkaldFactions/Orcs/Mage/Material_013" 8603
"/Game/Blueprints/Character/SkaldFactions/RavPack/MutatedRavager/Material_018" 8604
"/Game/Blueprints/Character/SkaldFactions/LizardFolk/2hClub/Material_006" 8605
"/Game/Blueprints/Character/SkaldFactions/RavPack/SpearnShield/Material_017" 8606
"/Game/Blueprints/Character/SkaldFactions/Humans/MountedShield/Material_001" 8607
"/Game/Blueprints/Character/SkaldFactions/ToadFolk/Mage/Material_011" 8608
"D:/Skald_TurnBasedStrategy_Code/Content/Blueprints/Character/SkaldFactions/Humans/MountedSpear/Material_002.uasset" 8609
"D:/Skald_TurnBasedStrategy_Code/Content/Blueprints/Character/SkaldFactions/RavPack/Archer/Material_001.uasset" 8610
"D:/Skald_TurnBasedStrategy_Code/Content/Blueprints/Character/SkaldFactions/LizardFolk/Archer/Material_008.uasset" 8611
"D:/Skald_TurnBasedStrategy_Code/Content/Blueprints/Character/SkaldFactions/Inflicted/Beholder/Material_004.uasset" 8612
"D:/Skald_TurnBasedStrategy_Code/Content/Blueprints/Character/SkaldFactions/Ironlegion/SwordAndShield/Material_012.uasset" 8613
"D:/Skald_TurnBasedStrategy_Code/Content/Blueprints/Character/SkaldFactions/LizardFolk/2hSpear/Material_007.uasset" 8614
"D:/Skald_TurnBasedStrategy_Code/Content/Blueprints/Character/SkaldFactions/Orcs/AxenShield/Material_015.uasset" 8615
"D:/Skald_TurnBasedStrategy_Code/Content/Blueprints/Character/SkaldFactions/Ironlegion/MountedShield/Material_007.uasset" 8616
"/Game/Blueprints/Character/SkaldFactions/Ironlegion/Juggernaught/Material_005" 8617
"/Game/Blueprints/Character/SkaldFactions/RavPack/MountedShield/Material_019" 8618
"D:/Skald_TurnBasedStrategy_Code/Content/Blueprints/Character/SkaldFactions/Humans/2hAxe/Material_027.uasset" 8619
"/Game/Blueprints/Character/SkaldFactions/LizardFolk/SwordnShield/Material_014" 8620
"/Game/Blueprints/Character/SkaldFactions/Inflicted/SwordnShield/Material_015" 8621
"D:/Skald_TurnBasedStrategy_Code/Content/Blueprints/Character/SkaldFactions/Undead/2hMace/Material_009.uasset" 8622
"/Game/Blueprints/Character/SkaldFactions/Orcs/MountedSpear/Material_004" 8623
"/Game/Blueprints/Character/SkaldFactions/Orcs/Archer/Material_016" 8624
"D:/Skald_TurnBasedStrategy_Code/Content/Blueprints/Character/SkaldFactions/RavPack/2hSword/Material_002.uasset" 8625
"/Game/Blueprints/Character/SkaldFactions/ToadFolk/SpearAndShield/Material_014" 8626
"/Game/Blueprints/Character/SkaldFactions/Gnolls/AxenShield/Material_003" 8627
"D:/Skald_TurnBasedStrategy_Code/Content/Blueprints/Character/SkaldFactions/Humans/Archer/Material_025.uasset" 8628
"/Game/Blueprints/Character/SkaldFactions/Ironlegion/Mage/Material_006" 8629
"/Game/Blueprints/Character/SkaldFactions/Humans/Griffon/Material_023" 8630
"/Game/Blueprints/Character/SkaldFactions/Dwarves/2hAxe/Material_012" 8631
"/Game/Blueprints/Character/SkaldFactions/Humans/Archer/Material_025" 8632
"D:/Skald_TurnBasedStrategy_Code/Content/Blueprints/Character/SkaldFactions/Inflicted/Mage/Material_013.uasset" 8633
"/Game/Blueprints/Character/SkaldFactions/RavPack/2hSword/Material_002" 8634
"D:/Skald_TurnBasedStrategy_Code/Content/Blueprints/Character/SkaldFactions/RavPack/2hSpear/Material_003.uasset" 8635
"/Game/Blueprints/Character/SkaldFactions/Undead/2hMace/Material_009" 8636
"/Game/Blueprints/Character/SkaldFactions/Humans/2hAxe/Material_027" 8637
"/Game/Blueprints/Character/SkaldFactions/Ironlegion/MountedShield/Material_007" 8638
"D:/Skald_TurnBasedStrategy_Code/Content/Blueprints/Character/SkaldFactions/Dwarves/2hMace/Material_013.uasset" 8639
"D:/Skald_TurnBasedStrategy_Code/Content/Blueprints/Character/SkaldFactions/Undead/SwordAndShield/Material_001.uasset" 8640
"D:/Skald_TurnBasedStrategy_Code/Content/Blueprints/Character/SkaldFactions/Elves/Mage/Material_006.uasset" 8641
"D:/Skald_TurnBasedStrategy_Code/Content/Blueprints/Character/SkaldFactions/LizardFolk/Ziller/Material_015.uasset" 8642
"D:/Skald_TurnBasedStrategy_Code/Content/Blueprints/Character/SkaldFactions/Inflicted/MountedShield/Material_008.uasset" 8643
"D:/Skald_TurnBasedStrategy_Code/Content/Blueprints/Character/SkaldFactions/Elves/SpearAndShield/Material_009.uasset" 8644
"D:/Skald_TurnBasedStrategy_Code/Content/Blueprints/Character/SkaldFactions/Gnolls/Mage/Material_001.uasset" 8645
"D:/Skald_TurnBasedStrategy_Code/Content/Blueprints/Character/SkaldFactions/Elves/2hSword/Material_002.uasset" 8646
"D:/Skald_TurnBasedStrategy_Code/Content/Blueprints/Character/SkaldFactions/Orcs/Hydra/Material_019.uasset" 8647
"D:/Skald_TurnBasedStrategy_Code/Content/Blueprints/Character/SkaldFactions/Humans/2hSword/Material_026.uasset" 8648
"D:/Skald_TurnBasedStrategy_Code/Content/Blueprints/Character/SkaldFactions/Gnolls/2hHammer/Material_001.uasset" 8649
"/Game/Blueprints/Character/SkaldFactions/LizardFolk/2hSpear/Material_007" 8650
"/Game/Blueprints/Character/SkaldFactions/Orcs/AxenShield/Material_015" 8651
"/Game/Blueprints/Character/SkaldFactions/Ironlegion/SwordAndShield/Material_012" 8652
"D:/Skald_TurnBasedStrategy_Code/Content/Blueprints/Character/SkaldFactions/LizardFolk/Mage/Material_010.uasset" 8653
"/Game/Blueprints/Character/SkaldFactions/LizardFolk/Archer/Material_008" 8654
"D:/Skald_TurnBasedStrategy_Code/Content/Blueprints/Character/SkaldFactions/Ironlegion/2hSword/Material_002.uasset" 8655
"/Game/Blueprints/Character/SkaldFactions/Inflicted/Beholder/Material_004" 8656
"D:/Skald_TurnBasedStrategy_Code/Content/Blueprints/Character/SkaldFactions/Dwarves/DualWield/Material_015.uasset" 8657
"D:/Skald_TurnBasedStrategy_Code/Content/Blueprints/Character/SkaldFactions/Elves/SwordandShield/Material_010.uasset" 8658
"/Game/Blueprints/Character/SkaldFactions/RavPack/Archer/Material_001" 8659
"D:/Skald_TurnBasedStrategy_Code/Content/Blueprints/Character/SkaldFactions/Elves/MountedShield/Material_008.uasset" 8660
"D:/Skald_TurnBasedStrategy_Code/Content/Blueprints/Character/SkaldFactions/Dwarves/MountedSpear/Material_016.uasset" 8661
"/Game/Blueprints/Character/SkaldFactions/Humans/MountedSpear/Material_002" 8662
"/Game/Blueprints/Character/SkaldFactions/Dwarves/2hMace/Material_013" 8663
"/Game/Blueprints/Character/SkaldFactions/Dwarves/MountedSpear/Material_016" 8664
"/Game/Blueprints/Character/SkaldFactions/Elves/MountedShield/Material_008" 8665
"/Game/Blueprints/Character/SkaldFactions/Undead/SwordAndShield/Material_001" 8666
"D:/Skald_TurnBasedStrategy_Code/Content/Blueprints/Character/SkaldFactions/Gnolls/Cerebane/Material_005.uasset" 8667
"D:/Skald_TurnBasedStrategy_Code/Content/Blueprints/Character/SkaldFactions/Orcs/MountedShield/Material_003.uasset" 8668
"D:/Skald_TurnBasedStrategy_Code/Content/Blueprints/Character/SkaldFactions/Humans/DualWield/Material_024.uasset" 8669
"/Game/Blueprints/Character/SkaldFactions/Elves/SwordandShield/Material_010" 8670
"/Game/Blueprints/Character/SkaldFactions/RavPack/2hSpear/Material_003" 8671
"/Game/Blueprints/Character/SkaldFactions/Inflicted/Mage/Material_013" 8672
"/Game/Blueprints/Character/SkaldFactions/Ironlegion/2hSword/Material_002" 8673
"D:/Skald_TurnBasedStrategy_Code/Content/Blueprints/Character/SkaldFactions/ToadFolk/MountedShield/Material_020.uasset" 8674
"D:/Skald_TurnBasedStrategy_Code/Content/Blueprints/Character/SkaldFactions/Dwarves/Archer/Material_021.uasset" 8675
"/Game/Blueprints/Character/SkaldFactions/LizardFolk/Ziller/Material_015" 8676
"D:/Skald_TurnBasedStrategy_Code/Content/Blueprints/Character/SkaldFactions/Elves/MountedSpear/Material_007.uasset" 8677
"D:/Skald_TurnBasedStrategy_Code/Content/Blueprints/Character/SkaldFactions/Elves/2hSpear/Material_001.uasset" 8678
"D:/Skald_TurnBasedStrategy_Code/Content/Blueprints/Character/SkaldFactions/LizardFolk/SpearnShield/Material_013.uasset" 8679
"D:/Skald_TurnBasedStrategy_Code/Content/Blueprints/Character/SkaldFactions/Humans/SwordnShield/Material_020.uasset" 8680
"D:/Skald_TurnBasedStrategy_Code/Content/Blueprints/Character/SkaldFactions/Inflicted/Archer/Material_011.uasset" 8681
"D:/Skald_TurnBasedStrategy_Code/Content/Blueprints/Character/SkaldFactions/ToadFolk/DualWield/Material_018.uasset" 8682
"D:/Skald_TurnBasedStrategy_Code/Content/Blueprints/Character/SkaldFactions/Inflicted/2hSpear/Material_005.uasset" 8683
"D:/Skald_TurnBasedStrategy_Code/Content/Blueprints/Character/SkaldFactions/ToadFolk/Archer/Material_017.uasset" 8684
"/Game/Blueprints/Character/SkaldFactions/LizardFolk/Mage/Material_010" 8685
"/Game/Blueprints/Character/SkaldFactions/Dwarves/DualWield/Material_015" 8686
"/Game/Blueprints/Character/SkaldFactions/Humans/2hSword/Material_026" 8687
"/Game/Blueprints/Character/SkaldFactions/Orcs/Hydra/Material_019" 8688
"/Game/Blueprints/Character/SkaldFactions/Gnolls/2hHammer/Material_001" 8689
"/Game/Blueprints/Character/SkaldFactions/Gnolls/Mage/Material_001" 8690
"/Game/Blueprints/Character/SkaldFactions/Elves/SpearAndShield/Material_009" 8691
"/Game/Blueprints/Character/SkaldFactions/Elves/2hSword/Material_002" 8692
"/Game/Blueprints/Character/SkaldFactions/Inflicted/MountedShield/Material_008" 8693
"/Game/Blueprints/Character/SkaldFactions/Elves/Mage/Material_006" 8694
"/Game/Blueprints/Character/SkaldFactions/Inflicted/2hSpear/Material_005" 8695
"/Game/Blueprints/Character/SkaldFactions/ToadFolk/Archer/Material_017" 8696
"/Game/Blueprints/Character/SkaldFactions/Inflicted/Archer/Material_011" 8697
"/Game/Blueprints/Character/SkaldFactions/ToadFolk/DualWield/Material_018" 8698
"/Game/Blueprints/Character/SkaldFactions/Humans/SwordnShield/Material_020" 8699
"/Game/Blueprints/Character/SkaldFactions/LizardFolk/SpearnShield/Material_013" 8700
"D:/Skald_TurnBasedStrategy_Code/Content/Blueprints/Character/SkaldFactions/RavPack/DualWield/Material_022.uasset" 8701
"D:/Skald_TurnBasedStrategy_Code/Content/Blueprints/Character/SkaldFactions/Ironlegion/Archer/Material_003.uasset" 8702
"D:/Skald_TurnBasedStrategy_Code/Content/Blueprints/Character/SkaldFactions/Elves/Dualwield/Material_005.uasset" 8703
"D:/Skald_TurnBasedStrategy_Code/Content/Blueprints/Character/SkaldFactions/Undead/MountedSpear/Material_003.uasset" 8704
"/Game/Blueprints/Character/SkaldFactions/Elves/2hSpear/Material_001" 8705
"D:/Skald_TurnBasedStrategy_Code/Content/Blueprints/Character/SkaldFactions/Gnolls/DualWield/Material_007.uasset" 8706
"D:/Skald_TurnBasedStrategy_Code/Content/Blueprints/Character/SkaldFactions/LizardFolk/MountedSpear/Material_012.uasset" 8707
"/Game/Blueprints/Character/SkaldFactions/Dwarves/Archer/Material_021" 8708
"D:/Skald_TurnBasedStrategy_Code/Content/Blueprints/Character/SkaldFactions/Dwarves/SpearAndShield/Material_017.uasset" 8709
"/Game/Blueprints/Character/SkaldFactions/Elves/MountedSpear/Material_007" 8710
"/Game/Blueprints/Character/SkaldFactions/ToadFolk/MountedShield/Material_020" 8711
"/Game/Blueprints/Character/SkaldFactions/Gnolls/Cerebane/Material_005" 8712
"D:/Skald_TurnBasedStrategy_Code/Content/Blueprints/Character/SkaldFactions/Gnolls/SpearnShield/Material_009.uasset" 8713
"/Game/Blueprints/Character/SkaldFactions/Orcs/MountedShield/Material_003" 8714
"/Game/Blueprints/Character/SkaldFactions/Humans/DualWield/Material_024" 8715
"D:/Skald_TurnBasedStrategy_Code/Content/Blueprints/Character/SkaldFactions/ToadFolk/Titanoad/Material_012.uasset" 8716
"/Game/Blueprints/Character/SkaldFactions/Gnolls/SpearnShield/Material_009" 8717
"D:/Skald_TurnBasedStrategy_Code/Content/Blueprints/Character/SkaldFactions/Gnolls/MountedShield/Material_008.uasset" 8718
"D:/Skald_TurnBasedStrategy_Code/Content/Blueprints/Character/SkaldFactions/ToadFolk/2hMace/Material_015.uasset" 8719
"D:/Skald_TurnBasedStrategy_Code/Content/C++_BPs/Skald_LobbyPlayerController.uasset" 8720
"/Game/Blueprints/Character/SkaldFactions/ToadFolk/Titanoad/Material_012" 8721
"D:/Skald_TurnBasedStrategy_Code/Content/Blueprints/Character/SkaldFactions/Ironlegion/MountedSpear/Material_009.uasset" 8722
"../../../Engine/Content/Functions/Engine_MaterialFunctions02/Math/TransformToZVector.uasset" 8723
"/Game/Blueprints/Character/SkaldFactions/Dwarves/SpearAndShield/Material_017" 8724
"D:/Skald_TurnBasedStrategy_Code/Content/M4/Materials/MasterMaterials/Functions/NaniteDispConverter.uasset" 8725
"/Game/Blueprints/Character/SkaldFactions/LizardFolk/MountedSpear/Material_012" 8726
"/Game/Blueprints/Character/SkaldFactions/Gnolls/DualWield/Material_007" 8727
"D:/Skald_TurnBasedStrategy_Code/Content/M4/Materials/MasterMaterials/Functions/UE5/NaniteProceduralNormalMapping.uasset" 8728
"D:/Skald_TurnBasedStrategy_Code/Content/Blueprints/Character/SkaldFactions/Elves/Archer/Material_004.uasset" 8729
"D:/Skald_TurnBasedStrategy_Code/Content/Blueprints/Meshes/Props/Plane.uasset" 8730
"/Game/Blueprints/Character/SkaldFactions/Elves/Dualwield/Material_005" 8731
"D:/Skald_TurnBasedStrategy_Code/Content/Blueprints/Character/SkaldFactions/Inflicted/MountedSpear/Material_007.uasset" 8732
"../../../Engine/Content/Functions/Engine_MaterialFunctions02/PivotPainter/PivotPainter_PerObjectData.uasset" 8733
"/Game/Blueprints/Character/SkaldFactions/Undead/MountedSpear/Material_003" 8734
"../../../Engine/Content/Functions/Engine_MaterialFunctions01/WorldPositionOffset/SplineThicken.uasset" 8735
"/Game/Blueprints/Character/SkaldFactions/Ironlegion/Archer/Material_003" 8736
"D:/Skald_TurnBasedStrategy_Code/Content/M4/Blueprints/SystemResources/General/Experimental_WIP/m_SimpleVolumetricCloud_Inst1.uasset" 8737
"../../../Engine/Content/Functions/Engine_MaterialFunctions02/Texturing/ScreenAlignedUVs.uasset" 8738
"D:/Skald_TurnBasedStrategy_Code/Content/M4/TrailSystem/ForTerrains/M4-Trail-System.uasset" 8739
"../../../Engine/Plugins/Animation/ControlRig/Content/Controls/ControlRig_Wedge_solid.uasset" 8740
"/Game/Blueprints/Character/SkaldFactions/RavPack/DualWield/Material_022" 8741
"../../../Engine/Content/MapTemplates/SM_Template_Map_Floor.uasset" 8742
"../../../Engine/Plugins/Animation/ControlRig/Content/Controls/ControlRig_Wedge_3mm.uasset" 8743
"../../../Engine/Plugins/Animation/ControlRig/Content/Controls/ControlRig_Triangle_1mm.uasset" 8744
"../../../Engine/Plugins/Animation/ControlRig/Content/Controls/ControlRig_Wedge_1mm.uasset" 8745
"../../../Engine/Plugins/Animation/ControlRig/Content/Controls/ControlRig_Triangle_3mm.uasset" 8746
"../../../Engine/Plugins/Animation/ControlRig/Content/Controls/ControlRig_Triangle_solid.uasset" 8747
"/Game/M4/Materials/MasterMaterials/Functions/NaniteDispConverter" 8748
"/Game/C++_BPs/Skald_GameInstance" 8749
"/Game/C++_BPs/Skald_LobbyPlayerController" 8750
"/Game/Blueprints/Meshes/Props/Plane" 8751
"/Engine/Functions/Engine_MaterialFunctions02/Math/TransformToZVector" 8752
"/Game/Blueprints/Character/SkaldFactions/ToadFolk/2hMace/Material_015" 8753
"/Game/Blueprints/Character/SkaldFactions/Gnolls/MountedShield/Material_008" 8754
"../../../Engine/Plugins/Animation/ControlRig/Content/Controls/ControlRig_Star4_3mm.uasset" 8755
"../../../Engine/Plugins/Animation/ControlRig/Content/Controls/ControlRig_Star4_solid.uasset" 8756
"../../../Engine/Plugins/Animation/ControlRig/Content/Controls/ControlRig_Star4_1mm.uasset" 8757
"../../../Engine/Plugins/Animation/ControlRig/Content/Controls/ControlRig_Square_solid.uasset" 8758
"../../../Engine/Plugins/Animation/ControlRig/Content/Controls/ControlRig_Square_1mm.uasset" 8759
"../../../Engine/Plugins/Animation/ControlRig/Content/Controls/ControlRig_Square_3mm.uasset" 8760
"/ControlRig/Controls/ControlRig_Triangle_1mm" 8761
"/ControlRig/Controls/ControlRig_Triangle_3mm" 8762
"../../../Engine/Plugins/Animation/ControlRig/Content/Controls/ControlRig_Sphere_3mm.uasset" 8763
"/ControlRig/Controls/ControlRig_Triangle_solid" 8764
"/ControlRig/Controls/ControlRig_Wedge_1mm" 8765
"/ControlRig/Controls/ControlRig_Wedge_3mm" 8766
"../../../Engine/Plugins/Animation/ControlRig/Content/Controls/ControlRig_RoundedTriangle_solid.uasset" 8767
"../../../Engine/Plugins/Animation/ControlRig/Content/Controls/ControlRig_Sphere_1mm.uasset" 8768
"/ControlRig/Controls/ControlRig_Wedge_solid" 8769
"/Engine/MapTemplates/SM_Template_Map_Floor" 8770
"/Game/M4/TrailSystem/ForTerrains/M4-Trail-System" 8771
"/Game/Blueprints/Character/SkaldFactions/Inflicted/MountedSpear/Material_007" 8772
"/Engine/Functions/Engine_MaterialFunctions02/Texturing/ScreenAlignedUVs" 8773
"/Game/M4/Blueprints/SystemResources/General/Experimental_WIP/m_SimpleVolumetricCloud_Inst1" 8774
"/Game/Blueprints/Character/SkaldFactions/Elves/Archer/Material_004" 8775
"/Game/Blueprints/Character/SkaldFactions/Ironlegion/MountedSpear/Material_009" 8776
"/Engine/Functions/Engine_MaterialFunctions01/WorldPositionOffset/SplineThicken" 8777
"/Engine/Functions/Engine_MaterialFunctions02/PivotPainter/PivotPainter_PerObjectData" 8778
"/Game/M4/Materials/MasterMaterials/Functions/UE5/NaniteProceduralNormalMapping" 8779
"/ControlRig/Controls/ControlRig_RoundedTriangle_solid" 8780
"/ControlRig/Controls/ControlRig_Sphere_1mm" 8781
"/ControlRig/Controls/ControlRig_Sphere_3mm" 8782
"/ControlRig/Controls/ControlRig_Square_1mm" 8783
"/ControlRig/Controls/ControlRig_Square_3mm" 8784
"/ControlRig/Controls/ControlRig_Square_solid" 8785
"/ControlRig/Controls/ControlRig_Star4_1mm" 8786
"../../../Engine/Plugins/Animation/ControlRig/Content/Controls/ControlRig_RoundedTriangle_1mm.uasset" 8787
"/ControlRig/Controls/ControlRig_Star4_3mm" 8788
"/ControlRig/Controls/ControlRig_Star4_solid" 8789
"../../../Engine/Plugins/Animation/ControlRig/Content/Controls/ControlRig_RoundedTriangle_3mm.uasset" 8790
"../../../Engine/Plugins/Animation/ControlRig/Content/Controls/ControlRig_RoundedSquare_solid.uasset" 8791
"../../../Engine/Plugins/Animation/ControlRig/Content/Controls/ControlRig_RoundedSquare_3mm.uasset" 8792
"/ControlRig/Controls/ControlRig_RoundedSquare_3mm" 8793
"/ControlRig/Controls/ControlRig_RoundedSquare_solid" 8794
"/ControlRig/Controls/ControlRig_RoundedTriangle_1mm" 8795
"/ControlRig/Controls/ControlRig_RoundedTriangle_3mm" 8796
"../../../Engine/Plugins/Animation/ControlRig/Content/Controls/ControlRig_QuarterCircle_solid.uasset" 8797
"../../../Engine/Plugins/Animation/ControlRig/Content/Controls/ControlRig_RoundedSquare_1mm.uasset" 8798
"../../../Engine/Plugins/Animation/ControlRig/Content/Controls/ControlRig_QuarterCircle_3mm.uasset" 8799
"../../../Engine/Plugins/Animation/ControlRig/Content/Controls/ControlRig_QuarterCircle_1mm.uasset" 8800
"../../../Engine/Plugins/Animation/ControlRig/Content/Controls/ControlRig_Pyramid_solid.uasset" 8801
"/ControlRig/Controls/ControlRig_Pyramid_solid" 8802
"/ControlRig/Controls/ControlRig_QuarterCircle_1mm" 8803
"/ControlRig/Controls/ControlRig_QuarterCircle_3mm" 8804
"../../../Engine/Plugins/Animation/ControlRig/Content/Controls/ControlRig_Pyramid_1mm.uasset" 8805
"/ControlRig/Controls/ControlRig_QuarterCircle_solid" 8806
"/ControlRig/Controls/ControlRig_RoundedSquare_1mm" 8807
"../../../Engine/Plugins/Animation/ControlRig/Content/Controls/ControlRig_Octagon_3mm.uasset" 8808
"/ControlRig/Controls/ControlRig_Octagon_3mm" 8809
"../../../Engine/Plugins/Animation/ControlRig/Content/Controls/ControlRig_Pyramid_3mm.uasset" 8810
"/ControlRig/Controls/ControlRig_Pyramid_1mm" 8811
"../../../Engine/Plugins/Animation/ControlRig/Content/Controls/ControlRig_Octagon_1mm.uasset" 8812
"/ControlRig/Controls/ControlRig_Octagon_1mm" 8813
"/ControlRig/Controls/ControlRig_Pyramid_3mm" 8814
"../../../Engine/Plugins/Animation/ControlRig/Content/Controls/ControlRig_Hexagon_solid.uasset" 8815
"../../../Engine/Plugins/Animation/ControlRig/Content/Controls/ControlRig_Hexagon_1mm.uasset" 8816
"../../../Engine/Plugins/Animation/ControlRig/Content/Controls/ControlRig_HalfCircle_3mm.uasset" 8817
"../../../Engine/Plugins/Animation/ControlRig/Content/Controls/ControlRig_HalfCircle_solid.uasset" 8818
"../../../Engine/Plugins/Animation/ControlRig/Content/Controls/ControlRig_Hexagon_3mm.uasset" 8819
"/ControlRig/Controls/ControlRig_HalfCircle_3mm" 8820
"../../../Engine/Plugins/Animation/ControlRig/Content/Controls/ControlRig_HalfCircle_1mm.uasset" 8821
"../../../Engine/Plugins/Animation/ControlRig/Content/Controls/ControlRig_Diamond_solid.uasset" 8822
"/ControlRig/Controls/ControlRig_HalfCircle_solid" 8823
"/ControlRig/Controls/ControlRig_Hexagon_1mm" 8824
"../../../Engine/Plugins/Animation/ControlRig/Content/Controls/ControlRig_Diamond_1mm.uasset" 8825
"../../../Engine/Plugins/Animation/ControlRig/Content/Controls/ControlRig_Diamond_3mm.uasset" 8826
"/ControlRig/Controls/ControlRig_Hexagon_3mm" 8827
"/ControlRig/Controls/ControlRig_Hexagon_solid" 8828
"/ControlRig/Controls/ControlRig_Diamond_1mm" 8829
"/ControlRig/Controls/ControlRig_Diamond_3mm" 8830
"../../../Engine/Plugins/Animation/ControlRig/Content/Controls/ControlRig_Circle_1mm.uasset" 8831
"../../../Engine/Plugins/Animation/ControlRig/Content/Controls/ControlRig_Circle_3mm.uasset" 8832
"../../../Engine/Plugins/Animation/ControlRig/Content/Controls/ControlRig_Circle_solid.uasset" 8833
"/ControlRig/Controls/ControlRig_Diamond_solid" 8834
"/ControlRig/Controls/ControlRig_HalfCircle_1mm" 8835
"/ControlRig/Controls/ControlRig_Circle_1mm" 8836
"../../../Engine/Plugins/Animation/ControlRig/Content/Controls/ControlRig_Box_solid.uasset" 8837
"/ControlRig/Controls/ControlRig_Circle_3mm" 8838
"../../../Engine/Plugins/Animation/ControlRig/Content/Controls/ControlRig_Box_3mm.uasset" 8839
"../../../Engine/Plugins/Animation/ControlRig/Content/Controls/ControlRig_Octagon_solid.uasset" 8840
"../../../Engine/Plugins/Animation/ControlRig/Content/Controls/ControlRig_Arrow_3mm.uasset" 8841
"../../../Engine/Plugins/Animation/ControlRig/Content/Controls/ControlRig_Box_1mm.uasset" 8842
"/ControlRig/Controls/ControlRig_Circle_solid" 8843
"../../../Engine/Plugins/Animation/ControlRig/Content/Controls/ControlRig_Arrow_1mm.uasset" 8844
"../../../Engine/Plugins/Animation/ControlRig/Content/Controls/ControlRig_Arrow4_solid.uasset" 8845
"/ControlRig/Controls/ControlRig_Arrow_1mm" 8846
"../../../Engine/Plugins/Animation/ControlRig/Content/Controls/ControlRig_Arrow4_3mm.uasset" 8847
"../../../Engine/Plugins/Animation/ControlRig/Content/Controls/ControlRig_Arrow2_3mm.uasset" 8848
"../../../Engine/Plugins/Animation/ControlRig/Content/Controls/ControlRig_Arrow2_solid.uasset" 8849
"../../../Engine/Plugins/Animation/ControlRig/Content/Controls/ControlRig_Arrow4_1mm.uasset" 8850
"../../../Engine/Plugins/Animation/ControlRig/Content/Controls/ControlRig_Arrow2_1mm.uasset" 8851
"/ControlRig/Controls/ControlRig_Arrow_3mm" 8852
"/ControlRig/Controls/ControlRig_Octagon_solid" 8853
"/ControlRig/Controls/ControlRig_Box_1mm" 8854
"D:/Skald_TurnBasedStrategy_Code/Content/M4/Materials/MasterMaterials/Functions/VHFM/Prepare_VHFM_VisibilityMasking.uasset" 8855
"../../../Engine/Content/OpenWorldTemplate/LandscapeMaterial/MF_ProcGrid.uasset" 8856
"D:/Skald_TurnBasedStrategy_Code/Content/M4/Materials/MasterMaterials/Functions/VHFM/DetailTexturing-Attribute.uasset" 8857
"../../../Engine/Plugins/Animation/ControlRig/Content/Controls/ControlRig_Sphere_solid.uasset" 8858
"/ControlRig/Controls/ControlRig_Box_3mm" 8859
"/ControlRig/Controls/ControlRig_Box_solid" 8860
"/ControlRig/Controls/ControlRig_Arrow4_solid" 8861
"/Game/M4/Materials/MasterMaterials/Functions/VHFM/Prepare_VHFM_VisibilityMasking" 8862
"/Engine/OpenWorldTemplate/LandscapeMaterial/MF_ProcGrid" 8863
"/Game/M4/Materials/MasterMaterials/Functions/VHFM/DetailTexturing-Attribute" 8864
"/ControlRig/Controls/ControlRig_Sphere_solid" 8865
"/ControlRig/Controls/ControlRig_Arrow2_1mm" 8866
"D:/Skald_TurnBasedStrategy_Code/Content/M4/Materials/MasterMaterials/Functions/TilingReduction/UV-ScramblingTextureVariation.uasset" 8867
"/ControlRig/Controls/ControlRig_Arrow2_3mm" 8868
"D:/Skald_TurnBasedStrategy_Code/Content/M4/Materials/MasterMaterials/Functions/M4PlanarProjection-Custom.uasset" 8869
"D:/Skald_TurnBasedStrategy_Code/Content/Blueprints/Meshes/Territory_Capital/Medieval_Village_Toke_0930174903_generate.uasset" 8870
"../../../Engine/Plugins/Animation/ControlRig/Content/Controls/ControlRig_Arrow_solid.uasset" 8871
"/ControlRig/Controls/ControlRig_Arrow2_solid" 8872
"/ControlRig/Controls/ControlRig_Arrow4_1mm" 8873
"/ControlRig/Controls/ControlRig_Arrow4_3mm" 8874
"/Game/M4/Materials/MasterMaterials/Functions/TilingReduction/UV-ScramblingTextureVariation" 8875
"/Game/M4/Materials/MasterMaterials/Functions/M4PlanarProjection-Custom" 8876
"D:/Skald_TurnBasedStrategy_Code/Content/M4/TrailSystem/ForTerrains/M4-Trail-Mask-Organizer.uasset" 8877
"../../../Engine/Content/Functions/Engine_MaterialFunctions01/Texturing/SlopeMask.uasset" 8878
"../../../Engine/Content/Functions/Engine_MaterialFunctions01/Texturing/WorldAlignedTexture.uasset" 8879
"D:/Skald_TurnBasedStrategy_Code/Content/M4/Extras/AdvancedFoliageWind/AdvancedFoliageWind.uasset" 8880
"/ControlRig/Controls/ControlRig_Arrow_solid" 8881
"../../../Engine/Content/EngineSky/SM_SkySphere.uasset" 8882
"D:/Skald_TurnBasedStrategy_Code/Content/M4/Materials/MasterMaterials/Functions/Cliff.uasset" 8883
"/Game/Blueprints/Meshes/Territory_Capital/Medieval_Village_Toke_0930174903_generate" 8884
"D:/Skald_TurnBasedStrategy_Code/Content/M4/Materials/MasterMaterials/Functions/DualSlopeDetection.uasset" 8885
"D:/Skald_TurnBasedStrategy_Code/Content/M4/Foliage/Plants/Materials/Grass/AdvancedGrassSystem/ColoringModule-AGS.uasset" 8886
"D:/Skald_TurnBasedStrategy_Code/Content/M4/Materials/MasterMaterials/Functions/FlatlandNoisePattern.uasset" 8887
"D:/Skald_TurnBasedStrategy_Code/Content/M4/Materials/PaintLayers/MultiBiomePaintLayers/Island-MultiLayer.uasset" 8888
"D:/Skald_TurnBasedStrategy_Code/Content/M4/Materials/PaintLayers/FlatIceLayer.uasset" 8889
"D:/Skald_TurnBasedStrategy_Code/Content/M4/Blueprints/SystemResources/Heightfield/Materials/Debug/LOD1_DebugMat_Inst.uasset" 8890
"D:/Skald_TurnBasedStrategy_Code/Content/M4/Blueprints/SystemResources/Heightfield/Materials/Debug/LOD2_DebugMat_Inst.uasset" 8891
"D:/Skald_TurnBasedStrategy_Code/Content/M4/Blueprints/SystemResources/Heightfield/Materials/Debug/LOD0_DebugMat_Inst.uasset" 8892
"D:/Skald_TurnBasedStrategy_Code/Content/M4/Materials/PaintLayers/MudLayer.uasset" 8893
"D:/Skald_TurnBasedStrategy_Code/Content/M4/Materials/PaintLayers/MultiBiomePaintLayers/Tundra-MultiLayer.uasset" 8894
"D:/Skald_TurnBasedStrategy_Code/Content/M4/Materials/PaintLayers/JaggedRockLayer.uasset" 8895
"/Engine/EngineSky/SM_SkySphere" 8896
"D:/Skald_TurnBasedStrategy_Code/Content/M4/Materials/PaintLayers/ForestLayer.uasset" 8897
"/Game/M4/Foliage/Plants/Materials/Grass/AdvancedGrassSystem/ColoringModule-AGS" 8898
"/Game/M4/Materials/MasterMaterials/Functions/DualSlopeDetection" 8899
"D:/Skald_TurnBasedStrategy_Code/Content/M4/Materials/PaintLayers/MultiBiomePaintLayers/Desert-MultiLayer.uasset" 8900
"D:/Skald_TurnBasedStrategy_Code/Content/M4/Materials/PaintLayers/StonesLayer.uasset" 8901
"D:/Skald_TurnBasedStrategy_Code/Content/M4/Materials/PaintLayers/SandLayer.uasset" 8902
"/Game/M4/Materials/MasterMaterials/Functions/FlatlandNoisePattern" 8903
"D:/Skald_TurnBasedStrategy_Code/Content/M4/Materials/MasterMaterials/Functions/FlatlandBlending.uasset" 8904
"/Engine/Functions/Engine_MaterialFunctions01/Texturing/WorldAlignedTexture" 8905
"D:/Skald_TurnBasedStrategy_Code/Content/M4/Materials/MasterMaterials/Functions/SplatmapDetection.uasset" 8906
"D:/Skald_TurnBasedStrategy_Code/Content/M4/Materials/MasterMaterials/Functions/SlopeDetection.uasset" 8907
"/Game/M4/Extras/AdvancedFoliageWind/AdvancedFoliageWind" 8908
"D:/Skald_TurnBasedStrategy_Code/Content/M4/Materials/MasterMaterials/Functions/Beach.uasset" 8909
"D:/Skald_TurnBasedStrategy_Code/Content/M4/Materials/MasterMaterials/Functions/VHFM/Foothill-VHFM.uasset" 8910
"D:/Skald_TurnBasedStrategy_Code/Content/M4/Materials/MasterMaterials/Functions/Foothill.uasset" 8911
"/Game/M4/TrailSystem/ForTerrains/M4-Trail-Mask-Organizer" 8912
"D:/Skald_TurnBasedStrategy_Code/Content/M4/Materials/MasterMaterials/Functions/VHFM/SlopeDetection-VHFM.uasset" 8913
"D:/Skald_TurnBasedStrategy_Code/Content/M4/Materials/PaintLayers/GrassLayer.uasset" 8914
"/Engine/Functions/Engine_MaterialFunctions01/Texturing/SlopeMask" 8915
"/Game/M4/Materials/PaintLayers/MudLayer" 8916
"/Game/M4/Materials/PaintLayers/MultiBiomePaintLayers/Tundra-MultiLayer" 8917
"D:/Skald_TurnBasedStrategy_Code/Content/Additions/Realistic_Starter_VFX_Pack_Vol2/Materials/M_Snow.uasset" 8918
"/Game/M4/Materials/MasterMaterials/Functions/Cliff" 8919
"/Game/M4/Materials/PaintLayers/JaggedRockLayer" 8920
"/Game/M4/Materials/PaintLayers/MultiBiomePaintLayers/Island-MultiLayer" 8921
"/Game/M4/Blueprints/SystemResources/Heightfield/Materials/Debug/LOD1_DebugMat_Inst" 8922
"/Game/M4/Blueprints/SystemResources/Heightfield/Materials/Debug/LOD2_DebugMat_Inst" 8923
"/Game/M4/Blueprints/SystemResources/Heightfield/Materials/Debug/LOD0_DebugMat_Inst" 8924
"/Game/M4/Materials/PaintLayers/FlatIceLayer" 8925
"/Game/Additions/Realistic_Starter_VFX_Pack_Vol2/Materials/M_Snow" 8926
"/Game/Blueprints/UI/Skald_BattleHudWidget" 8927
"D:/Skald_TurnBasedStrategy_Code/Content/M4/Blueprints/SystemResources/Heightfield/Materials/Logo/CustomLogoMat.uasset" 8928
"D:/Skald_TurnBasedStrategy_Code/Content/M4/Blueprints/SystemResources/Heightfield/Materials/Logo/LogoHolderMat.uasset" 8929
"D:/Skald_TurnBasedStrategy_Code/Content/M4/Materials/MasterMaterials/Functions/ColorCurves/SlopeBasedColorCurve.uasset" 8930
"D:/Skald_TurnBasedStrategy_Code/Content/M4/Blueprints/SystemResources/MagicMapMaterialBP/Mats/UnrealLogoMat.uasset" 8931
"D:/Skald_TurnBasedStrategy_Code/Content/M4/Blueprints/SystemResources/MagicMapMaterialBP/Mats/M3BPLogoMat.uasset" 8932
"D:/Skald_TurnBasedStrategy_Code/Content/M4/Blueprints/SystemResources/Env/Lighting/LightingBPMat.uasset" 8933
"D:/Skald_TurnBasedStrategy_Code/Content/Medieval_Tents/Materials/MaterialInstances/MI_FreeCloths.uasset" 8934
"D:/Skald_TurnBasedStrategy_Code/Content/M4/Foliage/Rocks/Materials/SmallRocks/RockMasterMat.uasset" 8935
"D:/Skald_TurnBasedStrategy_Code/Content/M4/Foliage/Plants/Materials/Grass/AdvancedGrassSystem/CameraFacing-AGS.uasset" 8936
"D:/Skald_TurnBasedStrategy_Code/Content/Medieval_Tents/Materials/MaterialInstances/MI_BigTentsVar2.uasset" 8937
"/Game/M4/Materials/MasterMaterials/Functions/Beach" 8938
"D:/Skald_TurnBasedStrategy_Code/Content/Medieval_Tents/Materials/MaterialInstances/MI_CampProps.uasset" 8939
"D:/Skald_TurnBasedStrategy_Code/Content/Blueprints/UI/Skald_FighterEntryWidget.uasset" 8940
"D:/Skald_TurnBasedStrategy_Code/Content/Medieval_Tents/Materials/MaterialInstances/MI_BigTentsVar1.uasset" 8941
"D:/Skald_TurnBasedStrategy_Code/Content/Medieval_Tents/Materials/MaterialInstances/MI_BigTents.uasset" 8942
"D:/Skald_TurnBasedStrategy_Code/Content/M4/Blueprints/SystemResources/Env/Mats/UnrealLogoMat.uasset" 8943
"D:/Skald_TurnBasedStrategy_Code/Content/M4/Blueprints/SystemResources/General/Tutorials/RVTvol_Warning_Inst.uasset" 8944
"/Game/M4/Materials/MasterMaterials/Functions/VHFM/Foothill-VHFM" 8945
"D:/Skald_TurnBasedStrategy_Code/Content/M4/Materials/PaintLayers/DirtLayer.uasset" 8946
"D:/Skald_TurnBasedStrategy_Code/Content/M4/Blueprints/SystemResources/General/Tutorials/VHFM_Warning_Inst.uasset" 8947
"/Game/M4/Materials/MasterMaterials/Functions/VHFM/SlopeDetection-VHFM" 8948
"/Game/M4/Materials/MasterMaterials/Functions/SlopeDetection" 8949
"/Game/M4/Materials/PaintLayers/SandLayer" 8950
"/Game/M4/Materials/MasterMaterials/Functions/Foothill" 8951
"/Game/M4/Materials/MasterMaterials/Functions/SplatmapDetection" 8952
"/Game/M4/Materials/MasterMaterials/Functions/FlatlandBlending" 8953
"/Game/M4/Materials/PaintLayers/MultiBiomePaintLayers/Desert-MultiLayer" 8954
"/Game/M4/Materials/PaintLayers/StonesLayer" 8955
"/Game/M4/Materials/PaintLayers/GrassLayer" 8956
"/Game/M4/Materials/PaintLayers/ForestLayer" 8957
"/Game/M4/Blueprints/SystemResources/General/Tutorials/VHFM_Warning_Inst" 8958
"D:/Skald_TurnBasedStrategy_Code/Content/Blueprints/Meshes/Territory_Capital/medieval_metal_crown_1015055751_texture.uasset" 8959
"D:/Skald_TurnBasedStrategy_Code/Content/Blueprints/Character/SkaldFactions/Gnolls/MountedSpear/Gnoll_Mounted_Spear_S.uasset" 8960
"D:/Skald_TurnBasedStrategy_Code/Content/Blueprints/Character/SkaldFactions/LizardFolk/MountedShield/LizardFolk_MountedShield.uasset" 8961
"D:/Skald_TurnBasedStrategy_Code/Content/Blueprints/Character/SkaldFactions/Inflicted/2hSword/Inflicted_2hword.uasset" 8962
"D:/Skald_TurnBasedStrategy_Code/Content/Blueprints/Character/SkaldFactions/RavPack/Mage/Skald_RavPack_Mage.uasset" 8963
"D:/Skald_TurnBasedStrategy_Code/Content/Blueprints/Character/SkaldFactions/Undead/2hSword/Undead_2hSword_Skald_0926190422_texture.uasset" 8964
"D:/Skald_TurnBasedStrategy_Code/Content/Blueprints/Character/SkaldFactions/Inflicted/DualWield/Inflicted_DualWield.uasset" 8965
"D:/Skald_TurnBasedStrategy_Code/Content/Blueprints/Character/SkaldFactions/Orcs/SpearnShield/Orc_SpearnShield_Skal_0926074410.uasset" 8966
"D:/Skald_TurnBasedStrategy_Code/Content/Blueprints/Character/SkaldFactions/Inflicted/SpearnShield/Inflicted_SpearAndShield.uasset" 8967
"D:/Skald_TurnBasedStrategy_Code/Content/Blueprints/Character/SkaldFactions/Orcs/DualWield/Orc_DualWield_Skald_0926074415.uasset" 8968
"D:/Skald_TurnBasedStrategy_Code/Content/Blueprints/Character/SkaldFactions/LizardFolk/DualWield/LizardFolk_DualWield_.uasset" 8969
"D:/Skald_TurnBasedStrategy_Code/Content/Blueprints/Character/SkaldFactions/Undead/CyclopeanHorror/Undead_CyclopeanHorro_0926074902_texture.uasset" 8970
"D:/Skald_TurnBasedStrategy_Code/Content/Blueprints/Character/SkaldFactions/Humans/mage/HumanKnight_Mage_Skal_0926074725.uasset" 8971
"D:/Skald_TurnBasedStrategy_Code/Content/Blueprints/Character/SkaldFactions/Dwarves/CrystalBeast/Crystal_Beast_0926073714.uasset" 8972
"/Game/M4/Blueprints/SystemResources/General/Tutorials/RVTvol_Warning_Inst" 8973
"/Game/Blueprints/UI/Skald_FighterEntryWidget" 8974
"/Game/Medieval_Tents/Materials/MaterialInstances/MI_BigTents" 8975
"/Game/Medieval_Tents/Materials/MaterialInstances/MI_BigTentsVar1" 8976
"/Game/Medieval_Tents/Materials/MaterialInstances/MI_CampProps" 8977
"/Game/Medieval_Tents/Materials/MaterialInstances/MI_BigTentsVar2" 8978
"/Game/Medieval_Tents/Materials/MaterialInstances/MI_FreeCloths" 8979
"/Game/M4/Foliage/Plants/Materials/Grass/AdvancedGrassSystem/CameraFacing-AGS" 8980
"/Game/M4/Foliage/Rocks/Materials/SmallRocks/RockMasterMat" 8981
"/Game/M4/Materials/PaintLayers/DirtLayer" 8982
"/Game/M4/Blueprints/SystemResources/Env/Lighting/LightingBPMat" 8983
"/Game/M4/Materials/MasterMaterials/Functions/ColorCurves/SlopeBasedColorCurve" 8984
"/Game/M4/Blueprints/SystemResources/MagicMapMaterialBP/Mats/UnrealLogoMat" 8985
"/Game/M4/Blueprints/SystemResources/MagicMapMaterialBP/Mats/M3BPLogoMat" 8986
"/Game/M4/Blueprints/SystemResources/Env/Mats/UnrealLogoMat" 8987
"/Game/M4/Blueprints/SystemResources/Heightfield/Materials/Logo/CustomLogoMat" 8988
"/Game/M4/Blueprints/SystemResources/Heightfield/Materials/Logo/LogoHolderMat" 8989
"/Game/Blueprints/Character/SkaldFactions/Undead/CyclopeanHorror/Undead_CyclopeanHorro_0926074902_texture" 8990
"/Game/Blueprints/Character/SkaldFactions/Humans/mage/HumanKnight_Mage_Skal_0926074725" 8991
"/Game/Blueprints/Character/SkaldFactions/Dwarves/CrystalBeast/Crystal_Beast_0926073714" 8992
"/Game/Blueprints/Character/SkaldFactions/Orcs/DualWield/Orc_DualWield_Skald_0926074415" 8993
"/Game/Blueprints/Character/SkaldFactions/LizardFolk/DualWield/LizardFolk_DualWield_" 8994
"/Game/Blueprints/Character/SkaldFactions/Inflicted/SpearnShield/Inflicted_SpearAndShield" 8995
"D:/Skald_TurnBasedStrategy_Code/Content/Blueprints/Character/SkaldFactions/RavPack/SwordnShield/Skald_RavPack_SwordnShield.uasset" 8996
"/Game/Blueprints/Character/SkaldFactions/Orcs/SpearnShield/Orc_SpearnShield_Skal_0926074410" 8997
"/Game/Blueprints/Character/SkaldFactions/Inflicted/DualWield/Inflicted_DualWield" 8998
"/Game/Blueprints/Character/SkaldFactions/Undead/2hSword/Undead_2hSword_Skald_0926190422_texture" 8999
"/Game/Blueprints/Character/SkaldFactions/RavPack/Mage/Skald_RavPack_Mage" 9000
"D:/Skald_TurnBasedStrategy_Code/Content/Blueprints/Character/SkaldFactions/RavPack/MountedSpear/Skald_RavPack_MountedSpear.uasset" 9001
"/Game/Blueprints/Character/SkaldFactions/Inflicted/2hSword/Inflicted_2hword" 9002
"/Game/Blueprints/Character/SkaldFactions/Gnolls/MountedSpear/Gnoll_Mounted_Spear_S" 9003
"/Game/Blueprints/Character/SkaldFactions/LizardFolk/MountedShield/LizardFolk_MountedShield" 9004
"/Game/Blueprints/Meshes/Territory_Capital/medieval_metal_crown_1015055751_texture" 9005
"D:/Skald_TurnBasedStrategy_Code/Content/Blueprints/Character/SkaldFactions/Gnolls/2hSpear/Gnoll_2hSpear_Skald_0926075438.uasset" 9006
"D:/Skald_TurnBasedStrategy_Code/Content/Blueprints/Character/SkaldFactions/Ironlegion/SpearAndShield/IronLegion_SpearAndSh_0928134809.uasset" 9007
"/Game/Blueprints/Character/SkaldFactions/Gnolls/2hSpear/Gnoll_2hSpear_Skald_0926075438" 9008
"/Game/Blueprints/Character/SkaldFactions/Ironlegion/SpearAndShield/IronLegion_SpearAndSh_0928134809" 9009
"/Game/Blueprints/Character/SkaldFactions/RavPack/MountedSpear/Skald_RavPack_MountedSpear" 9010
"D:/Skald_TurnBasedStrategy_Code/Content/Blueprints/Character/SkaldFactions/Orcs/2hClub/Orc_2hClub_Skald_0926074223.uasset" 9011
"/Game/Blueprints/Character/SkaldFactions/RavPack/SwordnShield/Skald_RavPack_SwordnShield" 9012
"/Game/Blueprints/Character/SkaldFactions/Orcs/2hClub/Orc_2hClub_Skald_0926074223" 9013
"D:/Skald_TurnBasedStrategy_Code/Content/Blueprints/Character/SkaldFactions/RavPack/MutatedRavager/Skald_RavPack_MutatedRavager.uasset" 9014
"/Game/Blueprints/Character/SkaldFactions/RavPack/MutatedRavager/Skald_RavPack_MutatedRavager" 9015
"D:/Skald_TurnBasedStrategy_Code/Content/Blueprints/Character/SkaldFactions/ToadFolk/MountedSpear/Skald_ToadFolk_Mounte_0926075044.uasset" 9016
"D:/Skald_TurnBasedStrategy_Code/Content/Blueprints/Character/SkaldFactions/Orcs/Mage/Orc_Mage_Skald_0926074505.uasset" 9017
"/Game/Blueprints/Character/SkaldFactions/Orcs/Mage/Orc_Mage_Skald_0926074505" 9018
"/Game/Blueprints/Character/SkaldFactions/ToadFolk/MountedSpear/Skald_ToadFolk_Mounte_0926075044" 9019
"D:/Skald_TurnBasedStrategy_Code/Content/Blueprints/Character/SkaldFactions/Undead/Archer/Undead_Archer_Skald_0926074850_texture.uasset" 9020
"D:/Skald_TurnBasedStrategy_Code/Content/Blueprints/Character/SkaldFactions/Undead/MountedMaceAndShield/Undead_MountedMacnShi_0926074842_texture.uasset" 9021
"D:/Skald_TurnBasedStrategy_Code/Content/Blueprints/Character/SkaldFactions/Ironlegion/2hSpear/IronLegion_2hSpear_Sk_0927220753.uasset" 9022
"D:/Skald_TurnBasedStrategy_Code/Content/Blueprints/Character/SkaldFactions/Gnolls/Archer/Gnoll_Archer_0926075625.uasset" 9023
"D:/Skald_TurnBasedStrategy_Code/Content/Blueprints/Character/SkaldFactions/ToadFolk/2hSword/Skald_ToadFolk_2hSwor_0926075107.uasset" 9024
"D:/Skald_TurnBasedStrategy_Code/Content/Blueprints/Character/SkaldFactions/Dwarves/Mage/Mystic_Dwarf_Magus_Sk_0926073656.uasset" 9025
"D:/Skald_TurnBasedStrategy_Code/Content/Blueprints/Character/SkaldFactions/Humans/SpearnShield/HumanKnight_SpearnShi.uasset" 9026
"/Game/Blueprints/Character/SkaldFactions/Dwarves/Mage/Mystic_Dwarf_Magus_Sk_0926073656" 9027
"D:/Skald_TurnBasedStrategy_Code/Content/Blueprints/Character/SkaldFactions/Undead/SpearAndShield/Undead_SpearnShield_S_0926074817_texture.uasset" 9028
"/Game/Blueprints/Character/SkaldFactions/Gnolls/Archer/Gnoll_Archer_0926075625" 9029
"D:/Skald_TurnBasedStrategy_Code/Content/Blueprints/Character/SkaldFactions/Elves/AncientEnt/Elf_AncientEnt_Skald_0926082425.uasset" 9030
"/Game/Blueprints/Character/SkaldFactions/ToadFolk/2hSword/Skald_ToadFolk_2hSwor_0926075107" 9031
"/Game/Blueprints/Character/SkaldFactions/Ironlegion/2hSpear/IronLegion_2hSpear_Sk_0927220753" 9032
"/Game/Blueprints/Character/SkaldFactions/Undead/Archer/Undead_Archer_Skald_0926074850_texture" 9033
"D:/Skald_TurnBasedStrategy_Code/Content/Blueprints/Character/SkaldFactions/Ironlegion/DualWield/IronLegion_DualWield__0927220733.uasset" 9034
"/Game/Blueprints/Character/SkaldFactions/Undead/MountedMaceAndShield/Undead_MountedMacnShi_0926074842_texture" 9035
"D:/Skald_TurnBasedStrategy_Code/Content/Blueprints/Character/SkaldFactions/Orcs/2hAxe/Orc_2hAxe_Skald_0926074241.uasset" 9036
"/Game/Blueprints/Character/SkaldFactions/Undead/SpearAndShield/Undead_SpearnShield_S_0926074817_texture" 9037
"D:/Skald_TurnBasedStrategy_Code/Content/Blueprints/Character/SkaldFactions/Dwarves/AxeAndShield/Dwarf_AxenShield_Skal_0926073405.uasset" 9038
"/Game/Blueprints/Character/SkaldFactions/Elves/AncientEnt/Elf_AncientEnt_Skald_0926082425" 9039
"D:/Skald_TurnBasedStrategy_Code/Content/Blueprints/Character/SkaldFactions/Dwarves/MountedShield/Dwarf_MountedAxenShie_09260.uasset" 9040
"/Game/Blueprints/Character/SkaldFactions/Ironlegion/DualWield/IronLegion_DualWield__0927220733" 9041
"/Game/Blueprints/Character/SkaldFactions/Humans/SpearnShield/HumanKnight_SpearnShi" 9042
"/Game/Blueprints/Character/SkaldFactions/Orcs/2hAxe/Orc_2hAxe_Skald_0926074241" 9043
"D:/Skald_TurnBasedStrategy_Code/Content/Blueprints/Character/SkaldFactions/Undead/Mage/Undead_Mage.uasset" 9044
"/Game/Blueprints/Character/SkaldFactions/Dwarves/MountedShield/Dwarf_MountedAxenShie_09260" 9045
"/Game/Blueprints/Character/SkaldFactions/Dwarves/AxeAndShield/Dwarf_AxenShield_Skal_0926073405" 9046
"/Game/Blueprints/Character/SkaldFactions/Undead/Mage/Undead_Mage" 9047
"D:/Skald_TurnBasedStrategy_Code/Content/Blueprints/Character/SkaldFactions/Dwarves/2hAxe/Dwarf_2hAxe_Skald_0926073606.uasset" 9048
"D:/Skald_TurnBasedStrategy_Code/Content/Blueprints/Character/SkaldFactions/Humans/Griffon/HumanKnight_Griffon_092607.uasset" 9049
"/Game/Blueprints/Character/SkaldFactions/Humans/Griffon/HumanKnight_Griffon_092607" 9050
"/Game/Blueprints/Character/SkaldFactions/Dwarves/2hAxe/Dwarf_2hAxe_Skald_0926073606" 9051
"D:/Skald_TurnBasedStrategy_Code/Content/Blueprints/Character/SkaldFactions/Gnolls/AxenShield/Gnoll_AxenShield_Skal_0926075631.uasset" 9052
"D:/Skald_TurnBasedStrategy_Code/Content/Blueprints/Character/SkaldFactions/Orcs/Archer/Orc_Archer_Skald_0926074452.uasset" 9053
"D:/Skald_TurnBasedStrategy_Code/Content/Blueprints/Character/SkaldFactions/ToadFolk/SpearAndShield/Skald_ToadFolk_1hSpear.uasset" 9054
"/Game/Blueprints/Character/SkaldFactions/Orcs/Archer/Orc_Archer_Skald_0926074452" 9055
"/Game/Blueprints/Character/SkaldFactions/ToadFolk/SpearAndShield/Skald_ToadFolk_1hSpear" 9056
"D:/Skald_TurnBasedStrategy_Code/Content/Blueprints/Character/SkaldFactions/Orcs/MountedSpear/Orc_Mounted_Spear.uasset" 9057
"/Game/Blueprints/Character/SkaldFactions/Gnolls/AxenShield/Gnoll_AxenShield_Skal_0926075631" 9058
"/Game/Blueprints/Character/SkaldFactions/Orcs/MountedSpear/Orc_Mounted_Spear" 9059
"D:/Skald_TurnBasedStrategy_Code/Content/Blueprints/Character/SkaldFactions/Inflicted/SwordnShield/Inflicted_SwordAndShield.uasset" 9060
"D:/Skald_TurnBasedStrategy_Code/Content/Blueprints/Character/SkaldFactions/LizardFolk/SwordnShield/LizardFolk_SwordAndShield.uasset" 9061
"/Game/Blueprints/Character/SkaldFactions/Inflicted/SwordnShield/Inflicted_SwordAndShield" 9062
"/Game/Blueprints/Character/SkaldFactions/LizardFolk/SwordnShield/LizardFolk_SwordAndShield" 9063
"D:/Skald_TurnBasedStrategy_Code/Content/Blueprints/Character/SkaldFactions/RavPack/MountedShield/Skald_RavPack_MountedShield.uasset" 9064
"D:/Skald_TurnBasedStrategy_Code/Content/Blueprints/Character/SkaldFactions/Ironlegion/Juggernaught/IronLegion_JuggerNaug_0927221000.uasset" 9065
"D:/Skald_TurnBasedStrategy_Code/Content/Blueprints/Character/SkaldFactions/ToadFolk/Mage/Amphibian_Sage_0926075037.uasset" 9066
"D:/Skald_TurnBasedStrategy_Code/Content/Blueprints/Character/SkaldFactions/ToadFolk/ClubAndShield/Skald_ToadFolk_1hClub_0926075017.uasset" 9067
"/Game/Blueprints/Character/SkaldFactions/ToadFolk/Mage/Amphibian_Sage_0926075037" 9068
"/Game/Blueprints/Character/SkaldFactions/Ironlegion/Juggernaught/IronLegion_JuggerNaug_0927221000" 9069
"/Game/Blueprints/Character/SkaldFactions/RavPack/MountedShield/Skald_RavPack_MountedShield" 9070
"/Game/Blueprints/Character/SkaldFactions/ToadFolk/ClubAndShield/Skald_ToadFolk_1hClub_0926075017" 9071
"D:/Skald_TurnBasedStrategy_Code/Content/Blueprints/Character/SkaldFactions/Humans/MountedSpear/HumanKnight_Mounted_Spear.uasset" 9072
"D:/Skald_TurnBasedStrategy_Code/Content/Blueprints/Character/SkaldFactions/Ironlegion/Mage/IronLegion_Mage_Skald_0927220940.uasset" 9073
"D:/Skald_TurnBasedStrategy_Code/Content/Blueprints/Character/SkaldFactions/Humans/MountedShield/HumanKnight_Mounted_Shield.uasset" 9074
"D:/Skald_TurnBasedStrategy_Code/Content/Blueprints/Character/SkaldFactions/LizardFolk/2hClub/LizardFolk_2hClub.uasset" 9075
"/Game/Blueprints/Character/SkaldFactions/Humans/MountedSpear/HumanKnight_Mounted_Spear" 9076
"/Game/Blueprints/Character/SkaldFactions/Ironlegion/Mage/IronLegion_Mage_Skald_0927220940" 9077
"/Game/Blueprints/Character/SkaldFactions/Humans/MountedShield/HumanKnight_Mounted_Shield" 9078
"/Game/Blueprints/Character/SkaldFactions/LizardFolk/2hClub/LizardFolk_2hClub" 9079
"D:/Skald_TurnBasedStrategy_Code/Content/Blueprints/Character/SkaldFactions/RavPack/SpearnShield/Skald_RavPack_SpearnShield.uasset" 9080
"/Game/Blueprints/Character/SkaldFactions/RavPack/SpearnShield/Skald_RavPack_SpearnShield" 9081
"D:/Skald_TurnBasedStrategy_Code/Content/Blueprints/Character/SkaldFactions/RavPack/Archer/Skald_RavPack_Archer.uasset" 9082
"D:/Skald_TurnBasedStrategy_Code/Content/Blueprints/Character/SkaldFactions/Inflicted/Beholder/Inflicted_Beholder_Skald.uasset" 9083
"/Game/Blueprints/Character/SkaldFactions/Inflicted/Beholder/Inflicted_Beholder_Skald" 9084
"D:/Skald_TurnBasedStrategy_Code/Content/Blueprints/Character/SkaldFactions/Ironlegion/SwordAndShield/IronLegion_SwordAndSh_0927220913.uasset" 9085
"D:/Skald_TurnBasedStrategy_Code/Content/Blueprints/Character/SkaldFactions/LizardFolk/Archer/LizardFolk_Archer.uasset" 9086
"/Game/Blueprints/Character/SkaldFactions/RavPack/Archer/Skald_RavPack_Archer" 9087
"/Game/Blueprints/Character/SkaldFactions/Ironlegion/SwordAndShield/IronLegion_SwordAndSh_0927220913" 9088
"D:/Skald_TurnBasedStrategy_Code/Content/Blueprints/Character/SkaldFactions/Orcs/AxenShield/Orc_AxenShield_Skald_0926074423.uasset" 9089
"/Game/Blueprints/Character/SkaldFactions/LizardFolk/Archer/LizardFolk_Archer" 9090
"/Game/Blueprints/Character/SkaldFactions/Orcs/AxenShield/Orc_AxenShield_Skald_0926074423" 9091
"D:/Skald_TurnBasedStrategy_Code/Content/Blueprints/Character/SkaldFactions/LizardFolk/Ziller/LizardFolk_Ziller.uasset" 9092
"D:/Skald_TurnBasedStrategy_Code/Content/Blueprints/Character/SkaldFactions/LizardFolk/2hSpear/LizardFolk_2hSpear.uasset" 9093
"D:/Skald_TurnBasedStrategy_Code/Content/Blueprints/Character/SkaldFactions/Humans/2hAxe/HumanKnight_2hAxe_Ska.uasset" 9094
"D:/Skald_TurnBasedStrategy_Code/Content/Blueprints/Character/SkaldFactions/Ironlegion/MountedShield/IronLegion_MountedShi_0927220709.uasset" 9095
"D:/Skald_TurnBasedStrategy_Code/Content/Blueprints/Character/SkaldFactions/Undead/2hMace/Undead_2hFlail_Skald_0926074830_texture.uasset" 9096
"/Game/Blueprints/Character/SkaldFactions/Humans/2hAxe/HumanKnight_2hAxe_Ska" 9097
"D:/Skald_TurnBasedStrategy_Code/Content/Blueprints/Character/SkaldFactions/RavPack/2hSword/Skald_RavPack_2hSword.uasset" 9098
"D:/Skald_TurnBasedStrategy_Code/Content/Blueprints/Character/SkaldFactions/Humans/Archer/HumanKnight_Archer_Sk_.uasset" 9099
"D:/Skald_TurnBasedStrategy_Code/Content/Blueprints/Character/SkaldFactions/Inflicted/Mage/Inflicted_Mage_Skald.uasset" 9100
"/Game/Blueprints/Character/SkaldFactions/LizardFolk/2hSpear/LizardFolk_2hSpear" 9101
"/Game/Blueprints/Character/SkaldFactions/LizardFolk/Ziller/LizardFolk_Ziller" 9102
"/Game/Blueprints/Character/SkaldFactions/Undead/2hMace/Undead_2hFlail_Skald_0926074830_texture" 9103
"D:/Skald_TurnBasedStrategy_Code/Content/Blueprints/Character/SkaldFactions/RavPack/2hSpear/Skald_RavPack_2hSpear.uasset" 9104
"/Game/Blueprints/Character/SkaldFactions/Inflicted/Mage/Inflicted_Mage_Skald" 9105
"/Game/Blueprints/Character/SkaldFactions/Humans/Archer/HumanKnight_Archer_Sk_" 9106
"/Game/Blueprints/Character/SkaldFactions/RavPack/2hSword/Skald_RavPack_2hSword" 9107
"D:/Skald_TurnBasedStrategy_Code/Content/Blueprints/Character/SkaldFactions/Undead/SwordAndShield/Undead_SwordnShield_S_0926074808_texture.uasset" 9108
"/Game/Blueprints/Character/SkaldFactions/Ironlegion/MountedShield/IronLegion_MountedShi_0927220709" 9109
"/Game/Blueprints/Character/SkaldFactions/Undead/SwordAndShield/Undead_SwordnShield_S_0926074808_texture" 9110
"/Game/Blueprints/Character/SkaldFactions/RavPack/2hSpear/Skald_RavPack_2hSpear" 9111
"D:/Skald_TurnBasedStrategy_Code/Content/Blueprints/Character/SkaldFactions/Elves/Mage/Elf_Mage_Skald_0927023120.uasset" 9112
"D:/Skald_TurnBasedStrategy_Code/Content/Blueprints/Character/SkaldFactions/Inflicted/MountedShield/Inflicted_MountedShield.uasset" 9113
"D:/Skald_TurnBasedStrategy_Code/Content/Blueprints/Character/SkaldFactions/Dwarves/2hMace/Dwarf_2hHammer_Skald_092607350.uasset" 9114
"/Game/Blueprints/Character/SkaldFactions/Elves/Mage/Elf_Mage_Skald_0927023120" 9115
"/Game/Blueprints/Character/SkaldFactions/Dwarves/2hMace/Dwarf_2hHammer_Skald_092607350" 9116
"D:/Skald_TurnBasedStrategy_Code/Content/Blueprints/Character/SkaldFactions/Elves/2hSword/Elf_2hSword_Skald_0926082119.uasset" 9117
"/Game/Blueprints/Character/SkaldFactions/Elves/2hSword/Elf_2hSword_Skald_0926082119" 9118
"/Game/Blueprints/Character/SkaldFactions/Inflicted/MountedShield/Inflicted_MountedShield" 9119
"D:/Skald_TurnBasedStrategy_Code/Content/Blueprints/Character/SkaldFactions/Elves/SpearAndShield/Elf_SpearnShield_Skal_0926082235.uasset" 9120
"D:/Skald_TurnBasedStrategy_Code/Content/Blueprints/Character/SkaldFactions/Gnolls/2hHammer/Gnoll_2hHammer_Skald_0926075618.uasset" 9121
"D:/Skald_TurnBasedStrategy_Code/Content/Blueprints/Character/SkaldFactions/Orcs/Hydra/Hydra_s_Awakening_0926074602.uasset" 9122
"D:/Skald_TurnBasedStrategy_Code/Content/Blueprints/Character/SkaldFactions/Gnolls/Mage/Gnoll_Mage_Sk_0926075355.uasset" 9123
"D:/Skald_TurnBasedStrategy_Code/Content/Blueprints/Character/SkaldFactions/Undead/DualWield/Undead_DualWield_Skal_0926074825_texture.uasset" 9124
"D:/Skald_TurnBasedStrategy_Code/Content/Blueprints/Character/SkaldFactions/Humans/2hSword/HumanKnight_2hSword_S.uasset" 9125
"/Game/Blueprints/Character/SkaldFactions/Undead/DualWield/Undead_DualWield_Skal_0926074825_texture" 9126
"/Game/Blueprints/Character/SkaldFactions/Gnolls/2hHammer/Gnoll_2hHammer_Skald_0926075618" 9127
"/Game/Blueprints/Character/SkaldFactions/Elves/SpearAndShield/Elf_SpearnShield_Skal_0926082235" 9128
"D:/Skald_TurnBasedStrategy_Code/Content/Blueprints/Character/SkaldFactions/Dwarves/DualWield/Dwarf_DualWield_Skald_0926073442.uasset" 9129
"/Game/Blueprints/Character/SkaldFactions/Humans/2hSword/HumanKnight_2hSword_S" 9130
"D:/Skald_TurnBasedStrategy_Code/Content/Blueprints/Character/SkaldFactions/LizardFolk/Mage/LizardFolk_Mage.uasset" 9131
"D:/Skald_TurnBasedStrategy_Code/Content/Blueprints/Character/SkaldFactions/Elves/SwordandShield/Elf_SwordnShield_Skal_0926082130.uasset" 9132
"D:/Skald_TurnBasedStrategy_Code/Content/Blueprints/Character/SkaldFactions/Elves/MountedShield/Elf_MountedSwordnShie_0926082253.uasset" 9133
"D:/Skald_TurnBasedStrategy_Code/Content/Blueprints/Character/SkaldFactions/Elves/2hSpear/Elf_2hSpear_Skald_0926082100.uasset" 9134
"/Game/Blueprints/Character/SkaldFactions/Orcs/Hydra/Hydra_s_Awakening_0926074602" 9135
"/Game/Blueprints/Character/SkaldFactions/Gnolls/Mage/Gnoll_Mage_Sk_0926075355" 9136
"D:/Skald_TurnBasedStrategy_Code/Content/Blueprints/Character/SkaldFactions/Ironlegion/2hSword/IronLegion_2hSword_Sk_0927220844.uasset" 9137
"/Game/Blueprints/Character/SkaldFactions/Elves/MountedShield/Elf_MountedSwordnShie_0926082253" 9138
"/Game/Blueprints/Character/SkaldFactions/Elves/SwordandShield/Elf_SwordnShield_Skal_0926082130" 9139
"/Game/Blueprints/Character/SkaldFactions/Elves/2hSpear/Elf_2hSpear_Skald_0926082100" 9140
"D:/Skald_TurnBasedStrategy_Code/Content/Blueprints/Character/SkaldFactions/Humans/DualWield/HumanKnight_Dualwield.uasset" 9141
"D:/Skald_TurnBasedStrategy_Code/Content/Blueprints/Character/SkaldFactions/Dwarves/MountedSpear/Dwarf_MountedSpearnSh_0926074142.uasset" 9142
"D:/Skald_TurnBasedStrategy_Code/Content/Blueprints/Character/SkaldFactions/Orcs/MountedShield/Orc_Mounted_Axenshield.uasset" 9143
"D:/Skald_TurnBasedStrategy_Code/Content/Blueprints/Character/SkaldFactions/ToadFolk/MountedShield/Skald_ToadFolk_Mounte_0926075059.uasset" 9144
"D:/Skald_TurnBasedStrategy_Code/Content/Blueprints/Character/SkaldFactions/Gnolls/Cerebane/Gnoll_Cerebane_0927020407.uasset" 9145
"/Game/Blueprints/Character/SkaldFactions/Dwarves/DualWield/Dwarf_DualWield_Skald_0926073442" 9146
"D:/Skald_TurnBasedStrategy_Code/Content/Blueprints/Character/SkaldFactions/Elves/MountedSpear/Elf_MountedSpear_Skal_0926082358.uasset" 9147
"D:/Skald_TurnBasedStrategy_Code/Content/Blueprints/Character/SkaldFactions/Dwarves/Archer/Dwarven_Marksman_0926073627.uasset" 9148
"/Game/Blueprints/Character/SkaldFactions/LizardFolk/Mage/LizardFolk_Mage" 9149
"/Game/Blueprints/Character/SkaldFactions/Elves/MountedSpear/Elf_MountedSpear_Skal_0926082358" 9150
"D:/Skald_TurnBasedStrategy_Code/Content/Blueprints/Character/SkaldFactions/LizardFolk/SpearnShield/LizardFolk_SpearAndShield.uasset" 9151
"D:/Skald_TurnBasedStrategy_Code/Content/Blueprints/Character/SkaldFactions/Inflicted/Archer/Inflicted_Archer.uasset" 9152
"D:/Skald_TurnBasedStrategy_Code/Content/Blueprints/Character/SkaldFactions/ToadFolk/DualWield/Skald_ToadFolk_DualWi_0926075050.uasset" 9153
"D:/Skald_TurnBasedStrategy_Code/Content/Blueprints/Character/SkaldFactions/Humans/SwordnShield/HumanKnight_SwordnShi.uasset" 9154
"/Game/Blueprints/Character/SkaldFactions/ToadFolk/MountedShield/Skald_ToadFolk_Mounte_0926075059" 9155
"/Game/Blueprints/Character/SkaldFactions/Gnolls/Cerebane/Gnoll_Cerebane_0927020407" 9156
"/Game/Blueprints/Character/SkaldFactions/Orcs/MountedShield/Orc_Mounted_Axenshield" 9157
"/Game/Blueprints/Character/SkaldFactions/Dwarves/MountedSpear/Dwarf_MountedSpearnSh_0926074142" 9158
"D:/Skald_TurnBasedStrategy_Code/Content/Blueprints/Character/SkaldFactions/ToadFolk/Archer/Skald_ToadFolk_Archer_0926075032.uasset" 9159
"/Game/Blueprints/Character/SkaldFactions/Humans/DualWield/HumanKnight_Dualwield" 9160
"/Game/Blueprints/Character/SkaldFactions/Ironlegion/2hSword/IronLegion_2hSword_Sk_0927220844" 9161
"/Game/Blueprints/Character/SkaldFactions/Dwarves/Archer/Dwarven_Marksman_0926073627" 9162
"D:/Skald_TurnBasedStrategy_Code/Content/Blueprints/Character/SkaldFactions/Inflicted/2hSpear/Inflicted_2hSpear.uasset" 9163
"D:/Skald_TurnBasedStrategy_Code/Content/Blueprints/Character/SkaldFactions/Ironlegion/MountedSpear/IronLegion_MountedSpe_0927220651.uasset" 9164
"D:/Skald_TurnBasedStrategy_Code/Content/Blueprints/Character/SkaldFactions/Elves/Archer/Elf_Archer_Skald_0927023306.uasset" 9165
"D:/Skald_TurnBasedStrategy_Code/Content/Blueprints/Character/SkaldFactions/RavPack/DualWield/Skald_RavPack_DualWield.uasset" 9166
"/Game/Blueprints/Character/SkaldFactions/Humans/SwordnShield/HumanKnight_SwordnShi" 9167
"/Game/Blueprints/Character/SkaldFactions/Inflicted/2hSpear/Inflicted_2hSpear" 9168
"/Game/Blueprints/Character/SkaldFactions/LizardFolk/SpearnShield/LizardFolk_SpearAndShield" 9169
"D:/Skald_TurnBasedStrategy_Code/Content/Blueprints/Character/SkaldFactions/Inflicted/MountedSpear/Inflicted_MountedSpear.uasset" 9170
"D:/Skald_TurnBasedStrategy_Code/Content/Blueprints/Character/SkaldFactions/Ironlegion/Archer/IronLegion_Archer_Ska_0927221008.uasset" 9171
"/Game/Blueprints/Character/SkaldFactions/Elves/Archer/Elf_Archer_Skald_0927023306" 9172
"/Game/Blueprints/Character/SkaldFactions/Ironlegion/MountedSpear/IronLegion_MountedSpe_0927220651" 9173
"/Game/Blueprints/Character/SkaldFactions/ToadFolk/Archer/Skald_ToadFolk_Archer_0926075032" 9174
"D:/Skald_TurnBasedStrategy_Code/Content/Blueprints/Character/SkaldFactions/Undead/MountedSpear/Undead_MountedSpear_S_0926074837_texture.uasset" 9175
"D:/Skald_TurnBasedStrategy_Code/Content/Blueprints/Character/SkaldFactions/Elves/Dualwield/Elf_DualWield_Skald_0926082125.uasset" 9176
"D:/Skald_TurnBasedStrategy_Code/Content/Blueprints/Character/SkaldFactions/Gnolls/DualWield/Gnoll_DualWield_Skald_0927021125.uasset" 9177
"/Game/Blueprints/Character/SkaldFactions/Inflicted/Archer/Inflicted_Archer" 9178
"/Game/Blueprints/Character/SkaldFactions/ToadFolk/DualWield/Skald_ToadFolk_DualWi_0926075050" 9179
"/Game/Blueprints/Character/SkaldFactions/RavPack/DualWield/Skald_RavPack_DualWield" 9180
"/Game/Blueprints/Character/SkaldFactions/Elves/Dualwield/Elf_DualWield_Skald_0926082125" 9181
"D:/Skald_TurnBasedStrategy_Code/Content/Blueprints/Character/SkaldFactions/Dwarves/SpearAndShield/Dwarf_SpearnShield_Sk_0926073342_.uasset" 9182
"D:/Skald_TurnBasedStrategy_Code/Content/Blueprints/Character/SkaldFactions/LizardFolk/MountedSpear/LizardFolk_MountedSpear.uasset" 9183
"/Game/Blueprints/Character/SkaldFactions/Undead/MountedSpear/Undead_MountedSpear_S_0926074837_texture" 9184
"/Game/Blueprints/Character/SkaldFactions/Ironlegion/Archer/IronLegion_Archer_Ska_0927221008" 9185
"D:/Skald_TurnBasedStrategy_Code/Content/C++_BPs/Skald_GridOverlayActor.uasset" 9186
"D:/Skald_TurnBasedStrategy_Code/Content/C++_BPs/Skald_Lobby_GameMode.uasset" 9187
"/Game/Blueprints/Character/SkaldFactions/Inflicted/MountedSpear/Inflicted_MountedSpear" 9188
"D:/Skald_TurnBasedStrategy_Code/Content/Blueprints/Character/SkaldFactions/ToadFolk/Titanoad/FrogFolk_Titanoad_Ska_09260749.uasset" 9189
"D:/Skald_TurnBasedStrategy_Code/Content/Blueprints/Character/SkaldFactions/Gnolls/SpearnShield/Gnoll_SpearnShield_Sk_0927021848.uasset" 9190
"D:/Skald_TurnBasedStrategy_Code/Content/Blueprints/Character/SkaldFactions/ToadFolk/2hMace/Skald_ToadFolk_2hMaul_0926075010.uasset" 9191
"/Game/Blueprints/Character/SkaldFactions/Gnolls/DualWield/Gnoll_DualWield_Skald_0927021125" 9192
"/Game/Blueprints/Character/SkaldFactions/Gnolls/SpearnShield/Gnoll_SpearnShield_Sk_0927021848" 9193
"/Game/Blueprints/Character/SkaldFactions/ToadFolk/Titanoad/FrogFolk_Titanoad_Ska_09260749" 9194
"D:/Skald_TurnBasedStrategy_Code/Content/Blueprints/Character/SkaldFactions/Gnolls/MountedShield/Gnoll_Mounted_AxenShi_092607520.uasset" 9195
"/Game/C++_BPs/Skald_Lobby_GameMode" 9196
"D:/Skald_TurnBasedStrategy_Code/Content/M4/Materials/MasterMaterials/Functions/NaniteComputation.uasset" 9197
"D:/Skald_TurnBasedStrategy_Code/Content/M4/Blueprints/SystemResources/General/MapInitialization/PrepareLandscapeMat.uasset" 9198
"../../../Engine/Content/Functions/Engine_MaterialFunctions01/Texturing/ParallaxOcclusionMapping.uasset" 9199
"/Game/C++_BPs/Skald_GridOverlayActor" 9200
"/Game/Blueprints/Character/SkaldFactions/Dwarves/SpearAndShield/Dwarf_SpearnShield_Sk_0926073342_" 9201
"/Game/Blueprints/Character/SkaldFactions/LizardFolk/MountedSpear/LizardFolk_MountedSpear" 9202
"/Game/Blueprints/Character/SkaldFactions/ToadFolk/2hMace/Skald_ToadFolk_2hMaul_0926075010" 9203
"D:/Skald_TurnBasedStrategy_Code/Content/M4/Materials/MasterMaterials/HF_ProxyMat.uasset" 9204
"D:/Skald_TurnBasedStrategy_Code/Content/M4/TrailSystem/ForFoliage/FoliageWiggle.uasset" 9205
"/Game/Blueprints/Character/SkaldFactions/Gnolls/MountedShield/Gnoll_Mounted_AxenShi_092607520" 9206
"/Game/M4/Materials/MasterMaterials/Functions/NaniteComputation" 9207
"D:/Skald_TurnBasedStrategy_Code/Content/M4/Materials/MasterMaterials/Functions/PaintFunctions/PaintSetBlending.uasset" 9208
"/Game/M4/Materials/MasterMaterials/HF_ProxyMat" 9209
"D:/Skald_TurnBasedStrategy_Code/Content/M4/Materials/MasterMaterials/Functions/MountainTopDetection.uasset" 9210
"D:/Skald_TurnBasedStrategy_Code/Content/M4/Foliage/Plants/Materials/Clovers/CloverTop.uasset" 9211
"D:/Skald_TurnBasedStrategy_Code/Content/M4/Foliage/Plants/Materials/Grass/ShortGrass/MaskedGrassMaster-Short.uasset" 9212
"../../../Engine/Content/OpenWorldTemplate/LandscapeMaterial/M_ProcGrid.uasset" 9213
"D:/Skald_TurnBasedStrategy_Code/Content/M4/Foliage/Plants/Materials/Grass/ShortGrass/PolyGrassMaster-ShortSlope.uasset" 9214
"/Game/M4/Blueprints/SystemResources/General/MapInitialization/PrepareLandscapeMat" 9215
"D:/Skald_TurnBasedStrategy_Code/Content/M4/Materials/MasterMaterials/Functions/PrepareRegularOuput.uasset" 9216
"/Engine/Functions/Engine_MaterialFunctions01/Texturing/ParallaxOcclusionMapping" 9217
"D:/Skald_TurnBasedStrategy_Code/Content/M4/Materials/MasterMaterials/Functions/Output-RVT.uasset" 9218
"D:/Skald_TurnBasedStrategy_Code/Content/M4/Blueprints/SystemResources/MagicMapMaterialBP/Mats/UnrealLogoMat_Inst.uasset" 9219
"D:/Skald_TurnBasedStrategy_Code/Content/M4/Blueprints/SystemResources/Heightfield/Materials/Logo/CustomLogoMat_Inst.uasset" 9220
"D:/Skald_TurnBasedStrategy_Code/Content/M4/Blueprints/SystemResources/MagicMapMaterialBP/Mats/UnrealLogoMat_Inst1.uasset" 9221
"/Game/M4/TrailSystem/ForFoliage/FoliageWiggle" 9222
"D:/Skald_TurnBasedStrategy_Code/Content/M4/Blueprints/SystemResources/MagicMapMaterialBP/Mats/M3BPLogoMat_Inst2.uasset" 9223
"D:/Skald_TurnBasedStrategy_Code/Content/M4/Materials/MasterMaterials/Functions/VHFM/VHFM-Output-RVT.uasset" 9224
"D:/Skald_TurnBasedStrategy_Code/Content/M4/Blueprints/SystemResources/MagicMapMaterialBP/Mats/M3BPLogoMat_Inst.uasset" 9225
"D:/Skald_TurnBasedStrategy_Code/Content/M4/Blueprints/SystemResources/MagicMapMaterialBP/Mats/M3BPLogoMat_Inst1.uasset" 9226
"/Game/M4/Blueprints/SystemResources/MagicMapMaterialBP/Mats/UnrealLogoMat_Inst1" 9227
"/Game/M4/Blueprints/SystemResources/MagicMapMaterialBP/Mats/UnrealLogoMat_Inst" 9228
"D:/Skald_TurnBasedStrategy_Code/Content/M4/Blueprints/SystemResources/Env/Lighting/LightingBPMatSUN_Inst.uasset" 9229
"D:/Skald_TurnBasedStrategy_Code/Content/M4/Blueprints/SystemResources/Env/Lighting/LightingBPMat_Inst.uasset" 9230
"D:/Skald_TurnBasedStrategy_Code/Content/M4/Foliage/Rocks/Materials/SmallRocks/RockMasterMat_Inst.uasset" 9231
"D:/Skald_TurnBasedStrategy_Code/Content/M4/Foliage/Plants/Materials/Common/SimpleLODMasterMat.uasset" 9232
"D:/Skald_TurnBasedStrategy_Code/Content/Medieval_Tents/Meshes/CampProps/SM_Banner.uasset" 9233
"D:/Skald_TurnBasedStrategy_Code/Content/Medieval_Tents/Meshes/CampProps/SM_Barricade.uasset" 9234
"D:/Skald_TurnBasedStrategy_Code/Content/Medieval_Tents/Meshes/Tents/SM_BigTentDecorated_03.uasset" 9235
"D:/Skald_TurnBasedStrategy_Code/Content/Medieval_Tents/Meshes/CampProps/SM_PikeLog_03.uasset" 9236
"D:/Skald_TurnBasedStrategy_Code/Content/M4/Blueprints/SystemResources/Heightfield/Materials/Logo/LogoHolderMat_Inst.uasset" 9237
"/Game/M4/Blueprints/SystemResources/Heightfield/Materials/Logo/CustomLogoMat_Inst" 9238
"/Game/M4/Foliage/Plants/Materials/Grass/ShortGrass/PolyGrassMaster-ShortSlope" 9239
"D:/Skald_TurnBasedStrategy_Code/Content/Medieval_Tents/Meshes/Tents/SM_BigTent_02.uasset" 9240
"D:/Skald_TurnBasedStrategy_Code/Content/Medieval_Tents/Meshes/Tents/SM_BigTentDecorated_02.uasset" 9241
"D:/Skald_TurnBasedStrategy_Code/Content/Medieval_Tents/Meshes/Tents/SM_BigTentDecorated_04.uasset" 9242
"D:/Skald_TurnBasedStrategy_Code/Content/Medieval_Tents/Meshes/Tents/SM_BigTentDecorated_05.uasset" 9243
"D:/Skald_TurnBasedStrategy_Code/Content/Medieval_Tents/Meshes/Tents/SM_BigTent_01.uasset" 9244
"D:/Skald_TurnBasedStrategy_Code/Content/Medieval_Tents/Meshes/Tents/SM_BigTentDecorated_01.uasset" 9245
"D:/Skald_TurnBasedStrategy_Code/Content/Blueprints/UI/Skald_FighterSelectionWidget.uasset" 9246
"D:/Skald_TurnBasedStrategy_Code/Content/M4/Blueprints/SystemResources/MagicMapMaterialBP/Mats/UnrealLogoMat_Inst2.uasset" 9247
"/Game/M4/Foliage/Plants/Materials/Clovers/CloverTop" 9248
"/Game/M4/Materials/MasterMaterials/Functions/MountainTopDetection" 9249
"/Game/M4/Materials/MasterMaterials/Functions/PaintFunctions/PaintSetBlending" 9250
"/Engine/OpenWorldTemplate/LandscapeMaterial/M_ProcGrid" 9251
"/Game/M4/Blueprints/SystemResources/MagicMapMaterialBP/Mats/M3BPLogoMat_Inst1" 9252
"/Game/M4/Blueprints/SystemResources/MagicMapMaterialBP/Mats/M3BPLogoMat_Inst" 9253
"/Game/M4/Materials/MasterMaterials/Functions/Output-RVT" 9254
"/Game/M4/Materials/MasterMaterials/Functions/VHFM/VHFM-Output-RVT" 9255
"/Game/M4/Materials/MasterMaterials/Functions/PrepareRegularOuput" 9256
"/Game/M4/Blueprints/SystemResources/MagicMapMaterialBP/Mats/M3BPLogoMat_Inst2" 9257
"/Game/M4/Foliage/Plants/Materials/Grass/ShortGrass/MaskedGrassMaster-Short" 9258
"/Game/M4/Blueprints/SystemResources/Env/Lighting/LightingBPMatSUN_Inst" 9259
"/Game/Blueprints/UI/Skald_FighterSelectionWidget" 9260
"/Game/Medieval_Tents/Meshes/Tents/SM_BigTent_02" 9261
"D:/Skald_TurnBasedStrategy_Code/Content/Blueprints/Character/SkaldFactions/LizardFolk/LizardFolk_MountedShield.uasset" 9262
"D:/Skald_TurnBasedStrategy_Code/Content/Blueprints/Character/SkaldFactions/Gnolls/Gnoll_MountedSpear.uasset" 9263
"D:/Skald_TurnBasedStrategy_Code/Content/Blueprints/Character/SkaldFactions/Inflicted/Inflicted_2hSword.uasset" 9264
"D:/Skald_TurnBasedStrategy_Code/Content/Blueprints/Character/SkaldFactions/RavPack/RavPack_Mage.uasset" 9265
"D:/Skald_TurnBasedStrategy_Code/Content/Blueprints/Character/SkaldFactions/Undead/Undead_2hSword.uasset" 9266
"D:/Skald_TurnBasedStrategy_Code/Content/Blueprints/Character/SkaldFactions/Orcs/Orc_SpearnShield.uasset" 9267
"D:/Skald_TurnBasedStrategy_Code/Content/Blueprints/Character/SkaldFactions/Inflicted/Inflicted_SpearnShield.uasset" 9268
"D:/Skald_TurnBasedStrategy_Code/Content/Blueprints/Character/SkaldFactions/LizardFolk/LizardFolk_DualWield.uasset" 9269
"D:/Skald_TurnBasedStrategy_Code/Content/Blueprints/Character/SkaldFactions/Orcs/Orc_DualWield.uasset" 9270
"D:/Skald_TurnBasedStrategy_Code/Content/Blueprints/Character/SkaldFactions/Dwarves/Dwarf_CrystalBeast.uasset" 9271
"D:/Skald_TurnBasedStrategy_Code/Content/Blueprints/Character/SkaldFactions/Humans/Human_Mage.uasset" 9272
"D:/Skald_TurnBasedStrategy_Code/Content/Blueprints/Character/SkaldFactions/ToadFolk/FrogFolk_MountedSpear.uasset" 9273
"D:/Skald_TurnBasedStrategy_Code/Content/Blueprints/Character/SkaldFactions/Undead/Undead_CyclopeanHorror.uasset" 9274
"D:/Skald_TurnBasedStrategy_Code/Content/Blueprints/Character/SkaldFactions/RavPack/RavPack_SwordnShield.uasset" 9275
"D:/Skald_TurnBasedStrategy_Code/Content/Blueprints/Character/SkaldFactions/Inflicted/Inflicted_DualWield.uasset" 9276
"/Game/Medieval_Tents/Meshes/CampProps/SM_PikeLog_03" 9277
"/Game/M4/Blueprints/SystemResources/Env/Lighting/LightingBPMat_Inst" 9278
"/Game/Medieval_Tents/Meshes/Tents/SM_BigTent_01" 9279
"/Game/M4/Blueprints/SystemResources/MagicMapMaterialBP/Mats/UnrealLogoMat_Inst2" 9280
"/Game/Medieval_Tents/Meshes/Tents/SM_BigTentDecorated_01" 9281
"/Game/Medieval_Tents/Meshes/CampProps/SM_Banner" 9282
"/Game/Medieval_Tents/Meshes/Tents/SM_BigTentDecorated_04" 9283
"/Game/M4/Blueprints/SystemResources/Heightfield/Materials/Logo/LogoHolderMat_Inst" 9284
"/Game/Medieval_Tents/Meshes/CampProps/SM_Barricade" 9285
"/Game/Medieval_Tents/Meshes/Tents/SM_BigTentDecorated_02" 9286
"/Game/Medieval_Tents/Meshes/Tents/SM_BigTentDecorated_03" 9287
"/Game/M4/Foliage/Plants/Materials/Common/SimpleLODMasterMat" 9288
"/Game/Medieval_Tents/Meshes/Tents/SM_BigTentDecorated_05" 9289
"/Game/M4/Foliage/Rocks/Materials/SmallRocks/RockMasterMat_Inst" 9290
"/Game/Blueprints/Character/SkaldFactions/RavPack/RavPack_SwordnShield" 9291
"/Game/Blueprints/Character/SkaldFactions/ToadFolk/FrogFolk_MountedSpear" 9292
"D:/Skald_TurnBasedStrategy_Code/Content/Blueprints/Character/SkaldFactions/RavPack/RavPack_MountedSpear.uasset" 9293
"D:/Skald_TurnBasedStrategy_Code/Content/Blueprints/Character/SkaldFactions/Gnolls/Gnoll_2hSpear.uasset" 9294
"D:/Skald_TurnBasedStrategy_Code/Content/Blueprints/Character/SkaldFactions/Orcs/Orc_2hClub.uasset" 9295
"D:/Skald_TurnBasedStrategy_Code/Content/Blueprints/Character/SkaldFactions/Undead/Undead_MountedShield.uasset" 9296
"D:/Skald_TurnBasedStrategy_Code/Content/Blueprints/Character/SkaldFactions/RavPack/RavPack_MutatedRavager.uasset" 9297
"D:/Skald_TurnBasedStrategy_Code/Content/Blueprints/Character/SkaldFactions/Orcs/Orc_Mage.uasset" 9298
"D:/Skald_TurnBasedStrategy_Code/Content/Blueprints/Character/SkaldFactions/Undead/Undead_Archer.uasset" 9299
"/Game/Blueprints/Character/SkaldFactions/Undead/Undead_CyclopeanHorror" 9300
"/Game/Blueprints/Character/SkaldFactions/Humans/Human_Mage" 9301
"/Game/Blueprints/Character/SkaldFactions/Dwarves/Dwarf_CrystalBeast" 9302
"D:/Skald_TurnBasedStrategy_Code/Content/Blueprints/Character/SkaldFactions/Ironlegion/IronLegion_2hSpear.uasset" 9303
"/Game/Blueprints/Character/SkaldFactions/Orcs/Orc_DualWield" 9304
"D:/Skald_TurnBasedStrategy_Code/Content/Blueprints/Character/SkaldFactions/Gnolls/Gnoll_Archer.uasset" 9305
"D:/Skald_TurnBasedStrategy_Code/Content/Blueprints/Character/SkaldFactions/ToadFolk/FrogFolk_2hSword.uasset" 9306
"/Game/Blueprints/Character/SkaldFactions/LizardFolk/LizardFolk_DualWield" 9307
"D:/Skald_TurnBasedStrategy_Code/Content/Blueprints/Character/SkaldFactions/Undead/Undead_DualWield.uasset" 9308
"/Game/Blueprints/Character/SkaldFactions/Inflicted/Inflicted_SpearnShield" 9309
"D:/Skald_TurnBasedStrategy_Code/Content/Blueprints/Character/SkaldFactions/Dwarves/Dwarf_Mage.uasset" 9310
"/Game/Blueprints/Character/SkaldFactions/Orcs/Orc_SpearnShield" 9311
"D:/Skald_TurnBasedStrategy_Code/Content/Blueprints/Character/SkaldFactions/Orcs/Orc_2hAxe.uasset" 9312
"/Game/Blueprints/Character/SkaldFactions/Inflicted/Inflicted_DualWield" 9313
"D:/Skald_TurnBasedStrategy_Code/Content/Blueprints/Character/SkaldFactions/Elves/Elf_AncientEnt.uasset" 9314
"/Game/Blueprints/Character/SkaldFactions/Undead/Undead_2hSword" 9315
"/Game/Blueprints/Character/SkaldFactions/RavPack/RavPack_Mage" 9316
"D:/Skald_TurnBasedStrategy_Code/Content/Blueprints/Character/SkaldFactions/Undead/Undead_SpearAndShield.uasset" 9317
"D:/Skald_TurnBasedStrategy_Code/Content/Blueprints/Character/SkaldFactions/Humans/Human_SpearandShield.uasset" 9318
"/Game/Blueprints/Character/SkaldFactions/Inflicted/Inflicted_2hSword" 9319
"/Game/Blueprints/Character/SkaldFactions/Gnolls/Gnoll_MountedSpear" 9320
"/Game/Blueprints/Character/SkaldFactions/LizardFolk/LizardFolk_MountedShield" 9321
"/Game/Blueprints/Character/SkaldFactions/Humans/Human_SpearandShield" 9322
"D:/Skald_TurnBasedStrategy_Code/Content/Blueprints/Character/SkaldFactions/Ironlegion/IronLegion_SpearAndShield.uasset" 9323
"D:/Skald_TurnBasedStrategy_Code/Content/Blueprints/Character/SkaldFactions/Ironlegion/IronLegion_DualWield.uasset" 9324
"D:/Skald_TurnBasedStrategy_Code/Content/Blueprints/Character/SkaldFactions/Dwarves/Dwarf_MountedShield.uasset" 9325
"D:/Skald_TurnBasedStrategy_Code/Content/Blueprints/Character/SkaldFactions/Dwarves/Dwarf_ShieldandAxe.uasset" 9326
"/Game/Blueprints/Character/SkaldFactions/Undead/Undead_SpearAndShield" 9327
"/Game/Blueprints/Character/SkaldFactions/Elves/Elf_AncientEnt" 9328
"D:/Skald_TurnBasedStrategy_Code/Content/Blueprints/Character/SkaldFactions/ToadFolk/FrogFolk_ClubAndShield.uasset" 9329
"/Game/Blueprints/Character/SkaldFactions/Orcs/Orc_2hAxe" 9330
"D:/Skald_TurnBasedStrategy_Code/Content/Blueprints/Character/SkaldFactions/Dwarves/Dwarf_2hAxe.uasset" 9331
"D:/Skald_TurnBasedStrategy_Code/Content/Blueprints/Character/SkaldFactions/Humans/Human_ArmoredGriffon.uasset" 9332
"D:/Skald_TurnBasedStrategy_Code/Content/Blueprints/Character/SkaldFactions/Undead/Undead_Mage.uasset" 9333
"/Game/Blueprints/Character/SkaldFactions/Dwarves/Dwarf_Mage" 9334
"/Game/Blueprints/Character/SkaldFactions/Undead/Undead_DualWield" 9335
"D:/Skald_TurnBasedStrategy_Code/Content/Blueprints/Character/SkaldFactions/Gnolls/Gnoll_AxenShield.uasset" 9336
"D:/Skald_TurnBasedStrategy_Code/Content/Blueprints/Character/SkaldFactions/Ironlegion/IronLegion_Mage.uasset" 9337
"/Game/Blueprints/Character/SkaldFactions/Gnolls/Gnoll_Archer" 9338
"D:/Skald_TurnBasedStrategy_Code/Content/Blueprints/Character/SkaldFactions/Orcs/Orc_Archer.uasset" 9339
"/Game/Blueprints/Character/SkaldFactions/ToadFolk/FrogFolk_2hSword" 9340
"D:/Skald_TurnBasedStrategy_Code/Content/Blueprints/Character/SkaldFactions/Orcs/Orc_MountedSpear.uasset" 9341
"/Game/Blueprints/Character/SkaldFactions/Ironlegion/IronLegion_2hSpear" 9342
"D:/Skald_TurnBasedStrategy_Code/Content/Blueprints/Character/SkaldFactions/Inflicted/Inflicted_SwordnShield.uasset" 9343
"D:/Skald_TurnBasedStrategy_Code/Content/Blueprints/Character/SkaldFactions/LizardFolk/LizardFolk_SwordnShield.uasset" 9344
"D:/Skald_TurnBasedStrategy_Code/Content/Blueprints/Character/SkaldFactions/RavPack/RavPack_MountedShield.uasset" 9345
"/Game/Blueprints/Character/SkaldFactions/Undead/Undead_Archer" 9346
"D:/Skald_TurnBasedStrategy_Code/Content/Blueprints/Character/SkaldFactions/ToadFolk/FrogFolk_SpearAndShield.uasset" 9347
"/Game/Blueprints/Character/SkaldFactions/Orcs/Orc_Mage" 9348
"/Game/Blueprints/Character/SkaldFactions/RavPack/RavPack_MutatedRavager" 9349
"/Game/Blueprints/Character/SkaldFactions/Undead/Undead_MountedShield" 9350
"/Game/Blueprints/Character/SkaldFactions/Orcs/Orc_2hClub" 9351
"/Game/Blueprints/Character/SkaldFactions/Gnolls/Gnoll_2hSpear" 9352
"/Game/Blueprints/Character/SkaldFactions/RavPack/RavPack_MountedSpear" 9353
"/Game/Blueprints/Character/SkaldFactions/RavPack/RavPack_MountedShield" 9354
"/Game/Blueprints/Character/SkaldFactions/LizardFolk/LizardFolk_SwordnShield" 9355
"D:/Skald_TurnBasedStrategy_Code/Content/Blueprints/Character/SkaldFactions/Ironlegion/IronLegion_Juggernaught.uasset" 9356
"D:/Skald_TurnBasedStrategy_Code/Content/Blueprints/Character/SkaldFactions/ToadFolk/FrogFolk_Mage.uasset" 9357
"/Game/Blueprints/Character/SkaldFactions/Inflicted/Inflicted_SwordnShield" 9358
"/Game/Blueprints/Character/SkaldFactions/Orcs/Orc_MountedSpear" 9359
"D:/Skald_TurnBasedStrategy_Code/Content/Blueprints/Character/SkaldFactions/RavPack/RavPack_SpearnShield.uasset" 9360
"D:/Skald_TurnBasedStrategy_Code/Content/Blueprints/Character/SkaldFactions/Humans/Human_MountedShield.uasset" 9361
"/Game/Blueprints/Character/SkaldFactions/Orcs/Orc_Archer" 9362
"/Game/Blueprints/Character/SkaldFactions/ToadFolk/FrogFolk_SpearAndShield" 9363
"D:/Skald_TurnBasedStrategy_Code/Content/Blueprints/Character/SkaldFactions/LizardFolk/LizardFolk_2hClub.uasset" 9364
"/Game/Blueprints/Character/SkaldFactions/Gnolls/Gnoll_AxenShield" 9365
"/Game/Blueprints/Character/SkaldFactions/Ironlegion/IronLegion_Mage" 9366
"/Game/Blueprints/Character/SkaldFactions/Humans/Human_ArmoredGriffon" 9367
"D:/Skald_TurnBasedStrategy_Code/Content/Blueprints/Character/SkaldFactions/RavPack/RavPack_Archer.uasset" 9368
"D:/Skald_TurnBasedStrategy_Code/Content/Blueprints/Character/SkaldFactions/Humans/Human_MountedSpear.uasset" 9369
"D:/Skald_TurnBasedStrategy_Code/Content/Blueprints/Character/SkaldFactions/Inflicted/Inflicted_Beholder.uasset" 9370
"/Game/Blueprints/Character/SkaldFactions/Dwarves/Dwarf_2hAxe" 9371
"D:/Skald_TurnBasedStrategy_Code/Content/Blueprints/Character/SkaldFactions/LizardFolk/LizardFolk_Archer.uasset" 9372
"/Game/Blueprints/Character/SkaldFactions/Undead/Undead_Mage" 9373
"/Game/Blueprints/Character/SkaldFactions/ToadFolk/FrogFolk_ClubAndShield" 9374
"D:/Skald_TurnBasedStrategy_Code/Content/Blueprints/Character/SkaldFactions/LizardFolk/LizardFolk_2hSpear.uasset" 9375
"/Game/Blueprints/Character/SkaldFactions/Dwarves/Dwarf_MountedShield" 9376
"D:/Skald_TurnBasedStrategy_Code/Content/Blueprints/Character/SkaldFactions/Orcs/Orc_AxenShield.uasset" 9377
"D:/Skald_TurnBasedStrategy_Code/Content/Blueprints/Character/SkaldFactions/Ironlegion/IronLegion_MountedShield.uasset" 9378
"/Game/Blueprints/Character/SkaldFactions/Ironlegion/IronLegion_SpearAndShield" 9379
"D:/Skald_TurnBasedStrategy_Code/Content/Blueprints/Character/SkaldFactions/LizardFolk/LizardFolk_Ziller.uasset" 9380
"D:/Skald_TurnBasedStrategy_Code/Content/Blueprints/Character/SkaldFactions/Humans/Human_2hAxe.uasset" 9381
"D:/Skald_TurnBasedStrategy_Code/Content/Blueprints/Character/SkaldFactions/Undead/Undead_2hMace.uasset" 9382
"/Game/Blueprints/Character/SkaldFactions/Dwarves/Dwarf_ShieldandAxe" 9383
"/Game/Blueprints/Character/SkaldFactions/Ironlegion/IronLegion_DualWield" 9384
"/Game/Blueprints/Character/SkaldFactions/Undead/Undead_2hMace" 9385
"/Game/Blueprints/Character/SkaldFactions/Humans/Human_2hAxe" 9386
"/Game/Blueprints/Character/SkaldFactions/LizardFolk/LizardFolk_Ziller" 9387
"D:/Skald_TurnBasedStrategy_Code/Content/Blueprints/Character/SkaldFactions/RavPack/RavPack_2hSword.uasset" 9388
"/Game/Blueprints/Character/SkaldFactions/Ironlegion/IronLegion_MountedShield" 9389
"/Game/Blueprints/Character/SkaldFactions/LizardFolk/LizardFolk_2hSpear" 9390
"D:/Skald_TurnBasedStrategy_Code/Content/Blueprints/Character/SkaldFactions/Humans/Human_Archer.uasset" 9391
"D:/Skald_TurnBasedStrategy_Code/Content/Blueprints/Character/SkaldFactions/Ironlegion/IronLegion_SwordAndShield.uasset" 9392
"/Game/Blueprints/Character/SkaldFactions/Orcs/Orc_AxenShield" 9393
"/Game/Blueprints/Character/SkaldFactions/LizardFolk/LizardFolk_Archer" 9394
"/Game/Blueprints/Character/SkaldFactions/Inflicted/Inflicted_Beholder" 9395
"D:/Skald_TurnBasedStrategy_Code/Content/Blueprints/Character/SkaldFactions/RavPack/RavPack_2hSpear.uasset" 9396
"/Game/Blueprints/Character/SkaldFactions/RavPack/RavPack_Archer" 9397
"D:/Skald_TurnBasedStrategy_Code/Content/Blueprints/Character/SkaldFactions/Inflicted/Inflicted_Mage.uasset" 9398
"/Game/Blueprints/Character/SkaldFactions/Humans/Human_MountedSpear" 9399
"/Game/Blueprints/Character/SkaldFactions/LizardFolk/LizardFolk_2hClub" 9400
"/Game/Blueprints/Character/SkaldFactions/RavPack/RavPack_SpearnShield" 9401
"D:/Skald_TurnBasedStrategy_Code/Content/Blueprints/Character/SkaldFactions/Dwarves/Dwarf_2hMace.uasset" 9402
"D:/Skald_TurnBasedStrategy_Code/Content/Blueprints/Character/SkaldFactions/Undead/Undead_SwordAndShield.uasset" 9403
"D:/Skald_TurnBasedStrategy_Code/Content/Blueprints/Character/SkaldFactions/Elves/Elf_Mage.uasset" 9404
"/Game/Blueprints/Character/SkaldFactions/Humans/Human_MountedShield" 9405
"/Game/Blueprints/Character/SkaldFactions/ToadFolk/FrogFolk_Mage" 9406
"/Game/Blueprints/Character/SkaldFactions/Ironlegion/IronLegion_Juggernaught" 9407
"D:/Skald_TurnBasedStrategy_Code/Content/Blueprints/Character/SkaldFactions/Elves/Elf_SpearAndShield.uasset" 9408
"/Game/Blueprints/Character/SkaldFactions/Elves/Elf_SpearAndShield" 9409
"D:/Skald_TurnBasedStrategy_Code/Content/Blueprints/Character/SkaldFactions/Elves/Elf_2hSword.uasset" 9410
"/Game/Blueprints/Character/SkaldFactions/Ironlegion/IronLegion_SwordAndShield" 9411
"D:/Skald_TurnBasedStrategy_Code/Content/Blueprints/Character/SkaldFactions/Gnolls/Gnoll_Mage.uasset" 9412
"/Game/Blueprints/Character/SkaldFactions/Elves/Elf_Mage" 9413
"/Game/Blueprints/Character/SkaldFactions/Dwarves/Dwarf_2hMace" 9414
"D:/Skald_TurnBasedStrategy_Code/Content/Blueprints/Character/SkaldFactions/Inflicted/Inflicted_MountedShield.uasset" 9415
"D:/Skald_TurnBasedStrategy_Code/Content/Blueprints/Character/SkaldFactions/Gnolls/Gnoll_2hHammer.uasset" 9416
"D:/Skald_TurnBasedStrategy_Code/Content/Blueprints/Character/SkaldFactions/Orcs/Orc_Hydra.uasset" 9417
"/Game/Blueprints/Character/SkaldFactions/Undead/Undead_SwordAndShield" 9418
"D:/Skald_TurnBasedStrategy_Code/Content/Blueprints/Character/SkaldFactions/Dwarves/Dwarf_DualWield.uasset" 9419
"/Game/Blueprints/Character/SkaldFactions/RavPack/RavPack_2hSpear" 9420
"D:/Skald_TurnBasedStrategy_Code/Content/Blueprints/Character/SkaldFactions/Elves/Elf_2hSpear.uasset" 9421
"/Game/Blueprints/Character/SkaldFactions/Inflicted/Inflicted_Mage" 9422
"D:/Skald_TurnBasedStrategy_Code/Content/Blueprints/Character/SkaldFactions/LizardFolk/LizardFolk_Mage.uasset" 9423
"D:/Skald_TurnBasedStrategy_Code/Content/Blueprints/Character/SkaldFactions/Humans/Human_2hSword.uasset" 9424
"/Game/Blueprints/Character/SkaldFactions/Humans/Human_Archer" 9425
"D:/Skald_TurnBasedStrategy_Code/Content/Blueprints/Character/SkaldFactions/Ironlegion/IronLegion_2hSword.uasset" 9426
"/Game/Blueprints/Character/SkaldFactions/RavPack/RavPack_2hSword" 9427
"D:/Skald_TurnBasedStrategy_Code/Content/Blueprints/Character/SkaldFactions/Elves/Elf_SwordAndShield.uasset" 9428
"D:/Skald_TurnBasedStrategy_Code/Content/Blueprints/Character/SkaldFactions/Humans/Human_DualWield.uasset" 9429
"D:/Skald_TurnBasedStrategy_Code/Content/Blueprints/Character/SkaldFactions/Elves/Elf_Mounted_Shield.uasset" 9430
"D:/Skald_TurnBasedStrategy_Code/Content/Blueprints/Character/SkaldFactions/Dwarves/Dwarf_MountedSpear.uasset" 9431
"/Game/Blueprints/Character/SkaldFactions/Elves/Elf_2hSpear" 9432
"D:/Skald_TurnBasedStrategy_Code/Content/Blueprints/Character/SkaldFactions/Orcs/Orc_MountedShield.uasset" 9433
"D:/Skald_TurnBasedStrategy_Code/Content/Blueprints/Character/SkaldFactions/Gnolls/Gnoll_Cerebane.uasset" 9434
"D:/Skald_TurnBasedStrategy_Code/Content/Blueprints/Character/SkaldFactions/ToadFolk/FrogFolk_MountedShield.uasset" 9435
"D:/Skald_TurnBasedStrategy_Code/Content/Blueprints/Character/SkaldFactions/Elves/Elf_Mounted_Spear.uasset" 9436
"/Game/Blueprints/Character/SkaldFactions/Dwarves/Dwarf_DualWield" 9437
"D:/Skald_TurnBasedStrategy_Code/Content/Blueprints/Character/SkaldFactions/LizardFolk/LizardFolk_SpearnShield.uasset" 9438
"D:/Skald_TurnBasedStrategy_Code/Content/Blueprints/Character/SkaldFactions/Dwarves/Dwarf_Archer.uasset" 9439
"/Game/Blueprints/Character/SkaldFactions/Humans/Human_2hSword" 9440
"D:/Skald_TurnBasedStrategy_Code/Content/Blueprints/Character/SkaldFactions/Humans/Human_SwordandShield.uasset" 9441
"/Game/Blueprints/Character/SkaldFactions/Orcs/Orc_Hydra" 9442
"D:/Skald_TurnBasedStrategy_Code/Content/Blueprints/Character/SkaldFactions/ToadFolk/FrogFolk_DualWield.uasset" 9443
"D:/Skald_TurnBasedStrategy_Code/Content/Blueprints/Character/SkaldFactions/Inflicted/Inflicted_Archer.uasset" 9444
"/Game/Blueprints/Character/SkaldFactions/Gnolls/Gnoll_2hHammer" 9445
"D:/Skald_TurnBasedStrategy_Code/Content/Blueprints/Character/SkaldFactions/Inflicted/Inflicted_2hSpear.uasset" 9446
"/Game/Blueprints/Character/SkaldFactions/Gnolls/Gnoll_Mage" 9447
"D:/Skald_TurnBasedStrategy_Code/Content/Blueprints/Character/SkaldFactions/Ironlegion/IronLegion_MountedSpear.uasset" 9448
"D:/Skald_TurnBasedStrategy_Code/Content/Blueprints/Character/SkaldFactions/RavPack/RavPack_DualWield.uasset" 9449
"D:/Skald_TurnBasedStrategy_Code/Content/Blueprints/Character/SkaldFactions/ToadFolk/FrogFolk_Archer.uasset" 9450
"/Game/Blueprints/Character/SkaldFactions/Elves/Elf_2hSword" 9451
"D:/Skald_TurnBasedStrategy_Code/Content/Blueprints/Character/SkaldFactions/Elves/Elf_Archer.uasset" 9452
"/Game/Blueprints/Character/SkaldFactions/Inflicted/Inflicted_MountedShield" 9453
"/Game/Blueprints/Character/SkaldFactions/Humans/Human_DualWield" 9454
"D:/Skald_TurnBasedStrategy_Code/Content/Blueprints/Character/SkaldFactions/Ironlegion/IronLegion_Archer.uasset" 9455
"D:/Skald_TurnBasedStrategy_Code/Content/Blueprints/Character/SkaldFactions/Inflicted/Inflicted_MountedSpear.uasset" 9456
"/Game/Blueprints/Character/SkaldFactions/Dwarves/Dwarf_MountedSpear" 9457
"D:/Skald_TurnBasedStrategy_Code/Content/Blueprints/Character/SkaldFactions/Undead/Undead_MountedSpear.uasset" 9458
"/Game/Blueprints/Character/SkaldFactions/Elves/Elf_Mounted_Shield" 9459
"/Game/Blueprints/Character/SkaldFactions/Elves/Elf_SwordAndShield" 9460
"/Game/Blueprints/Character/SkaldFactions/Ironlegion/IronLegion_2hSword" 9461
"D:/Skald_TurnBasedStrategy_Code/Content/Blueprints/Character/SkaldFactions/Elves/Elf_DualWield.uasset" 9462
"/Game/Blueprints/Character/SkaldFactions/LizardFolk/LizardFolk_Mage" 9463
"/Game/Blueprints/Character/SkaldFactions/Inflicted/Inflicted_Archer" 9464
"/Game/Blueprints/Character/SkaldFactions/ToadFolk/FrogFolk_DualWield" 9465
"/Game/Blueprints/Character/SkaldFactions/Humans/Human_SwordandShield" 9466
"/Game/Blueprints/Character/SkaldFactions/Elves/Elf_DualWield" 9467
"D:/Skald_TurnBasedStrategy_Code/Content/Blueprints/Character/SkaldFactions/Gnolls/Gnoll_DualWield.uasset" 9468
"/Game/Blueprints/Character/SkaldFactions/LizardFolk/LizardFolk_SpearnShield" 9469
"/Game/Blueprints/Character/SkaldFactions/Dwarves/Dwarf_Archer" 9470
"D:/Skald_TurnBasedStrategy_Code/Content/Blueprints/Character/SkaldFactions/Dwarves/Dwarf_ShieldandSpear.uasset" 9471
"D:/Skald_TurnBasedStrategy_Code/Content/Blueprints/Character/SkaldFactions/LizardFolk/LizardFolk_MountedSpear.uasset" 9472
"/Game/Blueprints/Character/SkaldFactions/Elves/Elf_Mounted_Spear" 9473
"D:/Skald_TurnBasedStrategy_Code/Content/Blueprints/Character/SkaldFactions/ToadFolk/FrogFolk_Titantoad.uasset" 9474
"/Game/Blueprints/Character/SkaldFactions/Undead/Undead_MountedSpear" 9475
"D:/Skald_TurnBasedStrategy_Code/Content/Blueprints/Character/SkaldFactions/Gnolls/Gnoll_SpearShield.uasset" 9476
"/Game/Blueprints/Character/SkaldFactions/ToadFolk/FrogFolk_MountedShield" 9477
"/Game/Blueprints/Character/SkaldFactions/Gnolls/Gnoll_Cerebane" 9478
"../../../Engine/Content/Functions/Engine_MaterialFunctions01/Texturing/TextureBomb_SingleSample.uasset" 9479
"D:/Skald_TurnBasedStrategy_Code/Content/Blueprints/Character/SkaldFactions/ToadFolk/FrogFolk_2hCLub.uasset" 9480
"/Game/Blueprints/Character/SkaldFactions/Orcs/Orc_MountedShield" 9481
"/Game/Blueprints/Character/SkaldFactions/Ironlegion/IronLegion_Archer" 9482
"D:/Skald_TurnBasedStrategy_Code/Content/Blueprints/Maps/Skald_Lobby.umap" 9483
"/Game/Blueprints/Character/SkaldFactions/Inflicted/Inflicted_MountedSpear" 9484
"D:/Skald_TurnBasedStrategy_Code/Content/M4/Foliage/Plants/Materials/Bushes/BushMasterMat.uasset" 9485
"D:/Skald_TurnBasedStrategy_Code/Content/M4/Foliage/Plants/Materials/Flowers/FlowerMat-Master.uasset" 9486
"/Game/Blueprints/Character/SkaldFactions/Elves/Elf_Archer" 9487
"D:/Skald_TurnBasedStrategy_Code/Content/M4/Foliage/Plants/Materials/Grass/HQ_Grass/AGS-GrassMaster.uasset" 9488
"D:/Skald_TurnBasedStrategy_Code/Content/M4/Foliage/Plants/Materials/Grass/HQ_Grass/AGS-GrassMaster-Standard.uasset" 9489
"/Game/Blueprints/Character/SkaldFactions/Ironlegion/IronLegion_MountedSpear" 9490
"D:/Skald_TurnBasedStrategy_Code/Content/M4/Foliage/Plants/Materials/CatTails/SplinePlantMasterMat.uasset" 9491
"/Game/Blueprints/Character/SkaldFactions/RavPack/RavPack_DualWield" 9492
"/Game/Blueprints/Character/SkaldFactions/Inflicted/Inflicted_2hSpear" 9493
"/Game/Blueprints/Character/SkaldFactions/ToadFolk/FrogFolk_Archer" 9494
"/Game/M4/Foliage/Plants/Materials/CatTails/SplinePlantMasterMat" 9495
"/Game/M4/Foliage/Plants/Materials/Grass/HQ_Grass/AGS-GrassMaster-Standard" 9496
"D:/Skald_TurnBasedStrategy_Code/Content/M4/Foliage/Plants/Materials/CatTails/SplineStemMasterMat.uasset" 9497
"/Game/M4/Foliage/Plants/Materials/Grass/HQ_Grass/AGS-GrassMaster" 9498
"D:/Skald_TurnBasedStrategy_Code/Content/M4/Foliage/Plants/Materials/Leaf/LeafMat.uasset" 9499
"D:/Skald_TurnBasedStrategy_Code/Content/M4/Blueprints/SystemResources/General/MapInitialization/PrepareLandscapeMat_Inst.uasset" 9500
"/Game/M4/Foliage/Plants/Materials/Bushes/BushMasterMat" 9501
"/Game/M4/Foliage/Plants/Materials/Flowers/FlowerMat-Master" 9502
"D:/Skald_TurnBasedStrategy_Code/Content/M4/Materials/PresetInstances/Tundra/HF/HF_ProxyMat_Tundra_Inst.uasset" 9503
"D:/Skald_TurnBasedStrategy_Code/Content/M4/Materials/PresetInstances/Island/HF/HF_ProxyMat_Island_Inst.uasset" 9504
"/Game/Blueprints/Maps/Skald_Lobby" 9505
"../../../Engine/Content/OpenWorldTemplate/LandscapeMaterial/MI_ProcGrid.uasset" 9506
"D:/Skald_TurnBasedStrategy_Code/Content/M4/Materials/PresetInstances/Desert/HF/HF_ProxyMat_Desert_Inst.uasset" 9507
"../../../../Skald_TurnBasedStrategy_Code/Content/Blueprints/Maps/Skald_Lobby.umap" 9508
"/Engine/Functions/Engine_MaterialFunctions01/Texturing/TextureBomb_SingleSample" 9509
"D:/Skald_TurnBasedStrategy_Code/Content/M4/Materials/PaintLayers/Custom02Layer.uasset" 9510
"/Game/Blueprints/Character/SkaldFactions/ToadFolk/FrogFolk_2hCLub" 9511
"/Game/Blueprints/Character/SkaldFactions/Gnolls/Gnoll_SpearShield" 9512
"/Game/Blueprints/Character/SkaldFactions/ToadFolk/FrogFolk_Titantoad" 9513
"D:/Skald_TurnBasedStrategy_Code/Content/Blueprints/Character/SkaldFactions/Gnolls/Gnoll_MountedShield.uasset" 9514
"/Game/Blueprints/Character/SkaldFactions/Dwarves/Dwarf_ShieldandSpear" 9515
"D:/Skald_TurnBasedStrategy_Code/Content/M4/Materials/MasterMaterials/Functions/ProceduralFoliageMasking.uasset" 9516
"D:/Skald_TurnBasedStrategy_Code/Content/M4/Materials/PaintLayers/Custom01Layer.uasset" 9517
"D:/Skald_TurnBasedStrategy_Code/Content/M4/Materials/MasterMaterials/Functions/VHFM/AutoMaterialSlope-VHFM.uasset" 9518
"D:/Skald_TurnBasedStrategy_Code/Content/M4/Materials/MasterMaterials/Functions/SplatmapMaterialSlope.uasset" 9519
"D:/Skald_TurnBasedStrategy_Code/Content/M4/Materials/MasterMaterials/Functions/AutoMaterialSlope.uasset" 9520
"D:/Skald_TurnBasedStrategy_Code/Content/M4/Foliage/Plants/Materials/Grass/ShortGrass/BillboardPolyGrass-Short_INST3.uasset" 9521
"D:/Skald_TurnBasedStrategy_Code/Content/M4/Foliage/Plants/Materials/Clovers/CloverTop_Inst.uasset" 9522
"D:/Skald_TurnBasedStrategy_Code/Content/M4/Foliage/Plants/Materials/Grass/ShortGrass/BillboardPolyGrass-Short_INST2.uasset" 9523
"D:/Skald_TurnBasedStrategy_Code/Content/M4/Foliage/Plants/Materials/Grass/ShortGrass/MaskedGrassMaster_Inst.uasset" 9524
"D:/Skald_TurnBasedStrategy_Code/Content/M4/Foliage/Plants/Materials/Grass/ShortGrass/MaskedGrassMaster_Inst1.uasset" 9525
"/Game/Blueprints/Character/SkaldFactions/LizardFolk/LizardFolk_MountedSpear" 9526
"/Game/Blueprints/Character/SkaldFactions/Gnolls/Gnoll_DualWield" 9527
"/Game/M4/Foliage/Plants/Materials/Grass/ShortGrass/MaskedGrassMaster_Inst1" 9528
"/Game/M4/Foliage/Plants/Materials/Grass/ShortGrass/MaskedGrassMaster_Inst" 9529
"/Game/M4/Foliage/Plants/Materials/Grass/ShortGrass/BillboardPolyGrass-Short_INST3" 9530
"/Game/M4/Foliage/Plants/Materials/Grass/ShortGrass/BillboardPolyGrass-Short_INST2" 9531
"D:/Skald_TurnBasedStrategy_Code/Content/M4/Blueprints/SystemResources/Heightfield/Meshes/VirtualHeightfieldIcon.uasset" 9532
"D:/Skald_TurnBasedStrategy_Code/Content/M4/Blueprints/SystemResources/MagicMapMaterialBP/Meshes/M3BP_Text.uasset" 9533
"/Game/M4/Foliage/Plants/Materials/Clovers/CloverTop_Inst" 9534
"/Game/M4/Materials/MasterMaterials/Functions/AutoMaterialSlope" 9535
"/Game/M4/Materials/MasterMaterials/Functions/VHFM/AutoMaterialSlope-VHFM" 9536
"D:/Skald_TurnBasedStrategy_Code/Content/M4/Blueprints/SystemResources/Env/Lighting/LightingBPIcon.uasset" 9537
"/Game/M4/Materials/MasterMaterials/Functions/SplatmapMaterialSlope" 9538
"/Game/M4/Materials/MasterMaterials/Functions/ProceduralFoliageMasking" 9539
"D:/Skald_TurnBasedStrategy_Code/Content/M4/Foliage/Rocks/Meshes/SmallRocks/SmallRockGroup03.uasset" 9540
"/Game/M4/Materials/PaintLayers/Custom01Layer" 9541
"/Game/M4/Materials/PaintLayers/Custom02Layer" 9542
"/Game/Blueprints/Character/SkaldFactions/Gnolls/Gnoll_MountedShield" 9543
"D:/Skald_TurnBasedStrategy_Code/Content/M4/Foliage/Rocks/Meshes/SmallRocks/SmallRock03.uasset" 9544
"D:/Skald_TurnBasedStrategy_Code/Content/M4/Foliage/Rocks/Meshes/SmallRocks/SmallRock02.uasset" 9545
"/Engine/OpenWorldTemplate/LandscapeMaterial/MI_ProcGrid" 9546
"/Game/M4/Materials/PresetInstances/Desert/HF/HF_ProxyMat_Desert_Inst" 9547
"D:/Skald_TurnBasedStrategy_Code/Content/M4/Foliage/Rocks/Meshes/SmallRocks/SmallRockGroup01.uasset" 9548
"D:/Skald_TurnBasedStrategy_Code/Content/M4/Foliage/Rocks/Meshes/SmallRocks/SmallRock01.uasset" 9549
"D:/Skald_TurnBasedStrategy_Code/Content/M4/Blueprints/SystemResources/MagicMapMaterialBP/Meshes/M3BP_ImageMesh.uasset" 9550
"D:/Skald_TurnBasedStrategy_Code/Content/M4/Foliage/Rocks/Meshes/SmallRocks/SmallRockGroup02.uasset" 9551
"D:/Skald_TurnBasedStrategy_Code/Content/Blueprints/Obstacles/Tents/GridObstacle_TentTeal_01.uasset" 9552
"D:/Skald_TurnBasedStrategy_Code/Content/M4/Foliage/Plants/Materials/CatTails/SimpleLODMasterMat_Inst.uasset" 9553
"D:/Skald_TurnBasedStrategy_Code/Content/M4/Foliage/Plants/Materials/Bushes/SimpleLODMasterMat_Inst1.uasset" 9554
"/Game/M4/Materials/PresetInstances/Island/HF/HF_ProxyMat_Island_Inst" 9555
"/Game/M4/Materials/PresetInstances/Tundra/HF/HF_ProxyMat_Tundra_Inst" 9556
"/Game/M4/Blueprints/SystemResources/General/MapInitialization/PrepareLandscapeMat_Inst" 9557
"/Game/M4/Foliage/Plants/Materials/Leaf/LeafMat" 9558
"/Game/M4/Foliage/Plants/Materials/CatTails/SplineStemMasterMat" 9559
"/Game/Blueprints/Obstacles/Tents/GridObstacle_TentTeal_01" 9560
"/Game/M4/Foliage/Plants/Materials/CatTails/SimpleLODMasterMat_Inst" 9561
"/Game/M4/Foliage/Plants/Materials/Bushes/SimpleLODMasterMat_Inst1" 9562
"/Game/M4/Foliage/Rocks/Meshes/SmallRocks/SmallRockGroup02" 9563
"/Game/M4/Foliage/Rocks/Meshes/SmallRocks/SmallRock01" 9564
"/Game/M4/Foliage/Rocks/Meshes/SmallRocks/SmallRockGroup01" 9565
"/Game/M4/Foliage/Rocks/Meshes/SmallRocks/SmallRock02" 9566
"D:/Skald_TurnBasedStrategy_Code/Content/Blueprints/Obstacles/Tents/GridObstacle_Barricade_01.uasset" 9567
"/Game/M4/Foliage/Rocks/Meshes/SmallRocks/SmallRock03" 9568
"/Game/M4/Foliage/Rocks/Meshes/SmallRocks/SmallRockGroup03" 9569
"/Game/M4/Blueprints/SystemResources/Env/Lighting/LightingBPIcon" 9570
"/Game/M4/Blueprints/SystemResources/MagicMapMaterialBP/Meshes/M3BP_ImageMesh" 9571
"D:/Skald_TurnBasedStrategy_Code/Content/Blueprints/Obstacles/Tents/GridObstacle_Banner_01.uasset" 9572
"D:/Skald_TurnBasedStrategy_Code/Content/Blueprints/Obstacles/Tents/GridObstacle_TenStriped_01.uasset" 9573
"D:/Skald_TurnBasedStrategy_Code/Content/Blueprints/Obstacles/Tents/GridObstacle_CampFire_01.uasset" 9574
"D:/Skald_TurnBasedStrategy_Code/Content/Blueprints/Obstacles/Tents/GridObstacle_TentStriped_03.uasset" 9575
"/Game/M4/Blueprints/SystemResources/MagicMapMaterialBP/Meshes/M3BP_Text" 9576
"/Game/M4/Blueprints/SystemResources/Heightfield/Meshes/VirtualHeightfieldIcon" 9577
"D:/Skald_TurnBasedStrategy_Code/Content/Blueprints/Obstacles/Tents/GridObstacle_TentStriped_02.uasset" 9578
"/Game/Blueprints/Obstacles/Tents/GridObstacle_TentStriped_02" 9579
"D:/Skald_TurnBasedStrategy_Code/Content/Blueprints/Obstacles/Tents/GridObstacle_TentRed_03.uasset" 9580
"/Game/Blueprints/Obstacles/Tents/GridObstacle_TentStriped_03" 9581
"/Game/Blueprints/Obstacles/Tents/GridObstacle_TenStriped_01" 9582
"/Game/Blueprints/Obstacles/Tents/GridObstacle_CampFire_01" 9583
"D:/Skald_TurnBasedStrategy_Code/Content/Blueprints/Obstacles/Tents/GridObstacle_TenRed_02.uasset" 9584
"/Game/Blueprints/Obstacles/Tents/GridObstacle_Banner_01" 9585
"D:/Skald_TurnBasedStrategy_Code/Content/Blueprints/Obstacles/Tents/GridObstacle_TentRed_01.uasset" 9586
"/Game/Blueprints/Obstacles/Tents/GridObstacle_Barricade_01" 9587
"/Game/Blueprints/Obstacles/Tents/GridObstacle_TentRed_01" 9588
"D:/Skald_TurnBasedStrategy_Code/Content/Additions/Realistic_Starter_VFX_Pack_Vol2/Particles/Blood/P_Blood_Splat_Cone_Converted.uasset" 9589
"/Game/Blueprints/Obstacles/Tents/GridObstacle_TenRed_02" 9590
"D:/Skald_TurnBasedStrategy_Code/Content/DataTables/FighterTable.uasset" 9591
"/Game/Blueprints/Obstacles/Tents/GridObstacle_TentRed_03" 9592
"D:/Skald_TurnBasedStrategy_Code/Content/M4/Materials/MasterMaterials/Functions/TilingReduction/CustomTexture_Bombing.uasset" 9593
"/Game/M4/Materials/MasterMaterials/Functions/TilingReduction/CustomTexture_Bombing" 9594
"/Game/DataTables/FighterTable" 9595
"D:/Skald_TurnBasedStrategy_Code/Content/M4/Foliage/Plants/Materials/Flowers/FlowerTopMat-Master_Inst.uasset" 9596
"D:/Skald_TurnBasedStrategy_Code/Content/M4/Foliage/Plants/Materials/Bushes/BushMasterMat_Inst.uasset" 9597
"/Game/Additions/Realistic_Starter_VFX_Pack_Vol2/Particles/Blood/P_Blood_Splat_Cone_Converted" 9598
"D:/Skald_TurnBasedStrategy_Code/Content/M4/Foliage/Plants/Materials/Flowers/FlowerTopMat-Master_Inst2.uasset" 9599
"D:/Skald_TurnBasedStrategy_Code/Content/M4/Foliage/Plants/Materials/Grass/HQ_Grass/AGS-GrassMaster_Inst1.uasset" 9600
"D:/Skald_TurnBasedStrategy_Code/Content/M4/Foliage/Plants/Materials/Grass/HQ_Grass/AGS-GrassMasterStandard_Inst.uasset" 9601
"D:/Skald_TurnBasedStrategy_Code/Content/M4/Foliage/Plants/Materials/CatTails/CatTail_Top_Inst.uasset" 9602
"D:/Skald_TurnBasedStrategy_Code/Content/M4/Foliage/Plants/Materials/CatTails/CatTail_Stem_Inst.uasset" 9603
"D:/Skald_TurnBasedStrategy_Code/Content/M4/Blueprints/SystemResources/Heightfield/Meshes/Plane_512Poly.uasset" 9604
"D:/Skald_TurnBasedStrategy_Code/Content/M4/Blueprints/SystemResources/Heightfield/Meshes/Plane_8kPoly.uasset" 9605
"D:/Skald_TurnBasedStrategy_Code/Content/M4/Blueprints/SystemResources/Heightfield/Meshes/Plane_2kPoly.uasset" 9606
"D:/Skald_TurnBasedStrategy_Code/Content/M4/Blueprints/SystemResources/Heightfield/Meshes/Plane_32kPoly.uasset" 9607
"D:/Skald_TurnBasedStrategy_Code/Content/M4/Blueprints/SystemResources/Heightfield/Meshes/Plane_128Poly.uasset" 9608
"../../Plugins/FX/Niagara/Content/DefaultAssets/Templates/CascadeConversion/CompletelyEmpty.uasset" 9609
"D:/Skald_TurnBasedStrategy_Code/Content/Blueprints/Maps/EndScreen.umap" 9610
"D:/Skald_TurnBasedStrategy_Code/Content/M4/Foliage/Plants/Materials/Clovers/CloverTop_Inst1.uasset" 9611
"D:/Skald_TurnBasedStrategy_Code/Content/M4/Foliage/Plants/Meshes/Grass/GroundCover/MossTest.uasset" 9612
"../../Plugins/FX/Niagara/Content/DynamicInputs/Angles/AngleConversion.uasset" 9613
"D:/Skald_TurnBasedStrategy_Code/Content/M4/Foliage/Plants/Meshes/Grass/GroundCover/LowPolyShortLawnGrass.uasset" 9614
"D:/Skald_TurnBasedStrategy_Code/Content/M4/Foliage/Plants/Meshes/Grass/GroundCover/LowPolyLawnGrass2.uasset" 9615
"D:/Skald_TurnBasedStrategy_Code/Content/C++_BPs/Skald_GridBattleManager.uasset" 9616
"D:/Skald_TurnBasedStrategy_Code/Content/M4/Blueprints/WorldLightingBP.uasset" 9617
"../../Plugins/FX/Niagara/Content/DynamicInputs/Clamp/ClampFloat.uasset" 9618
"D:/Skald_TurnBasedStrategy_Code/Content/M4/Foliage/ProceduralPlacers/Island/Island_FlatlandB.uasset" 9619
"D:/Skald_TurnBasedStrategy_Code/Content/M4/Materials/MasterMaterials/Functions/FlatlandA.uasset" 9620
"D:/Skald_TurnBasedStrategy_Code/Content/M4/Foliage/Plants/Materials/Flowers/FlowerStemMaster_Inst.uasset" 9621
"D:/Skald_TurnBasedStrategy_Code/Content/M4/Foliage/Plants/Materials/Leaf/Leaf_Inst.uasset" 9622
"D:/Skald_TurnBasedStrategy_Code/Content/M4/Foliage/Plants/Meshes/Bushes/BabyBush01.uasset" 9623
"D:/Skald_TurnBasedStrategy_Code/Content/M4/Foliage/Plants/Materials/Bushes/BushMasterMat_Inst_Inst.uasset" 9624
"D:/Skald_TurnBasedStrategy_Code/Content/M4/Materials/MasterMaterials/Functions/VHFM/FlatlandA-VHFM.uasset" 9625
"../../Plugins/FX/Niagara/Content/DynamicInputs/LinearColor/MakeLinearColorFromVectorAndFloat.uasset" 9626
"D:/Skald_TurnBasedStrategy_Code/Content/M4/Foliage/Plants/Materials/Bushes/BushMasterMat_Inst_Inst1.uasset" 9627
"../../Plugins/FX/Niagara/Content/DynamicInputs/Multiply/Multiply_Vector.uasset" 9628
"D:/Skald_TurnBasedStrategy_Code/Content/M4/Materials/MasterMaterials/Functions/FlatlandB.uasset" 9629
"../../Plugins/FX/Niagara/Content/DynamicInputs/UniformRange/V2/RandomRangeFloat.uasset" 9630
"../../Plugins/FX/Niagara/Content/DynamicInputs/UniformRange/V2/RandomRangeInt.uasset" 9631
"../../Plugins/FX/Niagara/Content/DynamicInputs/UniformRange/V2/RandomRangeVector2D.uasset" 9632
"../../Plugins/FX/Niagara/Content/DynamicInputs/ValueFromCurve/FloatFromCurve.uasset" 9633
"../../Plugins/FX/Niagara/Content/DynamicInputs/ValueFromCurve/Vector2DFromCurve.uasset" 9634
"../../Plugins/FX/Niagara/Content/DynamicInputs/ValueFromCurve/VectorFromCurve.uasset" 9635
"../../Plugins/FX/Niagara/Content/Modules/Emitter/EmitterState.uasset" 9636
"../../Plugins/FX/Niagara/Content/Modules/Emitter/SpawnBurst_Instantaneous.uasset" 9637
"../../Plugins/FX/Niagara/Content/Modules/Solvers/SolveForcesAndVelocity.uasset" 9638
"../../Plugins/FX/Niagara/Content/Modules/Spawn/Initialization/V2/InitializeParticle.uasset" 9639
"../../Plugins/FX/Niagara/Content/Modules/System/SystemState.uasset" 9640
"../../Plugins/FX/Niagara/Content/Modules/Update/Color/Color.uasset" 9641
"../../Plugins/FX/Niagara/Content/Modules/Update/Forces/AccelerationForce.uasset" 9642
"../../Plugins/FX/Niagara/Content/Modules/Update/Forces/Drag.uasset" 9643
"../../Plugins/FX/Niagara/Content/Modules/Update/Lifetime/ParticleState.uasset" 9644
"../../Plugins/FX/Niagara/Content/Modules/Update/Orientation/SpriteRotationRate.uasset" 9645
"../../Plugins/FX/Niagara/Content/Modules/Update/Size/ScaleSpriteSize.uasset" 9646
"../../Plugins/FX/Niagara/Content/Modules/Update/Size/ScaleSpriteSizeBySpeed.uasset" 9647
"../../Plugins/FX/Niagara/Content/Modules/Update/SubUV/SubUVAnimation.uasset" 9648
"../../Plugins/FX/Niagara/Content/Enums/Angles/ENiagara_AngleInput.uasset" 9649
"../../Plugins/FX/Niagara/Content/Enums/ENiagara_ColorInitializationMode.uasset" 9650
"../../Plugins/FX/Niagara/Content/Enums/ENiagara_EmitterStateOptions.uasset" 9651
"../../Plugins/FX/Niagara/Content/Enums/ENiagara_InfiniteLoopDuration.uasset" 9652
"../../Plugins/FX/Niagara/Content/Enums/ENiagara_LifetimeMode.uasset" 9653
"../../Plugins/FX/Niagara/Content/Enums/ENiagara_MassInitializationMode.uasset" 9654
"../../Plugins/FX/Niagara/Content/Enums/ENiagara_PositionInitializationMode.uasset" 9655
"../../Plugins/FX/Niagara/Content/Enums/ENiagara_SizeScaleMode.uasset" 9656
"../../Plugins/FX/Niagara/Content/Enums/ENiagara_SpriteRotationMode.uasset" 9657
"../../Plugins/FX/Niagara/Content/Enums/ENiagara_UVFlippingMode.uasset" 9658
"../../Plugins/FX/Niagara/Content/Enums/ENiagaraChannelCorrelation.uasset" 9659
"../../Plugins/FX/Niagara/Content/Enums/ENiagaraEmitterLifeCycleMode.uasset" 9660
"../../Plugins/FX/Niagara/Content/Enums/ENiagaraEmitterScalabilityMode_Limited.uasset" 9661
"../../Plugins/FX/Niagara/Content/Enums/ENiagaraInactiveMode.uasset" 9662
"../../Plugins/FX/Niagara/Content/Enums/ENiagaraRandomnessEvaluation.uasset" 9663
"../../Plugins/FX/Niagara/Content/Enums/ENiagaraRandomnessMode.uasset" 9664
"../../Plugins/FX/Niagara/Content/Enums/ENiagaraSUbUVAnimationMode.uasset" 9665
"../../Plugins/FX/Niagara/Content/Enums/ENiagaraSystemInactiveMode.uasset" 9666
"../../Plugins/FX/Niagara/Content/Enums/Ribbons/ENiagara_UnsetDirectSet.uasset" 9667
"../../Plugins/FX/Niagara/Content/Enums/Ribbons/ENiagara_UnsetDirectSetRandom.uasset" 9668
"../../Plugins/FX/Niagara/Content/Enums/SpriteRenderer/ENiagara_ScaleSpriteSize.uasset" 9669
"../../Plugins/FX/Niagara/Content/Functions/V2/CalculateRandomRangeFloat.uasset" 9670
"../../Plugins/FX/Niagara/Content/Functions/V2/CalculateRandomRangeInteger.uasset" 9671
"../../Plugins/FX/Niagara/Content/Functions/V2/CalculateRandomRange.uasset" 9672
"../../Plugins/FX/Niagara/Content/Functions/Emitter/EmitterChangeState.uasset" 9673
"../../Plugins/FX/Niagara/Content/Functions/DirectionAndLengthSafe.uasset" 9674
"../../Plugins/FX/Niagara/Content/Functions/Drag/DragVelocity.uasset" 9675
"../../Plugins/FX/Niagara/Content/Functions/Math/CentimeterMeterConversion.uasset" 9676
"../../Plugins/FX/Niagara/Content/Functions/Rotation/MultiplyVectorWithQuaternion.uasset" 9677
"../../Plugins/FX/Niagara/Content/Modules/Solvers/ApplyRotationVector.uasset" 9678
"../../Plugins/FX/Niagara/Content/Icons/Modules/T_Icon_Solver_LimitAccel.uasset" 9679
"../../Plugins/FX/Niagara/Content/Icons/Modules/T_Icon_Solver_LimitSpeed.uasset" 9680
"../../Plugins/FX/Niagara/Content/Icons/Modules/T_Icon_Solver_RotationalSolve.uasset" 9681
"../../Plugins/FX/Niagara/Content/Functions/LinearColor/HueShiftLinearColor.uasset" 9682
"../../Plugins/FX/Niagara/Content/Functions/Localspace/SimulationPosition.uasset" 9683
"../../Plugins/FX/Niagara/Content/Functions/Localspace/TransformVector.uasset" 9684
"../../Plugins/FX/Niagara/Content/Functions/V2/CalculateRandomBool.uasset" 9685
"../../Plugins/FX/Niagara/Content/Functions/System/SystemChangeState.uasset" 9686
"../../Plugins/FX/Niagara/Content/Functions/Math/SaturateFloat.uasset" 9687
"../../Plugins/FX/Niagara/Content/Icons/Modules/T_Icon_Particle_InfiniteLife.uasset" 9688
"../../Plugins/FX/Niagara/Content/Functions/RandomRangeFloat.uasset" 9689
"../../Plugins/FX/Niagara/Content/Functions/Rotation/AxisAngleToQuaternion.uasset" 9690
"../../Plugins/FX/Niagara/Content/Functions/Rotation/MultiplyQuaternion.uasset" 9691
"../../Plugins/FX/Niagara/Content/Functions/Localspace/TransformBase.uasset" 9692
"../../Plugins/FX/Niagara/Content/Functions/GetRandomInfo.uasset" 9693
"/Game/M4/Foliage/Plants/Materials/CatTails/CatTail_Stem_Inst" 9694
"/Game/M4/Blueprints/WorldLightingBP" 9695
"D:/Skald_TurnBasedStrategy_Code/Content/M4/Foliage/Plants/Meshes/Grass/HQ_Grass/GrassClusterB.uasset" 9696
"D:/Skald_TurnBasedStrategy_Code/Content/M4/Foliage/Plants/Meshes/Grass/HQ_Grass/Spline-GrassClusterA.uasset" 9697
"D:/Skald_TurnBasedStrategy_Code/Content/M4/Foliage/Plants/Materials/Grass/HQ_Grass/AGS-GrassMaster_Inst1_Inst.uasset" 9698
"C:/Users/Matrocoles/AppData/Local/Temp/UnrealXGEWorkingDir/DE7615A1492C2737A764628D45383EDE/2-xge.out" 9699
"C:/Users/Matrocoles/AppData/Local/Temp/UnrealXGEWorkingDir/DE7615A1492C2737A764628D45383EDE/1-xge.out" 9700
"C:/Users/Matrocoles/AppData/Local/Temp/UnrealShaderWorkingDir/030D3D7C4D1522DE4BECBE86192CF89F/0/WorkerOutputOnly.out" 9701
"/Engine/EditorResources/EmptyActor" 9702
"../../../Engine/Content/EditorResources/EmptyActor.uasset" 9703
"/Engine/EditorResources/AudioIcons/S_AudioComponent_AutoActivate" 9704
"../../../Engine/Content/EditorResources/AudioIcons/S_AudioComponent_AutoActivate.uasset" 9705
"C:/Users/Matrocoles/AppData/Local/Temp/UnrealXGEWorkingDir/DE7615A1492C2737A764628D45383EDE/4-xge.out" 9706
"C:/Users/Matrocoles/AppData/Local/Temp/UnrealXGEWorkingDir/DE7615A1492C2737A764628D45383EDE/3-xge.out" 9707
"/Game/M4/Foliage/Plants/Meshes/Grass/GroundCover/LowPolyLawnGrass2" 9708
"/Game/M4/Foliage/Plants/Meshes/Grass/GroundCover/LowPolyShortLawnGrass" 9709
"/Game/M4/Foliage/Plants/Materials/CatTails/CatTail_Top_Inst" 9710
"/Game/M4/Foliage/Plants/Meshes/Grass/GroundCover/MossTest" 9711
"/Game/M4/Foliage/Plants/Materials/Clovers/CloverTop_Inst1" 9712
"/Game/Blueprints/Maps/EndScreen" 9713
"../../../../Skald_TurnBasedStrategy_Code/Content/Blueprints/Maps/EndScreen.umap" 9714
"/Game/M4/Foliage/Plants/Materials/Grass/HQ_Grass/AGS-GrassMasterStandard_Inst" 9715
"/Game/M4/Foliage/Plants/Materials/Grass/HQ_Grass/AGS-GrassMaster_Inst1" 9716
"/Game/M4/Foliage/Plants/Materials/Bushes/BushMasterMat_Inst" 9717
"/Game/M4/Foliage/Plants/Materials/Flowers/FlowerTopMat-Master_Inst" 9718
"/Game/M4/Foliage/Plants/Materials/Flowers/FlowerTopMat-Master_Inst2" 9719
"/Game/Additions/Realistic_Starter_VFX_Pack_Vol2/Particles/Destruction/P_Destruction_Ceramic_Converted" 9720
"../../Plugins/FX/Niagara/Content/DynamicInputs/TypeConversions/Vector2DFromFloat.uasset" 9721
"../../Plugins/FX/Niagara/Content/DynamicInputs/UniformRange/V2/RandomRangeVector.uasset" 9722
"../../Plugins/FX/Niagara/Content/Modules/Spawn/Velocity/AddVelocity.uasset" 9723
"../../Plugins/FX/Niagara/Content/Enums/Transforms/ENiagara_RotationMode.uasset" 9724
"../../Plugins/FX/Niagara/Content/Enums/Utility/ENiagara_VelocityMode.uasset" 9725
"../../Plugins/FX/Niagara/Content/Functions/Math/CalculateRandomPointInConeSphereIntersection.uasset" 9726
"../../Plugins/FX/Niagara/Content/Functions/Rotation/AngleUnitConverter.uasset" 9727
"../../Plugins/FX/Niagara/Content/Functions/Rotation/FindQuatBetween.uasset" 9728
"../../Plugins/FX/Niagara/Content/Functions/Rotation/InvertQuaternion.uasset" 9729
"../../Plugins/FX/Niagara/Content/Functions/Rotation/MakeQuaternionFrom3BasisVectors.uasset" 9730
"../../Plugins/FX/Niagara/Content/Functions/Rotation/TransformStack/TransformStack_Rotation.uasset" 9731
"../../Plugins/FX/Niagara/Content/Functions/Rotation/XYZRotationToQuaternion.uasset" 9732
"../../Plugins/FX/Niagara/Content/Functions/V2/CalculateRandomUnitVector.uasset" 9733
"../../Plugins/FX/Niagara/Content/Functions/V2/DistanceBasedFalloff.uasset" 9734
"../../Plugins/FX/Niagara/Content/Functions/Rotation/MatrixToQuaternion.uasset" 9735
"../../Plugins/FX/Niagara/Content/Functions/NormalizeDistanceRange.uasset" 9736
"/Game/M4/Blueprints/SystemResources/Heightfield/Meshes/Plane_128Poly" 9737
"/Game/M4/Foliage/Plants/Materials/Bushes/BushMasterMat_Inst_Inst1" 9738
"/Game/M4/Foliage/Plants/Materials/Bushes/BushMasterMat_Inst_Inst" 9739
"/Game/M4/Blueprints/SystemResources/Heightfield/Meshes/Plane_32kPoly" 9740
"C:/Users/Matrocoles/AppData/Local/Temp/UnrealXGEWorkingDir/DE7615A1492C2737A764628D45383EDE/7-xge.out" 9741
"C:/Users/Matrocoles/AppData/Local/Temp/UnrealXGEWorkingDir/DE7615A1492C2737A764628D45383EDE/8-xge.out" 9742
"C:/Users/Matrocoles/AppData/Local/Temp/UnrealXGEWorkingDir/DE7615A1492C2737A764628D45383EDE/5-xge.out" 9743
"C:/Users/Matrocoles/AppData/Local/Temp/UnrealXGEWorkingDir/DE7615A1492C2737A764628D45383EDE/6-xge.out" 9744
"C:/Users/Matrocoles/AppData/Local/Temp/UnrealXGEWorkingDir/DE7615A1492C2737A764628D45383EDE/11-xge.out" 9745
"C:/Users/Matrocoles/AppData/Local/Temp/UnrealXGEWorkingDir/DE7615A1492C2737A764628D45383EDE/10-xge.out" 9746
"C:/Users/Matrocoles/AppData/Local/Temp/UnrealXGEWorkingDir/DE7615A1492C2737A764628D45383EDE/12-xge.out" 9747
"C:/Users/Matrocoles/AppData/Local/Temp/UnrealXGEWorkingDir/DE7615A1492C2737A764628D45383EDE/9-xge.out" 9748
"C:/Users/Matrocoles/AppData/Local/Temp/UnrealXGEWorkingDir/DE7615A1492C2737A764628D45383EDE/18-xge.out" 9749
"C:/Users/Matrocoles/AppData/Local/Temp/UnrealXGEWorkingDir/DE7615A1492C2737A764628D45383EDE/16-xge.out" 9750
"C:/Users/Matrocoles/AppData/Local/Temp/UnrealXGEWorkingDir/DE7615A1492C2737A764628D45383EDE/19-xge.out" 9751
"C:/Users/Matrocoles/AppData/Local/Temp/UnrealXGEWorkingDir/DE7615A1492C2737A764628D45383EDE/17-xge.out" 9752
"C:/Users/Matrocoles/AppData/Local/Temp/UnrealXGEWorkingDir/DE7615A1492C2737A764628D45383EDE/13-xge.out" 9753
"C:/Users/Matrocoles/AppData/Local/Temp/UnrealXGEWorkingDir/DE7615A1492C2737A764628D45383EDE/15-xge.out" 9754
"C:/Users/Matrocoles/AppData/Local/Temp/UnrealXGEWorkingDir/DE7615A1492C2737A764628D45383EDE/23-xge.out" 9755
"C:/Users/Matrocoles/AppData/Local/Temp/UnrealXGEWorkingDir/DE7615A1492C2737A764628D45383EDE/22-xge.out" 9756
"C:/Users/Matrocoles/AppData/Local/Temp/UnrealXGEWorkingDir/DE7615A1492C2737A764628D45383EDE/14-xge.out" 9757
"C:/Users/Matrocoles/AppData/Local/Temp/UnrealXGEWorkingDir/DE7615A1492C2737A764628D45383EDE/27-xge.out" 9758
"C:/Users/Matrocoles/AppData/Local/Temp/UnrealXGEWorkingDir/DE7615A1492C2737A764628D45383EDE/20-xge.out" 9759
"C:/Users/Matrocoles/AppData/Local/Temp/UnrealXGEWorkingDir/DE7615A1492C2737A764628D45383EDE/21-xge.out" 9760
"/Game/M4/Blueprints/SystemResources/Heightfield/Meshes/Plane_2kPoly" 9761
"/Game/M4/Blueprints/SystemResources/Heightfield/Meshes/Plane_8kPoly" 9762
"/Game/M4/Foliage/Plants/Meshes/Bushes/BabyBush01" 9763
"/Game/M4/Foliage/Plants/Materials/Flowers/FlowerStemMaster_Inst" 9764
"/Game/M4/Blueprints/SystemResources/Heightfield/Meshes/Plane_512Poly" 9765
"/Game/M4/Materials/MasterMaterials/Functions/FlatlandA" 9766
"/Game/M4/Materials/MasterMaterials/Functions/FlatlandB" 9767
"/Game/M4/Materials/MasterMaterials/Functions/VHFM/FlatlandA-VHFM" 9768
"/Game/C++_BPs/Skald_GridBattleManager" 9769
"/Game/M4/Foliage/ProceduralPlacers/Island/Island_FlatlandB" 9770
"/Game/M4/Foliage/Plants/Materials/Leaf/Leaf_Inst" 9771
"/Game/M4/Foliage/Plants/Meshes/Grass/HQ_Grass/GrassClusterB" 9772
"/Game/M4/Foliage/Plants/Materials/Grass/HQ_Grass/AGS-GrassMaster_Inst1_Inst" 9773
"/Game/M4/Foliage/Plants/Meshes/Grass/HQ_Grass/Spline-GrassClusterA" 9774
"D:/Skald_TurnBasedStrategy_Code/Content/M4/Foliage/Plants/Meshes/Clovers/CloverPatchMedium.uasset" 9775
"D:/Skald_TurnBasedStrategy_Code/Content/M4/Foliage/Plants/Materials/Leaf/Leaf_Inst2.uasset" 9776
"D:/Skald_TurnBasedStrategy_Code/Content/M4/Foliage/Plants/Meshes/Clovers/CloverSmall.uasset" 9777
"D:/Skald_TurnBasedStrategy_Code/Content/Additions/Realistic_Starter_VFX_Pack_Vol2/Particles/Destruction/P_Destruction_Concrete_Converted.uasset" 9778
"D:/Skald_TurnBasedStrategy_Code/Content/M4/Foliage/Plants/Meshes/CatTails/CatTail01.uasset" 9779
"D:/Skald_TurnBasedStrategy_Code/Content/M4/Foliage/ProceduralPlacers/Island/Island_EdgeOfSlope.uasset" 9780
"D:/Skald_TurnBasedStrategy_Code/Content/M4/Materials/MasterMaterials/Functions/VHFM/AutomaterialBase-VHFM.uasset" 9781
"D:/Skald_TurnBasedStrategy_Code/Content/M4/Materials/MasterMaterials/Functions/AutomaterialBase.uasset" 9782
"D:/Skald_TurnBasedStrategy_Code/Content/M4/Materials/MasterMaterials/Functions/SplatmapMaterialBase.uasset" 9783
"D:/Skald_TurnBasedStrategy_Code/Content/M4/Blueprints/SystemResources/Heightfield/Niagara/TerrainGridSpawnerNS.uasset" 9784
"D:/Skald_TurnBasedStrategy_Code/Content/M4/Foliage/Plants/Meshes/Bushes/MediumSizedBush03.uasset" 9785
"D:/Skald_TurnBasedStrategy_Code/Content/M4/Foliage/Plants/Meshes/Bushes/BabyBush03.uasset" 9786
"D:/Skald_TurnBasedStrategy_Code/Content/M4/Foliage/Plants/Meshes/Bushes/MediumBush01.uasset" 9787
"D:/Skald_TurnBasedStrategy_Code/Content/M4/Foliage/ProceduralPlacers/Island/Island_FlatlandRandom.uasset" 9788
"D:/Skald_TurnBasedStrategy_Code/Content/M4/Foliage/Plants/Meshes/Flowers/GeraniumClusterSmall.uasset" 9789
"D:/Skald_TurnBasedStrategy_Code/Content/M4/Foliage/Plants/Meshes/Flowers/GeraniumCluster.uasset" 9790
"D:/Skald_TurnBasedStrategy_Code/Content/M4/Blueprints/SystemResources/Heightfield/VirtualHeightfieldBP.uasset" 9791
"D:/Skald_TurnBasedStrategy_Code/Content/M4/Foliage/ProceduralPlacers/PaintLayers/Grass_PaintLayerFoliage.uasset" 9792
"D:/Skald_TurnBasedStrategy_Code/Content/M4/Foliage/Plants/Meshes/Grass/HQ_Grass/Spline-LowPolyGrassDistanceFill.uasset" 9793
"D:/Skald_TurnBasedStrategy_Code/Content/M4/Foliage/ProceduralPlacers/Island/Island_FlatlandA.uasset" 9794
"D:/Skald_TurnBasedStrategy_Code/Content/M4/Materials/MasterMaterials/M4HeightfieldMasterMat.uasset" 9795
"D:/Skald_TurnBasedStrategy_Code/Content/M4/Materials/MasterMaterials/M4UE5MasterMat.uasset" 9796
"D:/Skald_TurnBasedStrategy_Code/Content/M4/Materials/PresetInstances/Tundra/Tundra_UE5Preset6_Inst.uasset" 9797
"D:/Skald_TurnBasedStrategy_Code/Content/M4/Materials/PresetInstances/Custom/DesertDemo/Desert_UE5Preset6_InstC.uasset" 9798
"D:/Skald_TurnBasedStrategy_Code/Content/M4/Materials/PresetInstances/Island/Island_UE5Preset6_Inst.uasset" 9799
"D:/Skald_TurnBasedStrategy_Code/Content/M4/Materials/PresetInstances/Desert/Desert_UE5Preset5_Inst.uasset" 9800
"D:/Skald_TurnBasedStrategy_Code/Content/M4/Materials/PresetInstances/Island/Island_UE5Preset4_Inst.uasset" 9801
"D:/Skald_TurnBasedStrategy_Code/Content/M4/Materials/PresetInstances/Island/Island_UE5Preset5_Inst.uasset" 9802
"D:/Skald_TurnBasedStrategy_Code/Content/M4/Materials/PresetInstances/Tundra/Tundra_M4Nanite_Inst.uasset" 9803
"D:/Skald_TurnBasedStrategy_Code/Content/M4/Materials/PresetInstances/Desert/Desert_UE5Preset6_Inst.uasset" 9804
"D:/Skald_TurnBasedStrategy_Code/Content/M4/Materials/PresetInstances/Island/Island_UE5Preset3_Inst.uasset" 9805
"/Game/M4/Materials/PresetInstances/Island/Island_UE5Preset4_Inst" 9806
"../../../../Skald_TurnBasedStrategy_Code/Content/M4/SoundSystem/PhysicalMaterials/Beach_PM.uasset" 9807
"../../../../Skald_TurnBasedStrategy_Code/Content/M4/SoundSystem/PhysicalMaterials/Custom01_PM.uasset" 9808
"../../../../Skald_TurnBasedStrategy_Code/Content/M4/SoundSystem/PhysicalMaterials/Custom02_PM.uasset" 9809
"../../../../Skald_TurnBasedStrategy_Code/Content/M4/SoundSystem/PhysicalMaterials/Dirt_PM.uasset" 9810
"../../../../Skald_TurnBasedStrategy_Code/Content/M4/SoundSystem/PhysicalMaterials/Forest_PM.uasset" 9811
"../../../../Skald_TurnBasedStrategy_Code/Content/M4/SoundSystem/PhysicalMaterials/Grass_PM.uasset" 9812
"../../../../Skald_TurnBasedStrategy_Code/Content/M4/SoundSystem/PhysicalMaterials/Ice_PM.uasset" 9813
"../../../../Skald_TurnBasedStrategy_Code/Content/M4/SoundSystem/PhysicalMaterials/Jagged_Rock_PM.uasset" 9814
"../../../../Skald_TurnBasedStrategy_Code/Content/M4/SoundSystem/PhysicalMaterials/Mud_PM.uasset" 9815
"../../../../Skald_TurnBasedStrategy_Code/Content/M4/SoundSystem/PhysicalMaterials/Sand_PM.uasset" 9816
"../../../../Skald_TurnBasedStrategy_Code/Content/M4/SoundSystem/PhysicalMaterials/Snow_PM.uasset" 9817
"D:/Skald_TurnBasedStrategy_Code/Content/M4/Materials/PresetInstances/Tundra/Tundra_UE5Preset4_Inst.uasset" 9818
"../../../../Skald_TurnBasedStrategy_Code/Content/M4/SoundSystem/PhysicalMaterials/Stones_PM.uasset" 9819
"/Game/M4/Materials/PresetInstances/Desert/Desert_UE5Preset5_Inst" 9820
"/Game/M4/Materials/PresetInstances/Custom/DesertDemo/Desert_UE5Preset6_InstC" 9821
"/Game/M4/Materials/PresetInstances/Desert/Desert_UE5Preset6_Inst" 9822
"/Game/M4/Materials/PresetInstances/Island/Island_UE5Preset6_Inst" 9823
"/Game/M4/Materials/PresetInstances/Tundra/Tundra_UE5Preset6_Inst" 9824
"/Game/M4/Blueprints/SystemResources/Heightfield/VirtualHeightfieldBP" 9825
"../../../Engine/Content/EditorBlueprintResources/StandardMacros.uasset" 9826
"../../Plugins/FX/Niagara/Content/DynamicInputs/Add/Add_Float.uasset" 9827
"../../Plugins/FX/Niagara/Content/DynamicInputs/Multiply/Multiply_Float.uasset" 9828
"../../Plugins/FX/Niagara/Content/DynamicInputs/Multiply/Multiply_VectorByFloat.uasset" 9829
"../../Plugins/FX/Niagara/Content/Modules/Emitter/SpawnRate.uasset" 9830
"../../Plugins/FX/Niagara/Content/Modules/Spawn/Location/SpawnParticlesInGrid.uasset" 9831
"../../Plugins/FX/Niagara/Content/Modules/Spawn/Location/SystemLocation.uasset" 9832
"../../Plugins/FX/Niagara/Content/Modules/Spawn/Location/V2/GridLocation.uasset" 9833
"../../Plugins/FX/Niagara/Content/Modules/Spawn/Location/V2/ShapeLocation.uasset" 9834
"../../Plugins/FX/Niagara/Content/Modules/Update/Color/ScaleColor.uasset" 9835
"../../Plugins/FX/Niagara/Content/Modules/Update/Forces/GravityForce.uasset" 9836
"../../Plugins/FX/Niagara/Content/Modules/Update/Lifetime/KillParticles.uasset" 9837
"../../Plugins/FX/Niagara/Content/Enums/ENiagara_AttributeSamplingApplyOutput.uasset" 9838
"../../Plugins/FX/Niagara/Content/Enums/ENiagaraGridPlacementType.uasset" 9839
"../../Plugins/FX/Niagara/Content/Enums/ENiagaraScaleColorMode.uasset" 9840
"../../Plugins/FX/Niagara/Content/Enums/ENiagaraShapeTorusMode.uasset" 9841
"../../Plugins/FX/Niagara/Content/Enums/ENiagaraSphereDistributionMode.uasset" 9842
"../../Plugins/FX/Niagara/Content/Enums/ENiagaraTorusDistributionMode.uasset" 9843
"../../Plugins/FX/Niagara/Content/Enums/Location/ENiagara_BoxPlaneMode.uasset" 9844
"../../Plugins/FX/Niagara/Content/Enums/Location/ENiagara_ConeMode.uasset" 9845
"../../Plugins/FX/Niagara/Content/Enums/Location/ENiagara_CylinderMode.uasset" 9846
"../../Plugins/FX/Niagara/Content/Enums/Location/ENiagara_LocationShapes.uasset" 9847
"../../Plugins/FX/Niagara/Content/Enums/Location/ENiagaraRingDiscMode.uasset" 9848
"../../Plugins/FX/Niagara/Content/Enums/Transforms/ENiagara_OffsetMode.uasset" 9849
"../../Plugins/FX/Niagara/Content/Enums/Transforms/ENiagara_ScaleMode.uasset" 9850
"../../Plugins/FX/Niagara/Content/Enums/Transforms/ENiagara_TransformOrder.uasset" 9851
"../../Plugins/FX/Niagara/Content/Enums/Transforms/ENiagara_TransformType.uasset" 9852
"../../Plugins/FX/Niagara/Content/Functions/MakeTranslationMatrix.uasset" 9853
"../../Plugins/FX/Niagara/Content/Functions/Math/GetMatrixScale.uasset" 9854
"../../Plugins/FX/Niagara/Content/Functions/RandomVector.uasset" 9855
"../../Plugins/FX/Niagara/Content/Functions/Localspace/TransformPosition.uasset" 9856
"../../Plugins/FX/Niagara/Content/Functions/NormalizedExecutionIndex.uasset" 9857
"../../Plugins/FX/Niagara/Content/Functions/ParametricTorus.uasset" 9858
"../../Plugins/FX/Niagara/Content/Functions/ParametricTorusKnot.uasset" 9859
"../../Plugins/FX/Niagara/Content/Functions/PolarToCartesianCoordinates.uasset" 9860
"../../Plugins/FX/Niagara/Content/Functions/RandomPointInBox.uasset" 9861
"../../Plugins/FX/Niagara/Content/Functions/Rotation/RotateVector2D.uasset" 9862
"../../Plugins/FX/Niagara/Content/Functions/SphericalToCartesianCoordinates.uasset" 9863
"../../Plugins/FX/Niagara/Content/Functions/V2/RemapRange.uasset" 9864
"../../Plugins/FX/Niagara/Content/Enums/ENiagaraExpansionMode.uasset" 9865
"../../Plugins/FX/Niagara/Content/Functions/RandomUnitVector.uasset" 9866
"../../Plugins/FX/Niagara/Content/Functions/IsolateLongestVectorComponent.uasset" 9867
"/Game/M4/Materials/PresetInstances/Island/Island_UE5Preset3_Inst" 9868
"/Game/M4/Materials/PresetInstances/Island/Island_UE5Preset5_Inst" 9869
"/Game/M4/Materials/PresetInstances/Tundra/Tundra_M4Nanite_Inst" 9870
"/Game/Additions/Realistic_Starter_VFX_Pack_Vol2/Particles/Destruction/P_Destruction_Concrete_Converted" 9871
"../../Plugins/FX/Niagara/Content/Modules/CascadeConversion/CascadeConversion_InitialMeshRotation.uasset" 9872
"../../Plugins/FX/Niagara/Content/Modules/Collision/Collision.uasset" 9873
"../../Plugins/FX/Niagara/Content/Enums/Collision/SceneDepthCollisionQueryMethod.uasset" 9874
"../../Plugins/FX/Niagara/Content/Enums/ENiagara_CPUCollisionType.uasset" 9875
"../../Plugins/FX/Niagara/Content/Enums/ENiagara_GPUCollisionType.uasset" 9876
"../../Plugins/FX/Niagara/Content/Enums/ENiagaraCalculateRadiusOptions.uasset" 9877
"../../Plugins/FX/Niagara/Content/Enums/ENiagaraCollisionRadiusOptions.uasset" 9878
"../../Plugins/FX/Niagara/Content/Enums/ENiagaraFrictionMergeType.uasset" 9879
"../../Plugins/FX/Niagara/Content/Enums/ENiagaraRestitutionMergeType.uasset" 9880
"../../Plugins/FX/Niagara/Content/Functions/CalculateMeshRadius.uasset" 9881
"../../Plugins/FX/Niagara/Content/Functions/CalculateRadiusFromSpriteSize.uasset" 9882
"../../Plugins/FX/Niagara/Content/Functions/Helpers/DoOnce_fn.uasset" 9883
"../../Plugins/FX/Niagara/Content/Functions/ProjectVectorOnPlane.uasset" 9884
"../../Plugins/FX/Niagara/Content/Modules/Collision/CollisionQueryAndResponse.uasset" 9885
"../../Plugins/FX/Niagara/Content/Functions/Collision/PlaneSphereCollisionDetection.uasset" 9886
"../../Plugins/FX/Niagara/Content/Functions/Collision/RandomizeCollisionNormals.uasset" 9887
"../../Plugins/FX/Niagara/Content/Functions/ReflectVector.uasset" 9888
"../../Plugins/FX/Niagara/Content/Functions/Textures/CalculateA_VolumeTexturesDistanceFieldGradient.uasset" 9889
"../../Plugins/FX/Niagara/Content/Modules/Collision/NiagaraDistanceFieldCollisions.uasset" 9890
"../../Plugins/FX/Niagara/Content/Modules/Collision/SceneDepthTest.uasset" 9891
"../../Plugins/FX/Niagara/Content/Enums/ENiagara_Float4Channel.uasset" 9892
"../../Plugins/FX/Niagara/Content/Functions/Localspace/PositionToVector.uasset" 9893
"../../Plugins/FX/Niagara/Content/Functions/ChannelMasks/SelectV4Channel.uasset" 9894
"../../Plugins/FX/Niagara/Content/Enums/ENiagaraVector4_Channels.uasset" 9895
"/Game/M4/Materials/PresetInstances/Tundra/Tundra_UE5Preset4_Inst" 9896
"D:/Skald_TurnBasedStrategy_Code/Content/M4/Materials/PresetInstances/Tundra/Tundra_UE5Preset2_Inst.uasset" 9897
"D:/Skald_TurnBasedStrategy_Code/Content/M4/Materials/PresetInstances/Desert/Desert_UE5Preset1_Inst.uasset" 9898
"D:/Skald_TurnBasedStrategy_Code/Content/M4/Materials/PresetInstances/Tundra/Tundra_UE5Preset1_Inst.uasset" 9899
"D:/Skald_TurnBasedStrategy_Code/Content/M4/Materials/PresetInstances/Desert/Desert_UE5Preset4_Inst.uasset" 9900
"D:/Skald_TurnBasedStrategy_Code/Content/M4/Materials/PresetInstances/Tundra/Tundra_UE5Preset3_Inst.uasset" 9901
"D:/Skald_TurnBasedStrategy_Code/Content/M4/Materials/PresetInstances/Tundra/Tundra_UE5Preset5_Inst.uasset" 9902
"D:/Skald_TurnBasedStrategy_Code/Content/M4/Materials/PresetInstances/Island/Island_UE5Preset2_Inst.uasset" 9903
"D:/Skald_TurnBasedStrategy_Code/Content/M4/Materials/PresetInstances/Desert/Desert_UE5Preset3_Inst.uasset" 9904
"D:/Skald_TurnBasedStrategy_Code/Content/M4/Materials/PresetInstances/Desert/Desert_UE5Preset2_Inst.uasset" 9905
"D:/Skald_TurnBasedStrategy_Code/Content/M4/Materials/PresetInstances/Island/Island_UE5Preset1_Inst.uasset" 9906
"D:/Skald_TurnBasedStrategy_Code/Content/M4/Blueprints/MagicMapMaterialBP-V2.uasset" 9907
"D:/Skald_TurnBasedStrategy_Code/Content/M4/Materials/PresetInstances/Island/Island_M4Nanite_Inst.uasset" 9908
"../../../Engine/Content/EngineSounds/Submixes/MasterSubmixDefault.uasset" 9909
"../../../Engine/Content/EngineSounds/Submixes/MasterEQSubmixDefault.uasset" 9910
"../../../Engine/Content/EngineSounds/Submixes/MasterReverbSubmixDefault.uasset" 9911
"D:/Skald_TurnBasedStrategy_Code/Content/C++_BPs/Skald_GM.uasset" 9912
"D:/Skald_TurnBasedStrategy_Code/Content/C++_BPs/Skald_WorldMap.uasset" 9913
"D:/Skald_TurnBasedStrategy_Code/Content/C++_BPs/Skald_PController.uasset" 9914
"D:/Skald_TurnBasedStrategy_Code/Content/C++_BPs/Skald_BatlleGameMode_SC.uasset" 9915
"D:/Skald_TurnBasedStrategy_Code/Content/Blueprints/Maps/OverviewMap.umap" 9916
"D:/Skald_TurnBasedStrategy_Code/Content/Blueprints/Map/BP_Territory.uasset" 9917
"D:/Skald_TurnBasedStrategy_Code/Content/Blueprints/Maps/Skald_BM_Tundra_01.umap" 9918
"D:/Skald_TurnBasedStrategy_Code/Content/Blueprints/Maps/Skald_BM_Desert_01.umap" 9919
"D:/Skald_TurnBasedStrategy_Code/Content/Blueprints/Maps/BattleMap.umap" 9920
"D:/Skald_TurnBasedStrategy_Code/Content/M4/Materials/PresetInstances/Desert/Desert_M4Nanite_Inst.uasset" 9921
"C:/Users/Matrocoles/AppData/Local/Temp/UnrealXGEWorkingDir/DE7615A1492C2737A764628D45383EDE/26-xge.out" 9922
"C:/Users/Matrocoles/AppData/Local/Temp/UnrealXGEWorkingDir/DE7615A1492C2737A764628D45383EDE/32-xge.out" 9923
"C:/Users/Matrocoles/AppData/Local/Temp/UnrealXGEWorkingDir/DE7615A1492C2737A764628D45383EDE/33-xge.out" 9924
"C:/Users/Matrocoles/AppData/Local/Temp/UnrealXGEWorkingDir/DE7615A1492C2737A764628D45383EDE/24-xge.out" 9925
"C:/Users/Matrocoles/AppData/Local/Temp/UnrealXGEWorkingDir/DE7615A1492C2737A764628D45383EDE/25-xge.out" 9926
"C:/Users/Matrocoles/AppData/Local/Temp/UnrealXGEWorkingDir/DE7615A1492C2737A764628D45383EDE/29-xge.out" 9927
"C:/Users/Matrocoles/AppData/Local/Temp/UnrealXGEWorkingDir/DE7615A1492C2737A764628D45383EDE/28-xge.out" 9928
"/Game/Blueprints/Maps/BattleMap" 9929
"../../../../Skald_TurnBasedStrategy_Code/Content/M4/Blueprints/SystemResources/MagicMapMaterialBP/BP_EditorTicker.uasset" 9930
"../../../../Skald_TurnBasedStrategy_Code/Content/M4/Blueprints/SystemResources/General/MapInitialization/WC-WarningLandscapeMat_Inst.uasset" 9931
"../../../../Skald_TurnBasedStrategy_Code/Content/M4/Blueprints/SystemResources/General/MapInitialization/WC-WarningLandscapeMat.uasset" 9932
"../../../../Skald_TurnBasedStrategy_Code/Content/Blueprints/Game/BP_PlayerState_Skald.uasset" 9933
"../../../../Skald_TurnBasedStrategy_Code/Content/Blueprints/Game/BP_Skald_GameMode.uasset" 9934
"../../../../Skald_TurnBasedStrategy_Code/Content/Blueprints/Game/BP_Skald_GameState.uasset" 9935
"../../../../Skald_TurnBasedStrategy_Code/Content/Blueprints/Game/BP_Skald_PlayerController.uasset" 9936
"../../../../Skald_TurnBasedStrategy_Code/Content/Blueprints/Game/BP_TurnManager.uasset" 9937
"../../../../Skald_TurnBasedStrategy_Code/Content/Blueprints/UI/WBP_PlayerListEntry.uasset" 9938
"../../../../Skald_TurnBasedStrategy_Code/Content/M4/Textures/Tutorials/BakedEditionWarning.uasset" 9939
"../../../Engine/Content/EditorBlueprintResources/ActorMacros.uasset" 9940
"../../../../Skald_TurnBasedStrategy_Code/Content/Blueprints/Game/BP_SaveGame.uasset" 9941
"../../../../Skald_TurnBasedStrategy_Code/Content/Blueprints/Structs/FS_BattlePayload.uasset" 9942
"../../../../Skald_TurnBasedStrategy_Code/Content/Blueprints/Structs/FS_PlayerData.uasset" 9943
"../../../../Skald_TurnBasedStrategy_Code/Content/Blueprints/Structs/FS_Siege.uasset" 9944
"../../../../Skald_TurnBasedStrategy_Code/Content/Blueprints/Structs/FS_Territory.uasset" 9945
"../../../../Skald_TurnBasedStrategy_Code/Content/Blueprints/Structs/PlayerSaveStruct.uasset" 9946
"../../../../Skald_TurnBasedStrategy_Code/Content/Blueprints/Structs/E_TurnPhase.uasset" 9947
"../../../../Skald_TurnBasedStrategy_Code/Content/Blueprints/UI/WBP_MainHUD.uasset" 9948
"../../../../Skald_TurnBasedStrategy_Code/Content/Blueprints/Structs/Enum_SiegeWeapons.uasset" 9949
"C:/Users/Matrocoles/AppData/Local/Temp/UnrealXGEWorkingDir/DE7615A1492C2737A764628D45383EDE/36-xge.out" 9950
"C:/Users/Matrocoles/AppData/Local/Temp/UnrealXGEWorkingDir/DE7615A1492C2737A764628D45383EDE/31-xge.out" 9951
"C:/Users/Matrocoles/AppData/Local/Temp/UnrealXGEWorkingDir/DE7615A1492C2737A764628D45383EDE/38-xge.out" 9952
"../../../../Skald_TurnBasedStrategy_Code/Content/Blueprints/Maps/BattleMap.umap" 9953
"/Game/Blueprints/Maps/Skald_BM_Desert_01" 9954
"../../../../Skald_TurnBasedStrategy_Code/Content/Blueprints/Maps/Skald_BM_Desert_01.umap" 9955
"/Game/Blueprints/Maps/Skald_BM_Island_01" 9956
"../../../../Skald_TurnBasedStrategy_Code/Content/Blueprints/Maps/Skald_BM_Island_01.umap" 9957
"/Game/Blueprints/Maps/Skald_BM_Tundra_01" 9958
"../../../../Skald_TurnBasedStrategy_Code/Content/Blueprints/Maps/Skald_BM_Tundra_01.umap" 9959
"/Game/Blueprints/Maps/OverviewMap" 9960
"../../../../Skald_TurnBasedStrategy_Code/Content/Blueprints/Maps/OverviewMap.umap" 9961
"/Engine/EngineSounds/Submixes/MasterReverbSubmixDefault" 9962
"C:/Users/Matrocoles/AppData/Local/Temp/UnrealXGEWorkingDir/DE7615A1492C2737A764628D45383EDE/30-xge.out" 9963
"C:/Users/Matrocoles/AppData/Local/Temp/UnrealXGEWorkingDir/DE7615A1492C2737A764628D45383EDE/41-xge.out" 9964
"C:/Users/Matrocoles/AppData/Local/Temp/UnrealXGEWorkingDir/DE7615A1492C2737A764628D45383EDE/34-xge.out" 9965
"C:/Users/Matrocoles/AppData/Local/Temp/UnrealXGEWorkingDir/DE7615A1492C2737A764628D45383EDE/40-xge.out" 9966
"C:/Users/Matrocoles/AppData/Local/Temp/UnrealXGEWorkingDir/DE7615A1492C2737A764628D45383EDE/35-xge.out" 9967
"C:/Users/Matrocoles/AppData/Local/Temp/UnrealXGEWorkingDir/DE7615A1492C2737A764628D45383EDE/37-xge.out" 9968
"C:/Users/Matrocoles/AppData/Local/Temp/UnrealXGEWorkingDir/DE7615A1492C2737A764628D45383EDE/45-xge.out" 9969
"C:/Users/Matrocoles/AppData/Local/Temp/UnrealXGEWorkingDir/DE7615A1492C2737A764628D45383EDE/39-xge.out" 9970
"C:/Users/Matrocoles/AppData/Local/Temp/UnrealXGEWorkingDir/DE7615A1492C2737A764628D45383EDE/44-xge.out" 9971
"C:/Users/Matrocoles/AppData/Local/Temp/UnrealXGEWorkingDir/DE7615A1492C2737A764628D45383EDE/43-xge.out" 9972
"C:/Users/Matrocoles/AppData/Local/Temp/UnrealXGEWorkingDir/DE7615A1492C2737A764628D45383EDE/42-xge.out" 9973
"C:/Users/Matrocoles/AppData/Local/Temp/UnrealXGEWorkingDir/DE7615A1492C2737A764628D45383EDE/46-xge.out" 9974
"C:/Users/Matrocoles/AppData/Local/Temp/UnrealXGEWorkingDir/DE7615A1492C2737A764628D45383EDE/50-xge.out" 9975
"C:/Users/Matrocoles/AppData/Local/Temp/UnrealXGEWorkingDir/DE7615A1492C2737A764628D45383EDE/49-xge.out" 9976
"C:/Users/Matrocoles/AppData/Local/Temp/UnrealXGEWorkingDir/DE7615A1492C2737A764628D45383EDE/51-xge.out" 9977
"C:/Users/Matrocoles/AppData/Local/Temp/UnrealXGEWorkingDir/DE7615A1492C2737A764628D45383EDE/47-xge.out" 9978
"C:/Users/Matrocoles/AppData/Local/Temp/UnrealXGEWorkingDir/DE7615A1492C2737A764628D45383EDE/52-xge.out" 9979
"C:/Users/Matrocoles/AppData/Local/Temp/UnrealXGEWorkingDir/DE7615A1492C2737A764628D45383EDE/48-xge.out" 9980
"D:/Skald_TurnBasedStrategy_Code/Saved/Cooked/Windows/Skald/Metadata/CookedSettings.txt" 9981
